Elliptic curve parameters:
name = secp256k1
mode = test
p = 100003
a = 0
b = 2
g = (20002, 57568)
n = 99667

--------------------------------------------------------------------------------------------------------------------------------------------------------------------------
case         s           s_zk        s_rxk       s_zr        z           r           x           k-1         a           m1          m2          f                        
--------------------------------------------------------------------------------------------------------------------------------------------------------------------------
D10          82803       73669       9134        70146       83839       40686       37307       21877       6861        -           -           10.73735607054365252     
D53          76378       65067       11311       74499       44017       99123       37307       65908       1218        -           -           53.42118226600985221     
D15          88779       82997       5782        60959       69042       28074       37307       99635       5319        -           -           15.60387290844143636     
D6           29003       46947       81723       17908       73939       57751       37307       48286       6813        -           -           6.890797005724350506     
D3           67729       43181       24548       11934       53165       55065       37307       34058       11934       -           -           3.618317412435059493     
D57          24434       77124       46977       35985       84797       52244       37307       70251       1332        -           -           57.90090090090090090     
D2           93424       57448       35976       23875       25218       72038       37307       11274       23875       -           -           2.406198952879581151     
D11          33404       96251       36820       20932       64221       70255       37307       94544       8460        -           -           11.37718676122931442     
D15          67310       93176       73801       5852        14764       25950       37307       76640       5852        -           -           15.92207792207792207     
D0           59641       11415       48226       38949       34709       63022       37307       60009       18257       -           -           0.625239634112942980     
D5           22384       34215       87836       38235       31683       8457        37307       31380       6533        -           -           5.237257002908311648     
D8           46361       5630        40731       47086       28428       45025       37307       86576       686         -           -           8.206997084548104956     
D162         93434       86666       6768        98079       97561       8330        37307       90918       534         -           -           162.2958801498127340     
D19          71195       55644       15551       59805       22660       60986       37307       42174       2855        -           -           19.49001751313485113     
D1           40369       9727        30642       71013       61430       7174        37307       12897       9725        -           -           1.000205655526992287     
D1           48821       67360       81128       98103       32594       15283       37307       43778       48821       -           -           1.379734130804366973     
D8           52003       60660       91010       6974        31460       87749       37307       41250       6974        -           -           8.698021221680527674     
D3           25514       91544       33637       54495       45694       81584       37307       86246       25514       -           -           3.587990906953045386     
D6           44378       34049       10329       5337        24599       34800       37307       1618        5337        -           -           6.379801386546749110     
D4           83087       73343       9744        50015       78113       61789       37307       56461       16943       -           -           4.328808357433748450     
D0           21083       392         20691       25062       70683       66414       37307       15928       1188        -           -           0.329966329966329966     
D7           45415       77008       68074       33703       88564       91217       37307       95468       10279       -           -           7.491779355968479424     
D18          4836        89951       14552       50624       31407       51471       37307       58422       4836        -           -           18.60028949545078577     
D190         57724       63116       94275       60457       3650        62247       37307       95643       331         -           -           190.6827794561933534     
D0           51640       8533        43107       9119        79516       8111        37307       83780       9119        -           -           0.935738567825419453     
D0           34709       590         34119       81749       22230       81302       37307       85320       34709       -           -           0.016998473018525454     
D62          80088       54851       25237       91404       39091       95618       37307       51677       876         -           -           62.61529680365296803     
D7           64877       72201       92343       74153       53285       73512       37307       2923        9221        -           -           7.830061815421320898     
D1           30749       55512       74904       67043       71212       50642       37307       30702       30749       -           -           1.805327002504146476     
D27          35183       83398       51452       2991        82491       5553        37307       40672       2991        -           -           27.88298228017385489     
D4           28935       41753       86849       39081       18925       34139       37307       2983        8643        -           -           4.830845771144278607     
D8           76703       90962       85408       98624       83471       97864       37307       99526       10940       -           -           8.314625228519195612     
D16          30274       44381       85560       16492       44965       96296       37307       96669       2710        -           -           16.37675276752767527     
D10          82223       44494       37729       56225       10253       32502       37307       92303       4229        -           -           10.52116339560179711     
D56          63449       65913       97203       62124       18587       37973       37307       61288       1174        -           -           56.14395229982964224     
D0           37645       3732        33913       87320       29167       50836       37307       75204       37645       -           -           0.099136671536724664     
D165         42532       77988       64211       45336       73327       861         37307       8261        472         -           -           165.2288135593220339     
D15          59734       81183       78218       70619       2005        38709       37307       93295       5309        -           -           15.29158033527971369     
D3           21584       79961       41290       69073       22504       94165       37307       29079       21584       -           -           3.704642327650111193     
D6           71582       20382       51200       88712       26264       99215       37307       52817       3062        -           -           6.656433703461789679     
D1           67498       21691       45807       40942       3798        20532       37307       11316       14386       -           -           1.507785346865007646     
D12          6666        84809       21524       60548       76328       68136       37307       52343       6666        -           -           12.72262226222622262     
D4           72287       81938       90016       98847       64843       3423        37307       54439       19167       -           -           4.274951739969739656     
D5           95209       74218       20991       54134       66823       12349       37307       24608       13059       -           -           5.683283559231181560     
D8           6120        49657       56130       60808       70989       3369        37307       37376       6120        -           -           8.113888888888888888     
D17          23035       52697       70005       3060        13149       70538       37307       79395       3060        -           -           17.22124183006535947     
D5           71398       95169       75896       44632       57719       82597       37307       98788       17866       -           -           5.326821896339415649     
D1           38101       72821       64947       93614       14761       11235       37307       52941       38101       -           -           1.911262171596546022     
D3           98622       76688       21934       22196       47447       86398       37307       75663       22196       -           -           3.455036943593440259     
D2           7029        20335       86361       83014       91230       80012       37307       89021       7029        -           -           2.893014653578033859     
D1           70418       22394       48024       21364       6366        51606       37307       47880       21364       -           -           1.048211945328590151     
D39          1951        77077       24541       82300       41162       24811       37307       54310       1951        -           -           39.50640697078421322     
D47          47463       72635       74495       24490       68865       36783       37307       9611        1517        -           -           47.88068556361239288     
D7           30373       92965       37075       12359       38169       11346       37307       14492       12359       -           -           7.522048709442511530     
D0           19741       7609        12132       48089       88739       17534       37307       26731       19741       -           -           0.385441466997619168     
D4542        33379       31799       1580        29671       60771       38612       37307       12332       7           -           -           4542.714285714285714     
D23          15551       74186       41032       27896       15749       66438       37307       83262       3206        -           -           23.13973799126637554     
D3           22376       68090       53953       73176       80285       99149       37307       38913       22376       -           -           3.042992491955666785     
D11          68445       80050       88062       7063        38123       55082       37307       67740       7063        -           -           11.33371088772476284     
D6           11792       76284       35175       58381       10953       85195       37307       93368       11792       -           -           6.469131614654002713     
D44          66522       63496       3026        1415        93105       88807       37307       28970       1415        -           -           44.87349823321554770     
D1           79653       23817       55836       95635       34769       16494       37307       79212       15725       -           -           1.514594594594594594     
D2           35111       76645       58133       93070       52145       5430        37307       40025       35111       -           -           2.182934123209250662     
D2           2864        6471        96060       81166       90405       35954       37307       35650       2864        -           -           2.259427374301675977     
D8           15833       26141       89359       9392        10205       53658       37307       50466       2951        -           -           8.858353100643849542     
D4           10349       43139       66877       81700       723         65317       37307       33282       10349       -           -           4.168422069765194704     
D4           20754       22125       98296       12667       25885       80354       37307       52597       4580        -           -           4.830786026200873362     
D47          61452       63878       97241       66075       39820       22866       37307       28450       1353        -           -           47.21212121212121212     
D2           84619       68107       16512       23609       78331       24939       37307       84085       23609       -           -           2.884789698843661315     
D4           54778       49286       5492        9927        10512       11862       37307       73712       9927        -           -           4.964843356502468016     
D11          19787       90331       29123       7870        46815       40759       37307       82748       7870        -           -           11.47789072426937738     
D2           95404       56301       39103       23453       1729        94262       37307       57331       23453       -           -           2.400588410864281755     
D1           53173       19145       34028       16776       66812       40021       37307       96011       16776       -           -           1.141213638531235097     
D49          72854       66155       6699        60933       62509       2002        37307       23830       1328        -           -           49.81551204819277108     
D0           39473       33527       5946        80570       64491       37302       37307       86896       39473       -           -           0.849365389000076001     
D3           58313       7541        50772       65305       8349        83189       37307       96206       2377        -           -           3.172486327303323517     
D3           78914       57649       21265       17380       30893       70735       37307       20927       17380       -           -           3.316973532796317606     
D2           44177       15098       29079       31639       43545       51243       37307       11298       6563        -           -           2.300472344964193204     
D39          1312        51517       49462       23447       76187       84474       37307       32050       1312        -           -           39.26600609756097561     
D19          95038       91157       3881        4589        14267       87491       37307       50032       4589        -           -           19.86424057528873392     
D10          7719        82005       25381       85994       58726       52973       37307       86731       7719        -           -           10.62378546443839875     
D919         92          84606       15153       30548       23361       35856       37307       57715       92          -           -           919.6304347826086956     
D4           15728       64147       51248       32998       99158       58678       37307       46085       15728       -           -           4.078522380467955239     
D2           41868       26623       15245       13172       1513        17597       37307       84863       13172       -           -           2.021181293653203765     
D3           63741       73413       89995       18618       33458       84803       37307       72630       18618       -           -           3.943119561714469867     
D1           44018       21237       22781       28752       92721       742         37307       52815       13486       -           -           1.574744179148746848     
D0           52527       6169        46358       6735        87524       60343       37307       28620       6735        -           -           0.915961395694135115     
D66          48712       43947       4765        41847       21689       80718       37307       23971       657         -           -           66.89041095890410958     
D0           93691       13669       80022       26390       21761       45976       37307       62253       26390       -           -           0.517961348995831754     
D3           13924       41888       71703       33430       60491       17304       37307       16566       13924       -           -           3.008330939385234128     
D6           25117       74540       50244       39103       58693       96049       37307       85557       11131       -           -           6.696613062617913934     
D3           93695       85700       7995        23156       2352        65268       37307       6308        23156       -           -           3.700984626014855760     
D10          29151       27807       1344        55722       62326       52014       37307       15053       2580        -           -           10.77790697674418604     
D5           89737       61757       27980       76607       71648       23364       37307       28469       10957       -           -           5.636305558090718262     
D12          78891       96947       81611       96616       87995       70148       37307       57997       7991        -           -           12.13202352646727568     
D37          77836       85087       92416       83648       12329       43361       37307       91113       2280        -           -           37.31885964912280701     
D0           85433       765         84668       93251       29043       88174       37307       28291       7253        -           -           0.105473597132221149     
D4           94321       94638       99350       21671       41065       99369       37307       42551       21671       -           -           4.367034285450602187     
D3           15104       50498       64273       66482       10368       70700       37307       101         15104       -           -           3.343352754237288135     
D30          34190       93304       40553       29003       85645       49803       37307       69665       3068        -           -           30.41199478487614080     
D38          27845       77959       49553       2037        76198       57726       37307       80290       2037        -           -           38.27147766323024055     
D0           45699       7607        38092       28728       1590        66212       37307       46328       11757       -           -           0.647018797312239516     
D14          82311       66483       15828       72606       66813       58013       37307       27510       4671        -           -           14.23314065510597302     
D0           63032       20693       42339       25631       35112       69951       37307       57501       25631       -           -           0.807342670984354882     
D0           91713       12910       78803       40758       37061       70823       37307       92487       40758       -           -           0.316747632366651945     
D6           4181        27756       76092       42358       11893       41352       37307       55723       4181        -           -           6.638603204974886390     
D11          42285       97999       43953       58998       79541       18944       37307       75768       8859        -           -           11.06208375663167400     
D1           43203       31117       12086       64922       63397       50439       37307       75762       21484       -           -           1.448380189908769316     
D2           77879       66471       11408       32643       86123       90135       37307       81979       32643       -           -           2.036301810495358882     
D1           49886       14619       35267       68862       36409       38408       37307       52017       11934       -           -           1.224987430869783811     
D5           60054       2794        57260       58134       82759       7247        37307       55728       534         -           -           5.232209737827715355     
D1           27325       11849       15476       47915       51991       65158       37307       11462       6735        -           -           1.759317000742390497     
D1           81417       11111       70306       93788       18243       81829       37307       67975       7191        -           -           1.545125851759143373     
D2           83832       94237       89262       38737       19977       79982       37307       32793       38737       -           -           2.432738725249761210     
D80          37181       44154       92694       35772       36092       17818       37307       87457       547         -           -           80.72029250457038391     
D4           29978       58404       71241       12575       6397        67262       37307       95672       12575       -           -           4.644453280318091451     
D2           93399       66992       26407       24059       34587       34514       37307       7742        24059       -           -           2.784488133338875265     
D4           19704       29307       90064       5873        7159        55062       37307       62959       5873        -           -           4.990124297633236846     
D3           87815       53845       33970       64169       78337       6805        37307       84642       16877       -           -           3.190436688985009184     
D2           38358       92446       45579       78988       10500       76286       37307       49007       38358       -           -           2.410083945982585119     
D4           21020       88438       32249       74566       86842       40778       37307       48284       21020       -           -           4.207326355851569933     
D5           13076       74474       38269       28507       93285       35930       37307       88255       13076       -           -           5.695472621596818599     
D23          91112       78039       13073       87603       57130       57068       37307       17051       3387        -           -           23.04074402125775022     
D3           16054       59995       55726       68603       9850        65686       37307       85659       16054       -           -           3.737074872305967360     
D3           22024       83071       38620       93657       76967       24456       37307       89622       22024       -           -           3.771839811115147112     
D4           8232        32954       74945       43146       27206       68361       37307       60792       8232        -           -           4.003158406219630709     
D2           85057       23885       61172       10393       21223       73970       37307       9741        10393       -           -           2.298181468295968440     
D16          30504       70329       59842       17433       97105       55662       37307       22030       4362        -           -           16.12310866574965612     
D2           76110       8630        67480       65818       63808       75979       37307       27213       4066        -           -           2.122479094933595671     
D1           91139       9824        81315       48336       83063       71644       37307       26867       5533        -           -           1.775528646303994216     
D1           31579       38534       92712       74495       5750        13273       37307       89239       31579       -           -           1.220241299597834003     
D2           90990       81887       9103        29678       43267       10309       37307       59129       29678       -           -           2.759181885571804029     
D1           37060       66035       70692       90769       52631       95442       37307       66112       37060       -           -           1.781840259039395574     
D2           93447       43924       49523       16401       74881       46624       37307       4719        16401       -           -           2.678129382354734467     
D41          16207       17782       98092       31983       91524       86224       37307       23302       431         -           -           41.25754060324825986     
D10          78206       24257       53949       82954       46601       80895       37307       94680       2238        -           -           10.83869526362823950     
D1           64674       16265       48409       39932       29540       71408       37307       6293        15190       -           -           1.070770243581303489     
D8           19850       12402       7448        38230       68040       97192       37307       5089        1470        -           -           8.436734693877551020     
D14          50422       73199       76890       95881       32897       5526        37307       97706       4963        -           -           14.74894217207334273     
D47          19420       39249       79838       38021       36307       98570       37307       80455       819         -           -           47.92307692307692307     
D1           50728       44689       6039        76511       63058       30574       37307       23540       24945       -           -           1.791501302866305872     
D25          44070       48042       95695       52513       92966       44791       37307       46398       1855        -           -           25.89865229110512129     
D1           17262       27854       89075       85225       23237       40000       37307       22575       17262       -           -           1.613602131850307032     
D18          97321       97132       189         78924       5250        61296       37307       16231       5336        -           -           18.20314842578710644     
D16          71980       70927       1053        77185       95661       30259       37307       56583       4315        -           -           16.43731170336037080     
D4           20563       97100       23130       56226       35491       61881       37307       775         20563       -           -           4.722073627388999659     
D3           12728       42211       70184       94323       62053       31993       37307       70336       12728       -           -           3.316389063482086737     
D3           91091       94763       95995       27865       91732       67760       37307       2990        27865       -           -           3.400789520904360308     
D54          8780        92163       16284       1698        1737        49232       37307       70629       1698        -           -           54.27738515901060070     
D102         64114       70675       93106       61927       69004       55076       37307       67567       691         -           -           102.2793053545586107     
D2           90443       29515       60928       51677       21583       88545       37307       50516       12911       -           -           2.286035163813802184     
D8           79318       47580       31738       97731       83825       66147       37307       52001       5666        -           -           8.397458524532297917     
D119         50811       86191       64287       720         87030       21129       37307       38087       720         -           -           119.7097222222222222     
D2           93438       83747       9691        40220       72756       81755       37307       51447       40220       -           -           2.082222774738935852     
D0           21748       18162       3586        99331       38576       21620       37307       48723       21748       -           -           0.835111274599963215     
D12          70600       45672       24928       62235       48328       39084       37307       4670        3680        -           -           12.41086956521739130     
D3           19776       69387       50056       60143       24576       78431       37307       99244       19776       -           -           3.508646844660194174     
D4           19877       81469       38075       75984       77217       13546       37307       67508       19877       -           -           4.098656738944508728     
D1           25188       40685       84170       73235       96645       14784       37307       58329       25188       -           -           1.615253295219946006     
D7           92632       30174       62458       97069       10175       26878       37307       48519       3892        -           -           7.752826310380267214     
D32          70597       37443       33154       77541       47958       9285        37307       54211       1157        -           -           32.36214347450302506     
D28          75981       73561       2420        73261       83206       45067       37307       57237       2541        -           -           28.94962613144431326     
D21          57499       57944       99222       68458       83149       26231       37307       90661       2704        -           -           21.42899408284023668     
D6           8227        51062       56832       59374       71554       6787        37307       34199       8227        -           -           6.206636684088975325     
D35          1862        66509       35020       89493       19445       23203       37307       90511       1862        -           -           35.71911922663802363     
D0           19922       18806       1116        90849       51252       19878       37307       17895       19922       -           -           0.943981527959040257     
D0           91136       20962       70174       44373       6720        31464       37307       36696       44373       -           -           0.472404390057016654     
D9           1051        10395       90323       70111       22211       99549       37307       41620       1051        -           -           9.890580399619410085     
D2           52949       72337       80279       24848       96613       80339       37307       92431       24848       -           -           2.911179974243399871     
D25          11176       96262       14581       3748        90321       96574       37307       81549       3748        -           -           25.68356456776947705     
D6           34283       83427       50523       12928       59977       28034       37307       3516        12928       -           -           6.453202351485148514     
D9           63264       33813       29451       51336       87158       23349       37307       50273       3624        -           -           9.330298013245033112     
D117         58562       56435       2127        59167       66709       98634       37307       86181       482         -           -           117.0850622406639004     
D15          85145       58649       26496       58048       78355       23642       37307       71993       3854        -           -           15.21769590036325895     
D2           66139       52940       13199       90363       41167       29965       37307       49100       17691       -           -           2.992482053021310270     
D59          47926       42458       5468        95142       63450       60829       37307       65151       710         -           -           59.8                     
D7           68470       67136       1334        80285       25952       85111       37307       26179       9395        -           -           7.145928685470995210     
D8           16042       28917       86792       9752        2522        50114       37307       35381       3462        -           -           8.352686308492201039     
D4           42685       85739       56613       64290       51989       76462       37307       97811       21080       -           -           4.067314990512333965     
D4           19930       93401       26196       93383       32819       8582        37307       7923        19930       -           -           4.686452584044154540     
D1           6618        796         5822        571         73817       38606       37307       8436        571         -           -           1.394045534150612959     
D104         47285       25524       21761       47705       396         12453       37307       36307       245         -           -           104.1795918367346938     
D0           33360       12457       20903       87761       54429       16220       37307       97078       33360       -           -           0.373411270983213429     
D1           35425       35684       99408       84920       23092       5511        37307       55351       35425       -           -           1.007311220889202540     
C            76873       86671       89869       76469       9871        20030       37307       8884        113         767         -           -                        
D1           96660       36951       59709       62275       80636       5260        37307       98979       27890       -           -           1.324883470778056651     
D1           48940       9986        38954       90580       77894       38786       37307       14016       7300        -           -           1.367945205479452054     
D22          43644       86902       56409       3825        78028       64031       37307       72806       3825        -           -           22.71947712418300653     
D7           51232       69783       81116       37074       41898       21039       37307       86031       8758        -           -           7.967915049097967572     
D2           71879       22030       49849       92891       43008       83445       37307       8320        8843        -           -           2.491236005880357344     
D7           44030       93729       49968       13146       24771       29827       37307       33548       13146       -           -           7.129849383842994066     
D4           68269       93323       74613       43831       96108       55240       37307       61247       19393       -           -           4.812200278450987469     
D59          57907       24052       33855       407         65255       22061       37307       18327       407         -           -           59.09582309582309582     
D15          82355       78953       3402        66890       74098       54487       37307       57410       5030        -           -           15.69642147117296222     
D4           7833        32862       74638       36753       360         5916        37307       81486       7833        -           -           4.195327460743010340     
D5           71489       35664       35825       78705       63908       51767       37307       81134       6545        -           -           5.449045072574484339     
D0           96064       9386        86678       71911       30785       284         37307       50075       23605       -           -           0.397627621266680787     
D0           7031        6889        142         94604       66464       59882       37307       63937       7031        -           -           0.979803726354714834     
D18          29515       81225       47957       4473        84830       99398       37307       34220       4473        -           -           18.15895372233400402     
D1           97561       34367       63194       21460       23337       5980        37307       12549       21460       -           -           1.601444547996272134     
D1           15183       28024       86826       55938       90786       39351       37307       19928       15183       -           -           1.845748534545215043     
D0           97306       37901       59405       42051       86242       69619       37307       24333       42051       -           -           0.901310313666738008     
D0           78854       11093       67761       35245       14829       12759       37307       98505       35245       -           -           0.314739679387147113     
D1           66768       17435       49333       80865       53950       28553       37307       54674       10380       -           -           1.679672447013487475     
D2           65568       76588       88647       31866       73271       47159       37307       46455       31866       -           -           2.403439402497960208     
D6           75380       53906       21474       97887       82675       56708       37307       89188       7859        -           -           6.859142384527293548     
D7           12986       94666       17987       87512       46779       53337       37307       85279       12986       -           -           7.289850608347451101     
D3           29532       8401        21131       2238        45584       70959       37307       41781       2238        -           -           3.753798033958891867     
D4           82413       85548       96532       19009       66698       83874       37307       98431       19009       -           -           4.500394549950023673     
D0           39697       24564       15133       92733       81492       44819       37307       77961       39697       -           -           0.618787313902813814     
D259         84739       99193       85213       72688       31621       41116       37307       79709       382         -           -           259.6675392670157068     
D13          29508       75028       54147       5420        79335       26941       37307       30467       5420        -           -           13.84280442804428044     
D11          57463       9093        48370       55574       67659       45242       37307       13249       793         -           -           11.46658259773013871     
D0           53330       1590        51740       2405        37686       8143        37307       75627       2405        -           -           0.661122661122661122     
D5           12245       61886       50026       49206       16170       8398        37307       57092       12245       -           -           5.053981216823193140     
D17          76938       76754       184         40615       71526       76432       37307       58322       4292        -           -           17.88303821062441752     
D1332        28129       38654       89142       56229       52992       20150       37307       1306        29          -           -           1332.896551724137931     
D7           54130       86326       67471       96434       65659       59965       37307       61923       11826       -           -           7.299678674107897852     
D2           86286       48269       38017       63482       13681       49004       37307       57388       17874       -           -           2.700514714109880273     
D8           71846       84964       86549       10337       38144       73593       37307       91611       10337       -           -           8.219406017219696236     
D0           77054       12578       64476       92939       21619       64044       37307       42036       13514       -           -           0.930738493414237087     
D1           38221       8967        29254       31523       89949       10386       37307       61832       4731        -           -           1.895370957514267596     
D119         60367       32423       27944       60962       88246       59650       37307       43866       272         -           -           119.2022058823529411     
D10          57569       45236       12333       68216       28980       80864       37307       94895       4334        -           -           10.43747115828334102     
D10          6227        63823       42071       20531       55949       22339       37307       48642       6227        -           -           10.24939778384454793     
D18          53608       78558       74717       78258       98703       62159       37307       42308       4308        -           -           18.23537604456824512     
D2005        20648       96271       24044       22708       22264       78055       37307       22544       48          -           -           2005.645833333333333     
D7           4057        30049       73675       48635       85719       10522       37307       92655       4057        -           -           7.406704461424698052     
D1           80928       58003       22925       33966       58148       96956       37307       92200       33966       -           -           1.707678266501795913     
D3           98256       81217       17039       73640       13691       1687        37307       85128       24408       -           -           3.327474598492297607     
D2           61791       23541       38250       74595       63551       36461       37307       14148       10575       -           -           2.226099290780141844     
D2           44179       92860       50986       97213       10027       55991       37307       89637       44179       -           -           2.101903619366667421     
D7           82071       96152       85586       12573       81872       28614       37307       45199       12573       -           -           7.647498608128529388     
D1           68768       43138       25630       30330       89001       28946       37307       91795       30330       -           -           1.422288163534454335     
D9           77856       27563       50293       71615       3784        43294       37307       60034       2964        -           -           9.299257759784075573     
D0           90743       4984        85759       53422       97183       92343       37307       42529       16101       -           -           0.309545990932240233     
D7           4384        32315       71736       13609       45893       4309        37307       61087       4384        -           -           7.371122262773722627     
D1           24057       26392       97332       82503       87872       7336        37307       28229       24057       -           -           1.097061146443862493     
D36          55083       96142       58608       81293       34670       32001       37307       56819       2663        -           -           36.10289147577919639     
D0           79559       8773        70786       17039       52915       52095       37307       65709       17039       -           -           0.514877633663947414     
D76          3691        20015       83343       262         96949       63071       37307       57380       262         -           -           76.39312977099236641     
D1           73606       61626       11980       35876       47028       65674       37307       31880       35876       -           -           1.717750027873787490     
D7           59061       60150       98578       8175        41957       77155       37307       35524       8175        -           -           7.357798165137614678     
D26          29132       84720       44079       42087       31468       885         37307       48791       3222        -           -           26.29422718808193668     
D2           79755       21438       58317       8499        30252       73861       37307       70669       8499        -           -           2.522414401694316978     
D3           45734       31427       14307       82171       24174       96772       37307       50915       9297        -           -           3.380337743358072496     
D3           50296       75103       74860       23248       96825       72936       37307       1201        23248       -           -           3.230514452856159669     
D0           79981       19875       60106       34216       29759       25257       37307       5510        34216       -           -           0.580868599485620762     
D0           90404       33770       56634       36126       41033       44147       37307       26061       36126       -           -           0.934783812212810718     
D3           77439       39178       38261       11829       70948       51046       37307       20429       11829       -           -           3.312029757375940485     
D24          89449       29926       59523       60041       16522       14789       37307       7675        1225        -           -           24.42938775510204081     
D127         611         77625       22653       26402       5168        88448       37307       91910       611         -           -           127.0458265139116202     
D63          45797       43173       2624        30757       1861        25509       37307       21017       677         -           -           63.77104874446085672     
D4           46940       90717       55890       71650       91671       51071       37307       70127       22230       -           -           4.080836707152496626     
D18          1357        24848       76176       77955       8459        10307       37307       73843       1357        -           -           18.31098010316875460     
D11          70946       80569       90044       6820        26507       97133       37307       23522       6820        -           -           11.81363636363636363     
D6           45998       71358       74307       28137       60032       62553       37307       97739       10276       -           -           6.944141689373297002     
D14          74972       50690       24282       39212       75020       92977       37307       62907       3452        -           -           14.68424101969872537     
D1           33881       48194       85354       78153       45810       29223       37307       38049       33881       -           -           1.422449160296331277     
D6           10863       71559       38971       38781       70911       44401       37307       97935       10863       -           -           6.587406793703396851     
D1           47912       3804        44108       54434       15952       17860       37307       36963       2258        -           -           1.684676705048715677     
D6           13710       89613       23764       98844       48501       85157       37307       48476       13710       -           -           6.536323851203501094     
D0           4519        753         3766        91741       35407       55715       37307       75625       4519        -           -           0.166629785350741314     
D1           98992       5219        93773       3243        52667       20631       37307       26840       3243        -           -           1.609312365094048720     
D43          82804       69039       13765       88605       63574       67845       37307       47599       1590        -           -           43.42075471698113207     
D5           72804       61477       11327       41779       7263        78540       37307       43509       10754       -           -           5.716663567044820531     
D10          65930       98096       67501       51831       49486       18637       37307       96660       9534        -           -           10.28907069435703796     
D7           7434        54911       52190       97051       71319       96095       37307       761         7434        -           -           7.386467581382835620     
D29          87704       75150       12554       83223       28132       93346       37307       49822       2565        -           -           29.29824561403508771     
D24          3785        94157       9295        38502       5617        7477        37307       8658        3785        -           -           24.87635402906208718     
D26          90782       75886       14896       61492       70047       10752       37307       74354       2912        -           -           26.05975274725274725     
D0           72955       3391        69564       26159       39663       28823       37307       50257       26159       -           -           0.129630337551129630     
D4           4451        18168       85950       68689       86503       45384       37307       75135       4451        -           -           4.081779375421253650     
D13          50230       73126       76771       94969       29612       35199       37307       59664       5491        -           -           13.31742851939537424     
D39          43734       88063       55338       64473       93232       17786       37307       98089       2256        -           -           39.03501773049645390     
D9           42887       79269       63285       25579       93998       37197       37307       47701       8271        -           -           9.583968081247733043     
D25          91784       89043       2741        3534        775         31898       37307       25321       3534        -           -           25.19609507640067911     
D1           58727       22321       36406       95885       93790       39803       37307       33439       21569       -           -           1.034864852334368770     
D29          56715       7197        49518       37891       94205       53695       37307       44212       243         -           -           29.61728395061728395     
D59          50615       10816       39799       47463       86945       34271       37307       1613        183         -           -           59.10382513661202185     
D8           9255        79560       29362       90320       26808       73497       37307       23559       9255        -           -           8.596434359805510534     
D6           54254       63587       90334       98891       79574       76691       37307       14714       9617        -           -           6.611937194551315379     
D1           16646       19669       96644       60284       34303       56130       37307       93383       16646       -           -           1.181605190436140814     
D9           65725       89178       76214       77006       79048       53559       37307       27258       9320        -           -           9.568454935622317596     
D2           33329       74897       58099       83980       29301       12653       37307       17476       33329       -           -           2.247202136277716103     
D4           52439       38608       13831       96923       68857       73458       37307       54649       7955        -           -           4.853299811439346323     
D0           20344       2368        17976       95440       52841       8648        37307       82137       20344       -           -           0.116397955171057805     
D7           68957       90366       78258       11951       20918       50949       37307       65261       11951       -           -           7.561375617103171282     
D2           90699       12331       78368       96751       86351       95356       37307       81291       5971        -           -           2.065148216379165968     
D6           82755       78892       3863        12331       47324       1405        37307       187         12331       -           -           6.397859054415700267     
D15          41235       67102       73800       59622       16897       66692       37307       64103       4461        -           -           15.04191885227527460     
D25          3673        92205       11135       92631       36381       60286       37307       47391       3673        -           -           25.10345766403484889     
D7           73615       86061       87221       94226       53163       8395        37307       6357        11782       -           -           7.304447462230521133     
D0           74579       18410       56169       47402       64146       66029       37307       29736       20225       -           -           0.910259579728059332     
D11          94641       36178       58463       48947       39597       17107       37307       8584        3253        -           -           11.12142637565324316     
D259         30642       58841       71468       227         10587       78410       37307       6313        227         -           -           259.2114537444933920     
D8           84852       38593       46259       58153       79748       38645       37307       70509       4755        -           -           8.116298633017875920     
D12          38719       57567       80819       72805       55267       18439       37307       76547       4633        -           -           12.42542628966112670     
D6           66491       91362       74796       40794       6610        76121       37307       29929       15097       -           -           6.051665893886202556     
D0           74934       10383       64551       29474       68381       36303       37307       58632       29474       -           -           0.352276582750899097     
D43          26400       51664       74403       1188        39123       27307       37307       60658       1188        -           -           43.48821548821548821     
D1           87149       73170       13979       42431       87160       26286       37307       59474       42431       -           -           1.724446748839292027     
D0           13642       9639        4003        91910       85140       85843       37307       706         13642       -           -           0.706567951913209206     
D2           21881       43882       77666       50558       31          56287       37307       23921       21881       -           -           2.005484210045244732     
D36          89886       84342       5544        92462       4795        13717       37307       74825       2302        -           -           36.63857515204170286     
D6           87013       34253       52760       59693       42808       97566       37307       64579       5053        -           -           6.778745299821887987     
D4           39052       26234       12818       5381        29761       34139       37307       96684       5381        -           -           4.875301988477978071     
D31          39638       42656       96649       36447       25813       63177       37307       50034       1346        -           -           31.69093610698365527     
D0           37567       34976       2591        95905       94471       41778       37307       57461       37567       -           -           0.931029893257380147     
D1           65447       20345       45102       90372       843         8265        37307       93425       15597       -           -           1.304417516189010707     
D42          1963        83546       18084       77879       99382       73865       37307       81189       1963        -           -           42.56036678553234844     
D5           75158       69374       5784        13608       63275       89391       37307       13237       13608       -           -           5.098030570252792475     
D16          12093       11750       343         23492       92010       24572       37307       70821       694         -           -           16.93083573487031700     
D21          65197       83765       81099       95841       95036       24966       37307       24366       3909        -           -           21.42875415707342031     
D0           47084       1352        45732       59929       52339       13887       37307       91294       8549        -           -           0.158147151713650719     
D482         8173        85347       22493       12171       53116       59728       37307       88656       177         -           -           482.1864406779661016     
D6           9757        59247       50177       50815       43227       91905       37307       23699       9757        -           -           6.072255816336988828     
D6           19163       16296       2867        10784       18670       46914       37307       26383       2405        -           -           6.775883575883575883     
D1           37569       42866       94370       98889       32541       65048       37307       78832       37569       -           -           1.140993904548963241     
D2           12277       34030       77914       89636       68274       35717       37307       21848       12277       -           -           2.771849800439846868     
D0           53069       7546        45523       25479       25348       75286       37307       83680       25479       -           -           0.296165469602417677     
D2           78181       38089       40092       57477       90808       45625       37307       70513       16069       -           -           2.370340406994834775     
D6           64650       70845       93472       10532       20026       329         37307       59532       10532       -           -           6.726642612988985947     
D5           85592       95722       89537       51595       25182       11373       37307       90916       17598       -           -           5.439368110012501420     
D18          51474       74579       76562       58258       21704       49827       37307       3746        3986        -           -           18.71023582538886101     
D7           9017        66471       42213       35418       1208        23956       37307       35285       9017        -           -           7.371742264611289786     
D11          58553       97932       60288       83428       30572       36333       37307       22589       8803        -           -           11.12484380324889242     
D1           24921       29137       95451       80101       2717        22516       37307       74440       24921       -           -           1.169174591709802977     
D3           95006       78123       16883       19953       83516       91119       37307       23056       19953       -           -           3.915351075026311832     
D6           13217       85491       27393       83651       86040       47827       37307       30683       13217       -           -           6.468260573503820836     
D14          9310        7763        1547        545         65402       50757       37307       68657       545         -           -           14.24403669724770642     
D9           58472       33812       24660       69488       44117       20657       37307       81520       3392        -           -           9.968160377358490566     
D6           57992       17941       40051       76421       80919       11516       37307       16091       2705        -           -           6.632532347504621072     
D1           66197       21798       44399       18017       85979       97474       37307       22323       18017       -           -           1.209857356940667147     
D4           19602       88383       30886       58571       6749        63170       37307       69303       19602       -           -           4.508876645240281603     
D24          70838       96645       73860       66901       52658       15391       37307       45501       3909        -           -           24.72371450498848810     
D2           85235       25901       59334       11053       8629        56840       37307       77713       11053       -           -           2.343345698000542839     
D6           15688       98939       16416       73336       84842       14335       37307       26495       15688       -           -           6.306667516573176950     
D7           46929       51158       95438       6787        45935       34844       37307       94528       6787        -           -           7.537645498747605716     
D0           30057       939         29118       26937       4963        65774       37307       78561       1977        -           -           0.474962063732928679     
D1           69727       36906       32821       32185       67712       86192       37307       57491       32185       -           -           1.146683237533012272     
D5           34937       10627       24310       30811       82312       8601        37307       95365       1929        -           -           5.509072058061171591     
D1           38176       12968       25208       66942       87396       74426       37307       79856       9410        -           -           1.378108395324123273     
D13          56737       71012       85392       43913       51651       19135       37307       49475       5441        -           -           13.05127733872449917     
D8           67917       25188       42729       59818       44233       47407       37307       17756       3125        -           -           8.06016                  
D10          3436        36993       66110       9403        58859       48341       37307       96938       3436        -           -           10.76629802095459837     
D2           71322       53303       18019       22911       52884       83322       37307       95045       22911       -           -           2.326524376936842564     
D63          47509       46541       968         56865       5717        87090       37307       25060       729         -           -           63.84224965706447187     
D15          37176       91030       45813       68495       56059       74335       37307       63156       5857        -           -           15.54208639235103295     
D1           17761       29470       87958       81338       25328       21040       37307       38242       17761       -           -           1.659253420415517144     
D2           16712       49016       67363       44016       85178       52950       37307       95158       16712       -           -           2.932982288176160842     
D3           53571       45731       7840        74528       63040       26461       37307       53450       11657       -           -           3.923050527579994852     
D8           60472       45135       15337       49502       53336       26592       37307       90076       5622        -           -           8.028281750266808964     
D2           41941       25762       16179       56552       60328       67710       37307       16062       12719       -           -           2.025473700762638572     
D4           42813       59782       82698       12142       39839       68398       37307       8605        12142       -           -           4.923571075605336847     
D20          47063       96993       49737       89495       14094       43928       37307       51877       4631        -           -           20.94428849060678039     
D3           61733       59874       1859        77286       7711        52616       37307       62605       15074       -           -           3.972004776436247844     
D0           41532       15702       25830       16667       28503       23009       37307       44825       16667       -           -           0.942101157976840463     
D146         38290       85607       52350       36072       23623       64279       37307       61737       584         -           -           146.5873287671232876     
D10          9140        98369       10438       62568       99613       65286       37307       29555       9140        -           -           10.76247264770240700     
D3           66261       66878       99050       43621       29100       44653       37307       69413       20981       -           -           3.187550641056193699     
D0           19454       8484        10970       91874       86420       7103        37307       55344       19454       -           -           0.436105685206127274     
D1           76841       26786       50055       17002       84186       35981       37307       91695       17002       -           -           1.575461710387013292     
D10          38798       89096       49369       8630        1309        43254       37307       1667        8630        -           -           10.32398609501738122     
D6           63765       71685       91747       81369       12277       99081       37307       63279       10953       -           -           6.544782251437962202     
D26          40351       34743       5608        33846       11575       8071        37307       78755       1321        -           -           26.30052990158970476     
D12          78000       72000       6000        67703       6525        85029       37307       17195       5921        -           -           12.16010808984968755     
D5           11994       65017       46644       71538       26842       13704       37307       39313       11994       -           -           5.420793730198432549     
D5           83136       42661       40475       68130       16807       11799       37307       57643       8106        -           -           5.262891685171477917     
D2           35983       12576       23407       20493       97451       25852       37307       36335       5003        -           -           2.513691784929042574     
D4           77027       62714       14313       55571       71750       29223       37307       61618       12659       -           -           4.954103799668220238     
D6           80813       31922       48891       4888        26179       89110       37307       72767       4888        -           -           6.530687397708674304     
D4           91376       92887       98156       21751       67687       95593       37307       80033       21751       -           -           4.270470323203530872     
D0           18515       14318       4197        71573       65942       29533       37307       34736       18515       -           -           0.773318930596813394     
D40          73100       92660       80107       49488       28561       95209       37307       10842       2264        -           -           40.92756183745583038     
D52          8357        77149       30875       4919        80041       64926       37307       88181       1481        -           -           52.09250506414584740     
D4           86304       95419       90552       23547       67282       91006       37307       54907       23547       -           -           4.052278421879644965     
D5           56271       14136       42135       52434       60791       38439       37307       37153       2553        -           -           5.537015276145710928     
D0           89741       16106       73635       23954       11599       49204       37307       98474       23954       -           -           0.672372046422309426     
D2           24961       62744       61884       94852       86230       71563       37307       97897       24961       -           -           2.513681342894916069     
D4           17745       83534       33878       74239       57830       91849       37307       82172       17745       -           -           4.707466892082276697     
D43          68631       94458       73840       46480       38176       2967        37307       58655       2178        -           -           43.36914600550964187     
D1           72393       36284       36109       24987       93436       20582       37307       602         24987       -           -           1.452115099851923000     
D2           21038       42191       78514       62552       38386       92248       37307       67345       21038       -           -           2.005466299077859112     
D2           43233       14142       29091       5635        74605       32383       37307       69721       5635        -           -           2.509671694764862466     
D7           30035       43810       85892       17789       84114       29278       37307       48674       5543        -           -           7.903662276745444705     
D55          6835        87141       19361       4203        53215       37404       37307       7188        1571        -           -           55.46849140674729471     
D1           33898       53526       80039       82565       82633       18701       37307       31066       33898       -           -           1.579031211280901528     
D29          73466       69403       4063        78937       37704       33576       37307       78096       2343        -           -           29.62142552283397353     
D0           13009       6045        6964        42767       50531       89583       37307       33231       13009       -           -           0.464678299638711661     
D7           70651       11830       58821       62981       44955       1979        37307       51491       1621        -           -           7.297964219617520049     
D147         286         42268       57685       24159       1054        52315       37307       65287       286         -           -           147.7902097902097902     
D343         77210       96064       80813       76896       41037       7186        37307       18973       280         -           -           343.0857142857142857     
D0           87672       4326        83346       62563       47777       96341       37307       25369       12345       -           -           0.350425273390036452     
D101         520         52580       47607       51690       94537       49532       37307       47589       520         -           -           101.1153846153846153     
D18          30403       72831       57239       43600       63456       11435       37307       53722       4009        -           -           18.16687453230231978     
D0           9551        1066        8485        93043       76894       70467       37307       80292       9551        -           -           0.111611349596900848     
D8           9043        80441       28269       44225       10813       60267       37307       33918       9043        -           -           8.895388698440782926     
D6           10612       70294       39985       44421       11194       47202       37307       63952       10612       -           -           6.624010554089709762     
D22          72095       55398       16697       37269       53626       32873       37307       12721       2443        -           -           22.67621776504297994     
D1           19655       33973       85349       74553       22878       84549       37307       55176       19655       -           -           1.728466039175782243     
D1           28675       56244       72098       61541       47147       62211       37307       26134       28675       -           -           1.961429816913687881     
D2           72128       70804       1324        96374       31860       45044       37307       73229       23636       -           -           2.995599932306650871     
D2           76459       45712       30747       56609       7009        9834        37307       20540       16909       -           -           2.703412383937548051     
D27          53163       70402       82428       65803       36767       73377       37307       82404       2603        -           -           27.04648482520169035     
D1           18827       26092       92402       79471       18057       31328       37307       49639       18827       -           -           1.385881978010304350     
D0           96213       4819        91394       41297       40179       1090        37307       39729       41297       -           -           0.116691285081240768     
D1           91918       21548       70370       76484       81475       48624       37307       73741       14748       -           -           1.461079468402495253     
D2           71265       55689       15576       46215       62076       57093       37307       84635       21165       -           -           2.631183557760453579     
D4           22711       96495       25883       72698       32246       95237       37307       99364       22711       -           -           4.248822156664171546     
D21          39038       62339       76366       43550       90460       6512        37307       32198       2942        -           -           21.18932698844323589     
D2           15501       41105       74063       97848       40327       59597       37307       44097       15501       -           -           2.651764402296626024     
D12          60593       20938       39655       63869       27312       5436        37307       14021       1625        -           -           12.88492307692307692     
D25          89628       45442       44186       93446       16284       55666       37307       56422       1814        -           -           25.05071664829106946     
D3           53902       39395       14507       10859       74787       51824       37307       3784        10859       -           -           3.627866286030021180     
D5           76122       94786       81003       16547       34631       13101       37307       5586        16547       -           -           5.728289115851816039     
D2           80163       93761       86069       34879       11552       58214       37307       53888       34879       -           -           2.688179133576077295     
D1           32101       40628       91140       99327       6774        50113       37307       18780       32101       -           -           1.265630354194573377     
D4           18411       28091       89987       5840        14334       6745        37307       95504       5840        -           -           4.810102739726027397     
D0           15487       2364        13123       87847       67039       96405       37307       80386       15487       -           -           0.152644153160715438     
D8           6968        58914       47721       92525       39855       80001       37307       11900       6968        -           -           8.454936854190585533     
D113         42064       48316       93415       35124       75524       52439       37307       99182       424         -           -           113.9528301886792452     
D0           10150       6587        3563        89644       72594       5482        37307       82839       10150       -           -           0.648965517241379310     
D1           70981       24249       46732       95357       54323       59817       37307       98407       22229       -           -           1.090872283953394214     
D1           61033       38019       23014       99371       82078       66864       37307       20890       22695       -           -           1.675214805023132848     
D1           95695       58142       37553       41838       4691        73904       37307       57399       41838       -           -           1.389693579999043931     
D1           56445       34874       21571       19928       31700       30234       37307       3076        19928       -           -           1.75                     
D16          56310       94919       61058       31114       40853       78799       37307       90506       5918        -           -           16.03903345724907063     
D3           6743        24278       82132       50053       56658       79148       37307       29402       6743        -           -           3.600474566216817440     
D4           1988        8508        93147       24821       63192       43003       37307       70085       1988        -           -           4.279678068410462776     
D0           22637       17425       5212        73964       86590       13454       37307       30462       22637       -           -           0.769757476697442240     
D0           86753       32626       54127       34215       24620       16174       37307       80245       34215       -           -           0.953558380827122607     
D3           76418       93142       82943       28235       63748       84688       37307       34313       28235       -           -           3.298813529307596954     
D33          80666       69264       11402       74621       60337       69542       37307       91181       2081        -           -           33.28399807784718885     
D3           70541       96738       73470       26994       22924       42374       37307       47403       26994       -           -           3.583685263391864858     
D4           45697       44266       1431        81113       20500       93161       37307       56895       10281       -           -           4.305612294523879000     
D3           38691       65488       72870       58453       33957       8355        37307       33010       18929       -           -           3.459665064187225949     
D7           75998       95987       79678       91737       3579        29767       37307       51016       13042       -           -           7.359837448244134335     
D1           89894       9902        79992       73414       12307       86343       37307       6601        7494        -           -           1.321323725647184414     
D0           64979       2129        62850       26817       37325       66821       37307       40222       26817       -           -           0.079389939217660439     
D22          16221       70191       45697       3093        36318       87820       37307       570         3093        -           -           22.69350145489815712     
D2           43651       33392       10259       15582       6524        98600       37307       44675       15582       -           -           2.142985496085226543     
D3           83932       64953       18979       62425       79601       71536       37307       28373       19411       -           -           3.346195456184637576     
D6           35080       27734       7346        66172       48261       22997       37307       3912        3988        -           -           6.954363089267803410     
D6           55903       48593       7310        79916       11010       6181        37307       86645       7877        -           -           6.168972959248444839     
D2           42840       43184       99323       20749       82765       87430       37307       20813       20749       -           -           2.081256928044725047     
D3           72816       32612       40204       56995       65741       54403       37307       15534       9532        -           -           3.421317666806546370     
D2           27963       66180       61450       65352       80190       9315        37307       76140       27963       -           -           2.366698852054500590     
D8           39911       99192       40386       12148       2416        70795       37307       41954       12148       -           -           8.165294698715837998     
D2           3459        9289        93837       80427       44586       48199       37307       38545       3459        -           -           2.685458224920497253     
D17          82202       95498       86371       72605       9128        88505       37307       15406       5426        -           -           17.60007371913011426     
D27          11364       88756       22275       3273        28317       82931       37307       79087       3273        -           -           27.11762908646501680     
D46          88332       57644       30688       44781       78403       64863       37307       75235       1230        -           -           46.86504065040650406     
D0           60395       15313       45082       22244       70033       9672        37307       39797       22244       -           -           0.688410357849307678     
D0           37646       11556       26090       81802       92635       82619       37307       69221       37646       -           -           0.306964883387345269     
D0           9552        1338        8214        19267       8404        46527       37307       76304       9552        -           -           0.140075376884422110     
D0           12909       12183       726         60179       1827        2706        37307       5571        12909       -           -           0.943760167325122007     
D2           40779       99482       40964       95040       39520       83529       37307       89264       40779       -           -           2.439539959292773241     
D3           83768       97005       86430       31274       16          14413       37307       12292       31274       -           -           3.101777834623009528     
D9           71240       30000       41240       37251       73648       41334       37307       94644       3262        -           -           9.196811771919068056     
D1           71338       19394       51944       12006       19476       93496       37307       25844       12006       -           -           1.615358987173080126     
D2           14401       43038       71030       55929       40450       34036       37307       86821       14401       -           -           2.988542462329004930     
D0           29854       964         28890       50477       87854       41582       37307       23649       9231        -           -           0.104430722565269201     
D27          1441        39567       61541       87315       44505       86333       37307       83396       1441        -           -           27.45801526717557251     
D7           32101       30978       1123        39083       76837       78575       37307       76589       4173        -           -           7.423436376707404744     
D1           93392       41667       51725       59669       22733       68068       37307       6188        25946       -           -           1.605912279349418022     
D1           87434       50620       36814       26836       87942       28542       37307       40245       26836       -           -           1.886272171709643762     
D2           35984       34979       1005        17234       48257       12159       37307       38321       17234       -           -           2.029650690495532087     
D0           68312       8084        60228       96478       63692       79742       37307       97733       11980       -           -           0.674791318864774624     
D3           71223       32187       39036       39898       33370       52466       37307       87061       8573        -           -           3.754461682024962090     
D508         94113       97137       96643       93491       61671       46964       37307       1810        191         -           -           508.5706806282722513     
D5           41863       70052       71478       11986       29860       63826       37307       73314       11986       -           -           5.844485232771566828     
D5           21938       56957       64648       10449       61680       35635       37307       12490       10449       -           -           5.450952244233897980     
D0           84371       6           84365       88980       18088       79020       37307       68623       1409        -           -           0.004258339247693399     
D1           52803       14917       37886       11058       62497       46881       37307       64999       11058       -           -           1.348978115391571712     
D153         72666       68604       4062        76467       22773       31974       37307       67358       447         -           -           153.4765100671140939     
D5           91553       47410       44143       49762       91892       42437       37307       82099       7971        -           -           5.947810814201480366     
D37          79391       86233       92825       72384       18112       39096       37307       95253       2314        -           -           37.26577355229040622     
D0           17189       1678        15511       59531       95808       44898       37307       77636       17189       -           -           0.097620571295596020     
D65          66403       55501       10902       67714       30342       5882        37307       78321       853         -           -           65.06565064478311840     
D18          51666       89861       61472       4731        8117        6361        37307       17889       4731        -           -           18.99408158951595857     
D309         53475       65036       88106       53810       17477       254         37307       7212        210         -           -           309.6952380952380952     
D2           51379       68908       82138       79515       69732       863         37307       59425       23243       -           -           2.964677537323065008     
D3           12609       47021       65255       28545       99143       75837       37307       33196       12609       -           -           3.729161709889761281     
D0           78111       285         77826       45960       66330       87677       37307       3764        13809       -           -           0.020638713882250706     
D0           96335       10880       85455       59482       70683       77788       37307       16973       22629       -           -           0.480798974766892041     
D479         31411       85866       45212       39219       46171       15487       37307       25094       179         -           -           479.6983240223463687     
D13          52868       46553       6315        47930       29379       63522       37307       50098       3488        -           -           13.34661697247706422     
D4           34166       67755       66078       15913       35740       11381       37307       63960       15913       -           -           4.257839502293722114     
D13          71935       77213       94389       5659        93970       11458       37307       61900       5659        -           -           13.64428344230429404     
D1           95679       57950       37729       63749       17668       32502       37307       92303       31819       -           -           1.821238882428737546     
D13          7211        98309       8569        74110       5136        38942       37307       79679       7211        -           -           13.63319927887948966     
D13          98738       10774       87964       66101       8928        67267       37307       8731        827         -           -           13.02781136638452237     
D25          68288       14491       53797       85219       70063       55793       37307       61209       564         -           -           25.69326241134751773     
D1666        10600       31665       78602       19          72731       49852       37307       12472       19          -           -           1666.578947368421052     
D43          41385       73186       67866       47055       23417       75047       37307       83403       1695        -           -           43.17758112094395280     
D4           85249       95363       89553       53700       63769       58536       37307       90766       22151       -           -           4.305132951108302108     
D6           77765       61608       16157       8819        31087       6826        37307       52963       8819        -           -           6.985826057376119741     
D0           32108       31552       556         76963       33433       61711       37307       37998       32108       -           -           0.982683443378597234     
D1           25917       35048       90536       98587       34840       39020       37307       22017       25917       -           -           1.352317011999845661     
D1           36402       45604       90465       98162       38558       92251       37307       51078       36402       -           -           1.252788308334706884     
D0           94193       26355       67838       32059       34793       12648       37307       17890       32059       -           -           0.822078043607099410     
D34          72847       37490       35357       90787       58218       41354       37307       54150       1087        -           -           34.48942042318307267     
D33          23295       18277       5018        11923       22589       10956       37307       50591       551         -           -           33.17059891107078039     
D0           62128       4675        57453       9561        68904       8744        37307       22737       9561        -           -           0.488965589373496496     
D36          99156       46651       52505       88280       62762       44072       37307       53709       1272        -           -           36.67531446540880503     
D33          2577        85256       16988       66855       65092       75278       37307       95969       2577        -           -           33.08343034536282499     
D5           48317       75817       72167       65773       79708       43371       37307       71010       13405       -           -           5.655874673629242819     
D4           22387       98554       23500       92095       10252       51641       37307       49882       22387       -           -           4.402287041586635100     
D7           9647        72840       36474       22055       82043       4144        37307       97627       9647        -           -           7.550533844718565357     
D1           10527       12600       97594       39861       29670       96635       37307       19047       10527       -           -           1.196922200056996295     
D2           60442       52493       7949        26123       1310        62483       37307       83806       26123       -           -           2.009455269302913141     
D1           98321       19940       78381       85739       82767       90916       37307       69117       10247       -           -           1.945935395725578218     
D3           53263       63202       89728       86029       82837       8564        37307       83058       20497       -           -           3.083475630580084890     
D0           21398       3838        17560       14176       98343       51780       37307       84157       6954        -           -           0.551912568306010928     
D1           99521       6491        93030       75641       88580       44824       37307       93149       4001        -           -           1.622344413896525868     
D3           99623       68037       31586       60193       30931       37019       37307       79817       20763       -           -           3.276838607137696864     
D36          89640       32786       56854       98513       24768       5368        37307       86381       910         -           -           36.02857142857142857     
D0           51962       6271        45691       31186       2470        6953        37307       80180       10410       -           -           0.602401536983669548     
D13          3397        46748       56316       85094       26991       80332       37307       22726       3397        -           -           13.76155431262879010     
D34          97603       52526       45077       78387       73772       1983        37307       67673       1523        -           -           34.48850952068286277     
D5           83761       73277       10484       48935       21984       52098       37307       56805       14109       -           -           5.193635268268481111     
D29          84463       49219       35244       67904       88443       29617       37307       13857       1668        -           -           29.50779376498800959     
D11          39522       38825       697         30484       45246       17689       37307       61910       3370        -           -           11.52077151335311572     
D21          2787        59194       43260       44519       1146        99271       37307       50320       2787        -           -           21.23932543954072479     
D5           9387        48011       61043       33265       83246       3931        37307       43491       9387        -           -           5.114626611270906572     
D43          9750        91888       17529       2113        11198       68756       37307       95403       2113        -           -           43.48698532891623284     
D0           87709       18132       69577       41661       78756       65267       37307       21595       41661       -           -           0.435227190897962122     
D53          28288       29158       98797       33836       3074        5458        37307       61353       548         -           -           53.20802919708029197     
D5           70075       82500       87242       13834       43877       82288       37307       38086       13834       -           -           5.963568020818273818     
D2           50241       15472       34769       65217       10936       38256       37307       47757       5313        -           -           2.912102390363259928     
D80          9717        41910       67474       8695        40214       75292       37307       98295       519         -           -           80.75144508670520231     
D3           7748        26005       81410       15747       7154        18183       37307       71877       7748        -           -           3.356350025813113061     
D2           62977       67678       94966       27617       9039        57770       37307       29536       27617       -           -           2.450592026650251656     
D14          55030       13030       42000       56158       70229       82879       37307       54143       886         -           -           14.70654627539503386     
D10          32138       56335       75470       5381        11888       54269       37307       58985       5381        -           -           10.46924363501207953     
D4           55087       17154       37933       72165       12023       3869        37307       95507       3853        -           -           4.452115234881910199     
D3           11906       39194       72379       97439       1101        41458       37307       7187        11906       -           -           3.291953636821770535     
D19          33560       90497       42730       62476       3845        50096       37307       64671       4644        -           -           19.48686477174849267     
D90          1098        98868       1897        90162       9956        24175       37307       90427       1098        -           -           90.04371584699453551     
D43          51152       13974       37178       319         79577       70134       37307       16331       319         -           -           43.80564263322884012     
D0           51141       13040       38101       78714       78963       39268       37307       84647       23568       -           -           0.553292600135777325     
D0           40962       10626       30336       91443       16201       15693       37307       59588       40962       -           -           0.259411161564376739     
D8           78470       25562       52908       85331       14039       99453       37307       65649       2999        -           -           8.523507835945315105     
D4           45578       96328       48917       71435       9609        34713       37307       93630       19721       -           -           4.884539323563713807     
D23          96607       98355       97919       65823       28387       44392       37307       71456       4255        -           -           23.11515863689776733     
D1           45943       14966       30977       79679       24838       58472       37307       24173       12207       -           -           1.226017858605718030     
D3           13544       49836       63375       27580       87438       16143       37307       95865       13544       -           -           3.679562906083874778     
D247         74973       77363       97277       75580       45951       18271       37307       69394       312         -           -           247.9583333333333333     
D16          19011       41979       76699       14904       67519       66407       37307       55980       2583        -           -           16.25203252032520325     
D23          76790       78551       97906       3277        49141       499         37307       2837        3277        -           -           23.97039975587427525     
D116         84094       49025       35069       74797       60521       68051       37307       19122       421         -           -           116.4489311163895486     
D19          12830       69292       43205       3631        84877       73473       37307       97142       3631        -           -           19.08344808592674194     
D7           11320       80202       30785       44246       22308       18436       37307       8126        11320       -           -           7.084982332155477031     
D13          75520       55689       19831       57693       52596       63916       37307       69760       4212        -           -           13.22150997150997151     
D0           71763       14703       57060       15069       80432       90013       37307       35384       15069       -           -           0.975711726060123432     
D1           49178       21560       27618       20537       39169       96581       37307       50731       20537       -           -           1.049812533476164970     
D20          11630       57654       53643       20435       29186       10160       37307       95776       2825        -           -           20.40849557522123893     
D2           40380       98451       41596       97123       65431       72139       37307       94031       40380       -           -           2.438112927191679049     
D1           86775       45367       41408       39420       94246       66180       37307       95430       39420       -           -           1.150862506341958396     
D72          40590       90886       49371       27478       92186       65877       37307       60686       1254        -           -           72.47687400318979266     
D7           87811       34287       53524       79467       41102       2953        37307       59786       4371        -           -           7.844200411805078929     
D1           8823        12421       96069       55099       20206       68353       37307       8016        8823        -           -           1.407797801201405417     
D28          2274        65835       36106       75257       94899       63593       37307       30944       2274        -           -           28.95118733509234828     
D7           56341       45530       10811       5727        4777        92032       37307       10671       5727        -           -           7.950061114021302601     
D7           7720        54333       53054       42179       15432       52749       37307       67488       7720        -           -           7.037953367875647668     
D5           43785       25608       18177       53617       42603       19580       37307       44237       4457        -           -           5.745568768229750953     
D0           2971        151         2820        25094       40836       32974       37307       29637       2971        -           -           0.050824638168966677     
D8           9078        73674       35071       52667       32168       24339       37307       17954       9078        -           -           8.115664243225380039     
D13          43290       66656       76301       48764       53598       27243       37307       25090       4972        -           -           13.40627514078841512     
D1           11664       3453        8211        2392        42664       82679       37307       43977       2392        -           -           1.443561872909698996     
D0           24526       10984       13542       94724       53834       33682       37307       8872        24526       -           -           0.447851259887466362     
D8           50851       95933       54585       64028       57919       9672        37307       59870       11320       -           -           8.474646643109540636     
D0           7705        7352        353         75819       10770       13916       37307       19749       7705        -           -           0.954185593770279039     
D2           31672       80235       51104       82848       37535       8077        37307       18191       31672       -           -           2.533310179338216721     
D7           73922       87546       86043       11782       7762        68338       37307       61491       11782       -           -           7.430487183839755559     
D19          7055        48157       58565       11648       70268       60985       37307       20841       2462        -           -           19.56011372867587327     
D8           27740       72726       54681       47119       29545       990         37307       35160       8361        -           -           8.698241837100825260     
D48          55696       80346       75017       63414       69339       58711       37307       15581       1670        -           -           48.11137724550898203     
D3833        22          84337       15352       49491       6499        51229       37307       34089       22          -           -           3833.5                   
D4           89386       48397       40989       10069       86978       39445       37307       90976       10069       -           -           4.806534909127023537     
D2           67991       9220        58771       3414        32050       76058       37307       49103       3414        -           -           2.700644405389572349     
D1           34472       52418       81721       69595       83880       29914       37307       93805       34472       -           -           1.520596426084938500     
D0           84909       3490        81419       20129       57825       84953       37307       57663       20129       -           -           0.173381688111679666     
D12          71098       92131       78634       39132       70634       9367        37307       51957       7166        -           -           12.85668434272955623     
D38          93378       75662       17716       91149       88499       36537       37307       89897       1989        -           -           38.04022121669180492     
D74          58111       71207       86571       60228       3735        5780        37307       88185       952         -           -           74.79726890756302521     
D8           69610       40729       28881       4818        19532       28443       37307       63016       4818        -           -           8.453507679535076795     
D13          5090        67115       37642       17426       56214       66601       37307       91383       5090        -           -           13.18565815324165029     
D9           39391       70893       68165       71592       93695       91444       37307       49104       7190        -           -           9.859944367176634214     
D9           7089        69732       37024       72502       52262       92761       37307       47369       7089        -           -           9.836648328396106644     
D3           89610       84461       5149        22405       26606       38821       37307       59921       22405       -           -           3.769738897567507252     
D10          71250       78650       92267       7392        72440       96288       37307       42061       7392        -           -           10.63988095238095238     
D2           79131       60531       18600       24889       35574       10168       37307       65166       24889       -           -           2.432038249829241833     
D1           93749       2171        91578       1629        47745       15819       37307       50083       1629        -           -           1.332719459791282995     
D3           90429       31833       58596       8291        19319       12088       37307       22237       8291        -           -           3.839464479556145217     
D43          14951       99601       15017       10734       27394       5647        37307       31442       2300        -           -           43.30478260869565217     
D1           72344       59841       12503       31511       48157       54318       37307       84115       31511       -           -           1.899051125003966868     
D43          52076       62171       89572       46447       23262       65217       37307       38465       1415        -           -           43.93710247349823321     
D2           27440       79755       47352       58960       54744       10546       37307       57050       27440       -           -           2.906523323615160349     
D21          99319       31722       67597       96810       37371       49016       37307       37613       1468        -           -           21.60899182561307901     
D5           31699       41208       90158       19353       63900       36718       37307       71555       7007        -           -           5.880976166690452404     
D34          67430       75997       91100       69680       22654       74056       37307       46590       2180        -           -           34.86100917431192660     
D6           40325       92702       47290       66602       66727       63072       37307       89758       14048       -           -           6.598946469248291571     
D18          55979       84934       70712       4507        2223        12197       37307       25011       4507        -           -           18.84490792101175948     
D2           31111       91848       38930       73010       15923       73395       37307       1170        31111       -           -           2.952267686670309536     
D10          83700       15999       67701       42632       47855       75944       37307       38151       1564        -           -           10.22953964194373401     
D2           16020       34611       81076       82351       92780       75849       37307       6131        16020       -           -           2.160486891385767790     
D2           94254       70615       23639       34715       74174       46206       37307       21281       34715       -           -           2.034135100100820970     
D9           1785        17766       83686       36178       45248       65187       37307       34816       1785        -           -           9.952941176470588235     
D5           41941       84162       57446       67103       63568       94643       37307       48684       16779       -           -           5.015912748077954586     
D2           63946       65750       97863       29667       1530        33828       37307       43688       29667       -           -           2.216267232952438736     
D2           50376       37313       13063       69143       53382       58244       37307       21455       12842       -           -           2.905544307740227378     
D2           97993       67609       30384       28342       49362       23192       37307       17190       28342       -           -           2.385470326723590431     
D18          50019       73348       76338       27029       62085       86950       37307       67          4039        -           -           18.15994057935132458     
D1           92380       30757       61623       67518       99287       92670       37307       76243       17794       -           -           1.728503990109025514     
D0           90348       17607       72741       21330       50776       287         37307       12867       21330       -           -           0.825457102672292545     
D8           28033       62074       65626       7406        24435       87704       37307       95297       7406        -           -           8.381582500675128274     
D0           49095       9583        39512       14797       27414       75058       37307       79486       14797       -           -           0.647631276610123673     
D1           18142       33472       84337       63001       77031       72907       37307       98327       18142       -           -           1.845000551207143644     
D0           96022       32348       63674       37414       75373       3461        37307       26099       37414       -           -           0.864596140482172448     
D588         91005       79471       11534       84947       16750       8389        37307       46637       135         -           -           588.6740740740740740     
D29          62671       33670       29001       53880       32571       89791       37307       97269       1134        -           -           29.69135802469135802     
D2           91160       28950       62210       10846       34878       71160       37307       35835       10846       -           -           2.669186796975843629     
D3           70452       12602       57850       65700       38339       61696       37307       16118       3924        -           -           3.211518858307849133     
D4           90379       81682       8697        66910       29281       93699       37307       62170       19972       -           -           4.089825756058481874     
D6           45148       53365       91450       7736        4563        41961       37307       9950        7736        -           -           6.898267838676318510     
D4           72729       26499       46230       80190       82588       77446       37307       11483       5580        -           -           4.748924731182795698     
D2           3507        8376        94798       9574        37845       2115        37307       84174       3507        -           -           2.388366124893071000     
D1           25956       47798       77825       89453       15851       69328       37307       50896       25956       -           -           1.841501001695176452     
D3           82385       36904       45481       46841       63047       58087       37307       19682       11297       -           -           3.266707975568735062     
D36          1630        58793       42504       19554       90405       11017       37307       12487       1630        -           -           36.06932515337423312     
D2           30652       22632       8020        9295        76919       67617       37307       45863       9295        -           -           2.434857450242065626     
D1           77223       10108       67115       94635       13568       52125       37307       33703       7575        -           -           1.334389438943894389     
D3           57178       53194       3984        13813       78964       22231       37307       97474       13813       -           -           3.851009918193006588     
D0           35930       153         35777       77808       94666       46978       37307       59848       35930       -           -           0.004258279988867241     
D11          59003       71822       86848       66509       55360       75531       37307       44603       6461        -           -           11.11623587679925708     
D14          24693       53034       71326       35257       35551       89082       37307       38286       3565        -           -           14.87629733520336605     
D5           54424       52246       2178        39348       67125       27404       37307       97644       9196        -           -           5.681383210091344062     
D1           82043       28244       53799       23138       82400       3612        37307       9759        23138       -           -           1.220675944333996023     
D0           4561        2834        1727        46042       70410       26604       37307       47304       4561        -           -           0.621354966016224512     
D122         27966       31539       96094       18730       92882       41568       37307       55330       258         -           -           122.2441860465116279     
D10          9073        15417       93323       7544        79767       80795       37307       58352       1428        -           -           10.79621848739495798     
D1           85832       16981       68851       96578       7683        8743        37307       18436       10610       -           -           1.600471253534401508     
D2           38161       24480       13681       64967       47707       28044       37307       20025       11355       -           -           2.155878467635402906     
D14          1635        23087       78215       34470       64008       69930       37307       7803        1635        -           -           14.12048929663608562     
D14          18100       72546       45221       24655       53961       80959       37307       81200       4990        -           -           14.53827655310621242     
D3           49864       67415       82116       77433       2968        16044       37307       37465       22295       -           -           3.023772146221125813     
D0           87928       4789        83139       72191       51772       98496       37307       84168       9243        -           -           0.518121821919290273     
D77          22040       65905       55802       846         92720       37861       37307       72413       846         -           -           77.90189125295508274     
D4           59060       25610       33450       76917       92600       38801       37307       8148        5489        -           -           4.665695026416469302     
D18          33190       88951       43906       61610       40582       34925       37307       3664        4770        -           -           18.64800838574423480     
D3           97809       81200       16609       24840       63674       93231       37307       70764       24840       -           -           3.268921095008051529     
D14          55449       96793       58323       39222       97755       56381       37307       55986       6768        -           -           14.30156619385342789     
D30          1766        54305       47128       47826       45225       6110        37307       83327       1766        -           -           30.75028312570781427     
D1           93629       40515       53114       37381       17636       24625       37307       42879       37381       -           -           1.083839383644097268     
D3           65533       61231       4302        16304       14781       52906       37307       72214       16304       -           -           3.755581452404317958     
D0           87641       33940       53701       41426       2611        23797       37307       20435       41426       -           -           0.819292231931637136     
D6           70070       91035       78702       15009       5715        74609       37307       81633       15009       -           -           6.065360783529882070     
D10          29878       64848       64697       5902        8237        73544       37307       24607       5902        -           -           10.98746187732971873     
D197         65111       96781       67997       66906       11985       43889       37307       87093       491         -           -           197.1099796334012220     
D548         72996       87720       84943       160         2074        34600       37307       32720       160         -           -           548.25                   
D5           9715        58061       51321       92247       42430       74063       37307       37390       9715        -           -           5.976428203808543489     
D4           95020       81248       13772       17393       57892       96336       37307       97086       17393       -           -           4.671304547806588857     
D9           52916       78647       73936       97802       47          76301       37307       63170       8030        -           -           9.794146948941469489     
D4           13525       56339       56853       89164       24409       64208       37307       66530       13525       -           -           4.165545286506469500     
D0           40021       20792       19229       84782       75571       29885       37307       33784       40021       -           -           0.519527248194697783     
D0           86750       2712        84038       70807       88252       27113       37307       25591       7035        -           -           0.385501066098081023     
D58          27093       78839       47921       52838       78919       97253       37307       71038       1348        -           -           58.48590504451038575     
D23          31710       88323       43054       22402       43813       76462       37307       1856        3786        -           -           23.32884310618066561     
D4           18210       84886       32991       88237       27241       28940       37307       41610       18210       -           -           4.661504667764964305     
D5           39529       39421       108         28876       66543       59756       37307       21010       7570        -           -           5.207529722589167767     
D3           16179       64688       51158       90120       75487       63061       37307       426         16179       -           -           3.998269361518017182     
D34          32229       94380       37516       42052       87644       92667       37307       62455       2760        -           -           34.19565217391304347     
D19          56271       49162       7109        38369       13940       42422       37307       65452       2565        -           -           19.16647173489278752     
D5           85775       31552       54223       5728        23828       18555       37307       96640       5728        -           -           5.508379888268156424     
D3           38250       61445       76472       18982       45503       95681       37307       80159       18982       -           -           3.237014013275734906     
D1           7928        13204       94391       35259       427         8252        37307       43679       7928        -           -           1.665489404641775983     
D1           79102       37585       41517       28654       51174       12029       37307       40735       28654       -           -           1.311684232567878830     
D0           73201       4484        68717       13434       18129       34570       37307       27549       13434       -           -           0.333779961292243561     
D1           82914       31778       51136       29839       40421       49150       37307       3798        29839       -           -           1.064982070444719997     
D9           55702       67260       88109       31430       67581       5758        37307       11783       7158        -           -           9.396479463537300922     
D5           93404       46581       46823       8052        36943       15521       37307       1968        8052        -           -           5.785022354694485842     
D1           7510        13524       93653       33092       52086       58045       37307       97704       7510        -           -           1.800798934753661784     
D4           44125       38954       5171        55907       36055       41878       37307       76318       8779        -           -           4.437179633215628203     
D8           32296       81476       50487       43794       65151       60470       37307       88022       9300        -           -           8.760860215053763440     
D0           84489       12476       72013       38496       45790       46367       37307       73487       38496       -           -           0.324085619285120532     
D6           30705       36125       94247       5182        54623       27043       37307       30868       5182        -           -           6.971246622925511385     
D19          46233       80624       65276       4064        96996       59030       37307       33926       4064        -           -           19.83858267716535433     
D3           26077       89835       35909       97245       60819       98882       37307       65535       26077       -           -           3.444989837788089120     
D11          38977       32562       6415        34448       21503       97657       37307       28595       2745        -           -           11.86229508196721311     
D43          82275       71616       10659       84195       4847        11882       37307       39824       1635        -           -           43.80183486238532110     
D3           22745       68483       53929       72979       4109        45085       37307       27644       22745       -           -           3.010903495273686524     
D255         2449        83451       18665       1388        38989       97985       37307       54405       327         -           -           255.2018348623853211     
D14          65858       79583       85942       5563        54723       42420       37307       12002       5563        -           -           14.30577026784109293     
D23          4128        95957       7838        18762       7878        39854       37307       83903       4128        -           -           23.24539728682170542     
D4           56304       14262       42042       42999       39303       92555       37307       83060       3084        -           -           4.624513618677042801     
D3           53926       69304       84289       18438       74397       46713       37307       30769       18438       -           -           3.758759084499403406     
D10          38578       37268       1310        73565       21669       22955       37307       39484       3591        -           -           10.37816764132553606     
D1           68171       9591        58580       6894        12163       12841       37307       87909       6894        -           -           1.391209747606614447     
D5           38269       86627       51309       15111       70700       53241       37307       94761       15111       -           -           5.732711269935808351     
D21          26537       66730       59474       50029       81187       13626       37307       17848       3045        -           -           21.91461412151067323     
D76          38266       23306       14960       34470       48432       98149       37307       47879       306         -           -           76.16339869281045751     
D8           2341        20519       81489       96077       54595       94674       37307       21292       2341        -           -           8.765057667663391712     
D3           7035        21674       85028       28340       40416       74820       37307       31689       7035        -           -           3.080881307746979388     
D0           94268       16005       78263       39849       11541       22310       37307       69175       39849       -           -           0.401641195513061808     
D9           9026        88542       20151       92979       88997       25277       37307       76456       9026        -           -           9.809660979392865056     
D80          637         51353       48951       27930       34470       49097       37307       38518       637         -           -           80.61695447409733124     
D7           53944       34609       19335       48495       7065        80206       37307       83491       4903        -           -           7.058739547215990210     
D1           24705       10293       14412       9340        7237        36662       37307       84602       9340        -           -           1.102034261241970021     
D2           38972       30616       8356        66932       97930       6101        37307       43246       11012       -           -           2.780239738467126770     
D18          73928       89867       83728       62433       72522       68709       37307       40976       4958        -           -           18.12565550625252117     
D0           48869       2069        46800       73387       65752       38792       37307       34962       24351       -           -           0.084965709827111822     
D10          6839        74032       32474       77570       53900       41403       37307       41059       6839        -           -           10.82497441146366427     
D2           37269       18958       18311       67377       95364       4362        37307       12619       7161        -           -           2.647395615137550621     
D6           76359       36919       39440       6138        2458        42659       37307       50254       6138        -           -           6.014825676115998696     
D3           41284       22541       18743       76841       77514       83584       37307       25414       5727        -           -           3.935917583376986205     
D1179        72136       88457       83346       75          90827       96341       37307       25369       75          -           -           1179.426666666666666     
D3           50712       77075       73304       81811       31548       68466       37307       81267       19613       -           -           3.929791464844745831     
D2           81126       57931       23195       19972       93861       95681       37307       19508       19972       -           -           2.900610855197276186     
D6           51466       87535       63598       32995       29019       56781       37307       46335       14524       -           -           6.026920958413660148     
D0           21249       16218       5031        86485       2344        86140       37307       34108       21249       -           -           0.763235916984328674     
D2           73178       66407       6771        22815       2905        33802       37307       60372       22815       -           -           2.910672802980495288     
D228         2611        51608       50670       2876        59288       72575       37307       76644       226         -           -           228.3539823008849557     
D31          82916       79707       3209        42742       75123       33337       37307       98076       2568        -           -           31.03855140186915887     
D17          91721       83642       8079        48239       6942        7085        37307       66830       4757        -           -           17.58293041833088080     
D0           81886       15150       66736       25544       56510       29733       37307       62700       25544       -           -           0.593094268712809270     
D2           78399       12130       66269       70253       63679       66163       37307       89392       5085        -           -           2.385447394296951819     
D0           92471       21906       70565       59397       30613       51937       37307       32102       26323       -           -           0.832199977206245488     
D10          90855       10566       80289       95583       79325       15865       37307       41685       1023        -           -           10.32844574780058651     
D34          25565       73108       52124       37282       55857       39734       37307       90529       2131        -           -           34.30689816987329892     
D0           19495       10960       8535        67258       44285       34764       37307       86130       19495       -           -           0.562195434726853039     
D0           70485       11858       58627       46966       16260       90120       37307       60230       23447       -           -           0.505736341536230647     
D228         79133       78070       1063        78597       28717       95439       37307       76923       341         -           -           228.9442815249266862     
D2           57109       36061       21048       78285       50968       12456       37307       28803       14757       -           -           2.443653859185471301     
D1           49909       31226       18683       79643       26003       24365       37307       91048       20175       -           -           1.547757125154894671     
D6           90075       85057       5018        64123       23841       18447       37307       18636       12219       -           -           6.961044275308945085     
D1           96102       80484       15618       43756       98020       15102       37307       65125       43756       -           -           1.839382027607642380     
D2           29547       74978       54236       67039       1362        56615       37307       37668       29547       -           -           2.537584187904017328     
D38          53138       83934       68871       27653       66244       61616       37307       36336       2168        -           -           38.71494464944649446     
D5           51817       26887       24930       98966       36137       66623       37307       86192       4668        -           -           5.759854327335047129     
D1           19721       34007       85381       93849       96540       95366       37307       42699       19721       -           -           1.724405456112773185     
D6           61140       91072       69735       37430       57157       6939        37307       41956       13720       -           -           6.637900874635568513     
D1           70764       27588       43176       89627       38438       33713       37307       15885       14175       -           -           1.946243386243386243     
D6           94212       16940       77272       85044       84386       76703       37307       23740       2532        -           -           6.690363349131121643     
D2           9294        23994       84967       21386       73359       53212       37307       17767       9294        -           -           2.581665590703679793     
D2           51969       14952       37017       28567       49410       63357       37307       98808       5165        -           -           2.894869312681510164     
D2           18637       47359       70945       54983       55969       48482       37307       20638       18637       -           -           2.541127863926597628     
D104         93376       83049       10327       92233       15147       26530       37307       47105       793         -           -           104.7276166456494325     
D15          6041        95682       10026       38071       42666       11856       37307       71231       6041        -           -           15.83876841582519450     
D8           62354       80371       81650       9430        29341       73695       37307       20000       9430        -           -           8.522905620360551431     
D1           27302       41292       85677       74155       15930       31569       37307       90998       27302       -           -           1.512416672771225551     
D1           20350       22456       97561       94007       43529       61695       37307       33448       20350       -           -           1.103488943488943488     
D1942        16655       67979       48343       11115       68021       2220        37307       95221       35          -           -           1942.257142857142857     
D3           17051       57560       59158       98440       12608       93414       37307       88478       17051       -           -           3.375755087678142044     
D5           57396       87404       69659       15888       10974       69752       37307       83418       15888       -           -           5.501258811681772406     
D52          36443       18875       17568       24415       98780       55368       37307       81218       359         -           -           52.57660167130919220     
D17          57223       82347       74543       46722       95795       3849        37307       28216       4718        -           -           17.45379398050021195     
D68          62896       49190       13706       714         49340       12722       37307       1516        714         -           -           68.89355742296918767     
D8           81085       6499        74586       54327       1197        24525       37307       67366       811         -           -           8.013563501849568434     
D0           15995       2633        13362       84809       23439       14359       37307       6102        15995       -           -           0.164613941856830259     
D1           75655       72092       3563        37329       42568       5482        37307       82839       37329       -           -           1.931259878378740389     
D3           60083       50122       9961        82534       6195        46235       37307       45361       15181       -           -           3.301627033792240300     
D12          36653       60945       75375       30336       41755       88060       37307       94632       5068        -           -           12.02545382794001578     
D0           6698        3538        3160        65248       87953       78884       37307       13528       6698        -           -           0.528217378321887130     
D1           38939       66586       72020       84760       71238       66832       37307       50790       38939       -           -           1.710007961170035183     
D3           29253       93946       34974       94205       7061        59551       37307       66298       29253       -           -           3.211499675246983215     
D14          18998       41535       77130       35100       34813       58920       37307       69722       2896        -           -           14.34219613259668508     
D10          63568       88692       74543       91236       97904       3849        37307       28216       8232        -           -           10.77405247813411078     
D10          51379       40137       11242       58160       80236       59789       37307       12816       3912        -           -           10.25996932515337423     
D28          93305       47435       45870       87196       13127       12838       37307       55839       1670        -           -           28.40419161676646706     
D16          85962       34350       51612       2084        25703       3552        37307       5748        2084        -           -           16.48272552783109405     
D10          78319       78794       99192       54836       87079       33408       37307       61672       7870        -           -           10.01194409148665819     
D8           26227       92924       32970       10587       92739       39028       37307       7640        10587       -           -           8.777179559837536601     
D3           51868       57054       94481       14450       63595       22717       37307       49318       14450       -           -           3.948373702422145328     
D5           84604       31264       53340       58218       13254       23060       37307       69861       5446        -           -           5.740727139184722732     
D4           42025       27963       14062       33079       77071       87549       37307       47199       6241        -           -           4.480531966031084762     
D11          90911       31706       59205       93848       76596       95317       37307       62034       2801        -           -           11.31952873973580864     
D10          98817       17482       81335       50266       56085       32125       37307       26468       1715        -           -           10.19358600583090379     
D40          25158       64696       60129       29086       61912       37770       37307       70833       1590        -           -           40.68930817610062893     
D3           18579       14502       4077        3658        73186       6417        37307       69361       3658        -           -           3.964461454346637506     
D0           18933       6714        12219       54416       5471        59362       37307       27728       18933       -           -           0.354618919347171605     
D0           81735       18193       63542       32349       99162       68420       37307       92526       32349       -           -           0.562397601162323410     
D2           42511       59961       82217       20890       11819       48583       37307       88642       20890       -           -           2.870320727620871230     
D378         60226       67394       92499       75238       4665        78126       37307       43556       178         -           -           378.6179775280898876     
D3           36412       36185       227         49109       66252       35439       37307       33092       11018       -           -           3.284171355962969686     
D3           12659       39836       72490       60043       65210       74298       37307       34087       12659       -           -           3.146852042025436448     
D1           91460       54498       36962       34677       54551       64371       37307       14716       34677       -           -           1.571589237823341119     
D6           71130       67910       3220        51141       72513       67736       37307       12822       11163       -           -           6.083490101227268655     
D7           42580       77570       64677       58958       25873       47068       37307       25747       9824        -           -           7.895969055374592833     
D1           35501       12817       22684       62466       8187        60268       37307       5285        8536        -           -           1.501522961574507966     
D3           75967       83315       92319       25929       1869        91042       37307       37693       25929       -           -           3.213197578001465540     
D27          85169       70285       14884       73364       2838        4802        37307       75214       2534        -           -           27.73677979479084451     
D18          28879       81923       46623       41052       40381       25549       37307       92926       4533        -           -           18.07257886609309508     
D7           60373       60745       99295       34052       98465       99307       37307       38672       7731        -           -           7.857327641960936489     
D19          32776       61073       71370       62446       94856       17306       37307       2494        3106        -           -           19.66291049581455247     
D14          86578       37321       49257       90581       93803       73800       37307       93185       2515        -           -           14.83936381709741550     
D2           96353       35460       60893       54194       68811       767         37307       89756       12035       -           -           2.946406314914831740     
D6           95706       53053       42653       51643       30571       44451       37307       64850       7580        -           -           6.999076517150395778     
D38          78536       59821       18715       40039       51571       1916        37307       81030       1542        -           -           38.79442282749675745     
D960         22635       41303       80999       23341       82652       63864       37307       29514       43          -           -           960.5348837209302325     
D5           44462       34997       9465        31879       35560       12790       37307       5856        6713        -           -           5.213317443765827498     
D7           22130       56705       65092       36979       93939       71838       37307       50015       7281        -           -           7.788078560637275099     
D109         44825       67861       76631       22721       39204       86430       37307       95685       617         -           -           109.9854132901134521     
D2           13097       39240       73524       98705       37997       80894       37307       76992       13097       -           -           2.996105978468351530     
D2           50328       29967       20361       69498       53117       28569       37307       44857       11988       -           -           2.499749749749749749     
D0           19621       11294       8327        90409       67599       11792       37307       83387       19621       -           -           0.575607767188216706     
D55          59928       48468       11460       62290       65896       95436       37307       54892       878         -           -           55.20273348519362186     
D0           69156       6284        62872       19120       12356       60660       37307       30362       19120       -           -           0.328661087866108786     
D3           10565       38362       71870       87121       23292       29345       37307       46275       10565       -           -           3.631045906294368196     
D3           55152       51309       3843        75747       35892       86915       37307       19420       13962       -           -           3.674903308981521272     
D1           19443       34684       84426       58498       75263       79906       37307       82921       19443       -           -           1.783881088309417271     
D1           92968       35464       57504       26703       55567       26462       37307       88122       26703       -           -           1.328090476725461558     
D3           40781       47103       93345       69655       35350       3343        37307       49598       11907       -           -           3.955908289241622575     
D2           17881       45924       71624       77695       26122       12758       37307       69191       17881       -           -           2.568312734187125999     
D0           40283       5215        35068       19187       49541       1127        37307       59612       19187       -           -           0.271798613644655235     
D5           50237       81336       68568       15951       95443       18613       37307       35657       15951       -           -           5.099116042881324054     
D12          54792       80414       74045       47884       14638       95585       37307       98515       6436        -           -           12.49440646364201367     
D16          63047       83843       78871       92071       88767       62288       37307       18545       4999        -           -           16.77195439087817563     
D3           27418       43115       83970       12835       21072       64927       37307       55885       12835       -           -           3.359174133229450720     
D2           76411       40570       35841       96092       23210       6849        37307       47452       17368       -           -           2.335905112851220635     
D3           4192        13960       89899       15454       64739       26052       37307       8971        4192        -           -           3.330152671755725190     
D3           37598       51905       85360       61530       58333       96772       37307       48752       13666       -           -           3.798112103029416069     
D1           34362       41790       92239       92973       14979       97198       37307       49986       34362       -           -           1.216169023921774052     
D2           66039       71524       94182       26634       90059       90183       37307       31486       26634       -           -           2.685439663587895171     
D42          82427       95411       86683       2263        43777       24001       37307       8813        2263        -           -           42.16129032258064516     
D29          21361       90371       30657       39652       49445       92510       37307       71856       3070        -           -           29.43680781758957654     
D4           62936       81532       81071       40450       91207       79988       37307       99139       17964       -           -           4.538632821197951458     
D149         17811       89746       27732       35022       67503       56600       37307       4354        600         -           -           149.5766666666666666     
D3           12065       39113       72619       99120       43415       39488       37307       91004       12065       -           -           3.241856610029009531     
D12          72814       67591       5223        5323        44392       11529       37307       86815       5323        -           -           12.69791470975014089     
D5           62378       76843       85202       14762       25466       24524       37307       20781       14762       -           -           5.205459964774420810     
D11          8238        94612       13293       58200       92071       87693       37307       27909       8238        -           -           11.48482641417819859     
D0           99078       5969        93109       43112       59129       60520       37307       90125       43112       -           -           0.138453330859157543     
D62          15996       76262       39401       13042       88712       29303       37307       59957       1226        -           -           62.20391517128874388     
D3           81405       94819       86253       30292       15612       53602       37307       18309       30292       -           -           3.130166380562524759     
D5           70158       49431       20727       80290       66794       98185       37307       81644       9366        -           -           5.277706598334401025     
D45          26010       96203       29474       2128        69714       41786       37307       85602       2128        -           -           45.20817669172932330     
D4           13243       64966       47944       78153       29888       61084       37307       67116       13243       -           -           4.905686022804500490     
D53          91435       44880       46555       92945       83985       8860        37307       22127       835         -           -           53.74850299401197604     
D0           30942       8776        22166       12505       82103       92942       37307       6877        12505       -           -           0.701799280287884846     
D2           19161       55039       63789       61422       96411       52692       37307       25359       19161       -           -           2.872449245863994572     
D4           14909       71020       43556       38776       26076       26084       37307       76171       14909       -           -           4.763565631497753035     
D1           86387       47798       38589       38935       97723       42482       37307       27148       38935       -           -           1.227635803261846667     
D49          37661       94764       42564       73418       23012       24162       37307       10520       1904        -           -           49.77100840336134453     
D9           17669       14279       3390        15651       29591       13234       37307       19913       1525        -           -           9.363278688524590163     
D1           77545       23828       53717       21117       10555       99093       37307       32636       21117       -           -           1.128379978216602737     
D1           28381       42093       85955       63970       19215       94639       37307       78382       28381       -           -           1.483140128959515168     
D8           48500       70771       77396       88415       21432       98755       37307       69866       8585        -           -           8.243564356435643564     
D0           25681       25570       111         74054       95704       35115       37307       24313       25681       -           -           0.995677738405825318     
D5           35582       85418       49831       16091       46970       7060        37307       94016       16091       -           -           5.308433285687651482     
D2           56736       40782       15954       37645       41294       37192       37307       25923       18554       -           -           2.198016600194028241     
D5           58651       62517       95801       74280       25357       84215       37307       35798       11764       -           -           5.314263855831349881     
D1           41599       49771       91495       92736       12171       41599       37307       98410       41599       -           -           1.196447029976682131     
D38          5975        28487       77155       8591        61879       38120       37307       70751       743         -           -           38.34051144010767160     
D95          5835        49243       56259       11154       69931       23026       37307       79317       516         -           -           95.43217054263565891     
D1           75248       50235       25013       28018       17353       72588       37307       74163       28018       -           -           1.792954529231208508     
D5           92340       92104       236         67210       30211       1787        37307       36906       16950       -           -           5.433864306784660767     
D1           38970       71742       66895       79268       7943        35470       37307       10637       38970       -           -           1.840954580446497305     
D6           81428       89663       91432       14822       65724       35937       37307       56624       14822       -           -           6.049318580488463095     
D3           72167       85002       86832       22703       25058       67017       37307       81923       22703       -           -           3.744086684579130511     
D6           72362       76052       95977       11814       58543       276         37307       60190       11814       -           -           6.437447096664973759     
D3           85152       26378       58774       7258        66989       30774       37307       21349       7258        -           -           3.634334527418021493     
D0           37125       13462       23663       96510       11037       23659       37307       81400       37125       -           -           0.362612794612794612     
D1           97198       6968        90230       3491        74306       51985       37307       15857       3491        -           -           1.995989687768547694     
D0           62850       18854       43996       19649       91418       51722       37307       84441       19649       -           -           0.959539925695964171     
D3           67410       56404       11006       84810       85826       73709       37307       34416       15210       -           -           3.708349769888231426     
D1           70441       11978       58463       91376       38108       17107       37307       8584        7636        -           -           1.568622315348349921     
D1           34029       6042        27987       63383       76830       8992        37307       84754       4675        -           -           1.292406417112299465     
D0           38135       33162       4973        89507       61751       70479       37307       36332       38135       -           -           0.869594860364494558     
D3           65047       71369       93345       18979       20935       63286       37307       26202       18979       -           -           3.760419410927867643     
D19          26535       21837       4698        39229       66294       86397       37307       43294       1147        -           -           19.03836094158674803     
D0           39763       4186        35577       99234       38217       18897       37307       79487       39763       -           -           0.105273746950682795     
D1           52769       14644       38125       32062       52136       52239       37307       82164       11355       -           -           1.289652135623073535     
D18          36538       83227       52978       4561        66564       10339       37307       17123       4561        -           -           18.24753343565007673     
D14          46179       11818       34361       44667       29597       52103       37307       28240       819         -           -           14.42979242979242979     
D6           94625       53670       40955       83814       57237       73831       37307       89894       8137        -           -           6.595796976772766375     
D7           10954       77023       33598       51596       8621        76632       37307       89826       10954       -           -           7.031495344166514515     
D524         47595       89768       57494       51243       10401       58477       37307       10396       171         -           -           524.9590643274853801     
D2           82155       36097       46058       49322       80146       83546       37307       76312       16489       -           -           2.189156407301837588     
D5           36452       31047       5405        5433        39014       6328        37307       24109       5433        -           -           5.714522363335173937     
D19          47841       82742       64766       40576       15509       51658       37307       99396       4251        -           -           19.46412608797929898     
D3           53540       51405       2135        73098       7757        44106       37307       16954       14424       -           -           3.563851913477537437     
D2           58763       42901       15862       18553       39426       44591       37307       16137       18553       -           -           2.312348407265671320     
D2           32817       91850       40634       97834       41616       31850       37307       22730       32817       -           -           2.798854252369198890     
D7           46653       84753       61567       29183       54158       20945       37307       71477       11713       -           -           7.235806368991718603     
D12          26126       37924       87869       49240       72561       52571       37307       9213        3012        -           -           12.59096945551128818     
D2           51566       20834       30732       7428        55212       86280       37307       23825       7428        -           -           2.804792676359719978     
D58          99318       36457       62861       97908       53039       14302       37307       37198       618         -           -           58.99190938511326860     
D548         22866       76295       46238       45593       45636       10591       37307       24023       139         -           -           548.8848920863309352     
D3           39821       42326       97162       25471       79819       22239       37307       15434       11121       -           -           3.805952702095135329     
D3           23628       83077       40218       73238       696         13566       37307       81600       23628       -           -           3.516040291179955984     
D7           10091       79233       30525       34292       59806       12786       37307       44592       10091       -           -           7.851848181547913982     
D0           14047       1763        12284       52785       66240       48277       37307       65408       14047       -           -           0.125507225742151349     
D75          74608       64453       10155       66413       21123       95584       37307       10728       853         -           -           75.56037514654161781     
D12          66188       45942       20246       34940       47924       48158       37307       78817       3692        -           -           12.44366197183098591     
D48          79180       50327       28853       1048        41403       21800       37307       39557       1048        -           -           48.02194656488549618     
D2           99187       44425       54762       20470       18891       92572       37307       33900       20470       -           -           2.170249145090376160     
D51          12590       16262       95995       24865       68139       67760       37307       2990        315         -           -           51.62539682539682539     
D1           38709       47900       90476       82364       22029       60707       37307       35731       38709       -           -           1.237438321837298819     
D0           91711       5854        85857       25450       52587       65181       37307       98909       25450       -           -           0.230019646365422396     
D1           81583       56258       25325       31310       8385        18487       37307       88453       31310       -           -           1.796806132226125838     
D48          51370       80455       70582       76222       739         35843       37307       24385       1666        -           -           48.29231692677070828     
D4           77724       30596       47128       6614        55919       6110        37307       83327       6614        -           -           4.625944965225279709     
D0           43842       5039        38803       62020       48076       25484       37307       63767       7486        -           -           0.673123163238044349     
D1           76147       45624       30523       29495       43842       5418        37307       83191       29495       -           -           1.546838447194439735     
D1           92288       22520       69768       15228       89475       68412       37307       36219       15228       -           -           1.478854741266088783     
D5           72128       94935       76860       43989       74464       18387       37307       67999       15850       -           -           5.989589905362776025     
D42          64771       13308       51463       61841       15316       18934       37307       49509       311         -           -           42.79099678456591639     
D14          67971       5622        62349       58315       11492       90505       37307       9315        379         -           -           14.83377308707124010     
D1           95837       38329       57508       37214       56931       43158       37307       81389       37214       -           -           1.029961842317407427     
D6           33870       84158       49379       12398       50034       60210       37307       28754       12398       -           -           6.788030327472172931     
D19          97735       75804       21931       66440       87670       59901       37307       76906       3850        -           -           19.68935064935064935     
D3           19026       69557       49136       95060       94671       61425       37307       3956        19026       -           -           3.655891937348890991     
D6           89656       96375       92948       14051       14263       35506       37307       81205       14051       -           -           6.858942424026759661     
D4           87174       94058       92783       21685       1997        27710       37307       646         21685       -           -           4.337468296057182384     
D7           55990       71296       84361       71282       37487       39279       37307       21907       10114       -           -           7.049238679058730472     
D106         670         71274       29063       33396       54959       91944       37307       31632       670         -           -           106.3791044776119403     
D6           42189       33419       8770        23508       76599       1347        37307       21744       4827        -           -           6.923347835094261446     
D1           76142       30507       45635       26318       74937       8680        37307       29383       26318       -           -           1.159168629835093852     
D13          4954        65519       39102       64577       3070        21740       37307       24792       4954        -           -           13.22547436415018167     
D21          45687       93644       51710       87010       72500       19206       37307       6281        4364        -           -           21.45829514207149404     
D6           64726       46553       18173       7549        63275       22805       37307       27394       7549        -           -           6.166777056563783282     
D2           84370       16769       67601       5863        4933        51845       37307       72314       5863        -           -           2.860139860139860139     
D3           92038       93634       98071       57993       58359       95021       37307       4278        23948       -           -           3.909888090863537664     
D0           76361       15370       60991       27980       25334       35479       37307       59634       27980       -           -           0.549320943531093638     
D1           44536       11624       32912       9885        95895       12971       37307       90046       9885        -           -           1.175923115832068791     
D25          42862       83902       58627       29662       56684       90120       37307       60230       3262        -           -           25.72103004291845493     
D0           73946       1961        71985       97014       91136       87225       37307       78509       4742        -           -           0.413538591311682834     
D2034        98146       73232       24914       36          42235       56664       37307       52116       36          -           -           2034.222222222222222     
D44          74808       58877       15931       79707       91405       16312       37307       42323       1323        -           -           44.50264550264550264     
D1           51392       19235       32157       34191       22869       91510       37307       39451       16990       -           -           1.132136550912301353     
D78          6740        96631       9776        8577        59815       23476       37307       34813       1229        -           -           78.62571196094385679     
D32          505         16478       83694       80036       65748       7229        37307       22008       505         -           -           32.62970297029702970     
D1           70797       32371       38426       26060       28246       61715       37307       34916       26060       -           -           1.242171910974673829     
D28          3199        91282       11584       82381       9521        31256       37307       37475       3199        -           -           28.53454204438887152     
D7           11357       80218       30806       66790       23920       62128       37307       93612       11357       -           -           7.063308972439904904     
D11          7170        23032       83805       4592        60094       44591       37307       83530       2014        -           -           11.43594836146971201     
D10107       58315       70755       87227       29161       26251       8855        37307       13891       7           -           -           10107.85714285714285     
D13          34833       64774       69726       39813       1608        9508        37307       11321       4953        -           -           13.07773066828184938     
D73          92914       56517       36397       772         44759       18580       37307       6706        772         -           -           73.20854922279792746     
D0           91650       24071       67579       39342       63397       55331       37307       38396       39342       -           -           0.611839764119770220     
D2           14835       36791       77711       63976       9092        90729       37307       53751       14835       -           -           2.480013481631277384     
D0           24663       9594        15069       54905       59431       60159       37307       64547       24663       -           -           0.389003770830799172     
D0           32949       13828       19121       71928       11160       27656       37307       73912       32949       -           -           0.419678897690369965     
D6           67409       76098       90978       12589       29865       1629        37307       85573       12589       -           -           6.044801016760664071     
D2           59439       71489       87617       28741       38216       29192       37307       38488       28741       -           -           2.487352562541317281     
D3           24259       3557        20702       22812       68448       9663        37307       12058       1107        -           -           3.213188798554652213     
D2908        11863       52357       59173       11978       12543       44896       37307       74228       18          -           -           2908.722222222222222     
D1           44026       30466       13560       70181       98497       50455       37307       56026       17871       -           -           1.704773096077443903     
D4           42517       80763       61421       20108       30217       25507       37307       23088       20108       -           -           4.016461110005967774     
D7           27571       54440       72798       47753       59571       61453       37307       63772       7389        -           -           7.367708756259304371     
D5           95957       38749       57208       78058       39671       13345       37307       93259       6462        -           -           5.996440730424017332     
D1           58306       9774        48532       32895       95881       74939       37307       23848       7484        -           -           1.305986103687867450     
D9           86964       36366       50598       3840        98778       43607       37307       7919        3840        -           -           9.4703125                
D12          54531       59504       94694       4853        2639        59938       37307       93458       4853        -           -           12.26128168143416443     
D3           21136       76461       44342       83235       67539       95250       37307       47247       21136       -           -           3.617571915215745647     
D159         82817       31378       51439       80387       74157       49971       37307       88820       197         -           -           159.2791878172588832     
D8           77048       90231       86484       93586       24688       62441       37307       95678       10896       -           -           8.281112334801762114     
D0           27871       16695       11176       91347       7037        58479       37307       74742       27871       -           -           0.599009723368375731     
D11          94973       94200       773         51561       29711       10005       37307       83726       8149        -           -           11.55970057675788440     
D140         17472       65622       51517       23140       40232       24407       37307       70154       468         -           -           140.2179487179487179     
D2           28212       82825       45054       76247       57660       94723       37307       44295       28212       -           -           2.935807457819367645     
D7           35382       91872       43177       12156       21924       95958       37307       80687       12156       -           -           7.557749259624876604     
D6           80926       57696       23230       70572       73496       83281       37307       3212        8448        -           -           6.829545454545454545     
D10          21138       94789       26016       8693        8728        99314       37307       38939       8693        -           -           10.90406073852525020     
D3           26463       93005       33125       87329       16061       13881       37307       10791       26463       -           -           3.514529720742168310     
D0           93094       8909        84185       51983       30837       7151        37307       95666       10872       -           -           0.819444444444444444     
D0           65700       7388        58312       27235       62335       72854       37307       71816       27235       -           -           0.271268588213695612     
D1           98963       19598       79365       55212       40920       79998       37307       33140       11461       -           -           1.709972951749411046     
D2           69740       36609       33131       14507       32569       65219       37307       18301       14507       -           -           2.523540359826290756     
D0           94695       23242       71453       23668       86925       95191       37307       1719        23668       -           -           0.982001014027378739     
D3           64946       74439       90174       87315       93348       5270        37307       4373        20208       -           -           3.683640142517814726     
D6           14423       96640       17450       78626       3444        48583       37307       11025       14423       -           -           6.700409068848367191     
D18          64935       32884       32051       43874       55220       3607        37307       88636       1752        -           -           18.76940639269406392     
D16          47745       33257       14488       36327       26657       88119       37307       35098       2073        -           -           16.04293294741919922     
D12          6335        81730       24272       63345       37977       64066       37307       22698       6335        -           -           12.90134175217048145     
D1           58243       16571       41672       34038       16010       10996       37307       13429       9833        -           -           1.685243567578561985     
D20          11860       77667       33860       7825        30222       8446        37307       6186        3790        -           -           20.49261213720316622     
D4           12100       51894       59873       82476       39859       43093       37307       16347       12100       -           -           4.288760330578512396     
D6           46227       92160       53734       29951       67319       46391       37307       62839       13675       -           -           6.739305301645338208     
D31          9660        65137       44190       2058        32617       61575       37307       47805       2058        -           -           31.65063168124392614     
D12          71025       48833       22192       3848        30772       90378       37307       4034        3848        -           -           12.69048856548856548     
D2           13414       8971        4443        22469       88012       39138       37307       43851       4359        -           -           2.058040835053911447     
D41          34671       47827       86511       38860       895         9509        37307       38918       1159        -           -           41.26574633304572907     
D10          20240       58778       61129       12930       93127       31544       37307       6605        5620        -           -           10.45871886120996441     
D20          59303       75552       83418       3675        19588       54988       37307       19807       3675        -           -           20.55836734693877551     
D4           18430       10145       8285        34751       38949       39577       37307       65992       2109        -           -           4.810336652441915599     
D0           8365        7293        1072        28588       95615       46924       37307       34311       8365        -           -           0.871846981470412432     
D6           94040       67213       26827       52170       25423       21513       37307       98274       10300       -           -           6.525533980582524271     
D1           26169       39805       86031       71726       51048       34485       37307       9265        26169       -           -           1.521074553861439107     
D36          40712       89538       50841       2420        39074       27252       37307       11302       2420        -           -           36.99917355371900826     
D5           10832       56869       53630       43445       29847       41789       37307       88085       10832       -           -           5.250092319054652880     
D6           41938       65806       75799       52613       3935        13716       37307       40846       9913        -           -           6.638353676989811358     
D139         11560       69076       42151       22624       15690       6341        37307       67097       496         -           -           139.2661290322580645     
D2           47270       53311       93626       70911       4935        38730       37307       20954       23629       -           -           2.256168267806508950     
D5           17412       46451       70628       8198        70848       47670       37307       34347       8198        -           -           5.666138082459136374     
D20          63895       80988       82574       75896       82447       61509       37307       8816        3890        -           -           20.81953727506426735     
D33          66220       51397       14823       72102       73961       30216       37307       43186       1518        -           -           33.85836627140974967     
D1           89337       55829       33508       29553       50626       61158       37307       21513       29553       -           -           1.889114472303996210     
D14          10308       46075       63900       6704        47399       24827       34560       69967       3100        -           -           14.86290322580645161     
C            52300       47860       4440        2393        85984       38758       34560       77491       2393        20          -           -                        
C            3           77784       21886       13096       80243       11452       34560       26801       3           25928       -           -                        
C            52936       41920       11016       52999       70370       97590       34560       95886       16          2620        -           -                        
C            73177       79469       93375       73086       38027       30232       3743        21030       13          6113        -           -                        
C            57169       92247       64589       57167       50942       21990       3743        21662       1           92247       -           -                        
C            692         46364       53995       88598       24602       21726       63802       26610       692         67          -           -                        
C            58937       70444       88160       50518       80993       33579       63802       89245       4           17611       -           -                        
C            47812       48705       98774       1           88939       53689       63802       59333       1           48705       -           -                        
C            5467        71058       34076       3645        50322       80802       63802       80940       1           71058       -           -                        
C            57214       56000       1214        57047       89890       3348        51140       12064       100         560         -           -                        
C            97716       91752       5964        2           33727       35680       77280       24539       2           45876       -           -                        
C            26316       18924       7392        26364       42272       51560       77280       49485       12          1577        -           -                        
C            51846       83619       67894       42357       9757        91908       30522       29          4401        19          -           -                        
C            59905       83400       76172       59862       26281       34289       4700        59949       6           13900       -           -                        
C            2           89540       10129       74870       52125       22019       4700        92747       2           44770       -           -                        
C            13139       31474       81332       13136       31439       92655       48211       69209       2           15737       -           -                        
C            83271       35586       47685       75701       45695       33192       48211       61186       1           35586       -           -                        
C            25          62450       37242       9914        13277       8078        48211       74389       25          2498        -           -                        
C            20438       74664       45441       9333        67637       37679       70533       2431        9333        8           -           -                        
C            91476       20014       71462       87817       50358       87958       6409        15335       1           20014       -           -                        
C            30771       12015       18756       38430       34284       26322       6409        37406       135         89          -           -                        
C            77134       21558       55576       84146       81500       37987       55303       26080       2           10779       -           -                        
C            91497       93510       97654       87685       90207       22695       21329       71527       9           10390       -           -                        
C            12777       40698       71746       12657       1970        58643       21329       61541       57          714         -           -                        
C            45412       88704       56375       90536       91082       5829        21329       3844        288         308         -           -                        
C            61300       24136       37164       61363       41587       54035       21329       42159       1           24136       -           -                        
C            54658       35388       19270       56610       55870       56765       21329       53707       2           17694       -           -                        
C            24047       65234       58480       24012       46553       69992       96593       61427       2           32617       -           -                        
C            13224       71834       41057       11903       44420       19725       96593       34461       14          5131        -           -                        
C            54722       55072       99317       48833       61866       39875       92799       95998       1721        32          -           -                        
C            24373       31135       92905       24333       61303       97866       92799       21575       13          2395        -           -                        
C            20608       83952       36323       20514       65777       78439       3988        74214       22          3816        -           -                        
C            57597       93580       63684       4679        82307       45912       42595       21237       4679        20          -           -                        
C            52681       71496       80852       1           49177       77426       28303       44449       1           71496       -           -                        
C            65408       37086       28322       65235       81293       33980       54102       60729       14          2649        -           -                        
C            72112       81990       89789       72173       24096       14302       69042       62469       10          8199        -           -                        
C            44090       2240        41850       44285       9060        1600        25829       96147       20          112         -           -                        
C            94386       78654       15732       94441       44597       33033       25829       50261       6           13109       -           -                        
C            80929       67000       13929       85425       19388       24952       37183       41067       1           67000       -           -                        
C            44520       60160       84027       44545       76564       4558        97798       9993        20          3008        -           -                        
C            44001       12004       31997       44005       75400       31705       97798       17697       1           12004       -           -                        
E            30811       32619       97859       -           56937       90946       74505       36309       -           -           -           -                        
C            957         85353       15271       955         6718        83867       7713        74533       1           85353       -           -                        
C            14886       63444       51109       8376        94386       31799       7713        53379       1866        34          -           -                        
C            64654       20058       44596       68457       51233       67455       11843       93806       3           6686        -           -                        
C            75877       93480       82064       75595       44575       89920       78131       68556       19          4920        -           -                        
C            86680       11760       74920       980         44052       57078       78131       86934       980         12          -           -                        
C            51811       50692       1119        56992       37001       33847       13526       94370       1           50692       -           -                        
C            49519       33437       16082       49573       94197       35503       13526       2563        1           33437       -           -                        
C            49883       44290       5593        49577       12641       63237       59778       19139       5           8858        -           -                        
C            91733       49871       41862       93082       88329       76821       59778       63472       1           49871       -           -                        
C            30585       48150       82102       30429       4914        42173       59778       50756       9           5350        -           -                        
C            70514       93868       76313       67514       57151       68220       59778       75313       1514        62          -           -                        
C            85325       71730       13595       84876       8649        27528       50204       88267       15          4782        -           -                        
C            18122       61722       56067       16914       87695       62586       66399       5506        2           30861       -           -                        
C            56185       10591       45594       57011       64628       35611       81142       93608       17          623         -           -                        
C            15091       24273       90485       15629       94032       44162       81142       81781       27          899         -           -                        
C            43017       34625       8392        43055       31369       8850        81142       88624       1           34625       -           -                        
C            57046       27570       29476       56852       80512       84580       81142       5618        10          2757        -           -                        
C            33876       74880       58663       67464       12774       22476       81142       98128       288         260         -           -                        
C            29113       37675       91105       29200       12470       77530       93114       26818       55          685         -           -                        
C            22251       50283       71635       25941       61911       64861       56505       18807       111         453         -           -                        
C            58893       81360       77200       39265       39805       77421       83159       29648       9           9040        -           -                        
C            67459       43081       24378       67563       14712       6122        83159       90924       67          643         -           -                        
C            3936        90590       13013       7870        33368       12826       10635       20236       2           45295       -           -                        
C            306         27540       72433       48505       86870       28517       10635       25746       306         90          -           -                        
C            83895       24962       58933       84287       73010       15644       10635       8333        7           3566        -           -                        
C            32330       75492       56505       32402       48058       5090        75051       5178        2           37746       -           -                        
C            89082       350         88732       89320       16898       91002       75051       77372       70          5           -           -                        
C            19101       65105       53663       19097       49943       98021       98860       34272       1           65105       -           -                        
C            97132       79476       17656       12          55673       51408       5435        12712       12          6623        -           -                        
C            52017       27328       24689       52532       75644       21414       62850       72209       2           13664       -           -                        
C            42071       41217       854         42064       8953        46749       62850       24618       1           41217       -           -                        
C            65979       76514       89132       52810       99527       20980       38707       72068       134         571         -           -                        
C            69286       9114        60172       64358       89547       16874       75731       51822       294         31          -           -                        
C            40993       52069       88591       40261       98238       40285       75731       48716       1           52069       -           -                        
C            95844       68820       27024       95580       69565       36550       85691       46901       12          5735        -           -                        
C            61109       33167       27942       71291       58002       27108       85691       25932       17          1951        -           -                        
C            40602       28512       12090       37705       12398       72217       85691       2623        44          648         -           -                        
C            3808        73465       30010       3885        21336       49147       8895        89828       35          2099        -           -                        
C            12          93492       6187        65597       98000       77506       8895        13755       12          7791        -           -                        
C            66811       24189       42622       66641       79006       2785        6026        31938       1           24189       -           -                        
C            78201       49962       28239       86021       76539       31571       85290       97898       1           49962       -           -                        
C            2375        63117       38925       2388        52614       83448       85290       88058       9           7013        -           -                        
C            83064       23846       59218       82945       46442       20194       56069       87332       2           11923       -           -                        
C            84570       42762       41808       84534       52812       38376       56069       46075       6           7127        -           -                        
C            18729       90592       27804       19064       72230       8663        37046       53421       304         298         -           -                        
C            12784       88288       24163       12898       90515       29511       37046       21248       16          5518        -           -                        
C            29122       88726       40063       28602       89136       81654       37046       66676       2           44363       -           -                        
C            12          22896       76783       63562       85803       66234       60660       39106       12          1908        -           -                        
C            70107       63891       6216        69327       26471       20180       60660       84831       687         93          -           -                        
C            26429       9548        16881       26378       96833       91991       4462        71951       11          868         -           -                        
C            61389       22218       39171       55303       98933       45413       4462        44236       529         42          -           -                        
C            1210        25410       75467       41460       44459       59047       4462        47367       1210        21          -           -                        
C            60328       95232       64763       40220       89098       88083       4462        88455       4           23808       -           -                        
C            95907       71232       24675       95979       31666       22032       4462        89012       3           23744       -           -                        
F            55493       18106       37387       55493       16877       64633       55994       15190       -           -           -           -                        
A            94424       21497       72927       70115       36069       42564       55994       60543       21497       1           -           -                        
C            56959       67179       89447       56956       54242       67068       55994       62447       1           67179       -           -                        
C            54175       51037       3138        58022       33385       74290       55994       7462        317         161         -           -                        
C            45209       89400       55476       44910       32931       61425       62098       95711       60          1490        -           -                        
C            13974       66255       47386       13551       83692       28561       74598       8512        15          4417        -           -                        
C            20833       76482       44018       20755       7271        28720       47264       1628        7           10926       -           -                        
C            15703       72711       42659       23550       64130       65181       47264       758         9           8079        -           -                        
C            1           81696       17972       36608       65136       13833       47264       79397       1           81696       -           -                        
C            30386       68544       61509       29992       37956       26711       8052        68064       48          1428        -           -                        
C            1035        89820       10882       1360        17932       74767       8052        61566       60          1497        -           -                        
C            95236       36468       58768       95143       39072       57639       12350       99270       4           9117        -           -                        
C            53217       12296       40921       53390       50635       76107       12350       64802       106         116         -           -                        
C            79645       44447       35198       79624       66698       55918       78369       28633       13          3419        -           -                        
C            34506       64952       69221       51406       9645        181         53266       96305       706         92          -           -                        
C            38459       42047       96079       38428       58050       94201       53266       45772       19          2213        -           -                        
C            4384        98696       5355        5144        93328       31209       53266       81240       584         169         -           -                        
C            50139       36432       13707       66844       1119        94828       53266       88477       24          1518        -           -                        
C            88220       89298       98589       88301       97175       42639       96923       47238       11          8118        -           -                        
C            15788       20512       94943       22400       96513       50174       96923       17184       2564        8           -           -                        
C            10754       28848       81573       2404        62907       57078       82636       86934       2404        12          -           -                        
C            73389       80249       92807       64987       21936       18427       30328       49351       6173        13          -           -                        
C            66733       19884       46849       1657        24369       42302       30328       9289        1657        12          -           -                        
C            42571       40597       1974        42526       51093       80986       37017       20844       1           40597       -           -                        
C            98258       7596        90662       633         88661       57078       37017       86934       633         12          -           -                        
C            21300       31240       89727       19670       10395       4700        2597        32698       110         284         -           -                        
C            62798       60106       2692        62805       31706       94674       2597        78375       1           60106       -           -                        
C            65508       18144       47364       49779       13134       19878       13318       17895       2592        7           -           -                        
C            94228       62296       31932       63218       62572       29134       13318       38159       1198        52          -           -                        
C            49798       92500       56965       49831       51653       37851       13318       33684       1           92500       -           -                        
C            65031       55752       9279        62799       18217       24224       47393       8817        303         184         -           -                        
C            73003       50025       22978       73208       69548       13598       47393       82501       23          2175        -           -                        
C            82590       50640       31950       82546       79946       31734       76829       59926       2           25320       -           -                        
C            69018       76914       91771       9           56252       52943       22830       62365       9           8546        -           -                        
C            495         97515       2647        4342        93104       91238       39279       14002       495         197         -           -                        
C            89666       25333       64333       91177       2473        8460        48282       48010       517         49          -           -                        
C            96820       9420        87400       96615       22446       77492       48282       46890       60          157         -           -                        
C            5           63990       35682       39002       12829       6055        50838       42695       5           12798       -           -                        
C            176         88352       11491       62028       75174       42130       50838       69946       176         502         -           -                        
C            83854       21419       62435       84547       10267       41071       50838       80555       1           21419       -           -                        
C            55611       97881       57397       54619       87995       51511       12693       37862       59          1659        -           -                        
C            44244       86256       57655       42039       22006       28748       53302       95323       144         599         -           -                        
C            67067       32022       35045       66812       57088       55163       53302       91703       2           16011       -           -                        
C            38931       7073        31858       33371       99330       63191       40235       68001       11          643         -           -                        
C            1362        75312       25717       2715        44428       40342       22757       77343       9           8368        -           -                        
C            218         65618       34267       77746       6066        45788       51444       49565       218         301         -           -                        
C            41953       75049       66571       41345       53979       31349       51444       76845       1           75049       -           -                        
C            49976       9520        40456       37517       67616       68585       51444       59173       140         68          -           -                        
C            84441       82026       2415        88459       5351        26279       44288       87203       63          1302        -           -                        
C            88468       75600       12868       89462       12073       78648       46142       22692       2           37800       -           -                        
F            22849       41037       81479       22849       29254       93307       42859       95747       -           -           -           -                        
C            49424       51330       97761       48557       20867       54476       42859       44508       5           10266       -           -                        
C            2851        72754       29764       22          12424       91693       97657       41737       22          3307        -           -                        
C            45431       34859       10572       66562       24498       9897        97657       71796       3169        11          -           -                        
C            68531       85020       83178       84601       54109       22958       26165       36397       4251        20          -           -                        
C            7483        84858       22292       8418        48842       24569       68028       92947       3           28286       -           -                        
C            9851        95188       14330       8284        3808        27955       68028       95609       449         212         -           -                        
C            39229       54738       84158       47073       78973       67632       68028       98075       9           6082        -           -                        
C            35104       22253       12851       23499       78395       71371       43242       61916       289         77          -           -                        
C            43937       33390       10547       21970       89020       6326        58440       48356       3           11130       -           -                        
F            51881       1542        50339       51881       18139       49949       20116       4687        -           -           -           -                        
F            88045       74242       13803       88045       70430       9617        20116       43550       -           -           -           -                        
C            34221       16212       18009       51042       60840       45598       38781       94104       579         28          -           -                        
C            40481       25596       14885       54          73320       48553       38781       90712       54          474         -           -                        
C            72399       73395       98671       70009       15300       89073       38781       95861       699         105         -           -                        
C            75172       3792        71380       75609       19711       89199       89672       75988       8           474         -           -                        
C            93405       69680       23725       26          39656       26666       10048       3641        26          2680        -           -                        
C            68782       21900       46882       68794       49300       10146       10048       80664       10          2190        -           -                        
C            83468       26652       56816       83410       54066       14384       48297       56498       6           4442        -           -                        
C            98826       38506       60320       98870       21729       99167       48297       31660       2           19253       -           -                        
C            46520       95380       50807       49596       69974       17372       97425       59895       380         251         -           -                        
C            35382       5236        30146       26545       3843        4338        18870       68443       34          154         -           -                        
C            47494       79051       68110       47467       10335       79121       89306       51090       1           79051       -           -                        
C            85530       60390       25140       85405       83340       63725       89306       74159       30          2013        -           -                        
C            62861       55885       6976        64657       72513       20497       48666       73425       1           55885       -           -                        
C            37254       2780        34474       36632       48233       94818       48666       43371       556         5           -           -                        
C            62789       65196       97260       62617       1505        84742       48666       39579       9           7244        -           -                        
C            22799       15486       7313        43017       34770       29007       29756       97466       2581        6           -           -                        
C            71784       33120       38664       53853       64281       13825       29756       44636       60          552         -           -                        
C            43583       9646        33937       21977       4380        87134       45884       87427       371         26          -           -                        
C            14494       25440       88721       21582       60556       91968       45884       43155       318         80          -           -                        
C            21349       10651       10698       21351       72790       50795       45884       49809       1           10651       -           -                        
C            56868       81408       75127       58437       77583       59710       66152       26443       384         212         -           -                        
C            78858       48780       30078       85294       96329       54854       66152       45370       1626        30          -           -                        
C            48873       97662       50878       24635       68263       54095       66152       10870       397         246         -           -                        
C            67219       55195       12024       56019       46822       4350        66152       78269       19          2905        -           -                        
C            80177       20472       59705       3           87949       73972       65265       71240       3           6824        -           -                        
C            72342       26292       46050       72392       35492       91941       65265       86739       42          626         -           -                        
C            65665       38779       26886       66007       39187       6823        95359       4312        1           38779       -           -                        
C            48190       62640       85217       96110       1624        90275       95359       42753       270         232         -           -                        
C            27868       92121       35414       27873       23996       29196       40073       1686        3           30707       -           -                        
E            82286       20571       61715       -           44914       4421        40073       57219       -           -           -           -                        
C            94980       67846       27134       47491       31613       65266       84826       412         2           33923       -           -                        
C            1           10961       88707       76244       87377       53209       13091       19081       1           10961       -           -                        
C            2384        71520       30531       38908       76040       55727       13091       70570       2384        30          -           -                        
C            80448       17472       62976       77674       79355       74295       33652       54131       2           8736        -           -                        
C            22          82610       17079       57752       21306       89921       33652       23964       22          3755        -           -                        
C            39225       70949       67943       1           10436       57617       2488        26528       1           70949       -           -                        
C            86935       45136       41799       86924       31141       92155       47843       2213        2           22568       -           -                        
C            74043       8595        65448       71655       83756       67409       28181       7272        15          573         -           -                        
C            49832       71368       78131       45683       37781       9229        32324       93182       44          1622        -           -                        
C            68472       17440       51032       34246       4894        48028       11198       76047       20          872         -           -                        
C            19005       17708       1297        19001       40198       44414       11198       48924       1           17708       -           -                        
C            52275       4170        48105       5           66992       87588       50916       92148       5           834         -           -                        
C            26465       20631       5834        13234       69174       97846       93716       57960       3           6877        -           -                        
C            93612       92451       1161        93621       7417        29562       93716       20908       3           30817       -           -                        
C            8998        52932       55733       9255        10846       3649        93716       75210       3           17644       -           -                        
C            16086       68184       47569       16172       87783       62865       93716       60613       4           17046       -           -                        
C            78588       29106       49482       78789       2699        21484       93716       55328       198         147         -           -                        
C            46957       94545       52079       45173       42625       31815       93716       98769       573         165         -           -                        
C            84065       58414       25651       84207       89028       77438       5822        71754       1           58414       -           -                        
C            81708       46440       35268       81751       61369       97216       5822        33523       8           5805        -           -                        
C            68393       49115       19278       4465        44343       10800       5822        19133       4465        11          -           -                        
C            27749       96882       30534       23785       4807        24139       52845       41612       1           96882       -           -                        
C            28797       66588       61876       29934       60366       16118       52845       81183       372         179         -           -                        
C            46313       22803       23510       52633       97130       62718       52845       1366        2073        11          -           -                        
C            1476        27612       73531       1770        61128       812         99469       52534       6           4602        -           -                        
C            22325       96650       25342       21581       31541       165         94745       91271       5           19330       -           -                        
C            84718       37079       47639       7           86006       38806       94745       42028       7           5297        -           -                        
C            49911       36026       13885       49981       77873       8801        61026       61315       1           36026       -           -                        
C            36298       18420       17878       45219       28824       33912       49625       7096        614         30          -           -                        
C            69024       76200       92491       46066       45207       9695        49625       65150       150         508         -           -                        
C            27936       92256       35347       55776       40455       71058       41202       79965       96          961         -           -                        
C            65712       20052       45660       66159       73671       27851       41202       66403       3           6684        -           -                        
C            91550       51701       39849       88777       2271        82678       2283        28242       41          1261        -           -                        
C            33497       70127       63037       3049        98087       28195       85184       50483       3049        23          -           -                        
C            16898       1978        14920       23          36904       71134       69786       37837       23          86          -           -                        
C            23264       45900       77031       135         28163       46629       62855       6807        135         340         -           -                        
C            41651       81794       59524       41226       37972       45488       9413        93417       1           81794       -           -                        
C            49665       83235       66097       48025       40311       97307       9413        68442       465         179         -           -                        
C            69779       682         69097       69798       42136       36556       74657       51740       11          62          -           -                        
C            95176       86204       8972        88834       32101       40629       25598       51238       46          1874        -           -                        
C            86915       90594       95988       86691       5100        41584       4105        88311       3           30198       -           -                        
C            62493       32578       29915       26          42960       20235       15531       39037       26          1253        -           -                        
C            60501       67158       93010       60174       84697       89157       15531       49090       6           11193       -           -                        
C            48160       54320       93507       40080       73735       96437       45004       46749       7760        7           -           -                        
C            98553       59312       39241       98522       7934        71842       59746       9027        4           14828       -           -                        
C            11413       92308       18772       11756       7912        19300       78862       32411       94          982         -           -                        
C            49155       83163       65659       49167       41939       72410       78862       55400       3           27721       -           -                        
C            79111       96765       82013       91221       58727       43582       78862       44877       6451        15          -           -                        
C            65369       61606       3763        1           90598       35750       94204       72801       1           61606       -           -                        
C            84077       96140       87604       70080       2089        43450       94204       98234       95          1012        -           -                        
C            89009       23128       65881       89649       79037       39017       94204       67413       49          472         -           -                        
C            53047       60528       92186       52898       33723       5945        94204       22682       3           20176       -           -                        
C            41219       92350       48536       41145       3663        30948       51838       51913       1           92350       -           -                        
C            73272       94400       78539       73289       327         66364       83129       18881       2           47200       -           -                        
C            73263       74764       98166       73249       62551       59179       66867       67839       1           74764       -           -                        
C            46042       24663       21379       92081       51484       871         66867       86548       3           8221        -           -                        
C            50504       80500       69671       58338       70438       53908       51954       14496       3500        23          -           -                        
C            30084       1396        28688       30724       11866       42957       51954       52765       4           349         -           -                        
C            4556        12735       91488       4585        23383       70828       23035       58476       3           4245        -           -                        
C            45324       22700       22624       4           42329       36350       55583       75227       4           5675        -           -                        
C            50826       97314       53179       63036       65399       90393       97828       24085       1986        49          -           -                        
C            67057       4662        62395       64164       20613       66148       97828       63186       518         9           -           -                        
C            38724       78168       60223       38845       4776        9378        40247       54107       4           19542       -           -                        
C            40706       79240       61133       47396       42445       73491       5260        59950       566         140         -           -                        
C            77667       4158        73509       69041       41669       30101       5260        53248       33          126         -           -                        
C            16969       68032       48604       17575       88139       32411       59700       81194       1           68032       -           -                        
C            56955       24325       32630       56287       39734       57365       68151       44697       175         139         -           -                        
C            33830       94770       38727       33387       89833       94586       68151       34287       162         585         -           -                        
C            75468       43616       31852       73262       22136       24812       68151       61668       464         94          -           -                        
C            74155       1772        72383       74262       38415       38709       65843       93295       4           443         -           -                        
C            36247       46844       89070       18124       32403       52447       95252       33030       1           46844       -           -                        
C            22257       5005        17252       11174       4041        12976       95252       77668       91          55          -           -                        
C            16511       41838       74340       6973        69600       45940       95252       76306       6973        6           -           -                        
C            13400       5040        8360        13733       94686       24929       73648       25471       80          63          -           -                        
C            41659       3990        37669       41538       36663       5400        73648       42139       35          114         -           -                        
C            10594       98440       11821       10540       43944       61555       73648       19453       10          9844        -           -                        
C            16880       92970       23577       16851       79992       13565       10456       23348       2           46485       -           -                        
C            23          87101       12589       49927       61782       73058       10456       81928       23          3787        -           -                        
C            4821        22344       82144       2876        96738       35660       39544       79515       931         24          -           -                        
C            49651       74207       75111       39721       36248       18910       23429       61777       1           74207       -           -                        
C            48192       22600       25592       48230       83898       37711       6841        28706       8           2825        -           -                        
C            83847       56835       27012       75465       16303       29887       4522        34098       27          2105        -           -                        
C            61833       83929       77571       69560       31183       39357       45307       86805       17          4937        -           -                        
C            64124       38376       25748       48106       64472       53430       77703       19887       52          738         -           -                        
C            34541       18518       16023       34454       68263       34167       77703       25370       2           9259        -           -                        
C            36406       8104        28302       54605       27954       46812       77703       71736       8           1013        -           -                        
C            95313       55712       39601       95201       77945       54188       77703       84936       1           55712       -           -                        
C            22276       31301       90642       22501       21108       44787       62284       74289       1           31301       -           -                        
C            22829       43000       79496       34181       86081       72734       62284       89144       125         344         -           -                        
C            95474       90234       5240        81994       82357       50560       32844       60175       1114        81          -           -                        
C            6996        47034       59629       7265        7354        31728       45035       74655       2           23517       -           -                        
C            50059       59201       90525       58402       51546       80437       45035       93707       1           59201       -           -                        
C            94962       21824       73138       94861       4007        56660       41490       93678       22          992         -           -                        
C            29208       52020       76855       28460       92282       15179       41490       16188       36          1445        -           -                        
C            21540       86160       35047       56304       95718       52280       27347       54342       21540       4           -           -                        
C            47681       84807       62541       50481       61267       45791       27347       98162       81          1047        -           -                        
C            15210       25164       89713       1           95829       26358       27347       88494       1           25164       -           -                        
C            76852       60662       16190       76127       33359       43584       97211       51979       2           30331       -           -                        
C            54741       53590       1151        54713       44932       10349       97211       76577       1           53590       -           -                        
C            5           97570       2102        42043       25304       95915       97211       82096       5           19514       -           -                        
C            1097        47908       52856       552         33338       62907       929         53838       7           6844        -           -                        
C            50806       65088       85385       50796       3290        94896       929         2928        6           10848       -           -                        
E            54910       13727       41183       -           42931       91825       19534       81125       -           -           -           -                        
C            57637       28018       29619       60839       11049       76517       19534       74737       1           28018       -           -                        
C            50920       49192       1728        51068       22872       8700        13382       1292        8           6149        -           -                        
C            66148       10602       55546       67747       7867        67357       13382       7172        589         18          -           -                        
C            78950       66354       12596       78778       10724       11067       13382       90621       2           33177       -           -                        
C            40645       87032       53280       81118       6019        74594       64991       24273       172         506         -           -                        
C            94227       15756       78471       94378       99531       56468       64991       90757       3           5252        -           -                        
C            74551       87720       86498       74844       16200       13958       64991       71618       129         680         -           -                        
C            66896       95700       70863       78027       94693       36593       36667       92314       110         870         -           -                        
C            30779       11583       19196       61519       32280       13226       36667       86857       39          297         -           -                        
C            54660       90388       63939       81989       78456       69943       36667       36064       2           45194       -           -                        
C            32841       63546       68962       28124       66638       14580       14439       63222       4539        14          -           -                        
C            64582       63672       910         43056       72500       457         3808        21287       4           15918       -           -                        
C            48269       5345        42924       48247       21864       95562       68647       74673       1           5345        -           -                        
C            54194       28217       25977       50583       57622       59863       68647       68082       29          973         -           -                        
C            87352       55517       31835       69883       32898       47006       24190       4131        7           7931        -           -                        
C            47695       96620       50742       48984       81302       60655       24190       17931       2           48310       -           -                        
C            97455       29973       67482       96889       76146       90989       62963       72750       103         291         -           -                        
C            40678       16212       24466       30798       96244       45588       28889       89879       1158        14          -           -                        
C            44818       68296       76189       51220       39426       16706       67179       41991       4           17074       -           -                        
C            24440       24276       164         30543       42155       96431       67179       16449       28          867         -           -                        
C            83890       55549       28341       81739       15642       63538       33004       78905       1           55549       -           -                        
C            20713       10038       10675       20951       71900       64246       33004       19526       7           1434        -           -                        
C            68542       2726        65816       51430       87304       8638        31258       34383       94          29          -           -                        
C            35751       3268        32483       70685       84785       38899       31258       30512       817         4           -           -                        
C            69479       42840       26639       69574       32538       97672       24722       67175       34          1260        -           -                        
C            37694       64074       73287       37638       71989       3650        95763       42280       6           10679       -           -                        
C            22933       91086       31514       22762       70277       22944       55183       45059       19          4794        -           -                        
C            51978       64584       87061       69291       82401       76325       55183       23721       39          1656        -           -                        
C            5023        59276       45414       5158        23061       38089       55183       67921       28          2117        -           -                        
C            70037       43617       26420       72211       80469       7498        63022       55978       469         93          -           -                        
C            28216       57150       70733       1905        51814       46425       63022       97079       1905        30          -           -                        
C            1480        32706       68441       2958        644         36219       14169       21408       2           16353       -           -                        
C            62972       60148       2824        63524       63476       73302       14169       67260       44          1367        -           -                        
C            56927       91542       65052       56894       28497       85917       14169       78654       2           45771       -           -                        
C            34419       42897       91189       43023       209         18804       14169       1159        3           14299       -           -                        
C            84957       54090       30867       70800       11066       58171       27094       23368       15          3606        -           -                        
C            44437       65420       78684       44378       24755       11279       27094       11457       10          6542        -           -                        
C            42169       66220       75616       42146       61277       3187        27094       22559       10          6622        -           -                        
C            8475        2805        5670        12685       41590       30974       76915       79645       55          51          -           -                        
C            33181       52784       80064       26545       1586        18178       76915       30323       1           52784       -           -                        
C            66052       13464       52588       76936       48017       16802       84439       35876       748         18          -           -                        
C            63157       12369       50788       71049       32278       68492       85303       14411       21          589         -           -                        
C            82682       1926        80756       82293       84340       2082        82115       23117       214         9           -           -                        
C            64324       58493       5831        64331       33111       29561       82115       83923       1           58493       -           -                        
C            51122       12998       38124       47197       63004       2603        16538       87439       97          134         -           -                        
C            67700       75106       92261       1598        81197       4932        16538       32470       1598        47          -           -                        
C            30420       80332       49755       30721       26462       8050        34961       60552       19          4228        -           -                        
C            45521       43983       1538        34143       21814       90453       34961       99436       9           4887        -           -                        
C            32973       70368       62272       5864        65886       57078       34961       86934       5864        12          -           -                        
C            98077       94371       3706        83          52592       84474       65385       67617       83          1137        -           -                        
C            42804       76482       65989       85590       97315       63781       65385       26664       18          4249        -           -                        
C            66694       80888       85473       10111       49462       93201       65385       47939       10111       8           -           -                        
A            11320       1984        9336        15988       29701       43621       82683       29775       1984        1           -           -                        
C            80666       35672       44994       78650       19272       93641       98539       76045       26          1372        -           -                        
C            22684       60600       61751       22054       85037       5939        98539       13689       4           15150       -           -                        
C            35598       33360       2238        41392       44121       70017       98539       89062       834         40          -           -                        
C            10          71820       27857       611         74488       85793       98539       81626       10          7182        -           -                        
C            54377       17774       36603       55348       67460       19556       51982       60158       1           17774       -           -                        
C            10725       96579       13813       21401       62116       96216       94441       2426        49          1971        -           -                        
C            98390       60723       37667       66343       89694       52750       94441       47314       2249        27          -           -                        
C            83193       52200       30993       89125       73648       17054       36203       96907       145         360         -           -                        
C            44969       10332       34637       43816       85900       52737       36203       27039       2           5166        -           -                        
C            60178       73746       86099       68770       56517       57766       36203       79427       34          2169        -           -                        
C            59391       17082       42309       84816       19547       93257       73645       33694       8541        2           -           -                        
C            6735        3339        3396        6793        41257       79684       73645       51492       7           477         -           -                        
C            86747       34272       52475       85905       88814       34696       73645       14479       21          1632        -           -                        
C            26421       13902       12519       26702       85960       81596       10022       71439       7           1986        -           -                        
C            73143       85230       87580       65021       60706       62680       91877       71945       45          1894        -           -                        
C            87002       18726       68276       87202       62947       57773       91877       94504       2           9363        -           -                        
C            79215       79527       99355       79282       80889       91627       91877       44787       21          3787        -           -                        
C            83678       46115       37563       89255       54464       34264       25018       51560       23          2005        -           -                        
C            41719       9288        32431       83429       36059       44171       25018       23052       9           1032        -           -                        
C            97838       5548        92290       97349       69821       62226       25018       87979       38          146         -           -                        
C            53093       89885       62875       52935       98055       15857       67538       40689       5           17977       -           -                        
C            90469       46123       44346       45273       72352       93404       45645       90266       77          599         -           -                        
C            18395       87740       30322       35970       32572       21145       45645       48447       820         107         -           -                        
C            54306       12213       42093       54333       60056       13226       918         86857       9           1357        -           -                        
C            56614       41598       15016       56498       92732       7810        92537       69610       6           6933        -           -                        
C            8914        87832       20749       8792        42494       93297       12535       13812       8           10979       -           -                        
C            71704       93456       77915       69935       91713       20704       41230       86373       944         99          -           -                        
C            85195       38876       46319       94661       66239       63346       42575       94955       1           38876       -           -                        
C            9627        56364       52930       9982        21905       53913       42575       62874       42          1342        -           -                        
C            97758       65805       31953       13161       14866       84925       42575       25957       13161       5           -           -                        
C            68069       99583       68153       68268       73953       24292       42575       45380       11          9053        -           -                        
C            18002       23228       94441       19002       12888       37075       37954       67591       2           11614       -           -                        
C            33987       73197       60457       8133        65951       49245       37954       44537       8133        9           -           -                        
C            78091       51958       26133       97593       70644       78654       37954       25297       83          626         -           -                        
C            97668       94794       2874        65186       47446       42052       27205       21647       222         427         -           -                        
C            92125       94385       97407       89566       73144       93670       5655        21581       1           94385       -           -                        
C            97063       51602       45461       25801       45373       85372       5655        71077       25801       2           -           -                        
C            67969       2381        65588       66553       92254       5974        82819       32859       1           2381        -           -                        
C            79553       47158       32395       79706       30903       35031       82819       19088       146         323         -           -                        
C            47933       38484       9449        44880       29412       59696       82819       4393        2138        18          -           -                        
C            18796       92752       25711       18552       69737       39713       45842       18898       8           11594       -           -                        
C            21472       88198       32941       21462       3727        74990       45842       59872       2           44099       -           -                        
C            9579        45632       63614       9758        7492        69417       54544       26027       92          496         -           -                        
C            75957       75753       204         80425       73941       29305       47993       9051        1           75753       -           -                        
C            34051       68523       65195       34057       109         40545       92869       79265       1           68523       -           -                        
C            23027       28900       93794       30510       88944       17434       1634        81456       578         50          -           -                        
C            61873       53355       8518        91031       74443       28655       1634        33319       3557        15          -           -                        
C            95585       33963       61622       95614       55538       76892       40846       84394       1           33963       -           -                        
E            21058       5264        15794       -           79109       97500       53875       36884       -           -           -           -                        
C            3565        57250       45982       1783        87989       18170       94899       92237       1           57250       -           -                        
C            43836       87688       55815       44329       61620       48998       23327       92          452         194         -           -                        
C            55281       64975       89973       47755       3104        79871       23327       27089       2599        25          -           -                        
C            34967       23344       11623       43344       60248       92508       23327       50264       1459        16          -           -                        
C            91880       97419       94128       3           69299       37234       71264       39305       3           32473       -           -                        
C            4109        99387       4389        4134        69349       88424       26401       51921       9           11043       -           -                        
C            29438       72872       56233       29384       96219       84165       13128       20791       8           9109        -           -                        
C            52282       97722       54227       48265       48340       71473       4871        99368       61          1602        -           -                        
C            73705       70724       2981        84234       34332       56002       4871        22518       2           35362       -           -                        
A            41716       14080       27636       69352       52655       50803       4871        44690       14080       1           -           -                        
C            30912       53074       77505       25354       92599       31442       4871        1318        3122        17          -           -                        
C            69572       70256       98983       69385       13095       70598       49929       28486       8           8782        -           -                        
C            31973       86620       45020       33782       17151       55481       69649       62010       1220        71          -           -                        
C            95271       67326       27945       93910       11728       19027       69649       27251       1           67326       -           -                        
C            41659       5311        36348       41861       43994       68076       41243       71419       47          113         -           -                        
C            2           97008       2661        66958       11543       26453       41243       21085       2           48504       -           -                        
C            3828        65076       38419       38860       14586       82997       79854       61338       3828        17          -           -                        
C            98957       3047        95910       99009       70869       52668       79854       16941       1           3047        -           -                        
C            25791       59843       65615       25796       83643       1317        22766       42198       1           59843       -           -                        
C            17967       36336       81298       17302       34667       19789       22649       87412       12          3028        -           -                        
C            49347       50358       98656       53432       54817       23990       22649       36719       327         154         -           -                        
C            47461       91167       55961       47531       72037       41528       78376       94004       1           91167       -           -                        
C            89672       89744       99595       67538       60515       65182       17783       91315       1136        79          -           -                        
C            52540       80200       72007       52280       85394       72025       27788       28743       20          4010        -           -                        
C            88498       9104        79394       93036       78974       71833       27788       88266       2276        4           -           -                        
C            39119       57714       81072       39136       79301       88057       50256       36084       2           28857       -           -                        
C            72923       58121       14802       71004       5168        92198       68509       69998       1           58121       -           -                        
C            7495        45884       61278       14989       71533       51250       68509       6956        1           45884       -           -                        
C            60532       57982       2550        59199       1667        45355       93273       50795       547         106         -           -                        
C            65569       528         65041       78678       24052       58257       2177        88429       24          22          -           -                        
F            2415        31423       70659       2415        51792       88727       4515        75765       -           -           -           -                        
C            82585       46414       36171       81438       962         14382       4515        98472       1           46414       -           -                        
C            84971       2850        82121       70825       92812       77775       26235       56921       95          30          -           -                        
C            63802       27200       36602       42536       75683       54220       26235       71674       4           6800        -           -                        
C            27163       36155       90675       27157       8224        84267       26235       81917       1           36155       -           -                        
C            1807        40210       61264       3612        32144       41065       54999       18140       2           20105       -           -                        
C            65926       55068       10858       63075       87074       26461       54999       53450       353         156         -           -                        
C            81300       68178       13122       80991       32219       71408       76108       93374       33          2066        -           -                        
C            14          66486       33195       4692        68524       7959        76108       50201       14          4749        -           -                        
C            21883       84204       37346       19695       45012       85379       25260       82637       3           28068       -           -                        
C            54869       59700       94836       55530       49581       59975       25260       17526       6           9950        -           -                        
C            87490       80450       7040        83118       70283       10261       69924       97351       50          1609        -           -                        
C            73229       53915       19314       36615       10473       56589       69924       72588       1           53915       -           -                        
C            62504       85613       76558       71427       27583       89657       69924       25582       43          1991        -           -                        
C            52754       39188       13566       42284       99018       32031       53470       88396       404         97          -           -                        
C            53781       59049       94399       52727       98786       82864       50005       87382       27          2187        -           -                        
C            57285       80649       76303       57353       12440       21965       50005       1713        29          2781        -           -                        
C            42858       36328       6530        45379       22793       41136       50005       38477       1           36328       -           -                        
C            37848       72040       65475       38063       71947       82943       50005       23440       8           9005        -           -                        
C            75882       10028       65854       75871       16036       1341        9271        3506        4           2507        -           -                        
C            39513       81652       57528       41218       74795       37113       9271        14631       298         274         -           -                        
C            29857       53940       75584       19908       19529       36032       9271        48665       10          5394        -           -                        
C            69917       7364        62553       73583       92299       99400       45545       80133       263         28          -           -                        
C            39276       12080       27196       47131       20861       6648        57294       25972       1           12080       -           -                        
C            69055       22370       46685       69732       86303       42266       57294       30859       1           22370       -           -                        
C            72279       81228       90718       72104       74730       76419       57294       88273       4           20307       -           -                        
C            80972       89420       91219       80867       91375       44475       57294       80569       17          5260        -           -                        
C            76003       74495       1508        72846       52380       28052       57294       48170       235         317         -           -                        
C            12288       43368       68587       13509       19448       20423       57294       80482       78          556         -           -                        
C            4010        70230       33447       8015        17359       90504       57294       2404        5           14046       -           -                        
C            24438       67474       56631       24356       35982       50053       14312       81742       2           33737       -           -                        
C            53695       8670        45025       63856       14966       50244       14312       68967       2890        3           -           -                        
C            14431       16044       98054       15321       48438       45698       14312       70766       191         84          -           -                        
C            32319       58453       73533       35257       7543        92378       14312       31944       1           58453       -           -                        
C            68029       49908       18121       67803       94540       7160        70532       52244       3           16636       -           -                        
C            61          56730       42998       26310       12799       7758        93996       62527       61          930         -           -                        
C            83243       84018       98892       72916       65308       25481       93996       45580       627         134         -           -                        
C            79126       282         78844       79086       50070       13820       93996       38983       6           47          -           -                        
C            69          42297       57439       86245       8029        28276       93996       68614       69          613         -           -                        
C            82829       82397       432         74554       84891       93281       93996       36034       79          1043        -           -                        
C            86279       63602       22677       76699       35373       44478       93996       91633       59          1078        -           -                        
C            78938       70592       8346        79028       99647       15982       51826       76204       8           8824        -           -                        
C            16606       2736        13870       17471       51568       88587       8262        1237        171         16          -           -                        
C            25921       13351       12570       25885       98891       40938       8262        96182       1           13351       -           -                        
C            27642       96768       30541       8064        13755       42302       28789       9289        8064        12          -           -                        
C            27809       54131       73345       41704       1158        69407       47328       10461       19          2849        -           -                        
C            63041       52853       10188       66981       38097       29967       22310       73473       1           52853       -           -                        
C            2           17030       82639       63500       88045       31193       22310       10924       2           8515        -           -                        
C            29045       60576       68136       30162       30231       39217       26545       30544       3           20192       -           -                        
C            17652       81408       35911       35272       92794       7405        2955        50931       32          2544        -           -                        
C            58780       7866        50914       57533       54601       88411       2955        1141        171         46          -           -                        
C            26972       36656       89983       30343       98695       23450       2955        74610       4           9164        -           -                        
C            60221       68250       91638       40689       81418       178         60208       17200       1625        42          -           -                        
C            26531       89826       36372       22744       40026       40210       60208       58912       22          4083        -           -                        
C            90451       54604       35847       89856       88676       29862       60208       657         11          4964        -           -                        
C            17361       50924       66104       17516       5803        11871       43849       57614       1           50924       -           -                        
C            65081       28812       36269       86774       4503        32644       44127       272         2           14406       -           -                        
C            29303       82560       46410       57918       81861       61053       67775       99584       688         120         -           -                        
C            73338       83556       89449       1266        87484       52349       67775       66356       1266        66          -           -                        
C            80901       25344       55557       11          13107       81881       38130       83860       11          2304        -           -                        
C            18973       58317       60323       12651       94993       25010       82805       89739       7           8331        -           -                        
C            81490       3408        78082       84508       72331       22325       56435       91354       4           852         -           -                        
C            89438       98496       90609       89476       55860       56476       89938       3663        24          4104        -           -                        
C            86869       86773       96          86824       96066       91478       29322       31473       19          4567        -           -                        
C            83744       15164       68580       1           96238       86878       2486        19586       1           15164       -           -                        
C            97934       12426       85508       66670       26297       25809       2486        50014       4142        3           -           -                        
C            15540       36384       78823       4           69325       3541        26679       16495       4           9096        -           -                        
C            85618       15585       70033       86675       48719       19954       26679       51228       1           15585       -           -                        
C            6           28896       70777       21357       10209       56030       26679       22496       6           4816        -           -                        
F            69950       9077        60873       69950       42425       74238       73905       81975       -           -           -           -                        
C            66726       27955       38771       78953       99266       26149       78247       28016       5591        5           -           -                        
C            16882       11528       5354        18748       54058       26959       78247       72609       88          131         -           -                        
C            89991       71796       18195       83128       83306       18526       78247       67949       772         93          -           -                        
C            56466       38984       17482       28237       30572       7711        19974       35184       8           4873        -           -                        
C            78415       55055       23360       79982       31844       5317        20014       84442       65          847         -           -                        
C            29338       33701       95304       29719       27907       7551        20014       57365       1           33701       -           -                        
C            87548       59024       28524       81728       84078       91849       20014       17495       248         238         -           -                        
C            73130       12090       61040       58507       47674       57687       20014       83231       15          806         -           -                        
C            7664        87520       19811       7348        39166       59949       68186       85434       80          1094        -           -                        
C            46141       70735       75073       49420       80729       84297       68186       26705       235         301         -           -                        
C            3990        16422       87235       7           57464       66621       13931       15010       7           2346        -           -                        
C            88406       84354       4052        88247       6065        24237       13931       17811       2           42177       -           -                        
C            83828       66699       17129       7411        62057       49245       40556       44537       7411        9           -           -                        
C            31665       56212       75120       31639       13481       98102       40556       76124       23          2444        -           -                        
C            80401       17884       62517       79498       87477       67561       60887       9908        34          526         -           -                        
C            75090       39246       35844       71149       97625       60927       60887       31023       211         186         -           -                        
C            41922       8320        33602       42053       46242       46235       60887       54306       2           4160        -           -                        
C            19445       33814       85298       19509       6199        77354       28500       33753       53          638         -           -                        
C            90802       67916       22886       89984       27791       39241       98012       44322       4           16979       -           -                        
C            97479       99333       97813       97367       50481       9232        49712       7234        39          2547        -           -                        
C            80001       46577       33424       80126       78414       5619        45613       26747       1           46577       -           -                        
C            81157       55782       25375       73873       86057       23714       50888       91505       1033        54          -           -                        
C            33983       87544       46106       248         36991       45276       41110       35708       248         353         -           -                        
C            83653       16065       67588       83681       32283       10203       41110       39206       17          945         -           -                        
C            95352       62222       33130       48263       87578       83372       41110       59429       1174        53          -           -                        
C            43175       78192       64650       43158       4013        25269       41110       56894       12          6516        -           -                        
C            86754       38173       48581       1           3286        7977        67719       23336       1           38173       -           -                        
C            5529        33174       72022       75306       35124       19973       67719       57564       5529        6           -           -                        
C            30432       7536        22896       22981       76347       28134       69375       26361       628         12          -           -                        
C            971         57970       42668       874         80106       65091       69375       38695       1           57970       -           -                        
C            36863       25731       11132       34923       90731       53276       65912       98783       3           8577        -           -                        
C            65021       60200       4821        61925       15029       8990        80989       41412       5           12040       -           -                        
C            70909       5247        65662       70841       40396       80101       80989       8485        53          99          -           -                        
C            89704       86845       2859        60329       5917        39055       29957       48408       1579        55          -           -                        
C            1           51294       48374       68370       59026       81324       29957       44193       1           51294       -           -                        
C            45365       85340       59692       44960       40984       85933       29957       13922       5           17068       -           -                        
C            23588       17350       6238        8675        27644       85372       62195       71077       8675        2           -           -                        
C            1162        62656       38173       1153        99103       30923       41138       64213       1           62656       -           -                        
C            14254       76616       37305       15655       12532       94634       53862       59081       244         314         -           -                        
C            58747       22350       36397       58793       96271       34467       75538       51940       5           4470        -           -                        
C            51265       59935       90997       51262       43405       50217       10121       45673       1           59935       -           -                        
C            52721       74400       77988       60252       47479       13245       10121       10678       4           18600       -           -                        
C            5186        62154       42699       5182        74616       147         10121       13457       2           31077       -           -                        
C            52445       59200       92912       53316       75053       76058       73723       50564       185         320         -           -                        
C            83679       11997       71682       83665       58954       9041        73723       11552       1           11997       -           -                        
A            35495       5732        29763       65258       72679       23980       73723       64465       5732        1           -           -                        
C            1           73824       25844       94175       94877       70205       79597       64945       1           73824       -           -                        
C            81694       51100       30594       81618       69617       81104       22048       45603       70          730         -           -                        
C            6937        26148       80456       2179        70421       42302       26074       9289        2179        12          -           -                        
C            85163       34385       50778       84503       95399       28680       26074       62          23          1495        -           -                        
C            57570       57460       110         57682       7009        80322       21278       3876        2           28730       -           -                        
C            66632       34450       32182       44423       83055       26426       98344       58327       5           6890        -           -                        
C            4431        63384       40714       4485        31960       16419       98344       65640       3           21128       -           -                        
C            11301       67769       43199       11276       54709       86024       98344       84114       1           67769       -           -                        
C            24          33240       66451       71875       35644       80216       13399       19563       24          1385        -           -                        
C            25933       57780       67820       2889        21840       38758       13399       77491       2889        20          -           -                        
C            12369       71856       40180       14430       77964       23264       52705       38889       3           23952       -           -                        
C            25547       81828       43386       26029       77646       8648        52705       17530       1           81828       -           -                        
C            51760       52472       98955       51831       91944       13376       84487       19764       1           52472       -           -                        
C            32563       56010       76220       32644       65441       14565       84487       51681       1           56010       -           -                        
C            19586       11374       8212        21905       65969       36133       10174       82252       1034        11          -           -                        
C            7149        34488       72328       7659        41754       65903       90019       36522       9           3832        -           -                        
C            5           85945       13727       61923       13540       13188       90019       28898       5           17189       -           -                        
C            53378       97551       55494       51853       57475       72          80557       76470       3           32517       -           -                        
C            79469       74360       5109        78000       61          11082       80557       58405       143         520         -           -                        
C            73585       20912       52673       73697       58982       76530       55525       68092       1           20912       -           -                        
C            55249       29880       25369       62154       40480       25652       55525       14872       9           3320        -           -                        
C            95626       16658       78968       83673       90797       7283        54879       84878       2           8329        -           -                        
E            50294       12573       37721       -           61285       66354       54879       96091       -           -           -           -                        
C            114         18240       81541       45869       87849       73747       95648       11215       114         160         -           -                        
C            942         13188       87421       59107       71174       35649       95648       40100       942         14          -           -                        
C            63884       78104       85447       63898       58886       99052       96397       3207        2           39052       -           -                        
C            91486       9199        82287       91531       67          98058       98841       4600        1           9199        -           -                        
C            73681       36875       36806       73844       10302       19898       98841       8314        5           7375        -           -                        
C            12806       17156       95317       13194       66040       16387       68534       83205       2           8578        -           -                        
C            36981       64456       72192       36971       96015       53726       68534       92772       1           64456       -           -                        
C            37705       48985       88387       38449       75514       24910       19241       26816       505         97          -           -                        
C            32631       15368       17263       39112       23341       24042       19241       92336       226         68          -           -                        
C            61019       70618       90068       30510       26441       62694       56501       43856       1           70618       -           -                        
C            87909       15460       72449       44341       50289       40358       35461       1675        773         20          -           -                        
C            23214       42372       80509       23409       10659       42921       35461       25615       9           4708        -           -                        
C            31245       282         30963       31459       42084       82159       35461       2913        1           282         -           -                        
C            53310       30178       23132       52871       60270       32656       92119       76989       191         158         -           -                        
C            7806        80229       27244       15471       87295       29459       1852        81124       141         569         -           -                        
C            7428        93192       13903       11139       44450       40098       44490       40416       6           15532       -           -                        
C            10543       25236       84974       10611       88343       18526       58213       31718       3           8412        -           -                        
C            12          9528        90151       69799       17788       73331       58213       27702       12          794         -           -                        
C            76125       65237       10888       73769       48169       83755       83128       16068       733         89          -           -                        
C            42436       9493        32943       48375       703         77052       68602       69908       863         11          -           -                        
C            17922       38852       78737       17939       19109       22199       92573       96670       4           9713        -           -                        
C            79276       9768        69508       80375       37194       57403       92573       40597       148         66          -           -                        
C            36783       94176       42274       36684       49489       65856       13393       35167       54          1744        -           -                        
C            95917       70466       25451       95922       16223       70534       13393       4483        2           35233       -           -                        
C            1443        7123        93987       1441        30580       74822       13393       13790       1           7123        -           -                        
C            37055       91761       44961       37246       92169       22672       10401       50991       1           91761       -           -                        
C            72901       33540       39361       73062       67685       98842       10401       25821       129         260         -           -                        
C            50526       52320       97873       60628       3038        81512       67814       55067       16          3270        -           -                        
C            73333       39911       33422       77173       24804       87491       61259       50032       373         107         -           -                        
C            84454       41478       42976       85027       71075       14892       61259       97832       223         186         -           -                        
C            62413       17147       45266       62461       85600       14924       46083       6007        13          1319        -           -                        
C            83472       39624       43848       85668       34643       22089       14923       45161       24          1651        -           -                        
C            64271       12798       51473       64282       13371       12766       14923       49868       9           1422        -           -                        
C            26825       75542       50950       26853       36893       60928       64608       58398       1           75542       -           -                        
C            59998       52455       7543        58535       97202       50113       64608       18780       15          3497        -           -                        
C            40111       54704       85074       80118       26709       77426       89984       44449       104         526         -           -                        
F            72418       15332       57086       72418       28511       71812       89984       52531       -           -           -           -                        
C            73798       61038       12760       71628       83198       94095       89984       4402        18          3391        -           -                        
C            84386       33842       50544       84418       89818       73287       85994       36022       2           16921       -           -                        
C            88348       12680       75668       96322       21286       69424       85994       8719        634         20          -           -                        
C            82417       9987        72430       82145       33798       7472        85994       42031       1           9987        -           -                        
C            56122       48258       7864        28068       56958       68118       37442       3644        14          3447        -           -                        
C            63501       60480       3021        63731       96554       8720        5746        43811       21          2880        -           -                        
C            54967       59895       94739       54915       70678       64875       62190       65504       3           19965       -           -                        
C            66608       38352       28256       34103       66750       95100       62190       35379       1598        24          -           -                        
C            18          53694       45991       71103       22603       97924       64264       31993       18          2983        -           -                        
C            56350       82510       73507       45117       60887       62017       64264       17757       185         446         -           -                        
C            268         29748       70187       71899       31468       71845       64264       27480       268         111         -           -                        
C            62833       40425       22408       62936       38123       24472       56476       76416       3           13475       -           -                        
C            5622        96543       8746        11241       90924       28475       52547       36046       3           32181       -           -                        
C            55030       3564        51466       82518       43804       90909       52547       20232       54          66          -           -                        
C            9284        87542       21409       9239        46921       94257       92764       66734       14          6253        -           -                        
C            75810       34750       41060       85280       75408       56422       92764       92295       50          695         -           -                        
C            58674       53774       4900        322         92645       19218       92764       20062       322         167         -           -                        
C            46122       97504       48285       68906       45282       82298       69882       10796       554         176         -           -                        
C            84839       3294        81545       42511       4708        10234       69882       32221       183         18          -           -                        
C            84640       90528       93779       89056       26172       35404       26120       20339       736         123         -           -                        
C            68968       73424       95211       35896       15278       91267       26120       89482       2824        26          -           -                        
C            90905       94608       95964       94017       48816       19841       26120       6176        657         144         -           -                        
C            95311       51822       43489       95316       59308       9688        26120       77166       1           51822       -           -                        
C            71121       20265       50856       70315       87882       41011       27346       98439       193         105         -           -                        
C            1220        85860       15027       2228        89310       44478       27346       91633       212         405         -           -                        
C            98697       24822       73875       84600       75195       43721       40232       51486       18          1379        -           -                        
C            85174       64368       20806       85839       23892       91073       41386       89708       54          1192        -           -                        
C            77651       19890       57761       69042       19973       80269       41386       82048       170         117         -           -                        
C            53760       2280        51480       54049       56271       66435       73868       9251        6           380         -           -                        
C            7109        63408       43368       12          47039       28354       39450       23035       12          5284        -           -                        
C            79691       21792       57899       82099       85426       65949       76840       52173       227         96          -           -                        
C            31          45415       54283       84562       9049        19207       76840       45152       31          1465        -           -                        
C            44812       58700       85779       45640       96019       12883       76840       12333       100         587         -           -                        
C            20498       37100       83065       20324       83592       43071       27578       15343       140         265         -           -                        
C            31713       29736       1977        47569       34007       55991       75840       10030       1           29736       -           -                        
C            83842       8334        75508       83802       5537        86236       13353       49322       2           4167        -           -                        
C            63990       98850       64807       94008       79973       21625       1117        41129       3954        25          -           -                        
C            97457       51737       45720       48923       96902       42120       1117        91574       389         133         -           -                        
C            91028       86730       4298        94059       93218       91616       20290       13293       98          885         -           -                        
C            253         70334       29586       18450       81354       35489       20290       22506       253         278         -           -                        
C            79613       85566       93714       39          18771       3584        63064       89270       39          2194        -           -                        
C            18          83304       16381       29156       58329       93523       63064       8398        18          4628        -           -                        
C            53288       7858        45430       49189       64885       81977       63064       95913       1           7858        -           -                        
C            50363       37580       12783       54941       78402       22907       14157       81855       5           7516        -           -                        
C            74919       16578       58341       59937       71025       74990       14157       59872       9           1842        -           -                        
C            94337       33202       61135       95811       95240       1892        14157       4180        1           33202       -           -                        
C            7544        45662       61549       6313        3724        33001       90969       26401       158         289         -           -                        
C            50710       70426       79951       33822       62285       45820       90969       15126       46          1531        -           -                        
C            83120       79439       3681        80121       86215       97994       92502       53910       2147        37          -           -                        
C            819         66534       33952       949         38060       16846       64074       47866       39          1706        -           -                        
C            77147       45292       31855       93603       36248       52044       64074       14948       11323       4           -           -                        
C            58035       90348       67354       87052       16917       36621       69996       44616       1           90348       -           -                        
C            3439        57694       45412       2295        27908       11496       69996       75463       7           8242        -           -                        
C            26738       56176       70229       26707       38988       8158        60475       56098       16          3511        -           -                        
C            77212       14352       62860       64346       74306       75629       41560       72825       16          897         -           -                        
C            47177       61893       84951       47199       31709       90657       41560       62240       9           6877        -           -                        
C            98721       92947       5774        95395       25797       10327       57530       67758       2267        41          -           -                        
C            15063       48840       65890       20073       64019       15441       69513       82376       33          1480        -           -                        
C            4110        1572        2538        4102        26214       8973        69513       61023       6           262         -           -                        
C            26292       53119       72840       26333       96556       74061       52346       32981       11          4829        -           -                        
C            60820       75670       84817       60570       76989       9543        52346       13946       70          1081        -           -                        
C            84676       85748       98595       84592       43014       25615       52346       19155       4           21437       -           -                        
C            60178       68412       91433       11402       4059        9088        31522       54528       11402       6           -           -                        
C            81218       33896       47322       81970       70233       60006       31522       68114       2           16948       -           -                        
C            74479       36480       37999       74513       99150       51328       31522       37907       19          1920        -           -                        
A            66637       6685        59952       96613       51362       31688       31522       18425       6685        1           -           -                        
C            92807       98624       93850       86622       56371       17111       97309       59518       32          3082        -           -                        
C            32556       76360       55863       16282       96399       28724       97309       9004        8           9545        -           -                        
C            95317       43316       52001       95161       32          93297       97309       13812       1           43316       -           -                        
C            26897       54907       71657       26893       649         17702       8217        53527       1           54907       -           -                        
C            37855       15240       22615       34415       55705       51592       64493       73223       15          1016        -           -                        
C            53333       25926       27407       54129       66542       5676        68611       86963       1           25926       -           -                        
F            65636       51659       13977       65636       69270       15874       68611       47112       -           -           -           -                        
C            6361        7132        98896       6524        46675       85260       26435       33320       4           1783        -           -                        
C            64504       57968       6536        68804       71461       82011       10283       54789       4           14492       -           -                        
C            63481       87781       75367       41          73224       30398       24881       99234       41          2141        -           -                        
C            59291       80773       78185       29651       67933       23815       24881       55591       11          7343        -           -                        
C            64803       43500       21303       43212       63552       28399       46255       57456       30          1450        -           -                        
C            15951       86058       29560       16226       12163       43726       565         18731       1           86058       -           -                        
C            80569       59714       20855       79450       51295       40494       565         59541       1           59714       -           -                        
C            22215       8680        13535       44422       14448       9371        2474        56015       8           1085        -           -                        
C            97720       86896       10824       97726       20145       34375       54758       27918       4           21724       -           -                        
C            88176       53872       34304       88138       82298       69324       54758       87080       16          3367        -           -                        
C            75          19425       80317       95056       67827       91300       54758       36545       75          259         -           -                        
C            91063       75438       15625       96683       60665       45635       68094       94084       1143        66          -           -                        
C            94946       708         94238       95416       80674       74290       68094       7462        6           118         -           -                        
C            63429       26587       36842       95143       88448       46196       68094       25574       1           26587       -           -                        
C            86912       16686       70226       8343        27149       85372       85431       71077       8343        2           -           -                        
C            61676       34580       27096       61876       98331       22334       85431       48614       76          455         -           -                        
C            13827       40293       73201       14121       63089       64863       85431       24432       9           4477        -           -                        
C            98736       24973       73763       99041       96481       60376       92785       55394       221         113         -           -                        
C            61011       35388       25623       61018       51026       94996       64408       4919        6           5898        -           -                        
C            23600       23232       368         23597       90634       35934       64408       95262       2           11616       -           -                        
C            72552       20208       52344       72445       84339       6335        4788        72096       6           3368        -           -                        
C            2           69072       30597       12746       73882       75288       4788        21415       2           34536       -           -                        
C            39391       65715       73343       39397       95974       95878       76116       75198       1           65715       -           -                        
C            13815       18816       94666       784         69248       62384       76116       2211        784         24          -           -                        
C            45286       89870       55083       45281       98234       69937       70072       73453       1           89870       -           -                        
C            88245       18625       69620       90250       46918       31522       70072       98994       25          745         -           -                        
C            51202       94976       55893       50690       30862       62149       70072       8419        2           47488       -           -                        
C            74273       25855       48418       39722       15651       97861       70072       30906       5171        5           -           -                        
C            62098       62790       98975       61131       31545       37101       43133       94361       210         299         -           -                        
C            27884       86940       40611       27900       33033       97414       35648       74642       12          7245        -           -                        
C            31926       61778       69815       31204       64095       7127        46810       91949       158         391         -           -                        
C            39441       39310       131         45074       62162       46177       75976       75191       10          3931        -           -                        
C            51262       74400       76529       51504       87787       56977       75976       98654       200         372         -           -                        
C            15190       1648        13542       206         78049       49082       75976       93655       206         8           -           -                        
C            49349       96628       52388       54829       61508       534         79579       25163       29          3332        -           -                        
C            54055       17400       36655       57428       85495       80731       79579       90889       87          200         -           -                        
C            43801       20130       23671       43951       84475       69991       79579       70419       1           20130       -           -                        
C            67793       27380       40413       67014       70844       61652       21909       86488       20          1369        -           -                        
C            26656       98532       27791       27223       89762       27256       21909       99164       7           14076       -           -                        
C            99611       96492       3119        99011       6278        16066       2250        30052       11          8772        -           -                        
C            82530       72423       10107       8047        64935       49245       2250        44537       8047        9           -           -                        
C            98257       57461       40796       98261       85362       35373       55709       25761       1           57461       -           -                        
C            50581       36813       13768       50186       24910       22096       63345       72065       21          1753        -           -                        
C            80415       17410       63005       85145       36822       51763       31854       16636       5           3482        -           -                        
C            22084       63714       58037       44086       55772       71336       85025       6531        82          777         -           -                        
C            76905       17586       59319       79753       51108       29427       62705       27345       9           1954        -           -                        
C            94348       99238       94777       98481       43058       94732       62705       28552       3422        29          -           -                        
C            60057       95733       63991       62559       74335       51873       77116       64454       9           10637       -           -                        
C            51660       85596       65731       57608       55698       46712       77116       8784        4076        21          -           -                        
C            81566       48064       33502       81459       10285       70051       55597       45773       32          1502        -           -                        
C            29328       43896       85099       36306       26485       78527       55597       33012       1416        31          -           -                        
C            3           89094       10576       11189       34922       50964       93440       71729       3           29698       -           -                        
C            9           58806       40870       88763       48233       53312       93440       51338       9           6534        -           -                        
C            90884       87312       3572        91060       52699       89386       9555        65594       68          1284        -           -                        
C            89946       52924       37022       90578       57368       12625       9555        93351       202         262         -           -                        
C            63217       35629       27588       63366       32166       14596       12033       90890       41          869         -           -                        
C            15938       47280       68325       18212       34161       23662       57749       48185       20          2364        -           -                        
C            54385       96984       57068       3           81713       44471       57749       61680       3           32328       -           -                        
C            74933       18023       56910       75219       7352        91096       67024       74224       1           18023       -           -                        
C            63030       5568        57462       59336       35875       56932       58745       48746       232         24          -           -                        
C            16820       47124       69363       33638       48560       37696       81151       39055       2           23562       -           -                        
E            39274       9818        29456       -           4306        24021       51779       68885       -           -           -           -                        
C            61483       79021       82129       61405       31845       48607       17495       69724       19          4159        -           -                        
C            2           80740       18929       78690       65940       79762       17495       85551       2           40370       -           -                        
C            77495       39515       37980       77208       47644       72934       82513       71358       5           7903        -           -                        
C            45365       62651       82381       89273       6572        5003        82513       68178       1457        43          -           -                        
C            7290        21712       85245       14534       48538       85577       14113       30218       46          472         -           -                        
C            12612       12688       99591       12620       20358       29512       43373       22658       4           3172        -           -                        
C            86665       28250       58415       86855       25104       32666       2588        98088       25          1130        -           -                        
C            12111       87962       23816       9689        94431       66906       2588        42355       1           87962       -           -                        
C            72488       82350       89805       71959       61139       17995       2588        34336       15          5490        -           -                        
C            80805       37167       43638       80803       87493       43130       27255       62209       1           37167       -           -                        
C            58530       95175       63022       39021       33485       528         96137       65753       3           31725       -           -                        
C            37876       55460       82083       38058       38066       9919        96137       13695       20          2773        -           -                        
C            6512        45218       60961       7163        63750       55909       9803        41581       2           22609       -           -                        
C            53211       77902       74976       54275       78292       20164       32027       12031       11          7082        -           -                        
C            71587       81388       89866       71364       42197       86541       82198       72653       4           20347       -           -                        
C            91521       10097       81424       89233       3820        98151       30223       35721       1           10097       -           -                        
C            61489       63229       97927       56365       79720       64743       21510       46650       1           63229       -           -                        
C            57607       21476       36131       69128       18869       87654       21510       38708       2           10738       -           -                        
C            16658       76828       39497       17005       48904       84637       44957       48759       2           38414       -           -                        
C            36537       90801       45403       35036       86969       51377       58324       23485       513         177         -           -                        
C            342         20862       79147       93660       55811       29278       58324       48674       342         61          -           -                        
C            173         33216       66624       51437       39503       5557        21914       83412       173         192         -           -                        
C            20826       55269       65224       18601       49976       6775        56511       18223       801         69          -           -                        
C            50283       35368       14915       50252       24063       97536       56511       40555       1           35368       -           -                        
C            31058       70848       59877       31080       43130       89292       67356       54852       16          4428        -           -                        
C            99149       63531       35618       99505       14687       78033       67356       45661       181         351         -           -                        
C            92858       39996       52862       92420       41363       4778        23269       96856       2           19998       -           -                        
C            17503       86735       30435       16397       81750       28113       23269       27792       913         95          -           -                        
C            39608       22232       17376       36008       64587       66777       56407       24024       8           2779        -           -                        
C            16760       46128       70299       16808       65414       11330       2726        14396       8           5766        -           -                        
C            27328       89392       37603       25657       65682       60298       92198       44489       592         151         -           -                        
C            10530       89622       20575       21042       36210       28307       92408       22859       18          4979        -           -                        
C            54852       40860       13992       63767       15533       35731       77977       12303       1362        30          -           -                        
C            74669       94416       79920       74712       7757        2695        19879       70320       21          4496        -           -                        
C            37137       34304       2833        37132       23725       61772       11828       49627       2           17152       -           -                        
C            66932       89176       77423       66779       73947       85780       56655       23278       71          1256        -           -                        
C            33116       27359       5757        32803       22417       22783       56655       62028       251         109         -           -                        
C            9038        57800       50905       8941        3559        9888        56655       24996       17          3400        -           -                        
C            23754       10030       13724       35336       42270       54095       96903       10870       590         17          -           -                        
C            87518       85408       2110        87452       7399        15368       62676       13199       2           42704       -           -                        
F            20388       61374       58681       20388       23002       82362       62676       87728       -           -           -           -                        
C            90578       33792       56786       22          81142       96525       98098       57571       22          1536        -           -                        
C            60571       43204       17367       60532       96843       77764       35943       53771       4           10801       -           -                        
C            80576       39550       41026       80599       55502       57650       35943       18583       7           5650        -           -                        
C            17504       6205        11299       35007       48622       95607       35943       5877        1           6205        -           -                        
C            20157       47572       72252       19507       69516       60938       37606       85296       7           6796        -           -                        
C            19          39862       59824       18847       9668        77515       37606       10911       19          2098        -           -                        
C            3           74571       25099       25814       67823       32293       74455       72388       3           24857       -           -                        
C            39185       66250       72602       19595       62611       58464       92596       92301       5           13250       -           -                        
C            78889       41336       37553       71718       77809       89459       92596       89278       8           5167        -           -                        
C            62785       51104       11681       64066       2068        95746       27206       19881       16          3194        -           -                        
C            94098       92466       1632        94002       51339       67456       60268       88772       18          5137        -           -                        
C            38349       78513       59503       38283       88770       10533       60268       34145       3           26171       -           -                        
C            79343       63733       15610       80413       88782       8682        16576       36702       163         391         -           -                        
C            13183       53035       59815       12676       41828       55176       98901       59130       1           53035       -           -                        
C            65666       47864       17802       69122       12919       36041       98901       7109        2           23932       -           -                        
C            47644       2632        45012       42351       50420       89798       98901       22266       7           376         -           -                        
C            73124       55740       17384       73153       35375       28292       84291       1847        15          3716        -           -                        
C            89060       94122       94605       88569       90916       98051       30848       67607       189         498         -           -                        
C            48978       48948       30          97954       89281       31927       30848       98338       2           24474       -           -                        
C            46727       8371        38356       46715       54668       37417       30848       45810       11          761         -           -                        
C            4062        8632        95097       4034        13622       93814       56610       47266       2           4316        -           -                        
C            26286       52261       73692       52561       44187       73587       68524       91803       11          4751        -           -                        
C            75985       32368       43617       66286       85829       42936       55004       11752       8092        4           -           -                        
C            44          18788       80923       39427       92595       50293       1140        61500       44          427         -           -                        
C            13880       21500       92047       13979       9682        77423       1140        79287       20          1075        -           -                        
C            41204       94620       46251       44606       61399       96952       47863       15968       380         249         -           -                        
C            22447       39028       83086       22470       27665       8449        47863       46407       22          1774        -           -                        
C            11885       50241       61311       11898       55603       10056       15017       50002       3           16747       -           -                        
C            67469       85680       81456       67125       4471        93953       15017       91349       45          1904        -           -                        
C            73523       59400       14123       77822       97197       36123       15017       61713       440         135         -           -                        
C            34715       37183       97199       36757       72519       73229       7090        33161       1           37183       -           -                        
C            1           87240       12428       54992       85902       20820       7090        18240       1           87240       -           -                        
C            23732       12202       11530       23717       51806       81312       53120       96212       2           6101        -           -                        
C            83404       66448       16956       83431       90239       1820        53120       22066       1           66448       -           -                        
C            6           10662       89011       42571       85860       37317       53120       23604       6           1777        -           -                        
C            49261       47064       2197        50140       51879       1267        53120       31475       37          1272        -           -                        
C            55657       11243       44414       55651       28102       20051       53120       95947       1           11243       -           -                        
C            6548        95628       10587       9783        44454       48771       53120       18741       78          1226        -           -                        
C            75481       54905       20576       75141       33014       42536       99400       62726       1           54905       -           -                        
C            82565       76128       6437        9516        82643       37679       78114       2431        9516        8           -           -                        
C            32169       16677       15492       32010       22378       83902       78114       13037       51          327         -           -                        
C            26060       93412       32315       26163       12746       4639        78114       93278       1           93412       -           -                        
C            61144       15563       45581       54359       67580       20151       45204       18127       79          197         -           -                        
C            56798       6468        50330       3           17142       77637       45204       44479       3           2156        -           -                        
C            38627       39432       98862       72325       17874       36533       62826       51726       4929        8           -           -                        
C            589         83638       16618       10565       67830       40944       62826       9605        589         142         -           -                        
C            79186       83800       95053       77844       43654       47075       84561       26760       8           10475       -           -                        
C            67720       43640       24080       67820       26191       53514       84561       32142       20          2182        -           -                        
C            36798       83979       52486       29447       39609       85403       26760       54263       43          1953        -           -                        
C            2           6606        93063       20895       33677       30516       26760       39326       2           3303        -           -                        
C            42591       41535       1056        47835       46042       76443       26760       59437       639         65          -           -                        
C            8509        86398       21778       8525        68860       69974       44973       83032       13          6646        -           -                        
C            2487        69636       32518       31497       90709       60778       44973       78364       2487        28          -           -                        
C            88083       97076       90674       88991       15677       90912       69839       70721       7           13868       -           -                        
C            82341       60840       21501       58950       89164       61571       69839       11353       12168       5           -           -                        
C            4           66432       33239       23982       40752       50964       54077       71729       4           16608       -           -                        
C            1144        73216       27595       12708       62108       90180       54077       2312        1144        64          -           -                        
C            30198       5192        25006       30194       45735       33600       33745       76892       2           2596        -           -                        
C            65510       12856       52654       85204       48691       80575       33745       50193       6428        2           -           -                        
C            11794       15268       96193       15718       41664       8416        93946       14516       22          694         -           -                        
C            31646       56268       75045       31786       44358       59525       55230       63161       6           9378        -           -                        
C            65775       12629       53146       67504       82271       77548       41306       49701       73          173         -           -                        
C            78729       50698       28031       72673       84191       18897       41306       20180       1           50698       -           -                        
C            94          59408       40353       92899       1233        2177        41306       3039        94          632         -           -                        
C            36342       90192       45817       42398       12115       93303       3898        47920       6           15032       -           -                        
C            79874       19348       60526       92956       73975       72260       3898        87718       1382        14          -           -                        
C            82530       95112       87085       31704       19404       54612       35849       64169       31704       3           -           -                        
C            67533       56065       11468       67717       9691        49136       60479       65446       5           11213       -           -                        
C            28772       37233       91206       28783       66224       57833       60479       6004        7           5319        -           -                        
C            43773       3804        39969       43292       68950       42027       65910       81581       2           1902        -           -                        
C            82186       65573       16613       82191       34805       38781       98409       88604       1           65573       -           -                        
C            64346       36288       28058       864         27106       4405        29303       85343       864         42          -           -                        
C            12492       11420       1072        13384       56233       51942       29317       57307       4           2855        -           -                        
C            63874       31393       32481       63883       396         90516       29317       76843       1           31393       -           -                        
C            38155       84464       53358       38118       53484       83064       80968       48512       8           10558       -           -                        
C            84043       83642       401         89645       37667       96346       80968       40068       13          6434        -           -                        
C            97912       30549       67363       95867       34109       28472       11518       11987       1797        17          -           -                        
C            18991       78000       40658       19584       72136       29844       7130        80756       15          5200        -           -                        
C            51150       29520       21630       66970       72304       57369       7130        68283       3690        8           -           -                        
C            68018       10672       57346       67468       5171        22853       79573       22630       368         29          -           -                        
C            7419        83346       23740       8655        47723       50219       76946       92048       3           27782       -           -                        
C            70777       12128       58649       6064        41463       85372       87582       71077       6064        2           -           -                        
C            66387       81621       84433       66443       18585       31542       87582       5217        27          3023        -           -                        
C            419         96448       3638        400         5415        70494       49922       70070       1           96448       -           -                        
C            32160       87290       44537       32101       7771        74764       4827        15684       5           17458       -           -                        
C            72532       67125       5407        15          47496       69607       4827        31950       15          4475        -           -                        
C            42171       40365       1806        45668       92419       89705       4827        89967       207         195         -           -                        
C            23072       35262       87477       46141       61495       78253       4827        63086       3           11754       -           -                        
C            61030       90620       70077       5           49358       9537        96338       26010       5           18124       -           -                        
C            15410       22420       92657       15407       96152       38870       37806       78111       2           11210       -           -                        
C            16984       67936       48715       81493       33654       24663       37806       27941       16984       4           -           -                        
C            17485       33945       83207       26225       30791       97101       55905       24650       5           6789        -           -                        
C            83688       31680       52008       85056       80059       23662       24300       48185       240         132         -           -                        
C            49167       23779       25388       94937       82416       45700       64865       60194       3397        7           -           -                        
C            33482       62308       70841       29762       27277       76159       50701       98226       2           31154       -           -                        
C            18608       93735       24540       15          86174       65674       50701       67787       15          6249        -           -                        
C            32868       840         32028       32552       64988       51248       50701       30789       4           210         -           -                        
C            95965       52394       43571       96118       36281       3442        50701       90191       34          1541        -           -                        
C            26302       24488       1814        27617       74422       36048       24719       85094       2           12244       -           -                        
C            64818       60088       4730        65863       54534       89885       24719       53594       28          2146        -           -                        
C            59348       62698       96317       53419       16439       43686       80718       10056       58          1081        -           -                        
C            72905       47027       25878       73112       63863       332         4876        87977       41          1147        -           -                        
C            14315       26840       87142       305         52511       59000       58738       9316        305         88          -           -                        
C            63760       77916       85511       63957       94702       15163       58738       67794       129         604         -           -                        
C            98215       73962       24253       98498       18838       89059       13370       55853       14          5283        -           -                        
C            74601       14588       60013       37301       87799       50477       13370       22942       1           14588       -           -                        
C            32210       48704       83173       31539       7808        11020       13370       31867       2           24352       -           -                        
C            79981       22939       57042       60014       50518       24331       12199       33814       113         203         -           -                        
C            57          87324       12400       11707       43506       13757       12199       74955       57          1532        -           -                        
C            77963       82797       94833       78469       65396       71048       88027       13512       39          2123        -           -                        
C            31652       25940       5712        15828       22225       91219       83214       34666       4           6485        -           -                        
C            3057        39615       63109       3566        53501       22815       83214       81538       3           13205       -           -                        
C            87620       67472       20148       92774       10677       66304       11688       75403       2           33736       -           -                        
C            70694       32384       38310       59157       79766       18437       11921       72366       1472        22          -           -                        
C            23042       68440       54269       45852       54134       2166        11921       66252       232         295         -           -                        
C            93202       66055       27147       86125       68759       17536       14541       28997       1201        55          -           -                        
C            32747       10186       22561       33132       58451       25003       14541       89022       22          463         -           -                        
C            35717       24005       11712       35741       29944       70967       96653       23250       5           4801        -           -                        
C            34043       81696       52014       33623       53233       59599       96653       34165       23          3552        -           -                        
C            11893       35786       75774       8340        92339       8649        8929        62423       1234        29          -           -                        
C            71162       20570       50592       70768       69592       35553       8929        55044       242         85          -           -                        
C            22960       19220       3740        11490       81584       72979       8929        56846       20          961         -           -                        
C            23420       93680       29407       51784       9574        12685       8929        40547       23420       4           -           -                        
C            50228       11510       38718       25115       25707       92100       94184       95961       2           5755        -           -                        
C            67513       50096       17417       101         50370       42635       4387        17556       101         496         -           -                        
C            51687       91385       59969       64607       12949       87280       4387        65192       7           13055       -           -                        
C            22251       85616       36302       5351        45739       87434       14168       3606        5351        16          -           -                        
C            44381       28623       15758       50137       76219       33641       14501       53441       4089        7           -           -                        
C            89939       97254       92352       89922       92081       64392       32518       7476        9           10806       -           -                        
C            89800       84884       4916        92227       61340       41563       57039       32121       1           84884       -           -                        
C            68199       528         67671       68300       82717       2936        57039       11078       24          22          -           -                        
C            22877       12402       10475       39553       1483        26842       95755       85226       6201        2           -           -                        
C            49945       74235       75377       49822       92421       8301        86188       5753        7           10605       -           -                        
C            59743       27959       31784       59860       82162       24650       92618       7867        73          383         -           -                        
C            16890       16860       30          16965       45190       81505       92618       93514       15          1124        -           -                        
C            60680       61306       99041       60473       49140       4871        75383       84704       29          2114        -           -                        
C            7186        60170       46683       6289        93226       97314       97005       70768       10          6017        -           -                        
C            96820       49752       47068       95768       44634       45229       97005       22456       36          1382        -           -                        
C            41101       40224       877         42524       38548       41473       97005       86668       1257        32          -           -                        
C            42786       70200       72253       40112       41355       57743       58447       62036       2           35100       -           -                        
C            24597       4020        20577       268         40721       86996       58447       9269        268         15          -           -                        
C            99025       41504       57521       94953       63342       82472       85818       88175       1297        32          -           -                        
C            7962        38214       69415       9278        26147       93477       2285        93379       66          579         -           -                        
C            93956       95280       98343       93972       50084       47523       35935       88708       4           23820       -           -                        
C            5630        53370       51927       5621        49222       63882       35935       36096       5           10674       -           -                        
C            73227       85416       87478       73239       87098       27042       35935       84705       3           28472       -           -                        
C            99534       2514        97020       96518       10438       90567       76447       5271        6           419         -           -                        
C            158         41554       58271       83158       39275       2352        76447       71977       158         263         -           -                        
C            40107       5031        35076       37245       90922       33503       55244       67561       39          129         -           -                        
C            94561       18543       76018       87355       56101       14962       55244       59016       883         21          -           -                        
C            78895       22224       56671       39679       30366       30227       24134       31687       463         48          -           -                        
C            95253       20432       74821       2554        8990        42550       24134       41399       2554        8           -           -                        
C            21051       54495       66223       18420       57053       23009       24134       54842       3           18165       -           -                        
C            5864        63500       42031       5609        69661       22158       72327       21329       254         250         -           -                        
C            50125       62062       87730       58412       71196       91862       40881       52147       403         154         -           -                        
C            46158       82960       62865       35137       2693        45831       40881       19942       2074        40          -           -                        
C            12          25812       73867       61942       9978        46054       40881       77255       12          2151        -           -                        
C            93316       92950       366         92354       63921       86058       40881       53068       2           46475       -           -                        
C            1           87043       12625       37789       79467       46215       81990       11487       1           87043       -           -                        
C            82181       23932       58249       78286       94535       63102       81990       72318       386         62          -           -                        
C            67115       15236       51879       76661       83679       2682        81990       36330       293         52          -           -                        
C            94903       22605       72298       63497       74334       5175        81990       6231        685         33          -           -                        
C            56443       7210        49233       70528       24275       96451       81876       83737       103         70          -           -                        
C            62452       58562       3890        62479       2153        42016       81876       72567       1           58562       -           -                        
C            65068       88665       76070       72285       81590       96388       19522       67083       115         771         -           -                        
C            50327       75932       74062       49300       91887       25615       19522       19155       4           18983       -           -                        
C            90          38610       61147       26419       98583       87598       64366       77381       90          429         -           -                        
C            92587       72591       19996       92261       20201       52115       50878       76921       3           24197       -           -                        
C            90314       98264       91717       95293       59413       54684       59528       38048       692         142         -           -                        
C            81739       5886        75853       81737       48443       40833       59528       90954       1           5886        -           -                        
C            30224       64524       65367       29860       62130       48687       69639       68945       12          5377        -           -                        
C            61478       69678       91467       61461       38144       8052        94052       25854       6           11613       -           -                        
C            95639       84502       11137       95951       18441       69163       94052       94802       167         506         -           -                        
C            57160       98494       58333       28987       81316       64754       74696       57076       814         121         -           -                        
C            40415       27951       12464       30402       8000        84646       74696       39210       363         77          -           -                        
C            7681        5568        2113        1392        49474       34235       74696       37273       1392        4           -           -                        
C            70498       16240       54258       70365       76326       88374       43809       92783       8           2030        -           -                        
C            36074       87000       48741       18153       35790       49433       3699        22392       232         375         -           -                        
C            84618       32648       51970       65504       58617       30741       3699        67967       8162        4           -           -                        
C            46351       73145       72873       46366       36304       80665       30929       39966       1           73145       -           -                        
C            11538       45539       65666       22963       60165       10281       30929       84656       113         403         -           -                        
C            52920       78780       73807       51169       3926        58681       13852       84506       390         202         -           -                        
C            79035       30248       48787       79154       64337       70642       86436       14172       19          1592        -           -                        
C            18662       52424       65905       19595       66623       82079       86436       90460       2           26212       -           -                        
C            77313       10680       66633       75966       31595       29882       86436       54747       534         20          -           -                        
C            37725       7410        30315       37766       27238       89679       89652       59900       5           1482        -           -                        
C            84472       77140       7332        76794       34133       71077       89652       19055       14          5510        -           -                        
C            50          53250       46467       81719       92416       87230       19742       31002       50          1065        -           -                        
C            36756       33678       3078        36733       74703       7660        19742       75224       2           16839       -           -                        
C            48648       48692       99623       3478        92696       62093       19742       71966       3478        14          -           -                        
C            12698       8141        4557        25395       62715       18904       94849       95888       1           8141        -           -                        
C            36607       93108       43166       36542       52993       33828       52168       43688       12          7759        -           -                        
C            77836       94680       82823       4734        9339        45912       8015        21237       4734        20          -           -                        
C            88103       37620       50483       87989       35938       58827       8015        44801       95          396         -           -                        
C            4           20416       79255       41503       7033        32685       8015        97941       4           5104        -           -                        
C            82107       19344       62763       248         62940       71949       4241        30670       248         78          -           -                        
C            22162       22700       99129       13351       37236       73423       4241        8523        4540        5           -           -                        
C            91484       35900       55584       91460       73212       45846       86774       84709       20          1795        -           -                        
C            36          22788       76915       1754        13901       47041       29680       88957       36          633         -           -                        
C            14356       51740       62283       17222       18239       75493       65484       24298       26          1990        -           -                        
C            34833       57276       77224       35250       87918       2245        11692       62006       222         258         -           -                        
C            15923       44853       70737       7962        3955        18625       11692       45775       1           44853       -           -                        
C            21926       4154        17772       11030       73952       84764       11692       4833        134         31          -           -                        
C            50345       17045       33300       75514       5667        89638       11692       29831       7           2435        -           -                        
C            15060       98490       16237       3283        13903       46425       39086       97079       3283        30          -           -                        
C            43227       45276       97618       86421       92022       41094       39086       67825       33          1372        -           -                        
C            99238       95212       4026        49620       61290       68592       39086       11196       2           47606       -           -                        
C            94630       35780       58850       89899       41079       49735       29038       62418       10          3578        -           -                        
C            23941       23282       659         17956       75928       95451       89762       52593       1           23282       -           -                        
C            48839       26488       22351       45584       69217       67268       85853       76800       14          1892        -           -                        
C            57236       9288        47948       57179       30953       64082       71171       70852       8           1161        -           -                        
C            11008       81461       29214       11017       73519       72          88540       76470       1           81461       -           -                        
C            40209       7375        32834       20117       1922        83654       12031       81262       25          295         -           -                        
C            74968       2304        72664       75732       56384       16695       12031       47175       96          24          -           -                        
C            53415       77558       75524       4082        40808       36347       75759       92591       4082        19          -           -                        
C            73928       66264       7664        75272       68814       93417       75759       52133       8           8283        -           -                        
C            14776       82620       31823       14503       25975       67306       67390       87737       34          2430        -           -                        
C            3361        24024       79004       3301        39569       31047       67390       40750       1           24024       -           -                        
C            9429        69540       39556       9300        56524       9945        44607       77578       12          5795        -           -                        
C            23539       92862       30344       20931       26179       69896       44607       72381       67          1386        -           -                        
C            3145        90020       12792       3169        47140       62145       82329       78653       1           90020       -           -                        
C            89960       37131       52829       3           54078       50309       82329       54744       3           12377       -           -                        
C            24399       2528        21871       632         27112       83198       58139       33791       632         4           -           -                        
C            90483       41125       49358       5875        31563       14472       14139       1637        5875        7           -           -                        
C            2           46034       53635       6038        93493       40518       32229       16975       2           23017       -           -                        
C            50306       79178       70795       55889       28515       10638       13545       54637       59          1342        -           -                        
C            75452       48828       26624       75682       43296       77298       85717       93508       12          4069        -           -                        
C            96391       31410       64981       96677       17543       89378       85717       73086       9           3490        -           -                        
C            82736       48077       34659       82741       69730       1269        98158       98094       1           48077       -           -                        
C            84799       72782       12017       98932       53671       93953       78073       91349       1           72782       -           -                        
C            67266       26940       40326       67236       46375       28568       78073       57340       6           4490        -           -                        
C            32647       66256       66058       32520       94807       79973       12809       31322       8           8282        -           -                        
C            66751       64887       1864        66748       81          73421       12809       59863       1           64887       -           -                        
C            28386       37160       90893       42559       78803       79358       12809       3323        40          929         -           -                        
C            62559       69513       92713       65162       37312       93306       12809       36792       87          799         -           -                        
C            47772       96440       50999       48106       74955       89558       12809       83466       10          9644        -           -                        
C            19859       65505       54021       23167       72314       93971       71490       1047        11          5955        -           -                        
C            29556       43794       85429       29813       41775       83888       649         88617       1           43794       -           -                        
C            12879       15707       96839       13243       53370       39910       649         5190        139         113         -           -                        
C            7958        69298       38327       7994        11051       67696       649         38210       2           34649       -           -                        
C            56675       81453       74889       51523       9461        87326       31238       30959       3           27151       -           -                        
C            21739       60602       60804       157         29995       37810       31238       43278       157         386         -           -                        
C            85466       23712       61754       85498       60607       78624       93167       68220       26          912         -           -                        
C            7508        75080       32095       26620       49965       24456       93167       10045       7508        10          -           -                        
E            30002       22502       7500        -           25713       258         87123       82985       -           -           -           -                        
E            21098       15824       5274        -           72435       49722       38861       30977       -           -           -           -                        
F            15757       64301       51123       15757       11230       95932       54775       53052       -           -           -           -                        
F            84779       28974       55805       84779       63328       51256       67436       6557        -           -           -           -                        
A            59611       5636        53975       70406       56033       73795       33324       94861       5636        1           -           -                        
E            69722       52292       17430       -           11561       79237       96860       86628       -           -           -           -                        
F            62856       7028        55828       62856       67484       25185       57667       67453       -           -           -           -                        
E            18814       14111       4703        -           27345       66422       94845       10031       -           -           -           -                        
F            20407       66710       53364       20407       2637        2918        28623       11175       -           -           -           -                        
F            53728       65412       87983       53728       48781       47202       23008       63952       -           -           -           -                        
F            86296       29017       57279       86296       26016       9780        52381       56014       -           -           -           -                        
A            90415       13751       76664       52083       41550       67048       34139       82989       13751       1           -           -                        
F            41467       52301       88833       41467       68259       90809       89966       48077       -           -           -           -                        
A            18994       42          18952       18582       70504       99246       74919       53099       42          1           -           -                        
F            26860       4985        21875       26860       16104       19435       94601       26520       -           -           -           -                        
A            75756       1675        74081       86339       84764       38482       13764       17194       1675        1           -           -                        
F            20848       13377       7471        20848       91844       69712       32950       83052       -           -           -           -                        
A            66531       547         65984       64469       73083       64239       81898       55161       547         1           -           -                        
F            51088       10932       40156       51088       52640       86066       47661       38784       -           -           -           -                        
E            10538       2634        7904        -           53561       28626       24738       24747       -           -           -           -                        
F            32204       19614       12590       32204       64222       55469       31107       8511        -           -           -           -                        
E            90238       22559       67679       -           2826        92770       49240       98229       -           -           -           -                        
A            49492       7076        42416       70700       5557        95716       54918       9794        7076        1           -           -                        
F            73790       38202       35588       73790       75226       32522       49820       16159       -           -           -           -                        
F            76351       96355       79663       76351       99102       93005       81552       53632       -           -           -           -                        
E            20534       15401       5133        -           3368        45790       12842       32349       -           -           -           -                        
E            27535       31800       95402       -           74584       7211        78586       22290       -           -           -           -                        
F            15869       35105       80431       15869       76291       83085       67063       77405       -           -           -           -                        
E            69234       17308       51926       -           23082       91823       96958       41669       -           -           -           -                        
A            28587       3939        24648       20371       23096       58478       85848       92275       3939        1           -           -                        
E            84494       21123       63371       -           54884       30553       98321       84397       -           -           -           -                        
F            60254       53991       6263        60254       15414       72074       74752       98720       -           -           -           -                        
F            81609       26244       55365       81609       50552       44017       73807       78272       -           -           -           -                        
F            71415       68298       3117        71415       88804       76          48673       76595       -           -           -           -                        
F            73033       9093        63940       73033       13952       19300       15890       32411       -           -           -           -                        
E            823         25122       75368       -           31156       7347        78515       94735       -           -           -           -                        
E            26103       31442       94328       -           28890       42082       27139       68012       -           -           -           -                        
F            2626        53256       49037       2626        80028       98728       62136       31056       -           -           -           -                        
F            97480       95347       2133        97480       68295       61871       44134       45926       -           -           -           -                        
A            17312       2699        14613       12441       47276       43077       27453       1246        2699        1           -           -                        
F            22231       45645       76253       22231       52729       25686       2574        40392       -           -           -           -                        
E            3631        25824       77474       -           19545       9777        98067       52795       -           -           -           -                        
F            31815       32522       98960       31815       3271        85234       67423       38402       -           -           -           -                        
F            71261       31800       39461       71261       21846       17609       62578       13086       -           -           -           -                        
A            28678       3506        25172       32274       65998       55414       82703       57561       3506        1           -           -                        
A            97814       9470        88344       75728       93222       66469       56054       64871       9470        1           -           -                        
E            13587       28313       84941       -           18592       10248       30365       88159       -           -           -           -                        
A            91635       2265        89370       88325       21260       71004       26836       11181       2265        1           -           -                        
E            15122       11342       3780        -           60589       56698       41539       71530       -           -           -           -                        
F            68347       76449       91565       68347       32453       32860       6728        59364       -           -           -           -                        
A            65935       15735       50200       40835       31424       22885       33159       4425        15735       1           -           -                        
F            15197       61210       53654       15197       11576       27148       20649       53541       -           -           -           -                        
A            55820       10004       45816       78728       12479       44892       64151       99548       10004       1           -           -                        
A            48628       8813        39815       88443       87606       23172       10857       77743       8813        1           -           -                        
E            43430       32573       10857       -           93908       65270       26812       58905       -           -           -           -                        
F            61422       67312       93777       61422       12581       19398       30945       82030       -           -           -           -                        
A            52808       19954       32854       85662       27393       49853       54874       57182       19954       1           -           -                        
F            82188       78867       3321        82188       3250        13396       93272       19927       -           -           -           -                        
A            34787       5299        29488       49531       93255       58950       30231       6854        5299        1           -           -                        
A            54696       4356        50340       29526       22227       26381       8056        91569       4356        1           -           -                        
E            7307        80231       26743       -           87785       44976       54345       28001       -           -           -           -                        
A            51002       23435       27567       78569       59996       86121       10506       77186       23435       1           -           -                        
F            53261       76503       76425       53261       92231       39546       3003        75705       -           -           -           -                        
E            42186       31640       10546       -           9116        48368       87408       47541       -           -           -           -                        
A            85322       12528       72794       48925       81468       43667       79122       42853       12528       1           -           -                        
F            99022       80333       18689       99022       43771       41141       71092       61620       -           -           -           -                        
F            21046       54698       66015       21046       39379       32035       92469       60489       -           -           -           -                        
F            16938       24149       92456       16938       4414        74517       63206       4544        -           -           -           -                        
A            78604       56          78548       78873       8392        18501       98968       91306       56          1           -           -                        
F            58989       42594       16395       58989       97140       1081        95792       68413       -           -           -           -                        
A            13600       678         12922       15446       26608       41526       58345       49856       678         1           -           -                        
A            33629       3855        29774       63403       36760       1821        11752       95          3855        1           -           -                        
A            45953       20485       25468       71421       96181       81034       36008       28499       20485       1           -           -                        
A            47359       884         46475       49218       58843       77708       17658       63681       884         1           -           -                        
E            23303       30742       92228       -           80243       26695       97155       65605       -           -           -           -                        
F            44048       61112       82603       44048       22020       53031       36875       41843       -           -           -           -                        
A            22675       1214        21461       20724       32758       19345       16375       1643        1214        1           -           -                        
A            40205       2349        37856       78061       67542       78515       41544       60644       2349        1           -           -                        
F            17043       92366       24344       17043       13610       47755       58974       62414       -           -           -           -                        
F            70015       57595       12420       70015       36475       22012       45088       33652       -           -           -           -                        
A            46106       9606        36500       82606       81058       64721       5403        53167       9606        1           -           -                        
F            3199        92484       10382       3199        46560       72873       922         59571       -           -           -           -                        
A            17049       1308        15741       15300       8496        30831       76410       19286       1308        1           -           -                        
F            83912       85768       97811       83912       78197       21285       76652       31999       -           -           -           -                        
A            94817       16375       78442       55596       19724       46855       38853       53801       16375       1           -           -                        
E            13938       10454       3484        -           6255        77057       20361       54703       -           -           -           -                        
F            12597       8490        4107        12597       98314       91923       48789       92810       -           -           -           -                        
F            27157       59697       67127       27157       41423       60143       42255       29909       -           -           -           -                        
F            38724       83636       54755       38724       98737       81621       41606       29703       -           -           -           -                        
F            11951       50277       61341       11951       79906       39728       22359       57525       -           -           -           -                        
A            96287       2807        93480       91367       73739       44729       94994       10198       2807        1           -           -                        
F            11449       84991       26125       11449       24571       62520       79318       3934        -           -           -           -                        
F            22957       66862       55762       22957       13837       42571       34383       66207       -           -           -           -                        
F            3743        51453       51957       3743        84732       20447       14292       6730        -           -           -           -                        
F            41818       83615       57870       41818       43124       92434       97693       44180       -           -           -           -                        
F            78339       25163       53176       78339       31684       74262       59228       57689       -           -           -           -                        
F            49636       91961       57342       49636       58033       56686       42819       45326       -           -           -           -                        
A            39541       15115       24426       63967       75708       69035       62673       47755       15115       1           -           -                        
E            96042       72032       24010       -           51338       5231        82960       18398       -           -           -           -                        
E            68734       17183       51551       -           22920       93222       62903       35880       -           -           -           -                        
F            89299       86509       2790        89299       76902       28134       27964       26361       -           -           -           -                        
A            34020       1020        33000       36220       16826       18803       22650       76862       1020        1           -           -                        
F            35225       29928       5297        35225       9952        23368       3298        89495       -           -           -           -                        
F            94256       81722       12534       94256       66476       83590       45439       98034       -           -           -           -                        
A            14368       428         13940       12974       13727       34794       27864       53816       428         1           -           -                        
F            33949       17627       16322       33949       94771       99314       91130       38939       -           -           -           -                        
E            60314       45236       15078       -           64531       3479        11334       81137       -           -           -           -                        
F            74064       63879       10185       74064       43191       64688       33484       64577       -           -           -           -                        
F            75655       97518       77804       75655       71241       70875       6289        22892       -           -           -           -                        
F            74327       14082       60245       74327       12154       16251       88106       15221       -           -           -           -                        
F            27410       30715       96362       27410       12105       55908       84148       51668       -           -           -           -                        
A            97101       2487        94614       93462       65772       73747       42827       88452       2487        1           -           -                        
F            91773       76405       15368       91773       61036       4510        69589       83615       -           -           -           -                        
F            38930       40597       98000       38930       17030       14926       32278       19134       -           -           -           -                        
E            16807       87356       29118       -           82827       71402       51587       79468       -           -           -           -                        
E            57738       43304       14434       -           21502       28807       98257       52714       -           -           -           -                        
F            63869       65035       98501       63869       90288       95112       28159       23446       -           -           -           -                        
F            86588       70861       15727       86588       21094       51222       35953       61857       -           -           -           -                        
E            66190       16547       49643       -           10730       85873       62992       5101        -           -           -           -                        
F            16925       8288        8637        16925       56733       64379       77770       66234       -           -           -           -                        
E            14599       85700       28566       -           42050       43850       86917       46458       -           -           -           -                        
E            96054       24013       72041       -           4928        2146        75580       71863       -           -           -           -                        
F            19018       40042       78643       19018       57256       77863       62463       94825       -           -           -           -                        
E            35502       8875        26627       -           99582       17456       17848       64386       -           -           -           -                        
E            54850       13712       41138       -           36132       65081       29830       6433        -           -           -           -                        
E            24338       6084        18254       -           1272        60718       26436       93090       -           -           -           -                        
F            68502       51273       17229       68502       84181       49887       89053       77981       -           -           -           -                        
F            62531       10784       51747       62531       82522       63610       54870       84244       -           -           -           -                        
F            48088       88415       59340       48088       83924       50549       32262       1843        -           -           -           -                        
F            71268       92651       78284       71268       26442       91709       39091       49445       -           -           -           -                        
A            98542       20274       78268       59408       35807       12491       91808       41705       20274       1           -           -                        
A            51395       17898       33497       84892       26615       19285       27916       89055       17898       1           -           -                        
F            85619       57688       27931       85619       52092       70822       27207       61410       -           -           -           -                        
F            12087       49014       62740       12087       55665       67777       85199       23560       -           -           -           -                        
F            16762       20883       95546       16762       33015       48631       65720       29543       -           -           -           -                        
E            33970       25478       8492        -           91778       17701       3738        6162        -           -           -           -                        
A            85279       2608        82671       57722       30691       4597        16982       16877       2608        1           -           -                        
F            79567       21790       57777       79567       81572       96143       95769       67389       -           -           -           -                        
A            58609       859         57750       39359       73324       66848       27759       60149       859         1           -           -                        
E            40546       30410       10136       -           5415        14010       71977       71972       -           -           -           -                        
E            90790       68093       22697       -           25316       89341       36219       73501       -           -           -           -                        
F            34186       63172       70681       34186       4938        76826       87444       14101       -           -           -           -                        
A            79001       659         78342       71879       91215       5522        48507       59444       659         1           -           -                        
F            805         60400       40072       805         48878       76301       20210       36497       -           -           -           -                        
A            70154       1239        68915       56371       57370       4808        17670       28757       1239        1           -           -                        
E            82966       62225       20741       -           59614       36879       81884       17972       -           -           -           -                        
E            30403       97553       32517       -           33753       54347       63887       66232       -           -           -           -                        
F            6660        75024       31303       6660        14671       6923        40915       58592       -           -           -           -                        
F            31228       69315       61580       31228       61923       97691       93892       73642       -           -           -           -                        
E            77130       57848       19282       -           65892       3219        65966       19973       -           -           -           -                        
E            27579       95435       31811       -           47338       89340       40985       72111       -           -           -           -                        
A            44182       17900       26282       70464       21843       44505       52004       39634       17900       1           -           -                        
F            802         88553       11916       802         71897       20120       58359       71630       -           -           -           -                        
E            25398       19049       6349        -           86933       41867       26473       90829       -           -           -           -                        
E            70898       53174       17724       -           57808       30420       32106       92106       -           -           -           -                        
A            47321       5425        41896       89217       65429       21239       13029       29270       5425        1           -           -                        
A            95894       786         95108       98962       41807       801         1826        39822       786         1           -           -                        
E            47210       35408       11802       -           92941       74291       55165       9182        -           -           -           -                        
E            4978        3734        1244        -           52337       3694        88318       73433       -           -           -           -                        
A            36294       1674        34620       38025       30923       25312       80873       25978       1674        1           -           -                        
F            4665        20424       83908       4665        25335       92291       84374       64746       -           -           -           -                        
E            21826       5456        16370       -           88117       61963       39467       51067       -           -           -           -                        
A            52088       12275       39813       91901       19796       79558       91668       23558       12275       1           -           -                        
E            87082       65312       21770       -           41906       30345       19443       15594       -           -           -           -                        
E            11242       8432        2810        -           82309       66447       23802       38045       -           -           -           -                        
F            93224       49780       43444       93224       39057       26937       53572       98104       -           -           -           -                        
A            20888       2236        18652       39540       45441       19221       94504       52085       2236        1           -           -                        
F            99508       46868       52640       99508       49777       18525       13166       51209       -           -           -           -                        
F            93494       37335       56159       93494       97401       42359       85262       33719       -           -           -           -                        
A            52251       6033        46218       59954       88233       33066       79443       27954       6033        1           -           -                        
A            29950       11795       18155       48105       94890       46746       74407       20319       11795       1           -           -                        
A            98679       7175        91504       85607       22549       72028       99048       57381       7175        1           -           -                        
F            84463       61258       23205       84463       3543        73248       25080       1677        -           -           -           -                        
E            75858       18964       56894       -           53395       71073       7147        89388       -           -           -           -                        
A            65912       10952       54960       54920       3776        73709       9414        65251       10952       1           -           -                        
--------------------------------------------------------------------------------------------------------------------------------------------------------------------------
case         s           s_zk        s_rxk       s_zr        z           r           x           k-1         a           m1          m2          f                        
--------------------------------------------------------------------------------------------------------------------------------------------------------------------------

Statistics:

Total Key Count: 10000
Transaction Limit Per Key: 1000
Total Transaction Count: 10000000
Maximum Transaction Count: 9.867068e+19
Total Cases: 9997920
Case A Count: 55
Case B Count: 0
Case C Count: 13344
Case D Count: 9984381
Case E Count: 52
Case F Count: 88
Case D0 Count: 1184426
Case D1 Count: 1183336
Case D2 Count: 1090245
Case D3 Count: 847561
Case D4 Count: 650490
Case D5 Count: 507992
Case D6 Count: 409154
Case D7 Count: 334928
Case D8 Count: 281011
Case D9 Count: 238160
Case D10 Count: 204209
Case D11 Count: 177817
Case D12 Count: 156941
Case D13 Count: 138728
Case D14 Count: 124562
Case D15 Count: 111108
Case D16 Count: 101801
Case D17 Count: 92166
Case D18 Count: 84258
Case D19 Count: 76798
Case D20 Count: 71069
Case D21 Count: 65180
Case D22 Count: 60993
Case D23 Count: 56779
Case D24 Count: 53017
Case D25 Count: 49429
Case D26 Count: 46336
Case D27 Count: 43816
Case D28 Count: 40792
Case D29 Count: 38817
Case D30 Count: 36383
Case D31 Count: 34608
Case D32 Count: 32619
Case D33 Count: 31395
Case D34 Count: 29844
Case D35 Count: 28570
Case D36 Count: 27132
Case D37 Count: 25813
Case D38 Count: 24725
Case D39 Count: 23525
Case D40 Count: 22778
Case D41 Count: 21564
Case D42 Count: 20862
Case D43 Count: 19973
Case D44 Count: 19042
Case D45 Count: 18528
Case D46 Count: 17733
Case D47 Count: 17238
Case D48 Count: 16380
Case D49 Count: 15967
Case D50 Count: 15343
Case D51 Count: 14962
Case D52 Count: 14488
Case D53 Count: 13844
Case D54 Count: 13598
Case D55 Count: 13080
Case D56 Count: 12668
Case D57 Count: 12460
Case D58 Count: 11869
Case D59 Count: 11609
Case D60 Count: 11208
Case D61 Count: 10908
Case D62 Count: 10655
Case D63 Count: 10507
Case D64 Count: 10170
Case D65 Count: 9727
Case D66 Count: 9553
Case D67 Count: 9284
Case D68 Count: 9147
Case D69 Count: 9085
Case D70 Count: 8607
Case D71 Count: 8273
Case D72 Count: 8059
Case D73 Count: 8176
Case D74 Count: 7763
Case D75 Count: 7638
Case D76 Count: 7496
Case D77 Count: 7272
Case D78 Count: 7164
Case D79 Count: 6903
Case D80 Count: 6881
Case D81 Count: 6705
Case D82 Count: 6584
Case D83 Count: 6229
Case D84 Count: 6205
Case D85 Count: 6159
Case D86 Count: 5982
Case D87 Count: 5937
Case D88 Count: 5904
Case D89 Count: 5648
Case D90 Count: 5508
Case D91 Count: 5430
Case D92 Count: 5248
Case D93 Count: 5210
Case D94 Count: 5100
Case D95 Count: 5191
Case D96 Count: 5019
Case D97 Count: 4755
Case D98 Count: 4763
Case D99 Count: 4815
Case D100 Count: 4524
Case D101 Count: 4418
Case D102 Count: 4303
Case D103 Count: 4296
Case D104 Count: 4275
Case D105 Count: 4252
Case D106 Count: 4103
Case D107 Count: 4034
Case D108 Count: 3994
Case D109 Count: 3902
Case D110 Count: 3832
Case D111 Count: 3704
Case D112 Count: 3828
Case D113 Count: 3627
Case D114 Count: 3554
Case D115 Count: 3490
Case D116 Count: 3509
Case D117 Count: 3446
Case D118 Count: 3374
Case D119 Count: 3378
Case D120 Count: 3304
Case D121 Count: 3305
Case D122 Count: 3259
Case D123 Count: 3143
Case D124 Count: 3224
Case D125 Count: 3097
Case D126 Count: 2993
Case D127 Count: 3095
Case D128 Count: 3008
Case D129 Count: 3024
Case D130 Count: 2860
Case D131 Count: 2837
Case D132 Count: 2708
Case D133 Count: 2757
Case D134 Count: 2639
Case D135 Count: 2746
Case D136 Count: 2657
Case D137 Count: 2711
Case D138 Count: 2662
Case D139 Count: 2564
Case D140 Count: 2524
Case D141 Count: 2582
Case D142 Count: 2524
Case D143 Count: 2358
Case D144 Count: 2243
Case D145 Count: 2376
Case D146 Count: 2440
Case D147 Count: 2320
Case D148 Count: 2266
Case D149 Count: 2262
Case D150 Count: 2281
Case D151 Count: 2198
Case D152 Count: 2169
Case D153 Count: 2092
Case D154 Count: 2122
Case D155 Count: 2098
Case D156 Count: 2030
Case D157 Count: 2047
Case D158 Count: 2048
Case D159 Count: 1999
Case D160 Count: 1889
Case D161 Count: 1968
Case D162 Count: 1902
Case D163 Count: 1844
Case D164 Count: 1906
Case D165 Count: 1912
Case D166 Count: 1830
Case D167 Count: 1748
Case D168 Count: 1844
Case D169 Count: 1843
Case D170 Count: 1764
Case D171 Count: 1828
Case D172 Count: 1673
Case D173 Count: 1692
Case D174 Count: 1738
Case D175 Count: 1735
Case D176 Count: 1726
Case D177 Count: 1626
Case D178 Count: 1681
Case D179 Count: 1648
Case D180 Count: 1616
Case D181 Count: 1534
Case D182 Count: 1551
Case D183 Count: 1514
Case D184 Count: 1507
Case D185 Count: 1502
Case D186 Count: 1510
Case D187 Count: 1495
Case D188 Count: 1526
Case D189 Count: 1458
Case D190 Count: 1507
Case D191 Count: 1484
Case D192 Count: 1413
Case D193 Count: 1364
Case D194 Count: 1404
Case D195 Count: 1358
Case D196 Count: 1370
Case D197 Count: 1375
Case D198 Count: 1348
Case D199 Count: 1352
Case D200 Count: 1350
Case D201 Count: 1365
Case D202 Count: 1333
Case D203 Count: 1288
Case D204 Count: 1223
Case D205 Count: 1276
Case D206 Count: 1269
Case D207 Count: 1280
Case D208 Count: 1213
Case D209 Count: 1201
Case D210 Count: 1191
Case D211 Count: 1251
Case D212 Count: 1219
Case D213 Count: 1152
Case D214 Count: 1213
Case D215 Count: 1197
Case D216 Count: 1140
Case D217 Count: 1145
Case D218 Count: 1123
Case D219 Count: 1118
Case D220 Count: 1060
Case D221 Count: 1108
Case D222 Count: 1144
Case D223 Count: 1045
Case D224 Count: 1090
Case D225 Count: 999
Case D226 Count: 1009
Case D227 Count: 1032
Case D228 Count: 1091
Case D229 Count: 1050
Case D230 Count: 1083
Case D231 Count: 1034
Case D232 Count: 1016
Case D233 Count: 1075
Case D234 Count: 956
Case D235 Count: 987
Case D236 Count: 984
Case D237 Count: 1018
Case D238 Count: 977
Case D239 Count: 948
Case D240 Count: 913
Case D241 Count: 968
Case D242 Count: 928
Case D243 Count: 912
Case D244 Count: 898
Case D245 Count: 887
Case D246 Count: 923
Case D247 Count: 940
Case D248 Count: 916
Case D249 Count: 894
Case D250 Count: 874
Case D251 Count: 919
Case D252 Count: 842
Case D253 Count: 877
Case D254 Count: 877
Case D255 Count: 839
Case D256 Count: 877
Case D257 Count: 871
Case D258 Count: 771
Case D259 Count: 839
Case D260 Count: 794
Case D261 Count: 797
Case D262 Count: 754
Case D263 Count: 791
Case D264 Count: 817
Case D265 Count: 778
Case D266 Count: 824
Case D267 Count: 760
Case D268 Count: 777
Case D269 Count: 773
Case D270 Count: 793
Case D271 Count: 788
Case D272 Count: 782
Case D273 Count: 709
Case D274 Count: 709
Case D275 Count: 774
Case D276 Count: 725
Case D277 Count: 687
Case D278 Count: 748
Case D279 Count: 688
Case D280 Count: 708
Case D281 Count: 722
Case D282 Count: 664
Case D283 Count: 716
Case D284 Count: 692
Case D285 Count: 669
Case D286 Count: 644
Case D287 Count: 680
Case D288 Count: 695
Case D289 Count: 661
Case D290 Count: 702
Case D291 Count: 679
Case D292 Count: 695
Case D293 Count: 685
Case D294 Count: 653
Case D295 Count: 641
Case D296 Count: 697
Case D297 Count: 616
Case D298 Count: 596
Case D299 Count: 640
Case D300 Count: 668
Case D301 Count: 621
Case D302 Count: 592
Case D303 Count: 620
Case D304 Count: 594
Case D305 Count: 585
Case D306 Count: 623
Case D307 Count: 572
Case D308 Count: 590
Case D309 Count: 584
Case D310 Count: 582
Case D311 Count: 612
Case D312 Count: 614
Case D313 Count: 637
Case D314 Count: 561
Case D315 Count: 569
Case D316 Count: 580
Case D317 Count: 624
Case D318 Count: 590
Case D319 Count: 583
Case D320 Count: 552
Case D321 Count: 524
Case D322 Count: 572
Case D323 Count: 568
Case D324 Count: 554
Case D325 Count: 549
Case D326 Count: 512
Case D327 Count: 514
Case D328 Count: 585
Case D329 Count: 547
Case D330 Count: 512
Case D331 Count: 501
Case D332 Count: 506
Case D333 Count: 502
Case D334 Count: 505
Case D335 Count: 529
Case D336 Count: 511
Case D337 Count: 506
Case D338 Count: 510
Case D339 Count: 501
Case D340 Count: 485
Case D341 Count: 531
Case D342 Count: 535
Case D343 Count: 470
Case D344 Count: 488
Case D345 Count: 510
Case D346 Count: 468
Case D347 Count: 459
Case D348 Count: 472
Case D349 Count: 466
Case D350 Count: 508
Case D351 Count: 454
Case D352 Count: 506
Case D353 Count: 424
Case D354 Count: 491
Case D355 Count: 423
Case D356 Count: 518
Case D357 Count: 463
Case D358 Count: 471
Case D359 Count: 438
Case D360 Count: 460
Case D361 Count: 426
Case D362 Count: 478
Case D363 Count: 443
Case D364 Count: 454
Case D365 Count: 435
Case D366 Count: 443
Case D367 Count: 435
Case D368 Count: 455
Case D369 Count: 444
Case D370 Count: 433
Case D371 Count: 439
Case D372 Count: 461
Case D373 Count: 440
Case D374 Count: 409
Case D375 Count: 399
Case D376 Count: 436
Case D377 Count: 386
Case D378 Count: 403
Case D379 Count: 408
Case D380 Count: 406
Case D381 Count: 404
Case D382 Count: 429
Case D383 Count: 418
Case D384 Count: 417
Case D385 Count: 400
Case D386 Count: 380
Case D387 Count: 369
Case D388 Count: 384
Case D389 Count: 387
Case D390 Count: 404
Case D391 Count: 397
Case D392 Count: 342
Case D393 Count: 395
Case D394 Count: 437
Case D395 Count: 391
Case D396 Count: 352
Case D397 Count: 373
Case D398 Count: 371
Case D399 Count: 385
Case D400 Count: 337
Case D401 Count: 379
Case D402 Count: 369
Case D403 Count: 374
Case D404 Count: 378
Case D405 Count: 336
Case D406 Count: 396
Case D407 Count: 350
Case D408 Count: 365
Case D409 Count: 355
Case D410 Count: 353
Case D411 Count: 386
Case D412 Count: 345
Case D413 Count: 325
Case D414 Count: 339
Case D415 Count: 344
Case D416 Count: 389
Case D417 Count: 350
Case D418 Count: 361
Case D419 Count: 334
Case D420 Count: 339
Case D421 Count: 344
Case D422 Count: 354
Case D423 Count: 332
Case D424 Count: 336
Case D425 Count: 326
Case D426 Count: 309
Case D427 Count: 344
Case D428 Count: 356
Case D429 Count: 334
Case D430 Count: 293
Case D431 Count: 317
Case D432 Count: 313
Case D433 Count: 285
Case D434 Count: 315
Case D435 Count: 332
Case D436 Count: 337
Case D437 Count: 316
Case D438 Count: 327
Case D439 Count: 283
Case D440 Count: 330
Case D441 Count: 282
Case D442 Count: 308
Case D443 Count: 289
Case D444 Count: 305
Case D445 Count: 302
Case D446 Count: 322
Case D447 Count: 304
Case D448 Count: 321
Case D449 Count: 303
Case D450 Count: 323
Case D451 Count: 267
Case D452 Count: 318
Case D453 Count: 277
Case D454 Count: 305
Case D455 Count: 298
Case D456 Count: 275
Case D457 Count: 311
Case D458 Count: 290
Case D459 Count: 281
Case D460 Count: 293
Case D461 Count: 286
Case D462 Count: 262
Case D463 Count: 261
Case D464 Count: 290
Case D465 Count: 262
Case D466 Count: 275
Case D467 Count: 285
Case D468 Count: 263
Case D469 Count: 302
Case D470 Count: 288
Case D471 Count: 289
Case D472 Count: 273
Case D473 Count: 295
Case D474 Count: 289
Case D475 Count: 273
Case D476 Count: 258
Case D477 Count: 240
Case D478 Count: 256
Case D479 Count: 261
Case D480 Count: 274
Case D481 Count: 292
Case D482 Count: 247
Case D483 Count: 240
Case D484 Count: 251
Case D485 Count: 248
Case D486 Count: 240
Case D487 Count: 289
Case D488 Count: 286
Case D489 Count: 256
Case D490 Count: 244
Case D491 Count: 263
Case D492 Count: 260
Case D493 Count: 239
Case D494 Count: 241
Case D495 Count: 270
Case D496 Count: 245
Case D497 Count: 274
Case D498 Count: 271
Case D499 Count: 256
Case D500 Count: 214
Case D501 Count: 248
Case D502 Count: 260
Case D503 Count: 252
Case D504 Count: 280
Case D505 Count: 254
Case D506 Count: 234
Case D507 Count: 242
Case D508 Count: 233
Case D509 Count: 252
Case D510 Count: 265
Case D511 Count: 240
Case D512 Count: 251
Case D513 Count: 222
Case D514 Count: 272
Case D515 Count: 260
Case D516 Count: 233
Case D517 Count: 234
Case D518 Count: 244
Case D519 Count: 225
Case D520 Count: 231
Case D521 Count: 222
Case D522 Count: 245
Case D523 Count: 226
Case D524 Count: 223
Case D525 Count: 248
Case D526 Count: 224
Case D527 Count: 236
Case D528 Count: 215
Case D529 Count: 231
Case D530 Count: 214
Case D531 Count: 243
Case D532 Count: 234
Case D533 Count: 212
Case D534 Count: 223
Case D535 Count: 214
Case D536 Count: 204
Case D537 Count: 237
Case D538 Count: 198
Case D539 Count: 233
Case D540 Count: 218
Case D541 Count: 245
Case D542 Count: 221
Case D543 Count: 218
Case D544 Count: 225
Case D545 Count: 208
Case D546 Count: 221
Case D547 Count: 205
Case D548 Count: 228
Case D549 Count: 208
Case D550 Count: 206
Case D551 Count: 207
Case D552 Count: 208
Case D553 Count: 213
Case D554 Count: 190
Case D555 Count: 203
Case D556 Count: 206
Case D557 Count: 203
Case D558 Count: 206
Case D559 Count: 213
Case D560 Count: 181
Case D561 Count: 232
Case D562 Count: 173
Case D563 Count: 183
Case D564 Count: 188
Case D565 Count: 201
Case D566 Count: 196
Case D567 Count: 208
Case D568 Count: 194
Case D569 Count: 196
Case D570 Count: 194
Case D571 Count: 189
Case D572 Count: 194
Case D573 Count: 186
Case D574 Count: 192
Case D575 Count: 172
Case D576 Count: 200
Case D577 Count: 227
Case D578 Count: 194
Case D579 Count: 171
Case D580 Count: 228
Case D581 Count: 200
Case D582 Count: 189
Case D583 Count: 183
Case D584 Count: 205
Case D585 Count: 214
Case D586 Count: 178
Case D587 Count: 234
Case D588 Count: 178
Case D589 Count: 178
Case D590 Count: 185
Case D591 Count: 179
Case D592 Count: 163
Case D593 Count: 180
Case D594 Count: 198
Case D595 Count: 181
Case D596 Count: 171
Case D597 Count: 198
Case D598 Count: 182
Case D599 Count: 202
Case D600 Count: 186
Case D601 Count: 176
Case D602 Count: 185
Case D603 Count: 160
Case D604 Count: 212
Case D605 Count: 179
Case D606 Count: 167
Case D607 Count: 176
Case D608 Count: 159
Case D609 Count: 177
Case D610 Count: 176
Case D611 Count: 184
Case D612 Count: 157
Case D613 Count: 176
Case D614 Count: 165
Case D615 Count: 170
Case D616 Count: 164
Case D617 Count: 156
Case D618 Count: 169
Case D619 Count: 167
Case D620 Count: 165
Case D621 Count: 185
Case D622 Count: 176
Case D623 Count: 150
Case D624 Count: 172
Case D625 Count: 144
Case D626 Count: 152
Case D627 Count: 153
Case D628 Count: 169
Case D629 Count: 155
Case D630 Count: 168
Case D631 Count: 148
Case D632 Count: 183
Case D633 Count: 180
Case D634 Count: 155
Case D635 Count: 159
Case D636 Count: 154
Case D637 Count: 162
Case D638 Count: 172
Case D639 Count: 143
Case D640 Count: 134
Case D641 Count: 148
Case D642 Count: 166
Case D643 Count: 154
Case D644 Count: 162
Case D645 Count: 143
Case D646 Count: 171
Case D647 Count: 153
Case D648 Count: 152
Case D649 Count: 166
Case D650 Count: 133
Case D651 Count: 151
Case D652 Count: 163
Case D653 Count: 153
Case D654 Count: 173
Case D655 Count: 141
Case D656 Count: 152
Case D657 Count: 151
Case D658 Count: 154
Case D659 Count: 149
Case D660 Count: 162
Case D661 Count: 136
Case D662 Count: 139
Case D663 Count: 149
Case D664 Count: 135
Case D665 Count: 153
Case D666 Count: 136
Case D667 Count: 126
Case D668 Count: 127
Case D669 Count: 153
Case D670 Count: 150
Case D671 Count: 148
Case D672 Count: 148
Case D673 Count: 144
Case D674 Count: 139
Case D675 Count: 128
Case D676 Count: 139
Case D677 Count: 146
Case D678 Count: 148
Case D679 Count: 143
Case D680 Count: 131
Case D681 Count: 132
Case D682 Count: 153
Case D683 Count: 150
Case D684 Count: 167
Case D685 Count: 152
Case D686 Count: 141
Case D687 Count: 134
Case D688 Count: 121
Case D689 Count: 134
Case D690 Count: 143
Case D691 Count: 112
Case D692 Count: 150
Case D693 Count: 139
Case D694 Count: 138
Case D695 Count: 136
Case D696 Count: 156
Case D697 Count: 118
Case D698 Count: 136
Case D699 Count: 120
Case D700 Count: 148
Case D701 Count: 140
Case D702 Count: 117
Case D703 Count: 152
Case D704 Count: 122
Case D705 Count: 109
Case D706 Count: 127
Case D707 Count: 173
Case D708 Count: 135
Case D709 Count: 133
Case D710 Count: 128
Case D711 Count: 109
Case D712 Count: 144
Case D713 Count: 148
Case D714 Count: 138
Case D715 Count: 129
Case D716 Count: 143
Case D717 Count: 121
Case D718 Count: 139
Case D719 Count: 130
Case D720 Count: 126
Case D721 Count: 129
Case D722 Count: 144
Case D723 Count: 149
Case D724 Count: 127
Case D725 Count: 134
Case D726 Count: 142
Case D727 Count: 129
Case D728 Count: 130
Case D729 Count: 123
Case D730 Count: 111
Case D731 Count: 127
Case D732 Count: 116
Case D733 Count: 106
Case D734 Count: 128
Case D735 Count: 113
Case D736 Count: 117
Case D737 Count: 103
Case D738 Count: 125
Case D739 Count: 121
Case D740 Count: 124
Case D741 Count: 126
Case D742 Count: 104
Case D743 Count: 115
Case D744 Count: 131
Case D745 Count: 122
Case D746 Count: 104
Case D747 Count: 115
Case D748 Count: 127
Case D749 Count: 115
Case D750 Count: 95
Case D751 Count: 118
Case D752 Count: 119
Case D753 Count: 101
Case D754 Count: 117
Case D755 Count: 111
Case D756 Count: 106
Case D757 Count: 121
Case D758 Count: 126
Case D759 Count: 115
Case D760 Count: 108
Case D761 Count: 116
Case D762 Count: 106
Case D763 Count: 116
Case D764 Count: 110
Case D765 Count: 155
Case D766 Count: 99
Case D767 Count: 106
Case D768 Count: 100
Case D769 Count: 99
Case D770 Count: 98
Case D771 Count: 136
Case D772 Count: 105
Case D773 Count: 127
Case D774 Count: 107
Case D775 Count: 102
Case D776 Count: 113
Case D777 Count: 110
Case D778 Count: 107
Case D779 Count: 112
Case D780 Count: 106
Case D781 Count: 111
Case D782 Count: 106
Case D783 Count: 104
Case D784 Count: 103
Case D785 Count: 117
Case D786 Count: 115
Case D787 Count: 88
Case D788 Count: 106
Case D789 Count: 110
Case D790 Count: 107
Case D791 Count: 106
Case D792 Count: 95
Case D793 Count: 128
Case D794 Count: 103
Case D795 Count: 95
Case D796 Count: 108
Case D797 Count: 102
Case D798 Count: 108
Case D799 Count: 97
Case D800 Count: 101
Case D801 Count: 108
Case D802 Count: 97
Case D803 Count: 104
Case D804 Count: 94
Case D805 Count: 114
Case D806 Count: 104
Case D807 Count: 96
Case D808 Count: 105
Case D809 Count: 103
Case D810 Count: 100
Case D811 Count: 95
Case D812 Count: 114
Case D813 Count: 98
Case D814 Count: 97
Case D815 Count: 104
Case D816 Count: 92
Case D817 Count: 96
Case D818 Count: 97
Case D819 Count: 97
Case D820 Count: 100
Case D821 Count: 100
Case D822 Count: 115
Case D823 Count: 98
Case D824 Count: 96
Case D825 Count: 97
Case D826 Count: 105
Case D827 Count: 100
Case D828 Count: 102
Case D829 Count: 101
Case D830 Count: 91
Case D831 Count: 113
Case D832 Count: 85
Case D833 Count: 103
Case D834 Count: 105
Case D835 Count: 99
Case D836 Count: 85
Case D837 Count: 95
Case D838 Count: 108
Case D839 Count: 94
Case D840 Count: 96
Case D841 Count: 88
Case D842 Count: 97
Case D843 Count: 101
Case D844 Count: 92
Case D845 Count: 95
Case D846 Count: 95
Case D847 Count: 107
Case D848 Count: 88
Case D849 Count: 74
Case D850 Count: 81
Case D851 Count: 105
Case D852 Count: 94
Case D853 Count: 94
Case D854 Count: 91
Case D855 Count: 86
Case D856 Count: 76
Case D857 Count: 97
Case D858 Count: 80
Case D859 Count: 93
Case D860 Count: 79
Case D861 Count: 93
Case D862 Count: 98
Case D863 Count: 80
Case D864 Count: 87
Case D865 Count: 73
Case D866 Count: 87
Case D867 Count: 80
Case D868 Count: 89
Case D869 Count: 91
Case D870 Count: 76
Case D871 Count: 90
Case D872 Count: 89
Case D873 Count: 91
Case D874 Count: 80
Case D875 Count: 89
Case D876 Count: 68
Case D877 Count: 86
Case D878 Count: 86
Case D879 Count: 102
Case D880 Count: 93
Case D881 Count: 98
Case D882 Count: 91
Case D883 Count: 78
Case D884 Count: 81
Case D885 Count: 83
Case D886 Count: 80
Case D887 Count: 81
Case D888 Count: 64
Case D889 Count: 82
Case D890 Count: 83
Case D891 Count: 96
Case D892 Count: 79
Case D893 Count: 86
Case D894 Count: 70
Case D895 Count: 82
Case D896 Count: 84
Case D897 Count: 91
Case D898 Count: 93
Case D899 Count: 78
Case D900 Count: 87
Case D901 Count: 94
Case D902 Count: 85
Case D903 Count: 68
Case D904 Count: 61
Case D905 Count: 91
Case D906 Count: 86
Case D907 Count: 78
Case D908 Count: 83
Case D909 Count: 88
Case D910 Count: 79
Case D911 Count: 77
Case D912 Count: 64
Case D913 Count: 83
Case D914 Count: 68
Case D915 Count: 86
Case D916 Count: 75
Case D917 Count: 80
Case D918 Count: 64
Case D919 Count: 76
Case D920 Count: 85
Case D921 Count: 81
Case D922 Count: 85
Case D923 Count: 76
Case D924 Count: 71
Case D925 Count: 81
Case D926 Count: 62
Case D927 Count: 83
Case D928 Count: 76
Case D929 Count: 91
Case D930 Count: 84
Case D931 Count: 87
Case D932 Count: 70
Case D933 Count: 68
Case D934 Count: 84
Case D935 Count: 80
Case D936 Count: 80
Case D937 Count: 66
Case D938 Count: 82
Case D939 Count: 85
Case D940 Count: 91
Case D941 Count: 78
Case D942 Count: 70
Case D943 Count: 67
Case D944 Count: 78
Case D945 Count: 79
Case D946 Count: 79
Case D947 Count: 96
Case D948 Count: 84
Case D949 Count: 84
Case D950 Count: 84
Case D951 Count: 75
Case D952 Count: 79
Case D953 Count: 103
Case D954 Count: 61
Case D955 Count: 78
Case D956 Count: 74
Case D957 Count: 70
Case D958 Count: 74
Case D959 Count: 77
Case D960 Count: 56
Case D961 Count: 60
Case D962 Count: 85
Case D963 Count: 57
Case D964 Count: 77
Case D965 Count: 74
Case D966 Count: 70
Case D967 Count: 60
Case D968 Count: 79
Case D969 Count: 93
Case D970 Count: 64
Case D971 Count: 74
Case D972 Count: 68
Case D973 Count: 75
Case D974 Count: 85
Case D975 Count: 73
Case D976 Count: 63
Case D977 Count: 73
Case D978 Count: 69
Case D979 Count: 88
Case D980 Count: 64
Case D981 Count: 61
Case D982 Count: 87
Case D983 Count: 70
Case D984 Count: 59
Case D985 Count: 60
Case D986 Count: 77
Case D987 Count: 79
Case D988 Count: 69
Case D989 Count: 71
Case D990 Count: 71
Case D991 Count: 77
Case D992 Count: 56
Case D993 Count: 79
Case D994 Count: 60
Case D995 Count: 63
Case D996 Count: 68
Case D997 Count: 63
Case D998 Count: 64
Case D999 Count: 75
Case D1000 Count: 58
Case D1001 Count: 74
Case D1002 Count: 74
Case D1003 Count: 85
Case D1004 Count: 63
Case D1005 Count: 44
Case D1006 Count: 82
Case D1007 Count: 64
Case D1008 Count: 63
Case D1009 Count: 77
Case D1010 Count: 75
Case D1011 Count: 66
Case D1012 Count: 95
Case D1013 Count: 73
Case D1014 Count: 70
Case D1015 Count: 84
Case D1016 Count: 57
Case D1017 Count: 75
Case D1018 Count: 60
Case D1019 Count: 80
Case D1020 Count: 64
Case D1021 Count: 60
Case D1022 Count: 66
Case D1023 Count: 66
Case D1024 Count: 63
Case D1025 Count: 62
Case D1026 Count: 65
Case D1027 Count: 70
Case D1028 Count: 84
Case D1029 Count: 73
Case D1030 Count: 61
Case D1031 Count: 63
Case D1032 Count: 79
Case D1033 Count: 59
Case D1034 Count: 48
Case D1035 Count: 59
Case D1036 Count: 64
Case D1037 Count: 75
Case D1038 Count: 68
Case D1039 Count: 51
Case D1040 Count: 53
Case D1041 Count: 80
Case D1042 Count: 64
Case D1043 Count: 63
Case D1044 Count: 61
Case D1045 Count: 61
Case D1046 Count: 84
Case D1047 Count: 64
Case D1048 Count: 79
Case D1049 Count: 90
Case D1050 Count: 73
Case D1051 Count: 66
Case D1052 Count: 61
Case D1053 Count: 67
Case D1054 Count: 57
Case D1055 Count: 71
Case D1056 Count: 60
Case D1057 Count: 63
Case D1058 Count: 45
Case D1059 Count: 64
Case D1060 Count: 46
Case D1061 Count: 63
Case D1062 Count: 64
Case D1063 Count: 74
Case D1064 Count: 59
Case D1065 Count: 69
Case D1066 Count: 55
Case D1067 Count: 62
Case D1068 Count: 59
Case D1069 Count: 62
Case D1070 Count: 40
Case D1071 Count: 60
Case D1072 Count: 66
Case D1073 Count: 54
Case D1074 Count: 54
Case D1075 Count: 50
Case D1076 Count: 54
Case D1077 Count: 50
Case D1078 Count: 64
Case D1079 Count: 64
Case D1080 Count: 63
Case D1081 Count: 49
Case D1082 Count: 57
Case D1083 Count: 52
Case D1084 Count: 56
Case D1085 Count: 42
Case D1086 Count: 39
Case D1087 Count: 65
Case D1088 Count: 59
Case D1089 Count: 65
Case D1090 Count: 62
Case D1091 Count: 49
Case D1092 Count: 66
Case D1093 Count: 58
Case D1094 Count: 61
Case D1095 Count: 54
Case D1096 Count: 54
Case D1097 Count: 56
Case D1098 Count: 74
Case D1099 Count: 47
Case D1100 Count: 64
Case D1101 Count: 58
Case D1102 Count: 62
Case D1103 Count: 62
Case D1104 Count: 55
Case D1105 Count: 60
Case D1106 Count: 58
Case D1107 Count: 67
Case D1108 Count: 53
Case D1109 Count: 51
Case D1110 Count: 58
Case D1111 Count: 54
Case D1112 Count: 46
Case D1113 Count: 42
Case D1114 Count: 57
Case D1115 Count: 79
Case D1116 Count: 64
Case D1117 Count: 50
Case D1118 Count: 63
Case D1119 Count: 56
Case D1120 Count: 66
Case D1121 Count: 62
Case D1122 Count: 64
Case D1123 Count: 55
Case D1124 Count: 47
Case D1125 Count: 55
Case D1126 Count: 54
Case D1127 Count: 49
Case D1128 Count: 61
Case D1129 Count: 57
Case D1130 Count: 51
Case D1131 Count: 68
Case D1132 Count: 65
Case D1133 Count: 45
Case D1134 Count: 52
Case D1135 Count: 56
Case D1136 Count: 53
Case D1137 Count: 48
Case D1138 Count: 62
Case D1139 Count: 50
Case D1140 Count: 56
Case D1141 Count: 51
Case D1142 Count: 47
Case D1143 Count: 59
Case D1144 Count: 45
Case D1145 Count: 75
Case D1146 Count: 39
Case D1147 Count: 48
Case D1148 Count: 55
Case D1149 Count: 49
Case D1150 Count: 52
Case D1151 Count: 58
Case D1152 Count: 45
Case D1153 Count: 52
Case D1154 Count: 47
Case D1155 Count: 50
Case D1156 Count: 46
Case D1157 Count: 55
Case D1158 Count: 46
Case D1159 Count: 60
Case D1160 Count: 49
Case D1161 Count: 59
Case D1162 Count: 48
Case D1163 Count: 48
Case D1164 Count: 49
Case D1165 Count: 56
Case D1166 Count: 58
Case D1167 Count: 37
Case D1168 Count: 44
Case D1169 Count: 54
Case D1170 Count: 41
Case D1171 Count: 43
Case D1172 Count: 48
Case D1173 Count: 60
Case D1174 Count: 50
Case D1175 Count: 47
Case D1176 Count: 51
Case D1177 Count: 34
Case D1178 Count: 47
Case D1179 Count: 53
Case D1180 Count: 55
Case D1181 Count: 44
Case D1182 Count: 38
Case D1183 Count: 42
Case D1184 Count: 46
Case D1185 Count: 61
Case D1186 Count: 65
Case D1187 Count: 56
Case D1188 Count: 55
Case D1189 Count: 56
Case D1190 Count: 46
Case D1191 Count: 63
Case D1192 Count: 45
Case D1193 Count: 42
Case D1194 Count: 53
Case D1195 Count: 33
Case D1196 Count: 37
Case D1197 Count: 42
Case D1198 Count: 56
Case D1199 Count: 56
Case D1200 Count: 55
Case D1201 Count: 52
Case D1202 Count: 58
Case D1203 Count: 44
Case D1204 Count: 54
Case D1205 Count: 51
Case D1206 Count: 32
Case D1207 Count: 53
Case D1208 Count: 53
Case D1209 Count: 67
Case D1210 Count: 53
Case D1211 Count: 48
Case D1212 Count: 47
Case D1213 Count: 59
Case D1214 Count: 56
Case D1215 Count: 56
Case D1216 Count: 65
Case D1217 Count: 50
Case D1218 Count: 36
Case D1219 Count: 58
Case D1220 Count: 55
Case D1221 Count: 41
Case D1222 Count: 54
Case D1223 Count: 48
Case D1224 Count: 51
Case D1225 Count: 56
Case D1226 Count: 49
Case D1227 Count: 52
Case D1228 Count: 44
Case D1229 Count: 49
Case D1230 Count: 41
Case D1231 Count: 45
Case D1232 Count: 49
Case D1233 Count: 48
Case D1234 Count: 46
Case D1235 Count: 35
Case D1236 Count: 43
Case D1237 Count: 43
Case D1238 Count: 45
Case D1239 Count: 41
Case D1240 Count: 54
Case D1241 Count: 41
Case D1242 Count: 48
Case D1243 Count: 32
Case D1244 Count: 43
Case D1245 Count: 42
Case D1246 Count: 36
Case D1247 Count: 51
Case D1248 Count: 51
Case D1249 Count: 52
Case D1250 Count: 69
Case D1251 Count: 40
Case D1252 Count: 47
Case D1253 Count: 41
Case D1254 Count: 45
Case D1255 Count: 46
Case D1256 Count: 46
Case D1257 Count: 49
Case D1258 Count: 37
Case D1259 Count: 58
Case D1260 Count: 48
Case D1261 Count: 46
Case D1262 Count: 45
Case D1263 Count: 41
Case D1264 Count: 47
Case D1265 Count: 33
Case D1266 Count: 48
Case D1267 Count: 49
Case D1268 Count: 38
Case D1269 Count: 42
Case D1270 Count: 52
Case D1271 Count: 45
Case D1272 Count: 35
Case D1273 Count: 48
Case D1274 Count: 47
Case D1275 Count: 49
Case D1276 Count: 38
Case D1277 Count: 44
Case D1278 Count: 42
Case D1279 Count: 43
Case D1280 Count: 39
Case D1281 Count: 48
Case D1282 Count: 39
Case D1283 Count: 51
Case D1284 Count: 41
Case D1285 Count: 49
Case D1286 Count: 45
Case D1287 Count: 43
Case D1288 Count: 55
Case D1289 Count: 35
Case D1290 Count: 26
Case D1291 Count: 40
Case D1292 Count: 46
Case D1293 Count: 36
Case D1294 Count: 44
Case D1295 Count: 51
Case D1296 Count: 48
Case D1297 Count: 37
Case D1298 Count: 37
Case D1299 Count: 39
Case D1300 Count: 46
Case D1301 Count: 37
Case D1302 Count: 35
Case D1303 Count: 36
Case D1304 Count: 40
Case D1305 Count: 44
Case D1306 Count: 39
Case D1307 Count: 48
Case D1308 Count: 38
Case D1309 Count: 40
Case D1310 Count: 44
Case D1311 Count: 26
Case D1312 Count: 44
Case D1313 Count: 41
Case D1314 Count: 40
Case D1315 Count: 42
Case D1316 Count: 46
Case D1317 Count: 48
Case D1318 Count: 31
Case D1319 Count: 41
Case D1320 Count: 36
Case D1321 Count: 44
Case D1322 Count: 33
Case D1323 Count: 46
Case D1324 Count: 33
Case D1325 Count: 40
Case D1326 Count: 38
Case D1327 Count: 34
Case D1328 Count: 41
Case D1329 Count: 30
Case D1330 Count: 38
Case D1331 Count: 30
Case D1332 Count: 47
Case D1333 Count: 45
Case D1334 Count: 53
Case D1335 Count: 34
Case D1336 Count: 46
Case D1337 Count: 39
Case D1338 Count: 41
Case D1339 Count: 35
Case D1340 Count: 38
Case D1341 Count: 37
Case D1342 Count: 49
Case D1343 Count: 39
Case D1344 Count: 37
Case D1345 Count: 47
Case D1346 Count: 34
Case D1347 Count: 42
Case D1348 Count: 26
Case D1349 Count: 42
Case D1350 Count: 42
Case D1351 Count: 28
Case D1352 Count: 39
Case D1353 Count: 34
Case D1354 Count: 50
Case D1355 Count: 41
Case D1356 Count: 36
Case D1357 Count: 49
Case D1358 Count: 46
Case D1359 Count: 41
Case D1360 Count: 28
Case D1361 Count: 40
Case D1362 Count: 43
Case D1363 Count: 28
Case D1364 Count: 33
Case D1365 Count: 34
Case D1366 Count: 49
Case D1367 Count: 30
Case D1368 Count: 44
Case D1369 Count: 56
Case D1370 Count: 28
Case D1371 Count: 41
Case D1372 Count: 38
Case D1373 Count: 32
Case D1374 Count: 36
Case D1375 Count: 37
Case D1376 Count: 34
Case D1377 Count: 36
Case D1378 Count: 40
Case D1379 Count: 35
Case D1380 Count: 40
Case D1381 Count: 38
Case D1382 Count: 35
Case D1383 Count: 32
Case D1384 Count: 40
Case D1385 Count: 38
Case D1386 Count: 31
Case D1387 Count: 59
Case D1388 Count: 33
Case D1389 Count: 41
Case D1390 Count: 32
Case D1391 Count: 32
Case D1392 Count: 36
Case D1393 Count: 22
Case D1394 Count: 34
Case D1395 Count: 35
Case D1396 Count: 33
Case D1397 Count: 33
Case D1398 Count: 37
Case D1399 Count: 31
Case D1400 Count: 38
Case D1401 Count: 29
Case D1402 Count: 37
Case D1403 Count: 36
Case D1404 Count: 30
Case D1405 Count: 34
Case D1406 Count: 28
Case D1407 Count: 30
Case D1408 Count: 27
Case D1409 Count: 29
Case D1410 Count: 41
Case D1411 Count: 39
Case D1412 Count: 45
Case D1413 Count: 43
Case D1414 Count: 33
Case D1415 Count: 35
Case D1416 Count: 30
Case D1417 Count: 42
Case D1418 Count: 22
Case D1419 Count: 39
Case D1420 Count: 27
Case D1421 Count: 38
Case D1422 Count: 34
Case D1423 Count: 47
Case D1424 Count: 38
Case D1425 Count: 29
Case D1426 Count: 31
Case D1427 Count: 36
Case D1428 Count: 36
Case D1429 Count: 32
Case D1430 Count: 38
Case D1431 Count: 33
Case D1432 Count: 38
Case D1433 Count: 44
Case D1434 Count: 31
Case D1435 Count: 43
Case D1436 Count: 41
Case D1437 Count: 39
Case D1438 Count: 29
Case D1439 Count: 29
Case D1440 Count: 35
Case D1441 Count: 36
Case D1442 Count: 23
Case D1443 Count: 33
Case D1444 Count: 29
Case D1445 Count: 41
Case D1446 Count: 36
Case D1447 Count: 19
Case D1448 Count: 35
Case D1449 Count: 36
Case D1450 Count: 35
Case D1451 Count: 39
Case D1452 Count: 32
Case D1453 Count: 40
Case D1454 Count: 30
Case D1455 Count: 37
Case D1456 Count: 38
Case D1457 Count: 35
Case D1458 Count: 21
Case D1459 Count: 31
Case D1460 Count: 35
Case D1461 Count: 36
Case D1462 Count: 36
Case D1463 Count: 29
Case D1464 Count: 37
Case D1465 Count: 34
Case D1466 Count: 37
Case D1467 Count: 28
Case D1468 Count: 31
Case D1469 Count: 29
Case D1470 Count: 30
Case D1471 Count: 33
Case D1472 Count: 36
Case D1473 Count: 39
Case D1474 Count: 25
Case D1475 Count: 43
Case D1476 Count: 27
Case D1477 Count: 34
Case D1478 Count: 44
Case D1479 Count: 30
Case D1480 Count: 27
Case D1481 Count: 27
Case D1482 Count: 24
Case D1483 Count: 22
Case D1484 Count: 28
Case D1485 Count: 36
Case D1486 Count: 24
Case D1487 Count: 26
Case D1488 Count: 32
Case D1489 Count: 19
Case D1490 Count: 36
Case D1491 Count: 31
Case D1492 Count: 27
Case D1493 Count: 29
Case D1494 Count: 19
Case D1495 Count: 25
Case D1496 Count: 30
Case D1497 Count: 42
Case D1498 Count: 32
Case D1499 Count: 27
Case D1500 Count: 29
Case D1501 Count: 36
Case D1502 Count: 25
Case D1503 Count: 33
Case D1504 Count: 32
Case D1505 Count: 27
Case D1506 Count: 45
Case D1507 Count: 31
Case D1508 Count: 34
Case D1509 Count: 30
Case D1510 Count: 36
Case D1511 Count: 41
Case D1512 Count: 35
Case D1513 Count: 33
Case D1514 Count: 27
Case D1515 Count: 27
Case D1516 Count: 27
Case D1517 Count: 28
Case D1518 Count: 33
Case D1519 Count: 31
Case D1520 Count: 29
Case D1521 Count: 27
Case D1522 Count: 44
Case D1523 Count: 40
Case D1524 Count: 33
Case D1525 Count: 32
Case D1526 Count: 35
Case D1527 Count: 30
Case D1528 Count: 32
Case D1529 Count: 30
Case D1530 Count: 33
Case D1531 Count: 31
Case D1532 Count: 32
Case D1533 Count: 25
Case D1534 Count: 34
Case D1535 Count: 37
Case D1536 Count: 32
Case D1537 Count: 24
Case D1538 Count: 39
Case D1539 Count: 33
Case D1540 Count: 35
Case D1541 Count: 38
Case D1542 Count: 32
Case D1543 Count: 24
Case D1544 Count: 51
Case D1545 Count: 30
Case D1546 Count: 36
Case D1547 Count: 26
Case D1548 Count: 25
Case D1549 Count: 22
Case D1550 Count: 31
Case D1551 Count: 24
Case D1552 Count: 39
Case D1553 Count: 31
Case D1554 Count: 36
Case D1555 Count: 32
Case D1556 Count: 31
Case D1557 Count: 35
Case D1558 Count: 27
Case D1559 Count: 27
Case D1560 Count: 29
Case D1561 Count: 28
Case D1562 Count: 31
Case D1563 Count: 27
Case D1564 Count: 28
Case D1565 Count: 28
Case D1566 Count: 29
Case D1567 Count: 43
Case D1568 Count: 28
Case D1569 Count: 32
Case D1570 Count: 30
Case D1571 Count: 30
Case D1572 Count: 33
Case D1573 Count: 34
Case D1574 Count: 28
Case D1575 Count: 31
Case D1576 Count: 27
Case D1577 Count: 22
Case D1578 Count: 34
Case D1579 Count: 28
Case D1580 Count: 24
Case D1581 Count: 25
Case D1582 Count: 31
Case D1583 Count: 28
Case D1584 Count: 25
Case D1585 Count: 28
Case D1586 Count: 28
Case D1587 Count: 27
Case D1588 Count: 30
Case D1589 Count: 23
Case D1590 Count: 29
Case D1591 Count: 33
Case D1592 Count: 22
Case D1593 Count: 28
Case D1594 Count: 20
Case D1595 Count: 37
Case D1596 Count: 28
Case D1597 Count: 29
Case D1598 Count: 35
Case D1599 Count: 37
Case D1600 Count: 36
Case D1601 Count: 29
Case D1602 Count: 34
Case D1603 Count: 33
Case D1604 Count: 29
Case D1605 Count: 29
Case D1606 Count: 29
Case D1607 Count: 31
Case D1608 Count: 35
Case D1609 Count: 26
Case D1610 Count: 31
Case D1611 Count: 32
Case D1612 Count: 31
Case D1613 Count: 31
Case D1614 Count: 28
Case D1615 Count: 26
Case D1616 Count: 24
Case D1617 Count: 24
Case D1618 Count: 28
Case D1619 Count: 36
Case D1620 Count: 20
Case D1621 Count: 32
Case D1622 Count: 23
Case D1623 Count: 18
Case D1624 Count: 27
Case D1625 Count: 19
Case D1626 Count: 37
Case D1627 Count: 33
Case D1628 Count: 25
Case D1629 Count: 27
Case D1630 Count: 22
Case D1631 Count: 25
Case D1632 Count: 33
Case D1633 Count: 26
Case D1634 Count: 25
Case D1635 Count: 22
Case D1636 Count: 27
Case D1637 Count: 27
Case D1638 Count: 18
Case D1639 Count: 25
Case D1640 Count: 27
Case D1641 Count: 23
Case D1642 Count: 30
Case D1643 Count: 26
Case D1644 Count: 19
Case D1645 Count: 28
Case D1646 Count: 23
Case D1647 Count: 27
Case D1648 Count: 29
Case D1649 Count: 34
Case D1650 Count: 21
Case D1651 Count: 21
Case D1652 Count: 33
Case D1653 Count: 25
Case D1654 Count: 36
Case D1655 Count: 36
Case D1656 Count: 29
Case D1657 Count: 17
Case D1658 Count: 37
Case D1659 Count: 24
Case D1660 Count: 26
Case D1661 Count: 25
Case D1662 Count: 22
Case D1663 Count: 29
Case D1664 Count: 24
Case D1665 Count: 24
Case D1666 Count: 26
Case D1667 Count: 35
Case D1668 Count: 31
Case D1669 Count: 27
Case D1670 Count: 18
Case D1671 Count: 24
Case D1672 Count: 23
Case D1673 Count: 35
Case D1674 Count: 28
Case D1675 Count: 29
Case D1676 Count: 25
Case D1677 Count: 33
Case D1678 Count: 15
Case D1679 Count: 37
Case D1680 Count: 28
Case D1681 Count: 33
Case D1682 Count: 28
Case D1683 Count: 33
Case D1684 Count: 29
Case D1685 Count: 26
Case D1686 Count: 26
Case D1687 Count: 30
Case D1688 Count: 32
Case D1689 Count: 28
Case D1690 Count: 27
Case D1691 Count: 28
Case D1692 Count: 25
Case D1693 Count: 40
Case D1694 Count: 19
Case D1695 Count: 19
Case D1696 Count: 36
Case D1697 Count: 19
Case D1698 Count: 29
Case D1699 Count: 19
Case D1700 Count: 26
Case D1701 Count: 25
Case D1702 Count: 37
Case D1703 Count: 24
Case D1704 Count: 24
Case D1705 Count: 26
Case D1706 Count: 19
Case D1707 Count: 27
Case D1708 Count: 32
Case D1709 Count: 22
Case D1710 Count: 27
Case D1711 Count: 34
Case D1712 Count: 21
Case D1713 Count: 27
Case D1714 Count: 31
Case D1715 Count: 24
Case D1716 Count: 25
Case D1717 Count: 25
Case D1718 Count: 22
Case D1719 Count: 23
Case D1720 Count: 24
Case D1721 Count: 18
Case D1722 Count: 21
Case D1723 Count: 19
Case D1724 Count: 18
Case D1725 Count: 22
Case D1726 Count: 24
Case D1727 Count: 25
Case D1728 Count: 25
Case D1729 Count: 24
Case D1730 Count: 24
Case D1731 Count: 19
Case D1732 Count: 31
Case D1733 Count: 34
Case D1734 Count: 21
Case D1735 Count: 27
Case D1736 Count: 32
Case D1737 Count: 17
Case D1738 Count: 32
Case D1739 Count: 23
Case D1740 Count: 24
Case D1741 Count: 21
Case D1742 Count: 21
Case D1743 Count: 29
Case D1744 Count: 33
Case D1745 Count: 26
Case D1746 Count: 23
Case D1747 Count: 26
Case D1748 Count: 26
Case D1749 Count: 25
Case D1750 Count: 26
Case D1751 Count: 29
Case D1752 Count: 21
Case D1753 Count: 19
Case D1754 Count: 23
Case D1755 Count: 23
Case D1756 Count: 18
Case D1757 Count: 29
Case D1758 Count: 30
Case D1759 Count: 20
Case D1760 Count: 31
Case D1761 Count: 29
Case D1762 Count: 24
Case D1763 Count: 26
Case D1764 Count: 22
Case D1765 Count: 17
Case D1766 Count: 21
Case D1767 Count: 26
Case D1768 Count: 28
Case D1769 Count: 32
Case D1770 Count: 21
Case D1771 Count: 22
Case D1772 Count: 17
Case D1773 Count: 23
Case D1774 Count: 21
Case D1775 Count: 22
Case D1776 Count: 21
Case D1777 Count: 25
Case D1778 Count: 17
Case D1779 Count: 29
Case D1780 Count: 27
Case D1781 Count: 15
Case D1782 Count: 23
Case D1783 Count: 21
Case D1784 Count: 20
Case D1785 Count: 25
Case D1786 Count: 20
Case D1787 Count: 25
Case D1788 Count: 24
Case D1789 Count: 23
Case D1790 Count: 21
Case D1791 Count: 25
Case D1792 Count: 26
Case D1793 Count: 28
Case D1794 Count: 21
Case D1795 Count: 23
Case D1796 Count: 22
Case D1797 Count: 21
Case D1798 Count: 15
Case D1799 Count: 13
Case D1800 Count: 26
Case D1801 Count: 15
Case D1802 Count: 16
Case D1803 Count: 18
Case D1804 Count: 22
Case D1805 Count: 25
Case D1806 Count: 18
Case D1807 Count: 21
Case D1808 Count: 24
Case D1809 Count: 23
Case D1810 Count: 20
Case D1811 Count: 28
Case D1812 Count: 15
Case D1813 Count: 21
Case D1814 Count: 14
Case D1815 Count: 23
Case D1816 Count: 25
Case D1817 Count: 20
Case D1818 Count: 21
Case D1819 Count: 25
Case D1820 Count: 24
Case D1821 Count: 18
Case D1822 Count: 21
Case D1823 Count: 17
Case D1824 Count: 19
Case D1825 Count: 21
Case D1826 Count: 27
Case D1827 Count: 20
Case D1828 Count: 29
Case D1829 Count: 15
Case D1830 Count: 21
Case D1831 Count: 24
Case D1832 Count: 14
Case D1833 Count: 22
Case D1834 Count: 24
Case D1835 Count: 14
Case D1836 Count: 19
Case D1837 Count: 24
Case D1838 Count: 24
Case D1839 Count: 17
Case D1840 Count: 17
Case D1841 Count: 18
Case D1842 Count: 16
Case D1843 Count: 20
Case D1844 Count: 19
Case D1845 Count: 19
Case D1846 Count: 18
Case D1847 Count: 26
Case D1848 Count: 16
Case D1849 Count: 12
Case D1850 Count: 18
Case D1851 Count: 23
Case D1852 Count: 24
Case D1853 Count: 26
Case D1854 Count: 20
Case D1855 Count: 19
Case D1856 Count: 13
Case D1857 Count: 20
Case D1858 Count: 19
Case D1859 Count: 24
Case D1860 Count: 17
Case D1861 Count: 26
Case D1862 Count: 14
Case D1863 Count: 18
Case D1864 Count: 27
Case D1865 Count: 19
Case D1866 Count: 21
Case D1867 Count: 13
Case D1868 Count: 20
Case D1869 Count: 14
Case D1870 Count: 19
Case D1871 Count: 17
Case D1872 Count: 19
Case D1873 Count: 26
Case D1874 Count: 24
Case D1875 Count: 25
Case D1876 Count: 14
Case D1877 Count: 20
Case D1878 Count: 24
Case D1879 Count: 16
Case D1880 Count: 15
Case D1881 Count: 19
Case D1882 Count: 14
Case D1883 Count: 22
Case D1884 Count: 23
Case D1885 Count: 23
Case D1886 Count: 20
Case D1887 Count: 19
Case D1888 Count: 19
Case D1889 Count: 26
Case D1890 Count: 21
Case D1891 Count: 27
Case D1892 Count: 20
Case D1893 Count: 27
Case D1894 Count: 20
Case D1895 Count: 32
Case D1896 Count: 21
Case D1897 Count: 22
Case D1898 Count: 25
Case D1899 Count: 24
Case D1900 Count: 22
Case D1901 Count: 13
Case D1902 Count: 20
Case D1903 Count: 14
Case D1904 Count: 20
Case D1905 Count: 16
Case D1906 Count: 18
Case D1907 Count: 24
Case D1908 Count: 26
Case D1909 Count: 25
Case D1910 Count: 16
Case D1911 Count: 25
Case D1912 Count: 34
Case D1913 Count: 24
Case D1914 Count: 23
Case D1915 Count: 23
Case D1916 Count: 18
Case D1917 Count: 24
Case D1918 Count: 18
Case D1919 Count: 19
Case D1920 Count: 17
Case D1921 Count: 20
Case D1922 Count: 17
Case D1923 Count: 27
Case D1924 Count: 23
Case D1925 Count: 16
Case D1926 Count: 21
Case D1927 Count: 15
Case D1928 Count: 21
Case D1929 Count: 20
Case D1930 Count: 15
Case D1931 Count: 23
Case D1932 Count: 17
Case D1933 Count: 17
Case D1934 Count: 22
Case D1935 Count: 22
Case D1936 Count: 24
Case D1937 Count: 16
Case D1938 Count: 16
Case D1939 Count: 22
Case D1940 Count: 19
Case D1941 Count: 20
Case D1942 Count: 22
Case D1943 Count: 26
Case D1944 Count: 22
Case D1945 Count: 24
Case D1946 Count: 17
Case D1947 Count: 17
Case D1948 Count: 17
Case D1949 Count: 24
Case D1950 Count: 19
Case D1951 Count: 16
Case D1952 Count: 16
Case D1953 Count: 15
Case D1954 Count: 23
Case D1955 Count: 24
Case D1956 Count: 26
Case D1957 Count: 15
Case D1958 Count: 13
Case D1959 Count: 15
Case D1960 Count: 18
Case D1961 Count: 19
Case D1962 Count: 17
Case D1963 Count: 21
Case D1964 Count: 21
Case D1965 Count: 27
Case D1966 Count: 21
Case D1967 Count: 21
Case D1968 Count: 24
Case D1969 Count: 20
Case D1970 Count: 26
Case D1971 Count: 18
Case D1972 Count: 23
Case D1973 Count: 12
Case D1974 Count: 17
Case D1975 Count: 16
Case D1976 Count: 21
Case D1977 Count: 18
Case D1978 Count: 24
Case D1979 Count: 17
Case D1980 Count: 20
Case D1981 Count: 24
Case D1982 Count: 18
Case D1983 Count: 23
Case D1984 Count: 17
Case D1985 Count: 11
Case D1986 Count: 18
Case D1987 Count: 13
Case D1988 Count: 18
Case D1989 Count: 16
Case D1990 Count: 21
Case D1991 Count: 20
Case D1992 Count: 28
Case D1993 Count: 20
Case D1994 Count: 17
Case D1995 Count: 18
Case D1996 Count: 15
Case D1997 Count: 21
Case D1998 Count: 12
Case D1999 Count: 17
Case D2000 Count: 20
Case D2001 Count: 22
Case D2002 Count: 24
Case D2003 Count: 17
Case D2004 Count: 20
Case D2005 Count: 20
Case D2006 Count: 11
Case D2007 Count: 21
Case D2008 Count: 19
Case D2009 Count: 19
Case D2010 Count: 23
Case D2011 Count: 15
Case D2012 Count: 12
Case D2013 Count: 19
Case D2014 Count: 13
Case D2015 Count: 24
Case D2016 Count: 18
Case D2017 Count: 22
Case D2018 Count: 22
Case D2019 Count: 13
Case D2020 Count: 15
Case D2021 Count: 21
Case D2022 Count: 25
Case D2023 Count: 22
Case D2024 Count: 20
Case D2025 Count: 22
Case D2026 Count: 20
Case D2027 Count: 22
Case D2028 Count: 24
Case D2029 Count: 21
Case D2030 Count: 16
Case D2031 Count: 18
Case D2032 Count: 14
Case D2033 Count: 23
Case D2034 Count: 22
Case D2035 Count: 19
Case D2036 Count: 21
Case D2037 Count: 17
Case D2038 Count: 21
Case D2039 Count: 10
Case D2040 Count: 21
Case D2041 Count: 12
Case D2042 Count: 15
Case D2043 Count: 17
Case D2044 Count: 19
Case D2045 Count: 18
Case D2046 Count: 20
Case D2047 Count: 24
Case D2048 Count: 25
Case D2049 Count: 18
Case D2050 Count: 23
Case D2051 Count: 15
Case D2052 Count: 22
Case D2053 Count: 12
Case D2054 Count: 19
Case D2055 Count: 18
Case D2056 Count: 15
Case D2057 Count: 21
Case D2058 Count: 15
Case D2059 Count: 16
Case D2060 Count: 23
Case D2061 Count: 21
Case D2062 Count: 9
Case D2063 Count: 24
Case D2064 Count: 14
Case D2065 Count: 21
Case D2066 Count: 15
Case D2067 Count: 10
Case D2068 Count: 21
Case D2069 Count: 16
Case D2070 Count: 12
Case D2071 Count: 16
Case D2072 Count: 15
Case D2073 Count: 16
Case D2074 Count: 20
Case D2075 Count: 14
Case D2076 Count: 16
Case D2077 Count: 19
Case D2078 Count: 17
Case D2079 Count: 10
Case D2080 Count: 14
Case D2081 Count: 21
Case D2082 Count: 20
Case D2083 Count: 18
Case D2084 Count: 16
Case D2085 Count: 24
Case D2086 Count: 18
Case D2087 Count: 17
Case D2088 Count: 13
Case D2089 Count: 17
Case D2090 Count: 21
Case D2091 Count: 14
Case D2092 Count: 13
Case D2093 Count: 16
Case D2094 Count: 19
Case D2095 Count: 18
Case D2096 Count: 23
Case D2097 Count: 14
Case D2098 Count: 19
Case D2099 Count: 15
Case D2100 Count: 19
Case D2101 Count: 9
Case D2102 Count: 22
Case D2103 Count: 13
Case D2104 Count: 16
Case D2105 Count: 20
Case D2106 Count: 16
Case D2107 Count: 14
Case D2108 Count: 22
Case D2109 Count: 18
Case D2110 Count: 8
Case D2111 Count: 21
Case D2112 Count: 11
Case D2113 Count: 14
Case D2114 Count: 14
Case D2115 Count: 18
Case D2116 Count: 18
Case D2117 Count: 22
Case D2118 Count: 18
Case D2119 Count: 17
Case D2120 Count: 23
Case D2121 Count: 17
Case D2122 Count: 22
Case D2123 Count: 20
Case D2124 Count: 15
Case D2125 Count: 16
Case D2126 Count: 14
Case D2127 Count: 12
Case D2128 Count: 15
Case D2129 Count: 15
Case D2130 Count: 14
Case D2131 Count: 13
Case D2132 Count: 16
Case D2133 Count: 19
Case D2134 Count: 18
Case D2135 Count: 16
Case D2136 Count: 19
Case D2137 Count: 18
Case D2138 Count: 17
Case D2139 Count: 18
Case D2140 Count: 17
Case D2141 Count: 20
Case D2142 Count: 17
Case D2143 Count: 19
Case D2144 Count: 15
Case D2145 Count: 18
Case D2146 Count: 16
Case D2147 Count: 14
Case D2148 Count: 16
Case D2149 Count: 18
Case D2150 Count: 15
Case D2151 Count: 16
Case D2152 Count: 8
Case D2153 Count: 13
Case D2154 Count: 16
Case D2155 Count: 15
Case D2156 Count: 17
Case D2157 Count: 17
Case D2158 Count: 13
Case D2159 Count: 20
Case D2160 Count: 12
Case D2161 Count: 22
Case D2162 Count: 13
Case D2163 Count: 12
Case D2164 Count: 11
Case D2165 Count: 22
Case D2166 Count: 14
Case D2167 Count: 20
Case D2168 Count: 9
Case D2169 Count: 14
Case D2170 Count: 25
Case D2171 Count: 11
Case D2172 Count: 12
Case D2173 Count: 20
Case D2174 Count: 17
Case D2175 Count: 16
Case D2176 Count: 11
Case D2177 Count: 13
Case D2178 Count: 14
Case D2179 Count: 16
Case D2180 Count: 15
Case D2181 Count: 22
Case D2182 Count: 13
Case D2183 Count: 14
Case D2184 Count: 10
Case D2185 Count: 19
Case D2186 Count: 18
Case D2187 Count: 14
Case D2188 Count: 10
Case D2189 Count: 19
Case D2190 Count: 15
Case D2191 Count: 20
Case D2192 Count: 10
Case D2193 Count: 9
Case D2194 Count: 5
Case D2195 Count: 13
Case D2196 Count: 21
Case D2197 Count: 14
Case D2198 Count: 14
Case D2199 Count: 16
Case D2200 Count: 9
Case D2201 Count: 17
Case D2202 Count: 11
Case D2203 Count: 19
Case D2204 Count: 17
Case D2205 Count: 13
Case D2206 Count: 19
Case D2207 Count: 16
Case D2208 Count: 17
Case D2209 Count: 19
Case D2210 Count: 11
Case D2211 Count: 17
Case D2212 Count: 14
Case D2213 Count: 20
Case D2214 Count: 17
Case D2215 Count: 12
Case D2216 Count: 20
Case D2217 Count: 19
Case D2218 Count: 16
Case D2219 Count: 18
Case D2220 Count: 12
Case D2221 Count: 18
Case D2222 Count: 22
Case D2223 Count: 14
Case D2224 Count: 17
Case D2225 Count: 18
Case D2226 Count: 13
Case D2227 Count: 9
Case D2228 Count: 12
Case D2229 Count: 16
Case D2230 Count: 13
Case D2231 Count: 6
Case D2232 Count: 14
Case D2233 Count: 10
Case D2234 Count: 17
Case D2235 Count: 12
Case D2236 Count: 21
Case D2237 Count: 11
Case D2238 Count: 10
Case D2239 Count: 17
Case D2240 Count: 17
Case D2241 Count: 17
Case D2242 Count: 19
Case D2243 Count: 12
Case D2244 Count: 17
Case D2245 Count: 16
Case D2246 Count: 19
Case D2247 Count: 10
Case D2248 Count: 11
Case D2249 Count: 16
Case D2250 Count: 13
Case D2251 Count: 13
Case D2252 Count: 8
Case D2253 Count: 20
Case D2254 Count: 18
Case D2255 Count: 9
Case D2256 Count: 17
Case D2257 Count: 16
Case D2258 Count: 21
Case D2259 Count: 14
Case D2260 Count: 16
Case D2261 Count: 14
Case D2262 Count: 11
Case D2263 Count: 15
Case D2264 Count: 19
Case D2265 Count: 15
Case D2266 Count: 18
Case D2267 Count: 19
Case D2268 Count: 14
Case D2269 Count: 19
Case D2270 Count: 12
Case D2271 Count: 18
Case D2272 Count: 14
Case D2273 Count: 18
Case D2274 Count: 16
Case D2275 Count: 12
Case D2276 Count: 20
Case D2277 Count: 11
Case D2278 Count: 8
Case D2279 Count: 12
Case D2280 Count: 18
Case D2281 Count: 12
Case D2282 Count: 10
Case D2283 Count: 14
Case D2284 Count: 11
Case D2285 Count: 13
Case D2286 Count: 19
Case D2287 Count: 24
Case D2288 Count: 15
Case D2289 Count: 10
Case D2290 Count: 10
Case D2291 Count: 14
Case D2292 Count: 17
Case D2293 Count: 16
Case D2294 Count: 16
Case D2295 Count: 5
Case D2296 Count: 6
Case D2297 Count: 14
Case D2298 Count: 10
Case D2299 Count: 12
Case D2300 Count: 10
Case D2301 Count: 17
Case D2302 Count: 14
Case D2303 Count: 12
Case D2304 Count: 12
Case D2305 Count: 14
Case D2306 Count: 15
Case D2307 Count: 8
Case D2308 Count: 18
Case D2309 Count: 13
Case D2310 Count: 14
Case D2311 Count: 11
Case D2312 Count: 17
Case D2313 Count: 15
Case D2314 Count: 15
Case D2315 Count: 11
Case D2316 Count: 10
Case D2317 Count: 11
Case D2318 Count: 12
Case D2319 Count: 13
Case D2320 Count: 10
Case D2321 Count: 11
Case D2322 Count: 20
Case D2323 Count: 13
Case D2324 Count: 11
Case D2325 Count: 13
Case D2326 Count: 20
Case D2327 Count: 12
Case D2328 Count: 11
Case D2329 Count: 13
Case D2330 Count: 16
Case D2331 Count: 13
Case D2332 Count: 17
Case D2333 Count: 12
Case D2334 Count: 14
Case D2335 Count: 16
Case D2336 Count: 16
Case D2337 Count: 15
Case D2338 Count: 11
Case D2339 Count: 14
Case D2340 Count: 8
Case D2341 Count: 17
Case D2342 Count: 13
Case D2343 Count: 18
Case D2344 Count: 12
Case D2345 Count: 19
Case D2346 Count: 10
Case D2347 Count: 10
Case D2348 Count: 8
Case D2349 Count: 11
Case D2350 Count: 17
Case D2351 Count: 17
Case D2352 Count: 15
Case D2353 Count: 19
Case D2354 Count: 9
Case D2355 Count: 10
Case D2356 Count: 10
Case D2357 Count: 16
Case D2358 Count: 13
Case D2359 Count: 12
Case D2360 Count: 13
Case D2361 Count: 15
Case D2362 Count: 10
Case D2363 Count: 11
Case D2364 Count: 14
Case D2365 Count: 14
Case D2366 Count: 16
Case D2367 Count: 16
Case D2368 Count: 17
Case D2369 Count: 17
Case D2370 Count: 19
Case D2371 Count: 10
Case D2372 Count: 12
Case D2373 Count: 19
Case D2374 Count: 15
Case D2375 Count: 11
Case D2376 Count: 15
Case D2377 Count: 8
Case D2378 Count: 17
Case D2379 Count: 10
Case D2380 Count: 14
Case D2381 Count: 17
Case D2382 Count: 9
Case D2383 Count: 13
Case D2384 Count: 15
Case D2385 Count: 12
Case D2386 Count: 17
Case D2387 Count: 14
Case D2388 Count: 15
Case D2389 Count: 11
Case D2390 Count: 16
Case D2391 Count: 14
Case D2392 Count: 16
Case D2393 Count: 16
Case D2394 Count: 12
Case D2395 Count: 12
Case D2396 Count: 12
Case D2397 Count: 11
Case D2398 Count: 16
Case D2399 Count: 11
Case D2400 Count: 17
Case D2401 Count: 20
Case D2402 Count: 16
Case D2403 Count: 10
Case D2404 Count: 19
Case D2405 Count: 15
Case D2406 Count: 13
Case D2407 Count: 16
Case D2408 Count: 13
Case D2409 Count: 17
Case D2410 Count: 18
Case D2411 Count: 13
Case D2412 Count: 15
Case D2413 Count: 9
Case D2414 Count: 11
Case D2415 Count: 22
Case D2416 Count: 10
Case D2417 Count: 14
Case D2418 Count: 11
Case D2419 Count: 8
Case D2420 Count: 14
Case D2421 Count: 13
Case D2422 Count: 12
Case D2423 Count: 13
Case D2424 Count: 11
Case D2425 Count: 10
Case D2426 Count: 13
Case D2427 Count: 9
Case D2428 Count: 10
Case D2429 Count: 8
Case D2430 Count: 3
Case D2431 Count: 11
Case D2432 Count: 15
Case D2433 Count: 14
Case D2434 Count: 11
Case D2435 Count: 18
Case D2436 Count: 13
Case D2437 Count: 18
Case D2438 Count: 11
Case D2439 Count: 13
Case D2440 Count: 11
Case D2441 Count: 13
Case D2442 Count: 17
Case D2443 Count: 19
Case D2444 Count: 12
Case D2445 Count: 13
Case D2446 Count: 13
Case D2447 Count: 12
Case D2448 Count: 12
Case D2449 Count: 13
Case D2450 Count: 13
Case D2451 Count: 13
Case D2452 Count: 8
Case D2453 Count: 9
Case D2454 Count: 21
Case D2455 Count: 13
Case D2456 Count: 14
Case D2457 Count: 14
Case D2458 Count: 10
Case D2459 Count: 9
Case D2460 Count: 7
Case D2461 Count: 17
Case D2462 Count: 18
Case D2463 Count: 5
Case D2464 Count: 11
Case D2465 Count: 10
Case D2466 Count: 7
Case D2467 Count: 11
Case D2468 Count: 16
Case D2469 Count: 10
Case D2470 Count: 7
Case D2471 Count: 14
Case D2472 Count: 13
Case D2473 Count: 7
Case D2474 Count: 7
Case D2475 Count: 13
Case D2476 Count: 12
Case D2477 Count: 12
Case D2478 Count: 11
Case D2479 Count: 13
Case D2480 Count: 12
Case D2481 Count: 7
Case D2482 Count: 10
Case D2483 Count: 15
Case D2484 Count: 10
Case D2485 Count: 11
Case D2486 Count: 14
Case D2487 Count: 10
Case D2488 Count: 13
Case D2489 Count: 16
Case D2490 Count: 14
Case D2491 Count: 8
Case D2492 Count: 9
Case D2493 Count: 10
Case D2494 Count: 10
Case D2495 Count: 17
Case D2496 Count: 13
Case D2497 Count: 14
Case D2498 Count: 13
Case D2499 Count: 10
Case D2500 Count: 8
Case D2501 Count: 8
Case D2502 Count: 9
Case D2503 Count: 10
Case D2504 Count: 12
Case D2505 Count: 18
Case D2506 Count: 11
Case D2507 Count: 17
Case D2508 Count: 19
Case D2509 Count: 9
Case D2510 Count: 12
Case D2511 Count: 9
Case D2512 Count: 12
Case D2513 Count: 12
Case D2514 Count: 14
Case D2515 Count: 11
Case D2516 Count: 15
Case D2517 Count: 9
Case D2518 Count: 12
Case D2519 Count: 13
Case D2520 Count: 10
Case D2521 Count: 9
Case D2522 Count: 10
Case D2523 Count: 9
Case D2524 Count: 16
Case D2525 Count: 12
Case D2526 Count: 10
Case D2527 Count: 12
Case D2528 Count: 15
Case D2529 Count: 14
Case D2530 Count: 16
Case D2531 Count: 12
Case D2532 Count: 13
Case D2533 Count: 12
Case D2534 Count: 11
Case D2535 Count: 11
Case D2536 Count: 11
Case D2537 Count: 13
Case D2538 Count: 12
Case D2539 Count: 15
Case D2540 Count: 12
Case D2541 Count: 10
Case D2542 Count: 16
Case D2543 Count: 14
Case D2544 Count: 13
Case D2545 Count: 9
Case D2546 Count: 9
Case D2547 Count: 11
Case D2548 Count: 19
Case D2549 Count: 10
Case D2550 Count: 13
Case D2551 Count: 12
Case D2552 Count: 13
Case D2553 Count: 13
Case D2554 Count: 7
Case D2555 Count: 12
Case D2556 Count: 8
Case D2557 Count: 13
Case D2558 Count: 9
Case D2559 Count: 8
Case D2560 Count: 18
Case D2561 Count: 16
Case D2562 Count: 16
Case D2563 Count: 17
Case D2564 Count: 13
Case D2565 Count: 9
Case D2566 Count: 12
Case D2567 Count: 12
Case D2568 Count: 13
Case D2569 Count: 14
Case D2570 Count: 9
Case D2571 Count: 10
Case D2572 Count: 15
Case D2573 Count: 6
Case D2574 Count: 12
Case D2575 Count: 11
Case D2576 Count: 8
Case D2577 Count: 8
Case D2578 Count: 15
Case D2579 Count: 12
Case D2580 Count: 12
Case D2581 Count: 10
Case D2582 Count: 9
Case D2583 Count: 12
Case D2584 Count: 16
Case D2585 Count: 7
Case D2586 Count: 10
Case D2587 Count: 12
Case D2588 Count: 15
Case D2589 Count: 6
Case D2590 Count: 8
Case D2591 Count: 15
Case D2592 Count: 16
Case D2593 Count: 9
Case D2594 Count: 7
Case D2595 Count: 21
Case D2596 Count: 9
Case D2597 Count: 9
Case D2598 Count: 12
Case D2599 Count: 10
Case D2600 Count: 8
Case D2601 Count: 13
Case D2602 Count: 14
Case D2603 Count: 1
Case D2604 Count: 11
Case D2605 Count: 13
Case D2606 Count: 6
Case D2607 Count: 10
Case D2608 Count: 10
Case D2609 Count: 9
Case D2610 Count: 11
Case D2611 Count: 11
Case D2612 Count: 10
Case D2613 Count: 13
Case D2614 Count: 16
Case D2615 Count: 10
Case D2616 Count: 11
Case D2617 Count: 11
Case D2618 Count: 9
Case D2619 Count: 5
Case D2620 Count: 12
Case D2621 Count: 18
Case D2622 Count: 6
Case D2623 Count: 15
Case D2624 Count: 7
Case D2625 Count: 9
Case D2626 Count: 16
Case D2627 Count: 12
Case D2628 Count: 11
Case D2629 Count: 18
Case D2630 Count: 9
Case D2631 Count: 9
Case D2632 Count: 12
Case D2633 Count: 11
Case D2634 Count: 11
Case D2635 Count: 9
Case D2636 Count: 7
Case D2637 Count: 8
Case D2638 Count: 10
Case D2639 Count: 8
Case D2640 Count: 8
Case D2641 Count: 5
Case D2642 Count: 19
Case D2643 Count: 12
Case D2644 Count: 13
Case D2645 Count: 9
Case D2646 Count: 9
Case D2647 Count: 12
Case D2648 Count: 5
Case D2649 Count: 12
Case D2650 Count: 12
Case D2651 Count: 9
Case D2652 Count: 9
Case D2653 Count: 9
Case D2654 Count: 5
Case D2655 Count: 8
Case D2656 Count: 12
Case D2657 Count: 10
Case D2658 Count: 10
Case D2659 Count: 7
Case D2660 Count: 9
Case D2661 Count: 13
Case D2662 Count: 8
Case D2663 Count: 9
Case D2664 Count: 10
Case D2665 Count: 12
Case D2666 Count: 10
Case D2667 Count: 18
Case D2668 Count: 12
Case D2669 Count: 6
Case D2670 Count: 11
Case D2671 Count: 7
Case D2672 Count: 9
Case D2673 Count: 12
Case D2674 Count: 8
Case D2675 Count: 6
Case D2676 Count: 14
Case D2677 Count: 14
Case D2678 Count: 12
Case D2679 Count: 5
Case D2680 Count: 10
Case D2681 Count: 7
Case D2682 Count: 9
Case D2683 Count: 14
Case D2684 Count: 8
Case D2685 Count: 8
Case D2686 Count: 11
Case D2687 Count: 12
Case D2688 Count: 10
Case D2689 Count: 12
Case D2690 Count: 8
Case D2691 Count: 7
Case D2692 Count: 10
Case D2693 Count: 13
Case D2694 Count: 11
Case D2695 Count: 19
Case D2696 Count: 9
Case D2697 Count: 13
Case D2698 Count: 9
Case D2699 Count: 10
Case D2700 Count: 9
Case D2701 Count: 7
Case D2702 Count: 15
Case D2703 Count: 10
Case D2704 Count: 12
Case D2705 Count: 12
Case D2706 Count: 10
Case D2707 Count: 3
Case D2708 Count: 6
Case D2709 Count: 11
Case D2710 Count: 9
Case D2711 Count: 11
Case D2712 Count: 13
Case D2713 Count: 12
Case D2714 Count: 16
Case D2715 Count: 12
Case D2716 Count: 5
Case D2717 Count: 7
Case D2718 Count: 14
Case D2719 Count: 14
Case D2720 Count: 11
Case D2721 Count: 11
Case D2722 Count: 8
Case D2723 Count: 4
Case D2724 Count: 9
Case D2725 Count: 6
Case D2726 Count: 12
Case D2727 Count: 11
Case D2728 Count: 10
Case D2729 Count: 6
Case D2730 Count: 11
Case D2731 Count: 8
Case D2732 Count: 6
Case D2733 Count: 12
Case D2734 Count: 9
Case D2735 Count: 10
Case D2736 Count: 12
Case D2737 Count: 10
Case D2738 Count: 11
Case D2739 Count: 15
Case D2740 Count: 6
Case D2741 Count: 8
Case D2742 Count: 15
Case D2743 Count: 10
Case D2744 Count: 15
Case D2745 Count: 4
Case D2746 Count: 8
Case D2747 Count: 13
Case D2748 Count: 9
Case D2749 Count: 12
Case D2750 Count: 13
Case D2751 Count: 12
Case D2752 Count: 7
Case D2753 Count: 7
Case D2754 Count: 12
Case D2755 Count: 8
Case D2756 Count: 10
Case D2757 Count: 3
Case D2758 Count: 11
Case D2759 Count: 10
Case D2760 Count: 11
Case D2761 Count: 12
Case D2762 Count: 8
Case D2763 Count: 7
Case D2764 Count: 9
Case D2765 Count: 8
Case D2766 Count: 8
Case D2767 Count: 8
Case D2768 Count: 10
Case D2769 Count: 6
Case D2770 Count: 3
Case D2771 Count: 5
Case D2772 Count: 10
Case D2773 Count: 7
Case D2774 Count: 13
Case D2775 Count: 10
Case D2776 Count: 15
Case D2777 Count: 11
Case D2778 Count: 11
Case D2779 Count: 8
Case D2780 Count: 15
Case D2781 Count: 7
Case D2782 Count: 11
Case D2783 Count: 11
Case D2784 Count: 11
Case D2785 Count: 4
Case D2786 Count: 9
Case D2787 Count: 6
Case D2788 Count: 8
Case D2789 Count: 5
Case D2790 Count: 16
Case D2791 Count: 5
Case D2792 Count: 11
Case D2793 Count: 11
Case D2794 Count: 6
Case D2795 Count: 12
Case D2796 Count: 10
Case D2797 Count: 11
Case D2798 Count: 11
Case D2799 Count: 15
Case D2800 Count: 7
Case D2801 Count: 17
Case D2802 Count: 5
Case D2803 Count: 12
Case D2804 Count: 9
Case D2805 Count: 9
Case D2806 Count: 6
Case D2807 Count: 13
Case D2808 Count: 8
Case D2809 Count: 10
Case D2810 Count: 7
Case D2811 Count: 8
Case D2812 Count: 10
Case D2813 Count: 7
Case D2814 Count: 6
Case D2815 Count: 13
Case D2816 Count: 10
Case D2817 Count: 6
Case D2818 Count: 6
Case D2819 Count: 13
Case D2820 Count: 14
Case D2821 Count: 6
Case D2822 Count: 8
Case D2823 Count: 5
Case D2824 Count: 8
Case D2825 Count: 11
Case D2826 Count: 6
Case D2827 Count: 9
Case D2828 Count: 5
Case D2829 Count: 8
Case D2830 Count: 12
Case D2831 Count: 6
Case D2832 Count: 6
Case D2833 Count: 5
Case D2834 Count: 9
Case D2835 Count: 14
Case D2836 Count: 11
Case D2837 Count: 8
Case D2838 Count: 5
Case D2839 Count: 12
Case D2840 Count: 14
Case D2841 Count: 7
Case D2842 Count: 10
Case D2843 Count: 16
Case D2844 Count: 10
Case D2845 Count: 10
Case D2846 Count: 10
Case D2847 Count: 15
Case D2848 Count: 7
Case D2849 Count: 7
Case D2850 Count: 6
Case D2851 Count: 13
Case D2852 Count: 9
Case D2853 Count: 8
Case D2854 Count: 3
Case D2855 Count: 14
Case D2856 Count: 8
Case D2857 Count: 12
Case D2858 Count: 16
Case D2859 Count: 8
Case D2860 Count: 11
Case D2861 Count: 12
Case D2862 Count: 10
Case D2863 Count: 7
Case D2864 Count: 11
Case D2865 Count: 4
Case D2866 Count: 7
Case D2867 Count: 12
Case D2868 Count: 7
Case D2869 Count: 8
Case D2870 Count: 6
Case D2871 Count: 10
Case D2872 Count: 7
Case D2873 Count: 10
Case D2874 Count: 8
Case D2875 Count: 6
Case D2876 Count: 13
Case D2877 Count: 9
Case D2878 Count: 6
Case D2879 Count: 10
Case D2880 Count: 14
Case D2881 Count: 7
Case D2882 Count: 7
Case D2883 Count: 3
Case D2884 Count: 10
Case D2885 Count: 4
Case D2886 Count: 9
Case D2887 Count: 4
Case D2888 Count: 7
Case D2889 Count: 9
Case D2890 Count: 8
Case D2891 Count: 10
Case D2892 Count: 6
Case D2893 Count: 10
Case D2894 Count: 13
Case D2895 Count: 7
Case D2896 Count: 11
Case D2897 Count: 9
Case D2898 Count: 11
Case D2899 Count: 7
Case D2900 Count: 7
Case D2901 Count: 12
Case D2902 Count: 12
Case D2903 Count: 9
Case D2904 Count: 15
Case D2905 Count: 11
Case D2906 Count: 13
Case D2907 Count: 4
Case D2908 Count: 9
Case D2909 Count: 11
Case D2910 Count: 5
Case D2911 Count: 7
Case D2912 Count: 10
Case D2913 Count: 5
Case D2914 Count: 6
Case D2915 Count: 10
Case D2916 Count: 6
Case D2917 Count: 11
Case D2918 Count: 9
Case D2919 Count: 11
Case D2920 Count: 13
Case D2921 Count: 6
Case D2922 Count: 5
Case D2923 Count: 7
Case D2924 Count: 11
Case D2925 Count: 8
Case D2926 Count: 8
Case D2927 Count: 8
Case D2928 Count: 11
Case D2929 Count: 7
Case D2930 Count: 6
Case D2931 Count: 7
Case D2932 Count: 7
Case D2933 Count: 5
Case D2934 Count: 8
Case D2935 Count: 13
Case D2936 Count: 8
Case D2937 Count: 9
Case D2938 Count: 8
Case D2939 Count: 5
Case D2940 Count: 6
Case D2941 Count: 10
Case D2942 Count: 7
Case D2943 Count: 9
Case D2944 Count: 8
Case D2945 Count: 5
Case D2946 Count: 8
Case D2947 Count: 9
Case D2948 Count: 6
Case D2949 Count: 11
Case D2950 Count: 13
Case D2951 Count: 9
Case D2952 Count: 11
Case D2953 Count: 13
Case D2954 Count: 10
Case D2955 Count: 5
Case D2956 Count: 9
Case D2957 Count: 9
Case D2958 Count: 11
Case D2959 Count: 6
Case D2960 Count: 12
Case D2961 Count: 12
Case D2962 Count: 8
Case D2963 Count: 8
Case D2964 Count: 6
Case D2965 Count: 9
Case D2966 Count: 11
Case D2967 Count: 13
Case D2968 Count: 7
Case D2969 Count: 12
Case D2970 Count: 3
Case D2971 Count: 8
Case D2972 Count: 9
Case D2973 Count: 11
Case D2974 Count: 3
Case D2975 Count: 5
Case D2976 Count: 7
Case D2977 Count: 9
Case D2978 Count: 7
Case D2979 Count: 16
Case D2980 Count: 8
Case D2981 Count: 8
Case D2982 Count: 9
Case D2983 Count: 7
Case D2984 Count: 7
Case D2985 Count: 7
Case D2986 Count: 7
Case D2987 Count: 7
Case D2988 Count: 10
Case D2989 Count: 14
Case D2990 Count: 9
Case D2991 Count: 7
Case D2992 Count: 6
Case D2993 Count: 10
Case D2994 Count: 8
Case D2995 Count: 6
Case D2996 Count: 9
Case D2997 Count: 6
Case D2998 Count: 9
Case D2999 Count: 9
Case D3000 Count: 9
Case D3001 Count: 7
Case D3002 Count: 8
Case D3003 Count: 8
Case D3004 Count: 12
Case D3005 Count: 12
Case D3006 Count: 9
Case D3007 Count: 10
Case D3008 Count: 9
Case D3009 Count: 5
Case D3010 Count: 15
Case D3011 Count: 6
Case D3012 Count: 4
Case D3013 Count: 15
Case D3014 Count: 8
Case D3015 Count: 7
Case D3016 Count: 9
Case D3017 Count: 12
Case D3018 Count: 7
Case D3019 Count: 8
Case D3020 Count: 7
Case D3021 Count: 9
Case D3022 Count: 7
Case D3023 Count: 8
Case D3024 Count: 13
Case D3025 Count: 7
Case D3026 Count: 5
Case D3027 Count: 12
Case D3028 Count: 9
Case D3029 Count: 3
Case D3030 Count: 16
Case D3031 Count: 5
Case D3032 Count: 9
Case D3033 Count: 6
Case D3034 Count: 8
Case D3035 Count: 12
Case D3036 Count: 13
Case D3037 Count: 4
Case D3038 Count: 2
Case D3039 Count: 11
Case D3040 Count: 12
Case D3041 Count: 16
Case D3042 Count: 7
Case D3043 Count: 10
Case D3044 Count: 11
Case D3045 Count: 4
Case D3046 Count: 5
Case D3047 Count: 8
Case D3048 Count: 6
Case D3049 Count: 4
Case D3050 Count: 4
Case D3051 Count: 7
Case D3052 Count: 7
Case D3053 Count: 10
Case D3054 Count: 5
Case D3055 Count: 6
Case D3056 Count: 4
Case D3057 Count: 4
Case D3058 Count: 5
Case D3059 Count: 13
Case D3060 Count: 6
Case D3061 Count: 5
Case D3062 Count: 9
Case D3063 Count: 5
Case D3064 Count: 2
Case D3065 Count: 14
Case D3066 Count: 8
Case D3067 Count: 7
Case D3068 Count: 5
Case D3069 Count: 13
Case D3070 Count: 5
Case D3071 Count: 11
Case D3072 Count: 11
Case D3073 Count: 8
Case D3074 Count: 4
Case D3075 Count: 11
Case D3076 Count: 9
Case D3077 Count: 9
Case D3078 Count: 8
Case D3079 Count: 2
Case D3080 Count: 14
Case D3081 Count: 6
Case D3082 Count: 10
Case D3083 Count: 13
Case D3084 Count: 6
Case D3085 Count: 11
Case D3086 Count: 7
Case D3087 Count: 11
Case D3088 Count: 12
Case D3089 Count: 16
Case D3090 Count: 1
Case D3091 Count: 7
Case D3092 Count: 8
Case D3093 Count: 7
Case D3094 Count: 6
Case D3095 Count: 8
Case D3096 Count: 10
Case D3097 Count: 10
Case D3098 Count: 9
Case D3099 Count: 7
Case D3100 Count: 2
Case D3101 Count: 6
Case D3102 Count: 2
Case D3103 Count: 8
Case D3104 Count: 3
Case D3105 Count: 6
Case D3106 Count: 9
Case D3107 Count: 9
Case D3108 Count: 8
Case D3109 Count: 7
Case D3110 Count: 11
Case D3111 Count: 3
Case D3112 Count: 6
Case D3113 Count: 11
Case D3114 Count: 11
Case D3115 Count: 9
Case D3116 Count: 7
Case D3117 Count: 9
Case D3118 Count: 3
Case D3119 Count: 3
Case D3120 Count: 4
Case D3121 Count: 6
Case D3122 Count: 10
Case D3123 Count: 12
Case D3124 Count: 6
Case D3125 Count: 8
Case D3126 Count: 5
Case D3127 Count: 16
Case D3128 Count: 10
Case D3129 Count: 6
Case D3130 Count: 6
Case D3131 Count: 3
Case D3132 Count: 8
Case D3133 Count: 7
Case D3134 Count: 12
Case D3135 Count: 9
Case D3136 Count: 9
Case D3137 Count: 6
Case D3138 Count: 10
Case D3139 Count: 9
Case D3140 Count: 9
Case D3141 Count: 6
Case D3142 Count: 6
Case D3143 Count: 12
Case D3144 Count: 8
Case D3145 Count: 8
Case D3146 Count: 5
Case D3147 Count: 8
Case D3148 Count: 13
Case D3149 Count: 5
Case D3150 Count: 8
Case D3151 Count: 11
Case D3152 Count: 7
Case D3153 Count: 12
Case D3154 Count: 6
Case D3155 Count: 7
Case D3156 Count: 7
Case D3157 Count: 9
Case D3158 Count: 5
Case D3159 Count: 6
Case D3160 Count: 6
Case D3161 Count: 7
Case D3162 Count: 6
Case D3163 Count: 7
Case D3164 Count: 11
Case D3165 Count: 7
Case D3166 Count: 5
Case D3167 Count: 2
Case D3168 Count: 6
Case D3169 Count: 8
Case D3170 Count: 8
Case D3171 Count: 4
Case D3172 Count: 1
Case D3173 Count: 6
Case D3174 Count: 12
Case D3175 Count: 10
Case D3176 Count: 5
Case D3177 Count: 5
Case D3178 Count: 10
Case D3179 Count: 11
Case D3180 Count: 8
Case D3181 Count: 6
Case D3182 Count: 10
Case D3183 Count: 4
Case D3184 Count: 6
Case D3185 Count: 7
Case D3186 Count: 9
Case D3187 Count: 10
Case D3188 Count: 5
Case D3189 Count: 5
Case D3190 Count: 9
Case D3191 Count: 6
Case D3192 Count: 4
Case D3193 Count: 3
Case D3194 Count: 6
Case D3195 Count: 3
Case D3196 Count: 3
Case D3197 Count: 10
Case D3198 Count: 7
Case D3199 Count: 7
Case D3200 Count: 11
Case D3201 Count: 7
Case D3202 Count: 11
Case D3203 Count: 8
Case D3204 Count: 7
Case D3205 Count: 9
Case D3206 Count: 2
Case D3207 Count: 6
Case D3208 Count: 10
Case D3209 Count: 10
Case D3210 Count: 5
Case D3211 Count: 5
Case D3212 Count: 5
Case D3213 Count: 10
Case D3214 Count: 7
Case D3215 Count: 15
Case D3216 Count: 12
Case D3217 Count: 6
Case D3218 Count: 10
Case D3219 Count: 13
Case D3220 Count: 3
Case D3221 Count: 4
Case D3222 Count: 6
Case D3223 Count: 5
Case D3224 Count: 6
Case D3225 Count: 8
Case D3226 Count: 6
Case D3227 Count: 11
Case D3228 Count: 1
Case D3229 Count: 9
Case D3230 Count: 3
Case D3231 Count: 5
Case D3232 Count: 2
Case D3233 Count: 8
Case D3234 Count: 8
Case D3235 Count: 6
Case D3236 Count: 5
Case D3237 Count: 4
Case D3238 Count: 6
Case D3239 Count: 7
Case D3240 Count: 4
Case D3241 Count: 7
Case D3242 Count: 9
Case D3243 Count: 12
Case D3244 Count: 3
Case D3245 Count: 9
Case D3246 Count: 3
Case D3247 Count: 7
Case D3248 Count: 6
Case D3249 Count: 8
Case D3250 Count: 6
Case D3251 Count: 11
Case D3252 Count: 9
Case D3253 Count: 7
Case D3254 Count: 10
Case D3255 Count: 4
Case D3256 Count: 10
Case D3257 Count: 15
Case D3258 Count: 6
Case D3259 Count: 5
Case D3260 Count: 7
Case D3261 Count: 7
Case D3262 Count: 11
Case D3263 Count: 4
Case D3264 Count: 4
Case D3265 Count: 6
Case D3266 Count: 9
Case D3267 Count: 10
Case D3268 Count: 8
Case D3269 Count: 6
Case D3270 Count: 3
Case D3271 Count: 4
Case D3272 Count: 5
Case D3273 Count: 10
Case D3274 Count: 7
Case D3275 Count: 7
Case D3276 Count: 7
Case D3277 Count: 7
Case D3278 Count: 8
Case D3279 Count: 11
Case D3280 Count: 8
Case D3281 Count: 13
Case D3282 Count: 2
Case D3283 Count: 8
Case D3284 Count: 8
Case D3285 Count: 5
Case D3286 Count: 16
Case D3287 Count: 10
Case D3288 Count: 11
Case D3289 Count: 11
Case D3290 Count: 8
Case D3291 Count: 9
Case D3292 Count: 4
Case D3293 Count: 8
Case D3294 Count: 5
Case D3295 Count: 5
Case D3296 Count: 10
Case D3297 Count: 13
Case D3298 Count: 4
Case D3299 Count: 8
Case D3300 Count: 13
Case D3301 Count: 4
Case D3302 Count: 5
Case D3303 Count: 7
Case D3304 Count: 4
Case D3305 Count: 9
Case D3306 Count: 7
Case D3307 Count: 7
Case D3308 Count: 5
Case D3309 Count: 8
Case D3310 Count: 10
Case D3311 Count: 8
Case D3312 Count: 3
Case D3313 Count: 4
Case D3314 Count: 4
Case D3315 Count: 7
Case D3316 Count: 12
Case D3317 Count: 11
Case D3318 Count: 11
Case D3319 Count: 6
Case D3320 Count: 12
Case D3321 Count: 5
Case D3322 Count: 10
Case D3323 Count: 6
Case D3324 Count: 3
Case D3325 Count: 5
Case D3326 Count: 8
Case D3327 Count: 8
Case D3328 Count: 7
Case D3329 Count: 7
Case D3330 Count: 10
Case D3331 Count: 9
Case D3332 Count: 7
Case D3333 Count: 4
Case D3334 Count: 1
Case D3335 Count: 7
Case D3336 Count: 4
Case D3337 Count: 10
Case D3338 Count: 13
Case D3339 Count: 8
Case D3340 Count: 9
Case D3341 Count: 8
Case D3342 Count: 2
Case D3343 Count: 10
Case D3344 Count: 4
Case D3345 Count: 6
Case D3346 Count: 6
Case D3347 Count: 1
Case D3348 Count: 5
Case D3349 Count: 6
Case D3350 Count: 4
Case D3351 Count: 3
Case D3352 Count: 3
Case D3353 Count: 8
Case D3354 Count: 3
Case D3355 Count: 5
Case D3356 Count: 4
Case D3357 Count: 8
Case D3358 Count: 7
Case D3359 Count: 6
Case D3360 Count: 7
Case D3361 Count: 4
Case D3362 Count: 7
Case D3363 Count: 5
Case D3364 Count: 3
Case D3365 Count: 4
Case D3366 Count: 7
Case D3367 Count: 9
Case D3368 Count: 11
Case D3369 Count: 10
Case D3370 Count: 3
Case D3371 Count: 9
Case D3372 Count: 9
Case D3373 Count: 5
Case D3374 Count: 10
Case D3375 Count: 8
Case D3376 Count: 6
Case D3377 Count: 7
Case D3378 Count: 8
Case D3379 Count: 4
Case D3380 Count: 7
Case D3381 Count: 5
Case D3382 Count: 9
Case D3383 Count: 8
Case D3384 Count: 7
Case D3385 Count: 7
Case D3386 Count: 5
Case D3387 Count: 6
Case D3388 Count: 8
Case D3389 Count: 6
Case D3390 Count: 9
Case D3391 Count: 6
Case D3392 Count: 5
Case D3393 Count: 7
Case D3394 Count: 10
Case D3395 Count: 5
Case D3396 Count: 9
Case D3397 Count: 5
Case D3398 Count: 8
Case D3399 Count: 8
Case D3400 Count: 6
Case D3401 Count: 7
Case D3402 Count: 5
Case D3403 Count: 5
Case D3404 Count: 3
Case D3405 Count: 7
Case D3406 Count: 4
Case D3407 Count: 7
Case D3408 Count: 9
Case D3409 Count: 8
Case D3410 Count: 7
Case D3411 Count: 7
Case D3412 Count: 5
Case D3413 Count: 8
Case D3414 Count: 5
Case D3415 Count: 9
Case D3416 Count: 8
Case D3417 Count: 3
Case D3418 Count: 5
Case D3419 Count: 8
Case D3420 Count: 4
Case D3421 Count: 7
Case D3422 Count: 8
Case D3423 Count: 4
Case D3424 Count: 5
Case D3425 Count: 4
Case D3426 Count: 7
Case D3427 Count: 4
Case D3428 Count: 11
Case D3429 Count: 7
Case D3430 Count: 3
Case D3431 Count: 7
Case D3432 Count: 6
Case D3433 Count: 5
Case D3434 Count: 9
Case D3435 Count: 9
Case D3436 Count: 5
Case D3437 Count: 10
Case D3438 Count: 7
Case D3439 Count: 11
Case D3440 Count: 8
Case D3441 Count: 3
Case D3442 Count: 6
Case D3443 Count: 4
Case D3444 Count: 5
Case D3445 Count: 9
Case D3446 Count: 6
Case D3447 Count: 3
Case D3448 Count: 6
Case D3449 Count: 8
Case D3450 Count: 11
Case D3451 Count: 4
Case D3452 Count: 5
Case D3453 Count: 3
Case D3454 Count: 6
Case D3455 Count: 8
Case D3456 Count: 5
Case D3457 Count: 2
Case D3458 Count: 6
Case D3459 Count: 8
Case D3460 Count: 6
Case D3461 Count: 6
Case D3462 Count: 6
Case D3463 Count: 4
Case D3464 Count: 5
Case D3465 Count: 6
Case D3466 Count: 4
Case D3467 Count: 5
Case D3468 Count: 7
Case D3469 Count: 5
Case D3470 Count: 8
Case D3471 Count: 7
Case D3472 Count: 5
Case D3473 Count: 7
Case D3474 Count: 3
Case D3475 Count: 2
Case D3476 Count: 4
Case D3477 Count: 6
Case D3478 Count: 3
Case D3479 Count: 4
Case D3480 Count: 3
Case D3481 Count: 6
Case D3482 Count: 7
Case D3483 Count: 4
Case D3484 Count: 4
Case D3485 Count: 9
Case D3486 Count: 9
Case D3487 Count: 5
Case D3488 Count: 6
Case D3489 Count: 10
Case D3490 Count: 6
Case D3491 Count: 2
Case D3492 Count: 3
Case D3493 Count: 5
Case D3494 Count: 8
Case D3495 Count: 8
Case D3496 Count: 8
Case D3497 Count: 8
Case D3498 Count: 8
Case D3499 Count: 5
Case D3500 Count: 7
Case D3501 Count: 8
Case D3502 Count: 5
Case D3503 Count: 16
Case D3504 Count: 4
Case D3505 Count: 7
Case D3506 Count: 8
Case D3507 Count: 6
Case D3508 Count: 5
Case D3509 Count: 5
Case D3510 Count: 4
Case D3511 Count: 8
Case D3512 Count: 6
Case D3513 Count: 5
Case D3514 Count: 4
Case D3515 Count: 7
Case D3516 Count: 6
Case D3517 Count: 5
Case D3518 Count: 8
Case D3519 Count: 6
Case D3520 Count: 4
Case D3521 Count: 4
Case D3522 Count: 4
Case D3523 Count: 6
Case D3524 Count: 6
Case D3525 Count: 7
Case D3526 Count: 8
Case D3527 Count: 4
Case D3528 Count: 4
Case D3529 Count: 7
Case D3530 Count: 4
Case D3531 Count: 2
Case D3532 Count: 6
Case D3533 Count: 5
Case D3534 Count: 3
Case D3535 Count: 6
Case D3536 Count: 4
Case D3537 Count: 5
Case D3538 Count: 6
Case D3539 Count: 4
Case D3540 Count: 2
Case D3541 Count: 5
Case D3542 Count: 2
Case D3543 Count: 4
Case D3544 Count: 5
Case D3545 Count: 1
Case D3546 Count: 7
Case D3547 Count: 8
Case D3548 Count: 2
Case D3549 Count: 7
Case D3550 Count: 5
Case D3551 Count: 3
Case D3552 Count: 7
Case D3553 Count: 6
Case D3554 Count: 7
Case D3555 Count: 5
Case D3556 Count: 4
Case D3557 Count: 4
Case D3558 Count: 8
Case D3559 Count: 12
Case D3560 Count: 6
Case D3561 Count: 5
Case D3562 Count: 9
Case D3563 Count: 11
Case D3564 Count: 3
Case D3565 Count: 5
Case D3566 Count: 4
Case D3567 Count: 5
Case D3568 Count: 3
Case D3569 Count: 4
Case D3570 Count: 3
Case D3571 Count: 6
Case D3572 Count: 7
Case D3573 Count: 5
Case D3574 Count: 1
Case D3575 Count: 8
Case D3576 Count: 8
Case D3577 Count: 4
Case D3578 Count: 5
Case D3579 Count: 9
Case D3580 Count: 2
Case D3581 Count: 6
Case D3582 Count: 9
Case D3583 Count: 5
Case D3584 Count: 8
Case D3585 Count: 8
Case D3587 Count: 6
Case D3588 Count: 1
Case D3589 Count: 6
Case D3590 Count: 5
Case D3591 Count: 3
Case D3592 Count: 5
Case D3593 Count: 5
Case D3594 Count: 7
Case D3595 Count: 4
Case D3596 Count: 5
Case D3597 Count: 6
Case D3598 Count: 10
Case D3599 Count: 7
Case D3600 Count: 6
Case D3601 Count: 7
Case D3602 Count: 6
Case D3603 Count: 10
Case D3604 Count: 7
Case D3605 Count: 2
Case D3606 Count: 7
Case D3607 Count: 3
Case D3608 Count: 8
Case D3609 Count: 6
Case D3610 Count: 5
Case D3611 Count: 7
Case D3612 Count: 8
Case D3613 Count: 5
Case D3614 Count: 6
Case D3615 Count: 6
Case D3616 Count: 9
Case D3617 Count: 6
Case D3618 Count: 6
Case D3619 Count: 4
Case D3620 Count: 5
Case D3621 Count: 5
Case D3622 Count: 10
Case D3623 Count: 1
Case D3624 Count: 4
Case D3625 Count: 10
Case D3626 Count: 2
Case D3627 Count: 4
Case D3628 Count: 6
Case D3629 Count: 11
Case D3630 Count: 8
Case D3631 Count: 8
Case D3632 Count: 1
Case D3633 Count: 3
Case D3634 Count: 9
Case D3635 Count: 5
Case D3636 Count: 8
Case D3637 Count: 6
Case D3638 Count: 2
Case D3639 Count: 5
Case D3640 Count: 4
Case D3641 Count: 6
Case D3642 Count: 8
Case D3643 Count: 3
Case D3644 Count: 3
Case D3645 Count: 7
Case D3646 Count: 3
Case D3647 Count: 7
Case D3648 Count: 6
Case D3649 Count: 5
Case D3650 Count: 6
Case D3651 Count: 4
Case D3652 Count: 4
Case D3653 Count: 7
Case D3654 Count: 2
Case D3655 Count: 6
Case D3656 Count: 4
Case D3657 Count: 3
Case D3658 Count: 7
Case D3659 Count: 9
Case D3660 Count: 9
Case D3661 Count: 7
Case D3662 Count: 4
Case D3663 Count: 8
Case D3664 Count: 8
Case D3665 Count: 8
Case D3666 Count: 5
Case D3667 Count: 9
Case D3668 Count: 9
Case D3669 Count: 2
Case D3670 Count: 3
Case D3671 Count: 6
Case D3672 Count: 5
Case D3673 Count: 6
Case D3674 Count: 5
Case D3675 Count: 2
Case D3676 Count: 5
Case D3677 Count: 4
Case D3678 Count: 5
Case D3679 Count: 2
Case D3680 Count: 4
Case D3681 Count: 4
Case D3682 Count: 5
Case D3683 Count: 6
Case D3684 Count: 6
Case D3685 Count: 8
Case D3686 Count: 6
Case D3687 Count: 7
Case D3688 Count: 9
Case D3689 Count: 7
Case D3690 Count: 5
Case D3691 Count: 5
Case D3692 Count: 4
Case D3693 Count: 6
Case D3694 Count: 5
Case D3695 Count: 7
Case D3696 Count: 2
Case D3697 Count: 8
Case D3698 Count: 5
Case D3699 Count: 5
Case D3700 Count: 3
Case D3701 Count: 4
Case D3702 Count: 5
Case D3703 Count: 11
Case D3704 Count: 5
Case D3705 Count: 5
Case D3706 Count: 3
Case D3707 Count: 15
Case D3708 Count: 7
Case D3709 Count: 6
Case D3710 Count: 4
Case D3712 Count: 2
Case D3713 Count: 6
Case D3714 Count: 3
Case D3715 Count: 8
Case D3716 Count: 7
Case D3717 Count: 4
Case D3718 Count: 10
Case D3719 Count: 4
Case D3720 Count: 4
Case D3721 Count: 6
Case D3722 Count: 4
Case D3723 Count: 5
Case D3724 Count: 2
Case D3725 Count: 5
Case D3726 Count: 6
Case D3727 Count: 7
Case D3728 Count: 13
Case D3729 Count: 7
Case D3730 Count: 3
Case D3731 Count: 5
Case D3732 Count: 5
Case D3733 Count: 4
Case D3734 Count: 6
Case D3735 Count: 7
Case D3736 Count: 5
Case D3737 Count: 9
Case D3738 Count: 5
Case D3739 Count: 6
Case D3740 Count: 5
Case D3741 Count: 1
Case D3742 Count: 8
Case D3743 Count: 5
Case D3744 Count: 6
Case D3745 Count: 4
Case D3746 Count: 9
Case D3747 Count: 5
Case D3748 Count: 8
Case D3749 Count: 6
Case D3750 Count: 7
Case D3751 Count: 5
Case D3752 Count: 7
Case D3753 Count: 8
Case D3754 Count: 5
Case D3755 Count: 7
Case D3756 Count: 4
Case D3757 Count: 11
Case D3758 Count: 4
Case D3759 Count: 5
Case D3760 Count: 2
Case D3761 Count: 6
Case D3762 Count: 8
Case D3763 Count: 5
Case D3764 Count: 5
Case D3765 Count: 4
Case D3766 Count: 5
Case D3767 Count: 2
Case D3768 Count: 4
Case D3769 Count: 4
Case D3770 Count: 4
Case D3771 Count: 5
Case D3772 Count: 5
Case D3773 Count: 1
Case D3774 Count: 7
Case D3775 Count: 8
Case D3776 Count: 1
Case D3777 Count: 5
Case D3778 Count: 7
Case D3779 Count: 6
Case D3780 Count: 6
Case D3781 Count: 5
Case D3782 Count: 2
Case D3783 Count: 4
Case D3784 Count: 5
Case D3785 Count: 6
Case D3786 Count: 7
Case D3787 Count: 10
Case D3788 Count: 4
Case D3789 Count: 3
Case D3790 Count: 7
Case D3791 Count: 5
Case D3792 Count: 4
Case D3793 Count: 6
Case D3794 Count: 5
Case D3795 Count: 3
Case D3796 Count: 5
Case D3797 Count: 6
Case D3798 Count: 2
Case D3799 Count: 4
Case D3800 Count: 6
Case D3801 Count: 7
Case D3802 Count: 6
Case D3803 Count: 4
Case D3804 Count: 7
Case D3805 Count: 6
Case D3806 Count: 9
Case D3807 Count: 8
Case D3808 Count: 5
Case D3809 Count: 9
Case D3810 Count: 8
Case D3811 Count: 5
Case D3812 Count: 3
Case D3813 Count: 3
Case D3814 Count: 7
Case D3815 Count: 6
Case D3816 Count: 4
Case D3817 Count: 7
Case D3818 Count: 6
Case D3819 Count: 5
Case D3820 Count: 8
Case D3821 Count: 4
Case D3822 Count: 4
Case D3823 Count: 5
Case D3824 Count: 6
Case D3825 Count: 4
Case D3826 Count: 3
Case D3827 Count: 1
Case D3828 Count: 7
Case D3829 Count: 3
Case D3830 Count: 5
Case D3831 Count: 5
Case D3832 Count: 8
Case D3833 Count: 3
Case D3834 Count: 7
Case D3835 Count: 4
Case D3836 Count: 5
Case D3837 Count: 6
Case D3838 Count: 4
Case D3839 Count: 2
Case D3840 Count: 6
Case D3841 Count: 6
Case D3842 Count: 7
Case D3843 Count: 3
Case D3844 Count: 4
Case D3845 Count: 4
Case D3846 Count: 4
Case D3847 Count: 6
Case D3848 Count: 1
Case D3849 Count: 4
Case D3850 Count: 6
Case D3851 Count: 6
Case D3852 Count: 4
Case D3853 Count: 5
Case D3854 Count: 5
Case D3855 Count: 9
Case D3856 Count: 4
Case D3857 Count: 8
Case D3858 Count: 5
Case D3859 Count: 3
Case D3860 Count: 4
Case D3861 Count: 5
Case D3862 Count: 2
Case D3863 Count: 8
Case D3864 Count: 2
Case D3865 Count: 5
Case D3866 Count: 3
Case D3867 Count: 4
Case D3868 Count: 2
Case D3869 Count: 5
Case D3870 Count: 5
Case D3871 Count: 9
Case D3872 Count: 6
Case D3873 Count: 8
Case D3874 Count: 3
Case D3875 Count: 6
Case D3876 Count: 5
Case D3877 Count: 2
Case D3878 Count: 7
Case D3879 Count: 7
Case D3880 Count: 5
Case D3881 Count: 4
Case D3882 Count: 8
Case D3883 Count: 4
Case D3884 Count: 4
Case D3885 Count: 5
Case D3886 Count: 3
Case D3887 Count: 7
Case D3888 Count: 6
Case D3889 Count: 5
Case D3890 Count: 6
Case D3891 Count: 1
Case D3892 Count: 6
Case D3893 Count: 6
Case D3894 Count: 2
Case D3895 Count: 5
Case D3896 Count: 5
Case D3897 Count: 5
Case D3898 Count: 2
Case D3899 Count: 3
Case D3900 Count: 8
Case D3901 Count: 6
Case D3902 Count: 5
Case D3903 Count: 5
Case D3904 Count: 4
Case D3905 Count: 3
Case D3906 Count: 6
Case D3907 Count: 5
Case D3908 Count: 6
Case D3909 Count: 5
Case D3910 Count: 2
Case D3911 Count: 6
Case D3912 Count: 4
Case D3913 Count: 5
Case D3914 Count: 6
Case D3915 Count: 5
Case D3916 Count: 4
Case D3917 Count: 4
Case D3918 Count: 10
Case D3919 Count: 5
Case D3920 Count: 5
Case D3921 Count: 6
Case D3922 Count: 2
Case D3923 Count: 3
Case D3924 Count: 9
Case D3925 Count: 5
Case D3926 Count: 5
Case D3927 Count: 4
Case D3928 Count: 9
Case D3929 Count: 10
Case D3931 Count: 8
Case D3932 Count: 8
Case D3933 Count: 9
Case D3934 Count: 5
Case D3935 Count: 3
Case D3936 Count: 4
Case D3937 Count: 6
Case D3938 Count: 6
Case D3939 Count: 7
Case D3940 Count: 5
Case D3941 Count: 5
Case D3942 Count: 7
Case D3943 Count: 7
Case D3944 Count: 5
Case D3945 Count: 4
Case D3946 Count: 4
Case D3947 Count: 4
Case D3948 Count: 3
Case D3949 Count: 9
Case D3950 Count: 6
Case D3951 Count: 3
Case D3952 Count: 5
Case D3953 Count: 2
Case D3954 Count: 4
Case D3955 Count: 9
Case D3956 Count: 6
Case D3957 Count: 7
Case D3958 Count: 8
Case D3959 Count: 4
Case D3960 Count: 7
Case D3961 Count: 1
Case D3962 Count: 7
Case D3963 Count: 5
Case D3964 Count: 8
Case D3965 Count: 4
Case D3966 Count: 4
Case D3967 Count: 2
Case D3968 Count: 7
Case D3969 Count: 4
Case D3970 Count: 9
Case D3971 Count: 2
Case D3972 Count: 10
Case D3973 Count: 3
Case D3974 Count: 5
Case D3975 Count: 4
Case D3976 Count: 5
Case D3977 Count: 9
Case D3978 Count: 3
Case D3979 Count: 6
Case D3980 Count: 4
Case D3981 Count: 2
Case D3982 Count: 3
Case D3984 Count: 2
Case D3985 Count: 4
Case D3986 Count: 6
Case D3987 Count: 1
Case D3988 Count: 3
Case D3989 Count: 2
Case D3990 Count: 5
Case D3991 Count: 3
Case D3992 Count: 4
Case D3993 Count: 5
Case D3994 Count: 8
Case D3995 Count: 6
Case D3996 Count: 7
Case D3997 Count: 9
Case D3998 Count: 2
Case D3999 Count: 3
Case D4000 Count: 2
Case D4001 Count: 4
Case D4002 Count: 8
Case D4003 Count: 4
Case D4004 Count: 6
Case D4005 Count: 2
Case D4006 Count: 7
Case D4007 Count: 7
Case D4008 Count: 5
Case D4009 Count: 4
Case D4010 Count: 2
Case D4011 Count: 6
Case D4012 Count: 7
Case D4013 Count: 4
Case D4014 Count: 5
Case D4015 Count: 7
Case D4016 Count: 1
Case D4017 Count: 3
Case D4018 Count: 6
Case D4019 Count: 6
Case D4020 Count: 3
Case D4021 Count: 4
Case D4022 Count: 4
Case D4023 Count: 13
Case D4024 Count: 1
Case D4025 Count: 4
Case D4026 Count: 2
Case D4027 Count: 6
Case D4028 Count: 6
Case D4029 Count: 3
Case D4030 Count: 7
Case D4031 Count: 2
Case D4032 Count: 4
Case D4033 Count: 2
Case D4034 Count: 6
Case D4035 Count: 4
Case D4036 Count: 4
Case D4037 Count: 2
Case D4038 Count: 4
Case D4039 Count: 3
Case D4040 Count: 7
Case D4041 Count: 3
Case D4042 Count: 5
Case D4043 Count: 3
Case D4044 Count: 7
Case D4045 Count: 6
Case D4046 Count: 4
Case D4047 Count: 5
Case D4048 Count: 4
Case D4049 Count: 4
Case D4050 Count: 1
Case D4051 Count: 5
Case D4052 Count: 6
Case D4053 Count: 3
Case D4054 Count: 4
Case D4055 Count: 8
Case D4056 Count: 6
Case D4057 Count: 6
Case D4058 Count: 4
Case D4059 Count: 1
Case D4060 Count: 5
Case D4061 Count: 4
Case D4062 Count: 5
Case D4063 Count: 8
Case D4064 Count: 5
Case D4065 Count: 7
Case D4066 Count: 4
Case D4067 Count: 7
Case D4068 Count: 3
Case D4069 Count: 4
Case D4070 Count: 4
Case D4071 Count: 4
Case D4072 Count: 6
Case D4073 Count: 7
Case D4074 Count: 6
Case D4075 Count: 7
Case D4076 Count: 5
Case D4077 Count: 7
Case D4078 Count: 5
Case D4079 Count: 6
Case D4080 Count: 5
Case D4081 Count: 3
Case D4082 Count: 5
Case D4083 Count: 10
Case D4084 Count: 6
Case D4085 Count: 2
Case D4086 Count: 9
Case D4087 Count: 5
Case D4088 Count: 4
Case D4089 Count: 8
Case D4091 Count: 7
Case D4092 Count: 3
Case D4093 Count: 4
Case D4094 Count: 10
Case D4095 Count: 6
Case D4096 Count: 6
Case D4097 Count: 4
Case D4098 Count: 3
Case D4099 Count: 4
Case D4100 Count: 3
Case D4101 Count: 3
Case D4102 Count: 3
Case D4103 Count: 7
Case D4104 Count: 5
Case D4105 Count: 4
Case D4106 Count: 2
Case D4107 Count: 3
Case D4108 Count: 6
Case D4109 Count: 5
Case D4110 Count: 2
Case D4111 Count: 2
Case D4112 Count: 10
Case D4113 Count: 7
Case D4114 Count: 7
Case D4115 Count: 3
Case D4116 Count: 4
Case D4117 Count: 5
Case D4118 Count: 4
Case D4119 Count: 8
Case D4120 Count: 8
Case D4121 Count: 2
Case D4122 Count: 3
Case D4123 Count: 5
Case D4124 Count: 3
Case D4125 Count: 6
Case D4126 Count: 6
Case D4127 Count: 4
Case D4128 Count: 4
Case D4129 Count: 8
Case D4130 Count: 4
Case D4131 Count: 4
Case D4132 Count: 5
Case D4133 Count: 5
Case D4134 Count: 4
Case D4135 Count: 2
Case D4136 Count: 6
Case D4137 Count: 5
Case D4138 Count: 1
Case D4139 Count: 7
Case D4140 Count: 4
Case D4141 Count: 6
Case D4142 Count: 2
Case D4143 Count: 3
Case D4144 Count: 3
Case D4145 Count: 5
Case D4146 Count: 8
Case D4147 Count: 6
Case D4148 Count: 5
Case D4149 Count: 3
Case D4150 Count: 6
Case D4151 Count: 8
Case D4152 Count: 5
Case D4153 Count: 2
Case D4154 Count: 4
Case D4155 Count: 7
Case D4156 Count: 4
Case D4157 Count: 1
Case D4158 Count: 3
Case D4159 Count: 2
Case D4160 Count: 4
Case D4161 Count: 3
Case D4162 Count: 6
Case D4163 Count: 2
Case D4164 Count: 5
Case D4165 Count: 8
Case D4166 Count: 5
Case D4167 Count: 7
Case D4168 Count: 4
Case D4169 Count: 5
Case D4170 Count: 9
Case D4171 Count: 9
Case D4172 Count: 5
Case D4173 Count: 5
Case D4174 Count: 6
Case D4175 Count: 4
Case D4176 Count: 8
Case D4177 Count: 4
Case D4178 Count: 4
Case D4179 Count: 8
Case D4180 Count: 2
Case D4181 Count: 3
Case D4182 Count: 2
Case D4183 Count: 6
Case D4184 Count: 8
Case D4185 Count: 2
Case D4186 Count: 6
Case D4187 Count: 8
Case D4188 Count: 9
Case D4189 Count: 5
Case D4190 Count: 3
Case D4191 Count: 5
Case D4192 Count: 4
Case D4193 Count: 6
Case D4194 Count: 4
Case D4195 Count: 5
Case D4196 Count: 4
Case D4197 Count: 4
Case D4198 Count: 4
Case D4199 Count: 9
Case D4200 Count: 7
Case D4201 Count: 6
Case D4202 Count: 3
Case D4203 Count: 5
Case D4204 Count: 3
Case D4205 Count: 6
Case D4206 Count: 1
Case D4207 Count: 2
Case D4208 Count: 4
Case D4209 Count: 1
Case D4210 Count: 2
Case D4211 Count: 3
Case D4212 Count: 3
Case D4213 Count: 2
Case D4214 Count: 5
Case D4215 Count: 3
Case D4216 Count: 4
Case D4217 Count: 4
Case D4218 Count: 3
Case D4219 Count: 7
Case D4220 Count: 2
Case D4221 Count: 2
Case D4222 Count: 2
Case D4223 Count: 2
Case D4224 Count: 4
Case D4225 Count: 4
Case D4226 Count: 3
Case D4227 Count: 7
Case D4228 Count: 2
Case D4229 Count: 3
Case D4230 Count: 6
Case D4231 Count: 2
Case D4232 Count: 6
Case D4233 Count: 8
Case D4234 Count: 4
Case D4235 Count: 4
Case D4236 Count: 6
Case D4237 Count: 5
Case D4238 Count: 6
Case D4239 Count: 7
Case D4240 Count: 1
Case D4241 Count: 8
Case D4242 Count: 7
Case D4243 Count: 3
Case D4244 Count: 6
Case D4245 Count: 2
Case D4246 Count: 7
Case D4247 Count: 3
Case D4248 Count: 5
Case D4249 Count: 1
Case D4250 Count: 4
Case D4251 Count: 6
Case D4252 Count: 3
Case D4253 Count: 3
Case D4254 Count: 3
Case D4255 Count: 3
Case D4256 Count: 4
Case D4257 Count: 4
Case D4258 Count: 1
Case D4259 Count: 4
Case D4260 Count: 4
Case D4261 Count: 5
Case D4262 Count: 5
Case D4263 Count: 2
Case D4264 Count: 4
Case D4265 Count: 7
Case D4266 Count: 3
Case D4267 Count: 8
Case D4268 Count: 5
Case D4269 Count: 4
Case D4270 Count: 2
Case D4271 Count: 4
Case D4272 Count: 12
Case D4273 Count: 6
Case D4274 Count: 3
Case D4275 Count: 3
Case D4276 Count: 3
Case D4277 Count: 4
Case D4278 Count: 2
Case D4279 Count: 3
Case D4280 Count: 5
Case D4281 Count: 3
Case D4282 Count: 3
Case D4283 Count: 4
Case D4284 Count: 4
Case D4285 Count: 4
Case D4286 Count: 7
Case D4287 Count: 4
Case D4288 Count: 4
Case D4289 Count: 6
Case D4290 Count: 3
Case D4291 Count: 3
Case D4292 Count: 8
Case D4293 Count: 4
Case D4294 Count: 2
Case D4295 Count: 7
Case D4296 Count: 5
Case D4297 Count: 2
Case D4298 Count: 5
Case D4299 Count: 1
Case D4300 Count: 4
Case D4301 Count: 3
Case D4302 Count: 3
Case D4303 Count: 7
Case D4304 Count: 4
Case D4305 Count: 8
Case D4306 Count: 4
Case D4307 Count: 5
Case D4308 Count: 3
Case D4309 Count: 2
Case D4310 Count: 4
Case D4311 Count: 1
Case D4312 Count: 3
Case D4313 Count: 5
Case D4314 Count: 5
Case D4315 Count: 3
Case D4316 Count: 3
Case D4317 Count: 9
Case D4318 Count: 6
Case D4319 Count: 6
Case D4320 Count: 1
Case D4321 Count: 4
Case D4322 Count: 4
Case D4323 Count: 4
Case D4324 Count: 3
Case D4325 Count: 4
Case D4326 Count: 4
Case D4327 Count: 6
Case D4328 Count: 3
Case D4329 Count: 6
Case D4330 Count: 3
Case D4331 Count: 4
Case D4332 Count: 6
Case D4333 Count: 6
Case D4334 Count: 5
Case D4335 Count: 4
Case D4336 Count: 3
Case D4337 Count: 4
Case D4338 Count: 3
Case D4339 Count: 5
Case D4340 Count: 3
Case D4341 Count: 5
Case D4342 Count: 2
Case D4343 Count: 4
Case D4344 Count: 8
Case D4345 Count: 3
Case D4346 Count: 3
Case D4347 Count: 2
Case D4348 Count: 3
Case D4349 Count: 5
Case D4350 Count: 2
Case D4351 Count: 4
Case D4352 Count: 3
Case D4353 Count: 2
Case D4354 Count: 4
Case D4355 Count: 4
Case D4356 Count: 4
Case D4357 Count: 4
Case D4358 Count: 3
Case D4359 Count: 7
Case D4360 Count: 3
Case D4361 Count: 4
Case D4362 Count: 7
Case D4363 Count: 2
Case D4364 Count: 5
Case D4365 Count: 5
Case D4366 Count: 2
Case D4367 Count: 2
Case D4368 Count: 3
Case D4369 Count: 2
Case D4370 Count: 9
Case D4371 Count: 3
Case D4372 Count: 6
Case D4373 Count: 5
Case D4374 Count: 7
Case D4375 Count: 7
Case D4376 Count: 3
Case D4377 Count: 1
Case D4378 Count: 3
Case D4379 Count: 4
Case D4380 Count: 3
Case D4381 Count: 3
Case D4382 Count: 3
Case D4383 Count: 1
Case D4384 Count: 4
Case D4385 Count: 3
Case D4386 Count: 1
Case D4387 Count: 9
Case D4388 Count: 3
Case D4390 Count: 2
Case D4391 Count: 5
Case D4392 Count: 1
Case D4393 Count: 7
Case D4394 Count: 4
Case D4395 Count: 6
Case D4396 Count: 6
Case D4397 Count: 2
Case D4398 Count: 3
Case D4399 Count: 6
Case D4400 Count: 5
Case D4401 Count: 9
Case D4402 Count: 4
Case D4403 Count: 1
Case D4404 Count: 7
Case D4405 Count: 3
Case D4406 Count: 2
Case D4407 Count: 7
Case D4408 Count: 3
Case D4409 Count: 5
Case D4410 Count: 4
Case D4411 Count: 4
Case D4412 Count: 3
Case D4413 Count: 6
Case D4414 Count: 3
Case D4415 Count: 5
Case D4416 Count: 3
Case D4417 Count: 2
Case D4418 Count: 2
Case D4419 Count: 4
Case D4420 Count: 5
Case D4421 Count: 4
Case D4422 Count: 6
Case D4423 Count: 10
Case D4424 Count: 3
Case D4425 Count: 3
Case D4426 Count: 4
Case D4427 Count: 5
Case D4428 Count: 3
Case D4429 Count: 3
Case D4430 Count: 1
Case D4431 Count: 5
Case D4432 Count: 4
Case D4433 Count: 4
Case D4434 Count: 3
Case D4435 Count: 1
Case D4436 Count: 3
Case D4437 Count: 5
Case D4438 Count: 6
Case D4439 Count: 4
Case D4440 Count: 1
Case D4441 Count: 1
Case D4442 Count: 8
Case D4443 Count: 1
Case D4444 Count: 5
Case D4445 Count: 4
Case D4446 Count: 1
Case D4447 Count: 1
Case D4448 Count: 2
Case D4449 Count: 1
Case D4450 Count: 3
Case D4451 Count: 1
Case D4452 Count: 7
Case D4453 Count: 2
Case D4454 Count: 8
Case D4456 Count: 8
Case D4457 Count: 3
Case D4458 Count: 6
Case D4459 Count: 3
Case D4460 Count: 10
Case D4461 Count: 2
Case D4462 Count: 4
Case D4463 Count: 3
Case D4464 Count: 2
Case D4465 Count: 4
Case D4466 Count: 7
Case D4467 Count: 3
Case D4468 Count: 7
Case D4469 Count: 5
Case D4470 Count: 4
Case D4471 Count: 1
Case D4472 Count: 2
Case D4473 Count: 2
Case D4474 Count: 3
Case D4475 Count: 5
Case D4476 Count: 4
Case D4477 Count: 4
Case D4478 Count: 3
Case D4479 Count: 5
Case D4481 Count: 3
Case D4482 Count: 3
Case D4483 Count: 4
Case D4484 Count: 9
Case D4485 Count: 5
Case D4486 Count: 4
Case D4487 Count: 3
Case D4488 Count: 5
Case D4489 Count: 3
Case D4490 Count: 3
Case D4491 Count: 5
Case D4492 Count: 2
Case D4493 Count: 2
Case D4494 Count: 5
Case D4495 Count: 4
Case D4496 Count: 3
Case D4497 Count: 2
Case D4498 Count: 3
Case D4499 Count: 5
Case D4500 Count: 1
Case D4501 Count: 3
Case D4502 Count: 1
Case D4503 Count: 11
Case D4504 Count: 2
Case D4505 Count: 4
Case D4506 Count: 9
Case D4507 Count: 3
Case D4508 Count: 4
Case D4509 Count: 4
Case D4511 Count: 3
Case D4512 Count: 6
Case D4514 Count: 4
Case D4515 Count: 10
Case D4516 Count: 1
Case D4517 Count: 5
Case D4518 Count: 6
Case D4519 Count: 1
Case D4520 Count: 5
Case D4521 Count: 3
Case D4522 Count: 5
Case D4523 Count: 4
Case D4524 Count: 4
Case D4525 Count: 2
Case D4526 Count: 3
Case D4527 Count: 4
Case D4528 Count: 6
Case D4529 Count: 3
Case D4530 Count: 6
Case D4531 Count: 5
Case D4532 Count: 2
Case D4533 Count: 1
Case D4534 Count: 5
Case D4535 Count: 2
Case D4536 Count: 6
Case D4537 Count: 5
Case D4538 Count: 3
Case D4539 Count: 7
Case D4540 Count: 2
Case D4542 Count: 4
Case D4543 Count: 8
Case D4544 Count: 5
Case D4546 Count: 4
Case D4547 Count: 9
Case D4548 Count: 1
Case D4549 Count: 3
Case D4550 Count: 3
Case D4551 Count: 2
Case D4552 Count: 4
Case D4553 Count: 4
Case D4554 Count: 2
Case D4556 Count: 3
Case D4557 Count: 3
Case D4558 Count: 4
Case D4559 Count: 2
Case D4560 Count: 5
Case D4561 Count: 4
Case D4562 Count: 2
Case D4563 Count: 1
Case D4564 Count: 3
Case D4565 Count: 4
Case D4566 Count: 3
Case D4567 Count: 1
Case D4568 Count: 1
Case D4569 Count: 4
Case D4570 Count: 6
Case D4571 Count: 4
Case D4572 Count: 2
Case D4573 Count: 3
Case D4574 Count: 5
Case D4575 Count: 4
Case D4576 Count: 3
Case D4577 Count: 3
Case D4578 Count: 1
Case D4579 Count: 5
Case D4580 Count: 6
Case D4581 Count: 4
Case D4582 Count: 4
Case D4583 Count: 4
Case D4584 Count: 5
Case D4585 Count: 3
Case D4586 Count: 3
Case D4587 Count: 4
Case D4588 Count: 5
Case D4589 Count: 2
Case D4590 Count: 5
Case D4591 Count: 4
Case D4592 Count: 4
Case D4593 Count: 1
Case D4594 Count: 1
Case D4595 Count: 3
Case D4596 Count: 5
Case D4597 Count: 8
Case D4598 Count: 3
Case D4599 Count: 3
Case D4600 Count: 6
Case D4601 Count: 2
Case D4602 Count: 3
Case D4603 Count: 2
Case D4604 Count: 1
Case D4605 Count: 3
Case D4606 Count: 7
Case D4607 Count: 3
Case D4608 Count: 4
Case D4609 Count: 3
Case D4610 Count: 3
Case D4611 Count: 4
Case D4612 Count: 2
Case D4613 Count: 2
Case D4614 Count: 5
Case D4615 Count: 3
Case D4616 Count: 5
Case D4617 Count: 4
Case D4618 Count: 4
Case D4619 Count: 8
Case D4620 Count: 3
Case D4622 Count: 7
Case D4623 Count: 5
Case D4624 Count: 4
Case D4625 Count: 3
Case D4626 Count: 4
Case D4627 Count: 4
Case D4628 Count: 3
Case D4629 Count: 4
Case D4630 Count: 6
Case D4631 Count: 4
Case D4632 Count: 5
Case D4633 Count: 2
Case D4634 Count: 6
Case D4636 Count: 2
Case D4637 Count: 2
Case D4638 Count: 5
Case D4639 Count: 2
Case D4640 Count: 4
Case D4641 Count: 6
Case D4642 Count: 5
Case D4643 Count: 4
Case D4644 Count: 2
Case D4646 Count: 3
Case D4647 Count: 6
Case D4648 Count: 4
Case D4649 Count: 2
Case D4650 Count: 2
Case D4651 Count: 4
Case D4652 Count: 2
Case D4653 Count: 3
Case D4654 Count: 2
Case D4655 Count: 2
Case D4656 Count: 2
Case D4657 Count: 1
Case D4658 Count: 4
Case D4659 Count: 2
Case D4660 Count: 2
Case D4661 Count: 2
Case D4662 Count: 5
Case D4663 Count: 1
Case D4664 Count: 6
Case D4665 Count: 4
Case D4666 Count: 2
Case D4667 Count: 3
Case D4668 Count: 2
Case D4669 Count: 3
Case D4670 Count: 2
Case D4671 Count: 1
Case D4672 Count: 5
Case D4673 Count: 4
Case D4674 Count: 2
Case D4675 Count: 3
Case D4676 Count: 4
Case D4677 Count: 2
Case D4678 Count: 3
Case D4679 Count: 1
Case D4680 Count: 4
Case D4681 Count: 3
Case D4682 Count: 6
Case D4683 Count: 4
Case D4684 Count: 5
Case D4685 Count: 2
Case D4687 Count: 2
Case D4688 Count: 5
Case D4689 Count: 3
Case D4690 Count: 3
Case D4691 Count: 3
Case D4692 Count: 3
Case D4693 Count: 5
Case D4694 Count: 4
Case D4695 Count: 2
Case D4696 Count: 4
Case D4697 Count: 2
Case D4698 Count: 4
Case D4699 Count: 5
Case D4700 Count: 3
Case D4701 Count: 4
Case D4702 Count: 8
Case D4703 Count: 3
Case D4704 Count: 4
Case D4705 Count: 5
Case D4706 Count: 3
Case D4707 Count: 4
Case D4708 Count: 6
Case D4709 Count: 2
Case D4710 Count: 5
Case D4711 Count: 9
Case D4712 Count: 2
Case D4713 Count: 3
Case D4714 Count: 3
Case D4715 Count: 3
Case D4716 Count: 3
Case D4717 Count: 6
Case D4718 Count: 5
Case D4719 Count: 2
Case D4720 Count: 6
Case D4721 Count: 2
Case D4722 Count: 7
Case D4723 Count: 4
Case D4724 Count: 1
Case D4725 Count: 2
Case D4726 Count: 4
Case D4727 Count: 7
Case D4728 Count: 3
Case D4729 Count: 5
Case D4730 Count: 1
Case D4731 Count: 5
Case D4732 Count: 3
Case D4733 Count: 4
Case D4734 Count: 4
Case D4735 Count: 1
Case D4736 Count: 2
Case D4737 Count: 3
Case D4738 Count: 1
Case D4739 Count: 4
Case D4740 Count: 2
Case D4742 Count: 8
Case D4743 Count: 2
Case D4744 Count: 5
Case D4745 Count: 4
Case D4746 Count: 1
Case D4747 Count: 1
Case D4748 Count: 3
Case D4749 Count: 3
Case D4750 Count: 2
Case D4751 Count: 1
Case D4752 Count: 4
Case D4753 Count: 5
Case D4754 Count: 3
Case D4755 Count: 2
Case D4756 Count: 2
Case D4757 Count: 5
Case D4758 Count: 4
Case D4759 Count: 2
Case D4760 Count: 3
Case D4761 Count: 2
Case D4762 Count: 5
Case D4763 Count: 5
Case D4764 Count: 2
Case D4765 Count: 3
Case D4766 Count: 2
Case D4767 Count: 5
Case D4768 Count: 4
Case D4769 Count: 3
Case D4770 Count: 6
Case D4771 Count: 3
Case D4772 Count: 4
Case D4774 Count: 5
Case D4775 Count: 3
Case D4776 Count: 3
Case D4777 Count: 3
Case D4778 Count: 3
Case D4780 Count: 3
Case D4781 Count: 3
Case D4782 Count: 4
Case D4783 Count: 5
Case D4784 Count: 3
Case D4785 Count: 1
Case D4787 Count: 3
Case D4788 Count: 3
Case D4789 Count: 3
Case D4790 Count: 5
Case D4791 Count: 3
Case D4792 Count: 2
Case D4793 Count: 3
Case D4794 Count: 5
Case D4795 Count: 7
Case D4796 Count: 5
Case D4797 Count: 3
Case D4798 Count: 4
Case D4799 Count: 1
Case D4800 Count: 2
Case D4801 Count: 7
Case D4802 Count: 1
Case D4803 Count: 3
Case D4804 Count: 2
Case D4805 Count: 4
Case D4806 Count: 3
Case D4807 Count: 1
Case D4808 Count: 1
Case D4809 Count: 2
Case D4810 Count: 3
Case D4811 Count: 2
Case D4812 Count: 1
Case D4813 Count: 4
Case D4814 Count: 8
Case D4815 Count: 1
Case D4816 Count: 4
Case D4817 Count: 4
Case D4818 Count: 2
Case D4819 Count: 3
Case D4821 Count: 4
Case D4822 Count: 1
Case D4823 Count: 3
Case D4824 Count: 5
Case D4825 Count: 3
Case D4826 Count: 2
Case D4828 Count: 5
Case D4829 Count: 3
Case D4830 Count: 2
Case D4831 Count: 3
Case D4832 Count: 5
Case D4834 Count: 1
Case D4835 Count: 3
Case D4836 Count: 3
Case D4837 Count: 2
Case D4838 Count: 3
Case D4839 Count: 2
Case D4840 Count: 1
Case D4841 Count: 3
Case D4842 Count: 7
Case D4843 Count: 2
Case D4844 Count: 3
Case D4845 Count: 3
Case D4846 Count: 3
Case D4847 Count: 5
Case D4848 Count: 6
Case D4849 Count: 3
Case D4850 Count: 7
Case D4851 Count: 3
Case D4852 Count: 3
Case D4853 Count: 2
Case D4854 Count: 5
Case D4855 Count: 2
Case D4856 Count: 1
Case D4857 Count: 4
Case D4858 Count: 4
Case D4859 Count: 2
Case D4860 Count: 2
Case D4861 Count: 6
Case D4862 Count: 6
Case D4863 Count: 6
Case D4864 Count: 4
Case D4865 Count: 3
Case D4866 Count: 1
Case D4867 Count: 2
Case D4869 Count: 1
Case D4870 Count: 2
Case D4871 Count: 9
Case D4872 Count: 5
Case D4873 Count: 1
Case D4874 Count: 1
Case D4875 Count: 3
Case D4876 Count: 1
Case D4877 Count: 4
Case D4878 Count: 2
Case D4879 Count: 4
Case D4880 Count: 3
Case D4881 Count: 1
Case D4882 Count: 1
Case D4883 Count: 4
Case D4884 Count: 5
Case D4885 Count: 2
Case D4886 Count: 4
Case D4887 Count: 3
Case D4888 Count: 7
Case D4889 Count: 1
Case D4890 Count: 2
Case D4891 Count: 3
Case D4892 Count: 2
Case D4893 Count: 5
Case D4894 Count: 3
Case D4895 Count: 6
Case D4896 Count: 4
Case D4897 Count: 4
Case D4898 Count: 3
Case D4899 Count: 4
Case D4900 Count: 1
Case D4901 Count: 5
Case D4902 Count: 6
Case D4903 Count: 1
Case D4904 Count: 3
Case D4905 Count: 6
Case D4906 Count: 3
Case D4907 Count: 1
Case D4908 Count: 3
Case D4909 Count: 5
Case D4910 Count: 1
Case D4911 Count: 5
Case D4912 Count: 3
Case D4913 Count: 5
Case D4914 Count: 7
Case D4915 Count: 8
Case D4916 Count: 3
Case D4917 Count: 1
Case D4918 Count: 5
Case D4919 Count: 5
Case D4920 Count: 2
Case D4921 Count: 1
Case D4922 Count: 4
Case D4923 Count: 2
Case D4924 Count: 3
Case D4925 Count: 8
Case D4926 Count: 4
Case D4927 Count: 6
Case D4928 Count: 2
Case D4929 Count: 2
Case D4930 Count: 3
Case D4932 Count: 4
Case D4933 Count: 3
Case D4934 Count: 1
Case D4935 Count: 2
Case D4936 Count: 3
Case D4937 Count: 4
Case D4938 Count: 1
Case D4939 Count: 3
Case D4940 Count: 3
Case D4941 Count: 6
Case D4942 Count: 2
Case D4943 Count: 2
Case D4944 Count: 9
Case D4945 Count: 2
Case D4946 Count: 3
Case D4947 Count: 4
Case D4948 Count: 1
Case D4949 Count: 3
Case D4950 Count: 6
Case D4951 Count: 5
Case D4952 Count: 5
Case D4953 Count: 5
Case D4954 Count: 2
Case D4955 Count: 2
Case D4956 Count: 1
Case D4957 Count: 4
Case D4958 Count: 2
Case D4959 Count: 1
Case D4960 Count: 4
Case D4961 Count: 6
Case D4962 Count: 3
Case D4963 Count: 5
Case D4964 Count: 4
Case D4965 Count: 2
Case D4966 Count: 6
Case D4967 Count: 5
Case D4968 Count: 5
Case D4969 Count: 3
Case D4970 Count: 3
Case D4971 Count: 3
Case D4972 Count: 4
Case D4973 Count: 3
Case D4974 Count: 4
Case D4975 Count: 3
Case D4976 Count: 4
Case D4977 Count: 3
Case D4978 Count: 3
Case D4979 Count: 4
Case D4980 Count: 5
Case D4981 Count: 2
Case D4982 Count: 3
Case D4983 Count: 1
Case D4984 Count: 3
Case D4985 Count: 2
Case D4987 Count: 3
Case D4988 Count: 4
Case D4989 Count: 1
Case D4990 Count: 5
Case D4991 Count: 3
Case D4992 Count: 2
Case D4993 Count: 1
Case D4994 Count: 3
Case D4995 Count: 3
Case D4996 Count: 3
Case D4997 Count: 3
Case D4998 Count: 5
Case D4999 Count: 3
Case D5000 Count: 2
Case D5001 Count: 5
Case D5002 Count: 2
Case D5004 Count: 3
Case D5005 Count: 7
Case D5006 Count: 1
Case D5007 Count: 3
Case D5008 Count: 3
Case D5009 Count: 3
Case D5010 Count: 2
Case D5011 Count: 4
Case D5012 Count: 2
Case D5013 Count: 2
Case D5015 Count: 2
Case D5016 Count: 1
Case D5017 Count: 2
Case D5018 Count: 3
Case D5020 Count: 3
Case D5021 Count: 2
Case D5022 Count: 3
Case D5023 Count: 2
Case D5024 Count: 3
Case D5026 Count: 2
Case D5027 Count: 1
Case D5028 Count: 3
Case D5029 Count: 4
Case D5030 Count: 3
Case D5031 Count: 4
Case D5032 Count: 5
Case D5033 Count: 2
Case D5034 Count: 2
Case D5035 Count: 2
Case D5036 Count: 4
Case D5037 Count: 3
Case D5038 Count: 2
Case D5039 Count: 2
Case D5040 Count: 4
Case D5041 Count: 3
Case D5042 Count: 2
Case D5044 Count: 2
Case D5045 Count: 4
Case D5046 Count: 1
Case D5047 Count: 2
Case D5048 Count: 5
Case D5049 Count: 3
Case D5050 Count: 3
Case D5051 Count: 2
Case D5052 Count: 1
Case D5053 Count: 5
Case D5054 Count: 5
Case D5055 Count: 3
Case D5056 Count: 2
Case D5057 Count: 1
Case D5058 Count: 2
Case D5059 Count: 3
Case D5060 Count: 11
Case D5061 Count: 7
Case D5062 Count: 1
Case D5063 Count: 2
Case D5064 Count: 3
Case D5065 Count: 4
Case D5066 Count: 3
Case D5067 Count: 3
Case D5068 Count: 3
Case D5069 Count: 2
Case D5070 Count: 4
Case D5071 Count: 4
Case D5072 Count: 3
Case D5073 Count: 1
Case D5074 Count: 2
Case D5075 Count: 2
Case D5076 Count: 2
Case D5077 Count: 1
Case D5078 Count: 2
Case D5079 Count: 3
Case D5080 Count: 2
Case D5081 Count: 9
Case D5082 Count: 2
Case D5083 Count: 2
Case D5084 Count: 4
Case D5085 Count: 3
Case D5086 Count: 5
Case D5087 Count: 2
Case D5088 Count: 7
Case D5089 Count: 2
Case D5090 Count: 3
Case D5091 Count: 2
Case D5092 Count: 1
Case D5093 Count: 2
Case D5095 Count: 2
Case D5096 Count: 4
Case D5098 Count: 1
Case D5099 Count: 1
Case D5100 Count: 1
Case D5101 Count: 5
Case D5102 Count: 3
Case D5103 Count: 2
Case D5104 Count: 1
Case D5107 Count: 4
Case D5108 Count: 7
Case D5109 Count: 7
Case D5110 Count: 4
Case D5111 Count: 3
Case D5112 Count: 4
Case D5113 Count: 1
Case D5114 Count: 3
Case D5115 Count: 4
Case D5117 Count: 1
Case D5118 Count: 4
Case D5119 Count: 2
Case D5120 Count: 5
Case D5121 Count: 3
Case D5123 Count: 1
Case D5124 Count: 2
Case D5125 Count: 4
Case D5126 Count: 1
Case D5128 Count: 2
Case D5129 Count: 4
Case D5130 Count: 3
Case D5131 Count: 4
Case D5132 Count: 4
Case D5133 Count: 3
Case D5134 Count: 1
Case D5135 Count: 2
Case D5136 Count: 5
Case D5137 Count: 1
Case D5138 Count: 2
Case D5139 Count: 2
Case D5140 Count: 3
Case D5141 Count: 2
Case D5142 Count: 3
Case D5143 Count: 4
Case D5144 Count: 2
Case D5145 Count: 3
Case D5146 Count: 5
Case D5147 Count: 3
Case D5148 Count: 2
Case D5149 Count: 2
Case D5150 Count: 3
Case D5151 Count: 1
Case D5152 Count: 2
Case D5153 Count: 2
Case D5154 Count: 2
Case D5155 Count: 3
Case D5156 Count: 10
Case D5157 Count: 3
Case D5158 Count: 6
Case D5159 Count: 4
Case D5160 Count: 5
Case D5161 Count: 2
Case D5162 Count: 4
Case D5163 Count: 1
Case D5164 Count: 1
Case D5165 Count: 1
Case D5166 Count: 5
Case D5167 Count: 3
Case D5168 Count: 3
Case D5169 Count: 5
Case D5170 Count: 1
Case D5171 Count: 7
Case D5172 Count: 1
Case D5173 Count: 1
Case D5174 Count: 3
Case D5175 Count: 1
Case D5176 Count: 3
Case D5177 Count: 4
Case D5179 Count: 1
Case D5180 Count: 1
Case D5181 Count: 3
Case D5183 Count: 3
Case D5184 Count: 1
Case D5185 Count: 3
Case D5186 Count: 1
Case D5187 Count: 2
Case D5188 Count: 3
Case D5189 Count: 6
Case D5190 Count: 2
Case D5191 Count: 4
Case D5193 Count: 2
Case D5195 Count: 3
Case D5196 Count: 2
Case D5197 Count: 2
Case D5198 Count: 2
Case D5199 Count: 3
Case D5200 Count: 2
Case D5201 Count: 2
Case D5202 Count: 5
Case D5203 Count: 1
Case D5204 Count: 4
Case D5205 Count: 1
Case D5206 Count: 8
Case D5207 Count: 3
Case D5209 Count: 4
Case D5210 Count: 1
Case D5211 Count: 1
Case D5212 Count: 3
Case D5213 Count: 1
Case D5214 Count: 3
Case D5215 Count: 4
Case D5216 Count: 3
Case D5217 Count: 4
Case D5218 Count: 4
Case D5219 Count: 2
Case D5220 Count: 5
Case D5221 Count: 5
Case D5222 Count: 6
Case D5223 Count: 2
Case D5224 Count: 2
Case D5225 Count: 2
Case D5226 Count: 1
Case D5227 Count: 5
Case D5228 Count: 3
Case D5229 Count: 3
Case D5230 Count: 4
Case D5232 Count: 3
Case D5233 Count: 2
Case D5234 Count: 5
Case D5235 Count: 2
Case D5236 Count: 4
Case D5237 Count: 1
Case D5239 Count: 4
Case D5240 Count: 4
Case D5241 Count: 6
Case D5242 Count: 5
Case D5243 Count: 2
Case D5244 Count: 2
Case D5245 Count: 2
Case D5246 Count: 3
Case D5247 Count: 2
Case D5248 Count: 3
Case D5249 Count: 4
Case D5250 Count: 3
Case D5251 Count: 1
Case D5252 Count: 5
Case D5253 Count: 1
Case D5254 Count: 2
Case D5255 Count: 3
Case D5256 Count: 4
Case D5258 Count: 2
Case D5259 Count: 5
Case D5260 Count: 1
Case D5261 Count: 2
Case D5262 Count: 2
Case D5263 Count: 2
Case D5266 Count: 3
Case D5267 Count: 3
Case D5268 Count: 2
Case D5269 Count: 1
Case D5270 Count: 5
Case D5271 Count: 1
Case D5273 Count: 5
Case D5274 Count: 4
Case D5275 Count: 5
Case D5276 Count: 1
Case D5278 Count: 4
Case D5279 Count: 3
Case D5280 Count: 4
Case D5281 Count: 4
Case D5282 Count: 1
Case D5283 Count: 2
Case D5284 Count: 2
Case D5285 Count: 4
Case D5287 Count: 4
Case D5288 Count: 1
Case D5289 Count: 3
Case D5290 Count: 1
Case D5291 Count: 1
Case D5292 Count: 7
Case D5293 Count: 2
Case D5294 Count: 4
Case D5295 Count: 3
Case D5296 Count: 1
Case D5297 Count: 2
Case D5298 Count: 4
Case D5299 Count: 4
Case D5300 Count: 4
Case D5302 Count: 7
Case D5303 Count: 2
Case D5304 Count: 1
Case D5305 Count: 5
Case D5306 Count: 2
Case D5307 Count: 3
Case D5308 Count: 5
Case D5309 Count: 3
Case D5310 Count: 2
Case D5311 Count: 4
Case D5312 Count: 2
Case D5313 Count: 7
Case D5314 Count: 4
Case D5315 Count: 1
Case D5316 Count: 5
Case D5317 Count: 2
Case D5318 Count: 2
Case D5319 Count: 3
Case D5320 Count: 3
Case D5321 Count: 2
Case D5322 Count: 1
Case D5323 Count: 3
Case D5324 Count: 5
Case D5325 Count: 1
Case D5326 Count: 2
Case D5327 Count: 4
Case D5328 Count: 3
Case D5329 Count: 3
Case D5330 Count: 3
Case D5331 Count: 2
Case D5332 Count: 1
Case D5333 Count: 1
Case D5334 Count: 2
Case D5335 Count: 7
Case D5336 Count: 1
Case D5337 Count: 4
Case D5338 Count: 3
Case D5339 Count: 4
Case D5340 Count: 1
Case D5341 Count: 3
Case D5342 Count: 1
Case D5343 Count: 1
Case D5344 Count: 3
Case D5345 Count: 1
Case D5346 Count: 1
Case D5347 Count: 4
Case D5348 Count: 2
Case D5349 Count: 2
Case D5350 Count: 3
Case D5351 Count: 5
Case D5352 Count: 3
Case D5353 Count: 4
Case D5354 Count: 1
Case D5355 Count: 6
Case D5356 Count: 1
Case D5357 Count: 1
Case D5358 Count: 2
Case D5359 Count: 3
Case D5360 Count: 1
Case D5361 Count: 2
Case D5362 Count: 5
Case D5364 Count: 5
Case D5365 Count: 5
Case D5366 Count: 3
Case D5367 Count: 4
Case D5368 Count: 1
Case D5369 Count: 1
Case D5370 Count: 3
Case D5371 Count: 2
Case D5372 Count: 1
Case D5373 Count: 3
Case D5374 Count: 1
Case D5375 Count: 1
Case D5376 Count: 1
Case D5377 Count: 4
Case D5378 Count: 1
Case D5379 Count: 3
Case D5380 Count: 2
Case D5381 Count: 5
Case D5382 Count: 6
Case D5383 Count: 4
Case D5384 Count: 1
Case D5385 Count: 4
Case D5386 Count: 2
Case D5387 Count: 1
Case D5388 Count: 2
Case D5389 Count: 5
Case D5390 Count: 1
Case D5391 Count: 1
Case D5392 Count: 1
Case D5393 Count: 4
Case D5394 Count: 3
Case D5395 Count: 4
Case D5397 Count: 3
Case D5399 Count: 3
Case D5400 Count: 1
Case D5401 Count: 3
Case D5402 Count: 2
Case D5403 Count: 4
Case D5404 Count: 2
Case D5405 Count: 2
Case D5406 Count: 3
Case D5407 Count: 2
Case D5408 Count: 3
Case D5409 Count: 1
Case D5411 Count: 2
Case D5412 Count: 4
Case D5413 Count: 6
Case D5414 Count: 2
Case D5415 Count: 2
Case D5416 Count: 4
Case D5417 Count: 2
Case D5418 Count: 1
Case D5419 Count: 3
Case D5420 Count: 2
Case D5422 Count: 1
Case D5423 Count: 3
Case D5424 Count: 4
Case D5425 Count: 4
Case D5426 Count: 5
Case D5427 Count: 4
Case D5428 Count: 7
Case D5429 Count: 2
Case D5430 Count: 2
Case D5431 Count: 1
Case D5432 Count: 7
Case D5433 Count: 3
Case D5434 Count: 3
Case D5435 Count: 6
Case D5436 Count: 5
Case D5437 Count: 2
Case D5439 Count: 2
Case D5441 Count: 8
Case D5442 Count: 3
Case D5443 Count: 3
Case D5444 Count: 3
Case D5445 Count: 3
Case D5446 Count: 1
Case D5447 Count: 1
Case D5448 Count: 4
Case D5449 Count: 2
Case D5450 Count: 3
Case D5451 Count: 3
Case D5452 Count: 3
Case D5453 Count: 1
Case D5454 Count: 1
Case D5456 Count: 5
Case D5457 Count: 2
Case D5458 Count: 4
Case D5459 Count: 3
Case D5461 Count: 2
Case D5462 Count: 1
Case D5463 Count: 1
Case D5464 Count: 3
Case D5465 Count: 3
Case D5466 Count: 3
Case D5467 Count: 1
Case D5468 Count: 1
Case D5469 Count: 2
Case D5470 Count: 4
Case D5471 Count: 2
Case D5472 Count: 2
Case D5474 Count: 3
Case D5475 Count: 1
Case D5477 Count: 1
Case D5478 Count: 4
Case D5479 Count: 3
Case D5480 Count: 4
Case D5481 Count: 1
Case D5482 Count: 1
Case D5483 Count: 1
Case D5484 Count: 3
Case D5485 Count: 2
Case D5486 Count: 1
Case D5487 Count: 8
Case D5488 Count: 4
Case D5489 Count: 1
Case D5490 Count: 4
Case D5491 Count: 4
Case D5492 Count: 2
Case D5493 Count: 6
Case D5494 Count: 2
Case D5496 Count: 2
Case D5497 Count: 3
Case D5498 Count: 2
Case D5500 Count: 7
Case D5501 Count: 2
Case D5502 Count: 1
Case D5504 Count: 4
Case D5506 Count: 1
Case D5507 Count: 3
Case D5508 Count: 5
Case D5509 Count: 4
Case D5510 Count: 1
Case D5511 Count: 3
Case D5513 Count: 1
Case D5514 Count: 3
Case D5516 Count: 2
Case D5517 Count: 1
Case D5518 Count: 4
Case D5519 Count: 4
Case D5520 Count: 6
Case D5523 Count: 1
Case D5525 Count: 2
Case D5526 Count: 6
Case D5528 Count: 4
Case D5529 Count: 5
Case D5530 Count: 3
Case D5531 Count: 1
Case D5532 Count: 5
Case D5533 Count: 2
Case D5534 Count: 2
Case D5535 Count: 2
Case D5536 Count: 5
Case D5537 Count: 3
Case D5538 Count: 4
Case D5539 Count: 1
Case D5540 Count: 1
Case D5541 Count: 6
Case D5542 Count: 2
Case D5543 Count: 4
Case D5544 Count: 4
Case D5545 Count: 4
Case D5546 Count: 2
Case D5547 Count: 3
Case D5548 Count: 2
Case D5549 Count: 2
Case D5550 Count: 1
Case D5551 Count: 2
Case D5552 Count: 4
Case D5553 Count: 5
Case D5555 Count: 4
Case D5556 Count: 5
Case D5557 Count: 3
Case D5558 Count: 2
Case D5559 Count: 3
Case D5560 Count: 5
Case D5561 Count: 3
Case D5563 Count: 1
Case D5564 Count: 8
Case D5565 Count: 3
Case D5566 Count: 2
Case D5567 Count: 3
Case D5568 Count: 5
Case D5570 Count: 2
Case D5572 Count: 2
Case D5573 Count: 5
Case D5574 Count: 4
Case D5576 Count: 2
Case D5577 Count: 2
Case D5578 Count: 2
Case D5579 Count: 3
Case D5580 Count: 2
Case D5581 Count: 3
Case D5582 Count: 5
Case D5583 Count: 2
Case D5584 Count: 3
Case D5585 Count: 1
Case D5587 Count: 2
Case D5588 Count: 1
Case D5589 Count: 3
Case D5590 Count: 1
Case D5591 Count: 2
Case D5592 Count: 2
Case D5593 Count: 2
Case D5594 Count: 4
Case D5595 Count: 2
Case D5596 Count: 1
Case D5597 Count: 2
Case D5598 Count: 1
Case D5599 Count: 3
Case D5601 Count: 3
Case D5602 Count: 1
Case D5603 Count: 2
Case D5604 Count: 3
Case D5605 Count: 3
Case D5607 Count: 1
Case D5608 Count: 3
Case D5610 Count: 3
Case D5611 Count: 5
Case D5612 Count: 4
Case D5613 Count: 1
Case D5614 Count: 1
Case D5615 Count: 3
Case D5616 Count: 3
Case D5617 Count: 2
Case D5618 Count: 3
Case D5620 Count: 1
Case D5621 Count: 1
Case D5622 Count: 4
Case D5623 Count: 3
Case D5624 Count: 1
Case D5625 Count: 1
Case D5626 Count: 2
Case D5627 Count: 4
Case D5628 Count: 2
Case D5629 Count: 3
Case D5630 Count: 4
Case D5631 Count: 1
Case D5632 Count: 5
Case D5633 Count: 4
Case D5634 Count: 1
Case D5635 Count: 2
Case D5637 Count: 5
Case D5638 Count: 3
Case D5639 Count: 3
Case D5640 Count: 6
Case D5641 Count: 3
Case D5642 Count: 1
Case D5643 Count: 5
Case D5644 Count: 2
Case D5645 Count: 2
Case D5646 Count: 3
Case D5647 Count: 1
Case D5648 Count: 3
Case D5650 Count: 3
Case D5651 Count: 2
Case D5652 Count: 2
Case D5653 Count: 1
Case D5654 Count: 4
Case D5655 Count: 2
Case D5656 Count: 4
Case D5657 Count: 2
Case D5658 Count: 2
Case D5659 Count: 1
Case D5660 Count: 2
Case D5661 Count: 3
Case D5662 Count: 4
Case D5663 Count: 1
Case D5664 Count: 9
Case D5665 Count: 2
Case D5666 Count: 2
Case D5667 Count: 2
Case D5668 Count: 1
Case D5669 Count: 1
Case D5670 Count: 4
Case D5671 Count: 2
Case D5673 Count: 3
Case D5674 Count: 1
Case D5675 Count: 3
Case D5676 Count: 1
Case D5677 Count: 3
Case D5678 Count: 4
Case D5679 Count: 1
Case D5680 Count: 2
Case D5681 Count: 2
Case D5682 Count: 2
Case D5683 Count: 4
Case D5684 Count: 1
Case D5685 Count: 4
Case D5686 Count: 1
Case D5687 Count: 1
Case D5688 Count: 1
Case D5690 Count: 6
Case D5691 Count: 4
Case D5692 Count: 4
Case D5693 Count: 3
Case D5694 Count: 3
Case D5695 Count: 4
Case D5696 Count: 2
Case D5697 Count: 5
Case D5698 Count: 2
Case D5699 Count: 3
Case D5700 Count: 3
Case D5701 Count: 1
Case D5702 Count: 1
Case D5703 Count: 1
Case D5704 Count: 3
Case D5705 Count: 4
Case D5706 Count: 1
Case D5707 Count: 1
Case D5708 Count: 4
Case D5709 Count: 2
Case D5710 Count: 1
Case D5711 Count: 4
Case D5712 Count: 3
Case D5713 Count: 3
Case D5714 Count: 3
Case D5715 Count: 2
Case D5716 Count: 3
Case D5717 Count: 1
Case D5718 Count: 1
Case D5720 Count: 2
Case D5721 Count: 2
Case D5722 Count: 2
Case D5723 Count: 1
Case D5724 Count: 3
Case D5725 Count: 3
Case D5726 Count: 2
Case D5727 Count: 1
Case D5728 Count: 2
Case D5729 Count: 2
Case D5730 Count: 1
Case D5731 Count: 5
Case D5732 Count: 7
Case D5734 Count: 2
Case D5735 Count: 3
Case D5736 Count: 3
Case D5737 Count: 3
Case D5738 Count: 3
Case D5739 Count: 5
Case D5740 Count: 2
Case D5741 Count: 5
Case D5742 Count: 4
Case D5743 Count: 5
Case D5744 Count: 3
Case D5745 Count: 2
Case D5746 Count: 1
Case D5747 Count: 3
Case D5748 Count: 2
Case D5749 Count: 3
Case D5750 Count: 4
Case D5751 Count: 3
Case D5752 Count: 4
Case D5753 Count: 2
Case D5754 Count: 2
Case D5755 Count: 3
Case D5756 Count: 2
Case D5757 Count: 2
Case D5758 Count: 2
Case D5760 Count: 3
Case D5761 Count: 3
Case D5762 Count: 3
Case D5763 Count: 1
Case D5764 Count: 2
Case D5765 Count: 5
Case D5766 Count: 1
Case D5769 Count: 1
Case D5770 Count: 2
Case D5771 Count: 2
Case D5772 Count: 2
Case D5773 Count: 4
Case D5774 Count: 5
Case D5775 Count: 3
Case D5776 Count: 2
Case D5777 Count: 3
Case D5778 Count: 2
Case D5779 Count: 2
Case D5780 Count: 3
Case D5781 Count: 1
Case D5782 Count: 3
Case D5783 Count: 3
Case D5784 Count: 2
Case D5785 Count: 2
Case D5787 Count: 3
Case D5788 Count: 2
Case D5789 Count: 4
Case D5790 Count: 4
Case D5791 Count: 2
Case D5792 Count: 3
Case D5793 Count: 5
Case D5794 Count: 1
Case D5795 Count: 4
Case D5797 Count: 2
Case D5798 Count: 1
Case D5799 Count: 3
Case D5800 Count: 1
Case D5801 Count: 4
Case D5803 Count: 2
Case D5804 Count: 3
Case D5806 Count: 3
Case D5807 Count: 4
Case D5808 Count: 3
Case D5809 Count: 1
Case D5810 Count: 3
Case D5811 Count: 2
Case D5813 Count: 2
Case D5814 Count: 1
Case D5815 Count: 5
Case D5816 Count: 2
Case D5817 Count: 1
Case D5818 Count: 3
Case D5819 Count: 5
Case D5820 Count: 5
Case D5821 Count: 3
Case D5822 Count: 3
Case D5823 Count: 4
Case D5824 Count: 3
Case D5825 Count: 1
Case D5826 Count: 2
Case D5827 Count: 1
Case D5829 Count: 2
Case D5830 Count: 3
Case D5831 Count: 2
Case D5832 Count: 1
Case D5833 Count: 2
Case D5834 Count: 1
Case D5835 Count: 1
Case D5837 Count: 1
Case D5838 Count: 2
Case D5840 Count: 3
Case D5841 Count: 3
Case D5842 Count: 4
Case D5843 Count: 1
Case D5844 Count: 2
Case D5845 Count: 1
Case D5846 Count: 2
Case D5847 Count: 1
Case D5848 Count: 2
Case D5849 Count: 4
Case D5850 Count: 1
Case D5853 Count: 5
Case D5854 Count: 1
Case D5855 Count: 2
Case D5856 Count: 3
Case D5857 Count: 6
Case D5858 Count: 1
Case D5859 Count: 2
Case D5860 Count: 2
Case D5861 Count: 2
Case D5862 Count: 4
Case D5863 Count: 3
Case D5864 Count: 4
Case D5865 Count: 5
Case D5866 Count: 3
Case D5868 Count: 3
Case D5869 Count: 3
Case D5871 Count: 1
Case D5872 Count: 2
Case D5873 Count: 1
Case D5874 Count: 5
Case D5875 Count: 3
Case D5876 Count: 1
Case D5877 Count: 1
Case D5878 Count: 2
Case D5879 Count: 3
Case D5880 Count: 3
Case D5881 Count: 2
Case D5882 Count: 1
Case D5883 Count: 1
Case D5884 Count: 1
Case D5885 Count: 4
Case D5886 Count: 2
Case D5887 Count: 3
Case D5888 Count: 2
Case D5889 Count: 3
Case D5890 Count: 3
Case D5891 Count: 2
Case D5892 Count: 2
Case D5894 Count: 4
Case D5895 Count: 2
Case D5896 Count: 1
Case D5897 Count: 2
Case D5898 Count: 4
Case D5900 Count: 4
Case D5901 Count: 1
Case D5902 Count: 3
Case D5905 Count: 1
Case D5906 Count: 2
Case D5907 Count: 4
Case D5908 Count: 4
Case D5909 Count: 2
Case D5910 Count: 1
Case D5911 Count: 1
Case D5912 Count: 4
Case D5914 Count: 3
Case D5915 Count: 4
Case D5916 Count: 5
Case D5917 Count: 2
Case D5918 Count: 1
Case D5919 Count: 1
Case D5920 Count: 4
Case D5921 Count: 3
Case D5922 Count: 2
Case D5923 Count: 1
Case D5924 Count: 1
Case D5925 Count: 3
Case D5926 Count: 1
Case D5927 Count: 1
Case D5928 Count: 3
Case D5929 Count: 2
Case D5931 Count: 3
Case D5932 Count: 2
Case D5933 Count: 2
Case D5934 Count: 1
Case D5935 Count: 2
Case D5937 Count: 1
Case D5938 Count: 3
Case D5939 Count: 1
Case D5940 Count: 3
Case D5941 Count: 3
Case D5942 Count: 3
Case D5943 Count: 3
Case D5944 Count: 3
Case D5945 Count: 1
Case D5946 Count: 3
Case D5947 Count: 4
Case D5948 Count: 1
Case D5949 Count: 2
Case D5950 Count: 2
Case D5951 Count: 1
Case D5952 Count: 2
Case D5953 Count: 2
Case D5954 Count: 3
Case D5955 Count: 4
Case D5956 Count: 3
Case D5957 Count: 4
Case D5958 Count: 3
Case D5959 Count: 1
Case D5960 Count: 2
Case D5961 Count: 1
Case D5962 Count: 2
Case D5965 Count: 7
Case D5966 Count: 3
Case D5967 Count: 5
Case D5968 Count: 1
Case D5969 Count: 4
Case D5970 Count: 1
Case D5971 Count: 1
Case D5972 Count: 3
Case D5974 Count: 2
Case D5975 Count: 2
Case D5976 Count: 1
Case D5977 Count: 2
Case D5979 Count: 4
Case D5980 Count: 6
Case D5981 Count: 4
Case D5982 Count: 2
Case D5983 Count: 1
Case D5984 Count: 3
Case D5985 Count: 1
Case D5986 Count: 1
Case D5987 Count: 4
Case D5988 Count: 3
Case D5992 Count: 3
Case D5993 Count: 2
Case D5994 Count: 4
Case D5996 Count: 2
Case D5997 Count: 5
Case D5998 Count: 1
Case D5999 Count: 3
Case D6000 Count: 4
Case D6001 Count: 2
Case D6002 Count: 3
Case D6003 Count: 3
Case D6008 Count: 2
Case D6010 Count: 2
Case D6011 Count: 3
Case D6012 Count: 4
Case D6013 Count: 4
Case D6014 Count: 1
Case D6015 Count: 3
Case D6016 Count: 4
Case D6018 Count: 1
Case D6019 Count: 2
Case D6020 Count: 5
Case D6021 Count: 2
Case D6022 Count: 1
Case D6023 Count: 4
Case D6025 Count: 4
Case D6026 Count: 4
Case D6027 Count: 1
Case D6028 Count: 2
Case D6029 Count: 1
Case D6031 Count: 2
Case D6032 Count: 2
Case D6033 Count: 1
Case D6034 Count: 2
Case D6035 Count: 2
Case D6036 Count: 2
Case D6037 Count: 2
Case D6039 Count: 3
Case D6040 Count: 3
Case D6041 Count: 2
Case D6043 Count: 1
Case D6044 Count: 1
Case D6045 Count: 3
Case D6046 Count: 1
Case D6047 Count: 2
Case D6048 Count: 1
Case D6049 Count: 1
Case D6050 Count: 7
Case D6051 Count: 4
Case D6052 Count: 2
Case D6054 Count: 6
Case D6055 Count: 3
Case D6056 Count: 3
Case D6057 Count: 4
Case D6059 Count: 4
Case D6060 Count: 4
Case D6062 Count: 3
Case D6063 Count: 1
Case D6064 Count: 3
Case D6065 Count: 2
Case D6066 Count: 2
Case D6067 Count: 3
Case D6068 Count: 2
Case D6069 Count: 4
Case D6070 Count: 1
Case D6071 Count: 3
Case D6073 Count: 2
Case D6074 Count: 5
Case D6075 Count: 4
Case D6076 Count: 3
Case D6077 Count: 4
Case D6078 Count: 3
Case D6079 Count: 2
Case D6080 Count: 2
Case D6081 Count: 3
Case D6082 Count: 2
Case D6083 Count: 4
Case D6084 Count: 2
Case D6085 Count: 6
Case D6086 Count: 1
Case D6087 Count: 1
Case D6088 Count: 3
Case D6089 Count: 2
Case D6090 Count: 1
Case D6091 Count: 2
Case D6092 Count: 1
Case D6093 Count: 3
Case D6094 Count: 4
Case D6095 Count: 2
Case D6096 Count: 1
Case D6097 Count: 1
Case D6098 Count: 3
Case D6099 Count: 1
Case D6100 Count: 1
Case D6102 Count: 4
Case D6103 Count: 3
Case D6104 Count: 5
Case D6105 Count: 3
Case D6106 Count: 3
Case D6107 Count: 2
Case D6109 Count: 2
Case D6110 Count: 4
Case D6111 Count: 1
Case D6112 Count: 4
Case D6113 Count: 3
Case D6114 Count: 5
Case D6115 Count: 3
Case D6116 Count: 2
Case D6118 Count: 1
Case D6119 Count: 1
Case D6120 Count: 4
Case D6124 Count: 1
Case D6125 Count: 2
Case D6126 Count: 2
Case D6127 Count: 3
Case D6128 Count: 4
Case D6129 Count: 4
Case D6130 Count: 2
Case D6131 Count: 1
Case D6132 Count: 1
Case D6133 Count: 4
Case D6134 Count: 2
Case D6135 Count: 3
Case D6136 Count: 1
Case D6137 Count: 5
Case D6138 Count: 4
Case D6140 Count: 2
Case D6141 Count: 4
Case D6142 Count: 2
Case D6143 Count: 1
Case D6144 Count: 3
Case D6145 Count: 7
Case D6146 Count: 3
Case D6147 Count: 2
Case D6149 Count: 3
Case D6150 Count: 3
Case D6151 Count: 3
Case D6152 Count: 5
Case D6153 Count: 1
Case D6154 Count: 3
Case D6155 Count: 2
Case D6156 Count: 4
Case D6157 Count: 1
Case D6158 Count: 2
Case D6159 Count: 2
Case D6160 Count: 1
Case D6161 Count: 5
Case D6162 Count: 2
Case D6163 Count: 2
Case D6164 Count: 1
Case D6165 Count: 1
Case D6166 Count: 3
Case D6167 Count: 3
Case D6168 Count: 4
Case D6169 Count: 3
Case D6171 Count: 3
Case D6172 Count: 2
Case D6173 Count: 4
Case D6174 Count: 2
Case D6176 Count: 2
Case D6177 Count: 5
Case D6178 Count: 2
Case D6179 Count: 3
Case D6180 Count: 3
Case D6181 Count: 1
Case D6182 Count: 1
Case D6183 Count: 3
Case D6184 Count: 1
Case D6186 Count: 4
Case D6187 Count: 2
Case D6188 Count: 2
Case D6189 Count: 2
Case D6190 Count: 1
Case D6191 Count: 1
Case D6192 Count: 1
Case D6194 Count: 3
Case D6195 Count: 2
Case D6196 Count: 2
Case D6197 Count: 1
Case D6198 Count: 1
Case D6199 Count: 1
Case D6200 Count: 3
Case D6201 Count: 2
Case D6202 Count: 3
Case D6203 Count: 2
Case D6204 Count: 2
Case D6205 Count: 1
Case D6206 Count: 1
Case D6207 Count: 1
Case D6208 Count: 1
Case D6209 Count: 3
Case D6210 Count: 1
Case D6211 Count: 2
Case D6212 Count: 1
Case D6213 Count: 3
Case D6215 Count: 2
Case D6217 Count: 2
Case D6218 Count: 1
Case D6219 Count: 2
Case D6220 Count: 2
Case D6221 Count: 1
Case D6222 Count: 1
Case D6224 Count: 2
Case D6225 Count: 4
Case D6226 Count: 1
Case D6227 Count: 1
Case D6229 Count: 1
Case D6230 Count: 4
Case D6232 Count: 1
Case D6233 Count: 2
Case D6234 Count: 1
Case D6235 Count: 1
Case D6236 Count: 3
Case D6237 Count: 1
Case D6238 Count: 3
Case D6240 Count: 1
Case D6242 Count: 1
Case D6243 Count: 2
Case D6244 Count: 2
Case D6245 Count: 2
Case D6246 Count: 4
Case D6247 Count: 4
Case D6250 Count: 3
Case D6251 Count: 1
Case D6252 Count: 2
Case D6253 Count: 1
Case D6254 Count: 1
Case D6255 Count: 1
Case D6256 Count: 3
Case D6257 Count: 1
Case D6258 Count: 1
Case D6259 Count: 2
Case D6260 Count: 4
Case D6261 Count: 3
Case D6262 Count: 1
Case D6263 Count: 2
Case D6264 Count: 3
Case D6265 Count: 1
Case D6266 Count: 3
Case D6267 Count: 3
Case D6268 Count: 4
Case D6269 Count: 1
Case D6270 Count: 1
Case D6271 Count: 3
Case D6275 Count: 1
Case D6276 Count: 2
Case D6277 Count: 3
Case D6278 Count: 2
Case D6280 Count: 2
Case D6281 Count: 4
Case D6282 Count: 3
Case D6283 Count: 2
Case D6284 Count: 1
Case D6285 Count: 3
Case D6286 Count: 4
Case D6287 Count: 1
Case D6288 Count: 1
Case D6289 Count: 2
Case D6290 Count: 1
Case D6291 Count: 2
Case D6293 Count: 1
Case D6294 Count: 4
Case D6295 Count: 5
Case D6296 Count: 1
Case D6297 Count: 3
Case D6298 Count: 2
Case D6299 Count: 2
Case D6301 Count: 1
Case D6302 Count: 1
Case D6303 Count: 3
Case D6304 Count: 1
Case D6305 Count: 5
Case D6306 Count: 4
Case D6307 Count: 1
Case D6309 Count: 4
Case D6310 Count: 2
Case D6311 Count: 2
Case D6312 Count: 1
Case D6313 Count: 2
Case D6314 Count: 2
Case D6315 Count: 3
Case D6316 Count: 3
Case D6317 Count: 1
Case D6318 Count: 1
Case D6319 Count: 2
Case D6321 Count: 2
Case D6322 Count: 2
Case D6323 Count: 1
Case D6324 Count: 2
Case D6326 Count: 2
Case D6328 Count: 2
Case D6329 Count: 1
Case D6330 Count: 2
Case D6331 Count: 2
Case D6332 Count: 2
Case D6333 Count: 3
Case D6334 Count: 4
Case D6336 Count: 2
Case D6339 Count: 3
Case D6340 Count: 1
Case D6341 Count: 3
Case D6342 Count: 4
Case D6343 Count: 3
Case D6344 Count: 2
Case D6345 Count: 4
Case D6346 Count: 4
Case D6347 Count: 1
Case D6349 Count: 1
Case D6350 Count: 2
Case D6351 Count: 2
Case D6352 Count: 3
Case D6353 Count: 3
Case D6354 Count: 2
Case D6355 Count: 1
Case D6356 Count: 2
Case D6357 Count: 1
Case D6359 Count: 1
Case D6360 Count: 1
Case D6361 Count: 2
Case D6362 Count: 1
Case D6364 Count: 2
Case D6365 Count: 1
Case D6366 Count: 1
Case D6367 Count: 1
Case D6368 Count: 1
Case D6370 Count: 2
Case D6371 Count: 7
Case D6372 Count: 3
Case D6373 Count: 3
Case D6374 Count: 2
Case D6375 Count: 1
Case D6376 Count: 1
Case D6377 Count: 2
Case D6378 Count: 3
Case D6379 Count: 3
Case D6381 Count: 2
Case D6382 Count: 3
Case D6383 Count: 5
Case D6384 Count: 2
Case D6387 Count: 3
Case D6388 Count: 1
Case D6391 Count: 2
Case D6392 Count: 1
Case D6393 Count: 2
Case D6394 Count: 3
Case D6395 Count: 1
Case D6396 Count: 1
Case D6397 Count: 2
Case D6398 Count: 2
Case D6399 Count: 3
Case D6400 Count: 2
Case D6402 Count: 1
Case D6403 Count: 1
Case D6404 Count: 1
Case D6405 Count: 2
Case D6408 Count: 3
Case D6409 Count: 2
Case D6411 Count: 1
Case D6412 Count: 3
Case D6413 Count: 2
Case D6414 Count: 2
Case D6415 Count: 1
Case D6416 Count: 7
Case D6417 Count: 2
Case D6418 Count: 4
Case D6419 Count: 1
Case D6420 Count: 2
Case D6421 Count: 4
Case D6422 Count: 1
Case D6423 Count: 2
Case D6424 Count: 1
Case D6425 Count: 3
Case D6426 Count: 3
Case D6427 Count: 1
Case D6428 Count: 1
Case D6429 Count: 3
Case D6430 Count: 2
Case D6431 Count: 1
Case D6432 Count: 1
Case D6433 Count: 4
Case D6434 Count: 2
Case D6435 Count: 5
Case D6436 Count: 4
Case D6437 Count: 2
Case D6438 Count: 1
Case D6439 Count: 2
Case D6440 Count: 3
Case D6441 Count: 2
Case D6442 Count: 2
Case D6443 Count: 3
Case D6444 Count: 1
Case D6445 Count: 2
Case D6446 Count: 3
Case D6447 Count: 4
Case D6448 Count: 2
Case D6449 Count: 2
Case D6450 Count: 1
Case D6451 Count: 1
Case D6452 Count: 2
Case D6454 Count: 2
Case D6455 Count: 1
Case D6456 Count: 2
Case D6457 Count: 2
Case D6461 Count: 5
Case D6462 Count: 1
Case D6463 Count: 2
Case D6465 Count: 1
Case D6466 Count: 2
Case D6467 Count: 1
Case D6468 Count: 1
Case D6469 Count: 1
Case D6470 Count: 4
Case D6471 Count: 1
Case D6472 Count: 2
Case D6474 Count: 4
Case D6475 Count: 2
Case D6476 Count: 1
Case D6477 Count: 1
Case D6478 Count: 4
Case D6479 Count: 5
Case D6482 Count: 3
Case D6483 Count: 1
Case D6484 Count: 1
Case D6485 Count: 4
Case D6486 Count: 1
Case D6487 Count: 1
Case D6488 Count: 1
Case D6490 Count: 1
Case D6491 Count: 2
Case D6492 Count: 6
Case D6493 Count: 2
Case D6496 Count: 2
Case D6497 Count: 2
Case D6498 Count: 2
Case D6500 Count: 3
Case D6501 Count: 3
Case D6502 Count: 1
Case D6503 Count: 3
Case D6504 Count: 4
Case D6505 Count: 4
Case D6506 Count: 1
Case D6508 Count: 1
Case D6509 Count: 2
Case D6510 Count: 2
Case D6511 Count: 2
Case D6512 Count: 4
Case D6514 Count: 2
Case D6515 Count: 3
Case D6516 Count: 4
Case D6518 Count: 1
Case D6519 Count: 1
Case D6520 Count: 1
Case D6521 Count: 2
Case D6522 Count: 3
Case D6524 Count: 3
Case D6526 Count: 2
Case D6527 Count: 3
Case D6528 Count: 3
Case D6529 Count: 2
Case D6530 Count: 3
Case D6531 Count: 2
Case D6532 Count: 3
Case D6536 Count: 1
Case D6537 Count: 3
Case D6538 Count: 1
Case D6539 Count: 1
Case D6542 Count: 1
Case D6543 Count: 2
Case D6544 Count: 2
Case D6546 Count: 4
Case D6547 Count: 3
Case D6548 Count: 2
Case D6549 Count: 3
Case D6550 Count: 1
Case D6551 Count: 2
Case D6552 Count: 1
Case D6553 Count: 4
Case D6555 Count: 1
Case D6556 Count: 2
Case D6557 Count: 1
Case D6558 Count: 2
Case D6560 Count: 2
Case D6562 Count: 2
Case D6563 Count: 1
Case D6564 Count: 1
Case D6566 Count: 1
Case D6568 Count: 3
Case D6569 Count: 1
Case D6570 Count: 3
Case D6571 Count: 2
Case D6572 Count: 1
Case D6573 Count: 3
Case D6574 Count: 3
Case D6575 Count: 1
Case D6576 Count: 2
Case D6577 Count: 3
Case D6578 Count: 4
Case D6579 Count: 2
Case D6583 Count: 7
Case D6584 Count: 6
Case D6585 Count: 1
Case D6586 Count: 1
Case D6588 Count: 4
Case D6589 Count: 2
Case D6590 Count: 2
Case D6591 Count: 1
Case D6592 Count: 2
Case D6594 Count: 1
Case D6595 Count: 1
Case D6596 Count: 1
Case D6597 Count: 3
Case D6598 Count: 2
Case D6602 Count: 2
Case D6603 Count: 1
Case D6604 Count: 3
Case D6605 Count: 2
Case D6607 Count: 3
Case D6608 Count: 4
Case D6611 Count: 1
Case D6612 Count: 2
Case D6613 Count: 2
Case D6614 Count: 4
Case D6616 Count: 1
Case D6617 Count: 1
Case D6618 Count: 1
Case D6619 Count: 3
Case D6621 Count: 1
Case D6622 Count: 1
Case D6623 Count: 1
Case D6625 Count: 1
Case D6627 Count: 4
Case D6628 Count: 1
Case D6629 Count: 3
Case D6630 Count: 3
Case D6631 Count: 2
Case D6634 Count: 1
Case D6635 Count: 3
Case D6636 Count: 2
Case D6637 Count: 1
Case D6638 Count: 2
Case D6639 Count: 1
Case D6640 Count: 2
Case D6641 Count: 1
Case D6643 Count: 1
Case D6644 Count: 2
Case D6645 Count: 2
Case D6646 Count: 1
Case D6647 Count: 1
Case D6649 Count: 2
Case D6650 Count: 2
Case D6651 Count: 1
Case D6652 Count: 3
Case D6653 Count: 3
Case D6654 Count: 2
Case D6655 Count: 2
Case D6656 Count: 4
Case D6658 Count: 2
Case D6659 Count: 2
Case D6660 Count: 1
Case D6661 Count: 3
Case D6662 Count: 3
Case D6664 Count: 2
Case D6665 Count: 3
Case D6666 Count: 3
Case D6667 Count: 2
Case D6668 Count: 3
Case D6669 Count: 2
Case D6670 Count: 4
Case D6672 Count: 2
Case D6673 Count: 2
Case D6674 Count: 1
Case D6677 Count: 1
Case D6679 Count: 3
Case D6680 Count: 1
Case D6681 Count: 4
Case D6682 Count: 2
Case D6683 Count: 4
Case D6684 Count: 2
Case D6687 Count: 2
Case D6688 Count: 4
Case D6689 Count: 2
Case D6690 Count: 2
Case D6691 Count: 1
Case D6692 Count: 1
Case D6693 Count: 2
Case D6694 Count: 1
Case D6696 Count: 2
Case D6697 Count: 2
Case D6698 Count: 3
Case D6699 Count: 3
Case D6700 Count: 2
Case D6701 Count: 2
Case D6702 Count: 1
Case D6703 Count: 1
Case D6705 Count: 2
Case D6706 Count: 3
Case D6707 Count: 1
Case D6708 Count: 7
Case D6709 Count: 1
Case D6710 Count: 3
Case D6712 Count: 2
Case D6713 Count: 3
Case D6715 Count: 1
Case D6716 Count: 5
Case D6718 Count: 4
Case D6721 Count: 2
Case D6723 Count: 1
Case D6724 Count: 2
Case D6726 Count: 3
Case D6727 Count: 2
Case D6728 Count: 2
Case D6730 Count: 1
Case D6732 Count: 2
Case D6733 Count: 1
Case D6734 Count: 2
Case D6735 Count: 2
Case D6736 Count: 4
Case D6737 Count: 2
Case D6739 Count: 1
Case D6740 Count: 4
Case D6741 Count: 1
Case D6742 Count: 1
Case D6744 Count: 3
Case D6745 Count: 4
Case D6746 Count: 2
Case D6747 Count: 5
Case D6748 Count: 2
Case D6749 Count: 1
Case D6750 Count: 1
Case D6752 Count: 1
Case D6754 Count: 2
Case D6755 Count: 4
Case D6756 Count: 2
Case D6757 Count: 1
Case D6758 Count: 4
Case D6760 Count: 1
Case D6761 Count: 1
Case D6763 Count: 2
Case D6764 Count: 1
Case D6765 Count: 3
Case D6766 Count: 1
Case D6767 Count: 4
Case D6768 Count: 2
Case D6772 Count: 2
Case D6773 Count: 1
Case D6774 Count: 1
Case D6775 Count: 2
Case D6777 Count: 2
Case D6779 Count: 1
Case D6780 Count: 2
Case D6782 Count: 3
Case D6783 Count: 2
Case D6785 Count: 5
Case D6786 Count: 3
Case D6787 Count: 3
Case D6789 Count: 2
Case D6790 Count: 2
Case D6792 Count: 3
Case D6793 Count: 3
Case D6795 Count: 3
Case D6797 Count: 4
Case D6798 Count: 1
Case D6799 Count: 3
Case D6800 Count: 2
Case D6801 Count: 2
Case D6802 Count: 1
Case D6803 Count: 1
Case D6806 Count: 1
Case D6808 Count: 2
Case D6809 Count: 1
Case D6810 Count: 3
Case D6811 Count: 1
Case D6812 Count: 1
Case D6813 Count: 2
Case D6815 Count: 4
Case D6816 Count: 2
Case D6818 Count: 1
Case D6819 Count: 2
Case D6820 Count: 2
Case D6821 Count: 1
Case D6822 Count: 1
Case D6823 Count: 2
Case D6824 Count: 1
Case D6825 Count: 2
Case D6826 Count: 1
Case D6827 Count: 1
Case D6828 Count: 4
Case D6829 Count: 1
Case D6830 Count: 1
Case D6831 Count: 2
Case D6832 Count: 1
Case D6833 Count: 2
Case D6834 Count: 1
Case D6837 Count: 2
Case D6838 Count: 1
Case D6839 Count: 2
Case D6840 Count: 1
Case D6841 Count: 1
Case D6842 Count: 2
Case D6843 Count: 3
Case D6844 Count: 4
Case D6845 Count: 4
Case D6846 Count: 2
Case D6847 Count: 2
Case D6848 Count: 1
Case D6849 Count: 1
Case D6851 Count: 3
Case D6852 Count: 3
Case D6853 Count: 1
Case D6854 Count: 4
Case D6855 Count: 1
Case D6856 Count: 1
Case D6857 Count: 1
Case D6858 Count: 1
Case D6859 Count: 5
Case D6861 Count: 2
Case D6862 Count: 3
Case D6863 Count: 1
Case D6864 Count: 1
Case D6865 Count: 1
Case D6866 Count: 1
Case D6868 Count: 2
Case D6869 Count: 2
Case D6870 Count: 2
Case D6871 Count: 2
Case D6872 Count: 3
Case D6873 Count: 2
Case D6874 Count: 3
Case D6875 Count: 1
Case D6877 Count: 4
Case D6878 Count: 1
Case D6879 Count: 2
Case D6880 Count: 2
Case D6881 Count: 1
Case D6882 Count: 2
Case D6883 Count: 2
Case D6885 Count: 6
Case D6887 Count: 3
Case D6888 Count: 1
Case D6889 Count: 2
Case D6890 Count: 1
Case D6892 Count: 1
Case D6894 Count: 2
Case D6895 Count: 2
Case D6896 Count: 2
Case D6897 Count: 3
Case D6898 Count: 2
Case D6899 Count: 3
Case D6901 Count: 1
Case D6902 Count: 3
Case D6903 Count: 3
Case D6904 Count: 2
Case D6905 Count: 1
Case D6906 Count: 2
Case D6907 Count: 1
Case D6908 Count: 2
Case D6909 Count: 1
Case D6910 Count: 1
Case D6912 Count: 3
Case D6914 Count: 2
Case D6915 Count: 1
Case D6916 Count: 3
Case D6917 Count: 1
Case D6918 Count: 2
Case D6919 Count: 3
Case D6920 Count: 1
Case D6921 Count: 1
Case D6922 Count: 2
Case D6923 Count: 5
Case D6924 Count: 1
Case D6925 Count: 1
Case D6926 Count: 1
Case D6928 Count: 4
Case D6929 Count: 1
Case D6930 Count: 3
Case D6934 Count: 2
Case D6935 Count: 1
Case D6936 Count: 2
Case D6937 Count: 2
Case D6938 Count: 2
Case D6939 Count: 2
Case D6942 Count: 1
Case D6945 Count: 1
Case D6946 Count: 1
Case D6947 Count: 2
Case D6948 Count: 1
Case D6949 Count: 2
Case D6950 Count: 2
Case D6951 Count: 3
Case D6952 Count: 2
Case D6953 Count: 2
Case D6954 Count: 2
Case D6955 Count: 2
Case D6956 Count: 5
Case D6957 Count: 4
Case D6958 Count: 1
Case D6959 Count: 1
Case D6961 Count: 1
Case D6962 Count: 3
Case D6964 Count: 1
Case D6965 Count: 2
Case D6966 Count: 3
Case D6968 Count: 1
Case D6969 Count: 2
Case D6970 Count: 1
Case D6971 Count: 1
Case D6972 Count: 1
Case D6974 Count: 5
Case D6975 Count: 2
Case D6976 Count: 1
Case D6977 Count: 1
Case D6978 Count: 1
Case D6979 Count: 2
Case D6980 Count: 1
Case D6981 Count: 2
Case D6983 Count: 3
Case D6984 Count: 2
Case D6985 Count: 2
Case D6986 Count: 1
Case D6987 Count: 2
Case D6988 Count: 1
Case D6989 Count: 1
Case D6990 Count: 2
Case D6991 Count: 2
Case D6992 Count: 3
Case D6993 Count: 1
Case D6994 Count: 1
Case D6995 Count: 3
Case D6996 Count: 3
Case D6997 Count: 3
Case D6998 Count: 2
Case D7000 Count: 1
Case D7001 Count: 4
Case D7002 Count: 2
Case D7003 Count: 3
Case D7004 Count: 2
Case D7005 Count: 2
Case D7006 Count: 2
Case D7007 Count: 1
Case D7008 Count: 3
Case D7009 Count: 3
Case D7010 Count: 2
Case D7011 Count: 3
Case D7013 Count: 2
Case D7014 Count: 6
Case D7015 Count: 1
Case D7016 Count: 2
Case D7017 Count: 1
Case D7018 Count: 1
Case D7019 Count: 3
Case D7021 Count: 4
Case D7022 Count: 1
Case D7023 Count: 1
Case D7024 Count: 1
Case D7026 Count: 4
Case D7027 Count: 1
Case D7028 Count: 1
Case D7030 Count: 1
Case D7031 Count: 2
Case D7032 Count: 2
Case D7034 Count: 3
Case D7035 Count: 1
Case D7036 Count: 4
Case D7037 Count: 2
Case D7038 Count: 1
Case D7039 Count: 1
Case D7043 Count: 1
Case D7044 Count: 3
Case D7045 Count: 1
Case D7047 Count: 4
Case D7048 Count: 3
Case D7049 Count: 2
Case D7050 Count: 3
Case D7051 Count: 5
Case D7052 Count: 1
Case D7053 Count: 1
Case D7054 Count: 3
Case D7056 Count: 1
Case D7057 Count: 1
Case D7058 Count: 1
Case D7059 Count: 1
Case D7062 Count: 2
Case D7063 Count: 3
Case D7064 Count: 2
Case D7065 Count: 2
Case D7066 Count: 1
Case D7067 Count: 2
Case D7068 Count: 2
Case D7069 Count: 2
Case D7070 Count: 2
Case D7071 Count: 4
Case D7072 Count: 3
Case D7073 Count: 2
Case D7074 Count: 3
Case D7075 Count: 1
Case D7076 Count: 2
Case D7078 Count: 3
Case D7080 Count: 2
Case D7083 Count: 3
Case D7084 Count: 3
Case D7086 Count: 1
Case D7087 Count: 2
Case D7088 Count: 1
Case D7089 Count: 2
Case D7090 Count: 1
Case D7091 Count: 1
Case D7092 Count: 2
Case D7093 Count: 7
Case D7094 Count: 1
Case D7096 Count: 1
Case D7097 Count: 2
Case D7098 Count: 3
Case D7100 Count: 1
Case D7101 Count: 1
Case D7104 Count: 1
Case D7105 Count: 1
Case D7107 Count: 1
Case D7108 Count: 4
Case D7109 Count: 4
Case D7110 Count: 1
Case D7111 Count: 3
Case D7112 Count: 2
Case D7113 Count: 2
Case D7115 Count: 2
Case D7116 Count: 4
Case D7117 Count: 4
Case D7119 Count: 1
Case D7120 Count: 1
Case D7122 Count: 1
Case D7126 Count: 2
Case D7127 Count: 1
Case D7128 Count: 2
Case D7130 Count: 1
Case D7131 Count: 1
Case D7132 Count: 1
Case D7135 Count: 1
Case D7136 Count: 1
Case D7137 Count: 2
Case D7138 Count: 2
Case D7140 Count: 1
Case D7141 Count: 1
Case D7143 Count: 2
Case D7144 Count: 4
Case D7145 Count: 2
Case D7146 Count: 2
Case D7147 Count: 1
Case D7148 Count: 2
Case D7149 Count: 2
Case D7150 Count: 1
Case D7151 Count: 3
Case D7152 Count: 2
Case D7153 Count: 2
Case D7154 Count: 1
Case D7156 Count: 1
Case D7159 Count: 1
Case D7160 Count: 3
Case D7161 Count: 1
Case D7162 Count: 1
Case D7164 Count: 2
Case D7166 Count: 2
Case D7167 Count: 1
Case D7171 Count: 1
Case D7172 Count: 1
Case D7173 Count: 1
Case D7174 Count: 2
Case D7175 Count: 2
Case D7176 Count: 1
Case D7177 Count: 1
Case D7178 Count: 1
Case D7179 Count: 2
Case D7180 Count: 1
Case D7182 Count: 2
Case D7183 Count: 1
Case D7185 Count: 1
Case D7186 Count: 1
Case D7187 Count: 1
Case D7188 Count: 2
Case D7189 Count: 1
Case D7191 Count: 2
Case D7192 Count: 2
Case D7193 Count: 2
Case D7195 Count: 2
Case D7196 Count: 1
Case D7197 Count: 1
Case D7198 Count: 1
Case D7199 Count: 1
Case D7200 Count: 3
Case D7201 Count: 1
Case D7202 Count: 2
Case D7203 Count: 1
Case D7204 Count: 3
Case D7205 Count: 3
Case D7207 Count: 2
Case D7208 Count: 2
Case D7209 Count: 1
Case D7210 Count: 1
Case D7211 Count: 2
Case D7212 Count: 1
Case D7213 Count: 2
Case D7214 Count: 3
Case D7215 Count: 3
Case D7216 Count: 1
Case D7219 Count: 2
Case D7221 Count: 1
Case D7222 Count: 1
Case D7224 Count: 3
Case D7225 Count: 3
Case D7226 Count: 4
Case D7227 Count: 2
Case D7228 Count: 1
Case D7229 Count: 2
Case D7232 Count: 1
Case D7233 Count: 1
Case D7234 Count: 3
Case D7235 Count: 5
Case D7238 Count: 1
Case D7239 Count: 1
Case D7240 Count: 1
Case D7243 Count: 2
Case D7247 Count: 2
Case D7248 Count: 1
Case D7249 Count: 1
Case D7250 Count: 3
Case D7251 Count: 3
Case D7252 Count: 2
Case D7253 Count: 5
Case D7254 Count: 1
Case D7255 Count: 3
Case D7256 Count: 2
Case D7257 Count: 2
Case D7258 Count: 1
Case D7259 Count: 1
Case D7264 Count: 1
Case D7265 Count: 2
Case D7267 Count: 2
Case D7268 Count: 3
Case D7269 Count: 4
Case D7270 Count: 2
Case D7271 Count: 1
Case D7272 Count: 1
Case D7273 Count: 4
Case D7274 Count: 3
Case D7275 Count: 1
Case D7276 Count: 1
Case D7277 Count: 1
Case D7278 Count: 2
Case D7279 Count: 3
Case D7280 Count: 2
Case D7281 Count: 1
Case D7284 Count: 1
Case D7286 Count: 2
Case D7288 Count: 2
Case D7289 Count: 2
Case D7290 Count: 2
Case D7291 Count: 3
Case D7292 Count: 2
Case D7293 Count: 2
Case D7294 Count: 4
Case D7295 Count: 1
Case D7296 Count: 1
Case D7297 Count: 2
Case D7299 Count: 1
Case D7300 Count: 3
Case D7303 Count: 4
Case D7308 Count: 1
Case D7309 Count: 3
Case D7312 Count: 1
Case D7314 Count: 1
Case D7315 Count: 5
Case D7316 Count: 2
Case D7317 Count: 2
Case D7318 Count: 1
Case D7320 Count: 1
Case D7321 Count: 2
Case D7322 Count: 2
Case D7324 Count: 1
Case D7325 Count: 1
Case D7329 Count: 1
Case D7330 Count: 1
Case D7332 Count: 2
Case D7333 Count: 3
Case D7335 Count: 1
Case D7336 Count: 3
Case D7337 Count: 1
Case D7338 Count: 2
Case D7340 Count: 1
Case D7341 Count: 1
Case D7342 Count: 3
Case D7343 Count: 4
Case D7345 Count: 2
Case D7346 Count: 4
Case D7347 Count: 1
Case D7348 Count: 3
Case D7349 Count: 4
Case D7350 Count: 1
Case D7352 Count: 1
Case D7353 Count: 1
Case D7354 Count: 2
Case D7355 Count: 2
Case D7356 Count: 3
Case D7357 Count: 2
Case D7358 Count: 1
Case D7359 Count: 1
Case D7361 Count: 2
Case D7362 Count: 1
Case D7363 Count: 1
Case D7366 Count: 1
Case D7367 Count: 1
Case D7368 Count: 1
Case D7369 Count: 2
Case D7370 Count: 1
Case D7371 Count: 1
Case D7372 Count: 3
Case D7373 Count: 1
Case D7374 Count: 1
Case D7375 Count: 3
Case D7376 Count: 1
Case D7379 Count: 3
Case D7380 Count: 1
Case D7381 Count: 1
Case D7383 Count: 3
Case D7384 Count: 2
Case D7385 Count: 1
Case D7386 Count: 2
Case D7387 Count: 1
Case D7388 Count: 1
Case D7390 Count: 1
Case D7391 Count: 2
Case D7392 Count: 3
Case D7393 Count: 1
Case D7394 Count: 1
Case D7395 Count: 2
Case D7396 Count: 1
Case D7397 Count: 1
Case D7398 Count: 3
Case D7400 Count: 3
Case D7402 Count: 2
Case D7403 Count: 1
Case D7404 Count: 2
Case D7405 Count: 2
Case D7406 Count: 2
Case D7407 Count: 3
Case D7408 Count: 4
Case D7409 Count: 2
Case D7411 Count: 1
Case D7413 Count: 3
Case D7414 Count: 2
Case D7415 Count: 2
Case D7416 Count: 2
Case D7417 Count: 2
Case D7418 Count: 4
Case D7420 Count: 1
Case D7421 Count: 2
Case D7422 Count: 2
Case D7423 Count: 2
Case D7425 Count: 1
Case D7426 Count: 1
Case D7428 Count: 3
Case D7429 Count: 1
Case D7431 Count: 3
Case D7432 Count: 2
Case D7433 Count: 1
Case D7435 Count: 2
Case D7436 Count: 2
Case D7438 Count: 1
Case D7439 Count: 1
Case D7440 Count: 2
Case D7443 Count: 2
Case D7446 Count: 1
Case D7447 Count: 1
Case D7448 Count: 1
Case D7450 Count: 1
Case D7451 Count: 1
Case D7455 Count: 3
Case D7456 Count: 1
Case D7458 Count: 2
Case D7459 Count: 3
Case D7460 Count: 1
Case D7461 Count: 1
Case D7463 Count: 3
Case D7464 Count: 1
Case D7465 Count: 1
Case D7467 Count: 1
Case D7470 Count: 2
Case D7471 Count: 1
Case D7472 Count: 1
Case D7473 Count: 3
Case D7474 Count: 2
Case D7475 Count: 1
Case D7476 Count: 1
Case D7478 Count: 1
Case D7480 Count: 2
Case D7481 Count: 2
Case D7482 Count: 2
Case D7483 Count: 2
Case D7486 Count: 1
Case D7488 Count: 1
Case D7491 Count: 1
Case D7492 Count: 1
Case D7493 Count: 3
Case D7494 Count: 1
Case D7495 Count: 3
Case D7496 Count: 4
Case D7498 Count: 2
Case D7499 Count: 4
Case D7500 Count: 4
Case D7501 Count: 1
Case D7503 Count: 2
Case D7504 Count: 3
Case D7505 Count: 3
Case D7506 Count: 1
Case D7508 Count: 1
Case D7510 Count: 3
Case D7511 Count: 2
Case D7512 Count: 1
Case D7514 Count: 2
Case D7515 Count: 1
Case D7517 Count: 1
Case D7518 Count: 1
Case D7519 Count: 2
Case D7520 Count: 2
Case D7521 Count: 1
Case D7523 Count: 1
Case D7524 Count: 1
Case D7525 Count: 2
Case D7526 Count: 1
Case D7528 Count: 4
Case D7530 Count: 1
Case D7534 Count: 2
Case D7535 Count: 2
Case D7536 Count: 1
Case D7538 Count: 1
Case D7539 Count: 2
Case D7540 Count: 1
Case D7541 Count: 4
Case D7542 Count: 1
Case D7543 Count: 1
Case D7547 Count: 1
Case D7548 Count: 3
Case D7549 Count: 1
Case D7550 Count: 1
Case D7551 Count: 2
Case D7552 Count: 2
Case D7553 Count: 3
Case D7554 Count: 3
Case D7555 Count: 2
Case D7557 Count: 1
Case D7560 Count: 4
Case D7561 Count: 2
Case D7564 Count: 2
Case D7565 Count: 1
Case D7566 Count: 1
Case D7568 Count: 1
Case D7570 Count: 2
Case D7572 Count: 2
Case D7574 Count: 3
Case D7576 Count: 2
Case D7577 Count: 3
Case D7578 Count: 1
Case D7580 Count: 1
Case D7581 Count: 1
Case D7582 Count: 3
Case D7583 Count: 1
Case D7585 Count: 2
Case D7587 Count: 1
Case D7589 Count: 2
Case D7591 Count: 3
Case D7594 Count: 1
Case D7595 Count: 3
Case D7596 Count: 3
Case D7597 Count: 1
Case D7598 Count: 1
Case D7600 Count: 2
Case D7602 Count: 1
Case D7604 Count: 2
Case D7606 Count: 2
Case D7607 Count: 1
Case D7609 Count: 1
Case D7610 Count: 1
Case D7611 Count: 3
Case D7612 Count: 1
Case D7615 Count: 2
Case D7616 Count: 2
Case D7617 Count: 4
Case D7618 Count: 2
Case D7619 Count: 2
Case D7620 Count: 1
Case D7621 Count: 1
Case D7622 Count: 2
Case D7623 Count: 2
Case D7625 Count: 2
Case D7626 Count: 1
Case D7627 Count: 2
Case D7628 Count: 1
Case D7629 Count: 1
Case D7630 Count: 1
Case D7631 Count: 1
Case D7635 Count: 2
Case D7636 Count: 2
Case D7637 Count: 1
Case D7639 Count: 1
Case D7640 Count: 1
Case D7641 Count: 1
Case D7643 Count: 2
Case D7644 Count: 1
Case D7646 Count: 3
Case D7647 Count: 1
Case D7648 Count: 1
Case D7649 Count: 1
Case D7650 Count: 2
Case D7653 Count: 4
Case D7654 Count: 5
Case D7655 Count: 4
Case D7657 Count: 3
Case D7658 Count: 2
Case D7660 Count: 3
Case D7661 Count: 2
Case D7662 Count: 1
Case D7663 Count: 1
Case D7664 Count: 1
Case D7666 Count: 2
Case D7667 Count: 2
Case D7668 Count: 2
Case D7669 Count: 2
Case D7670 Count: 2
Case D7671 Count: 3
Case D7672 Count: 1
Case D7673 Count: 2
Case D7675 Count: 2
Case D7676 Count: 2
Case D7678 Count: 2
Case D7679 Count: 2
Case D7680 Count: 1
Case D7682 Count: 2
Case D7683 Count: 2
Case D7684 Count: 2
Case D7685 Count: 2
Case D7688 Count: 1
Case D7690 Count: 4
Case D7692 Count: 2
Case D7694 Count: 2
Case D7695 Count: 1
Case D7696 Count: 1
Case D7697 Count: 1
Case D7698 Count: 4
Case D7701 Count: 1
Case D7702 Count: 4
Case D7706 Count: 2
Case D7707 Count: 1
Case D7709 Count: 2
Case D7711 Count: 3
Case D7712 Count: 1
Case D7714 Count: 1
Case D7715 Count: 1
Case D7716 Count: 1
Case D7717 Count: 1
Case D7718 Count: 1
Case D7723 Count: 2
Case D7724 Count: 1
Case D7725 Count: 1
Case D7733 Count: 1
Case D7734 Count: 1
Case D7735 Count: 3
Case D7736 Count: 1
Case D7739 Count: 1
Case D7740 Count: 1
Case D7743 Count: 1
Case D7744 Count: 1
Case D7745 Count: 1
Case D7749 Count: 3
Case D7750 Count: 2
Case D7751 Count: 1
Case D7752 Count: 1
Case D7753 Count: 1
Case D7754 Count: 1
Case D7755 Count: 2
Case D7757 Count: 1
Case D7758 Count: 3
Case D7759 Count: 3
Case D7763 Count: 3
Case D7765 Count: 2
Case D7767 Count: 1
Case D7768 Count: 1
Case D7769 Count: 2
Case D7770 Count: 2
Case D7773 Count: 1
Case D7774 Count: 2
Case D7775 Count: 1
Case D7776 Count: 3
Case D7777 Count: 2
Case D7779 Count: 2
Case D7781 Count: 3
Case D7782 Count: 1
Case D7783 Count: 2
Case D7785 Count: 3
Case D7786 Count: 2
Case D7787 Count: 1
Case D7788 Count: 2
Case D7789 Count: 3
Case D7790 Count: 2
Case D7793 Count: 2
Case D7794 Count: 1
Case D7795 Count: 1
Case D7798 Count: 2
Case D7799 Count: 1
Case D7801 Count: 1
Case D7802 Count: 4
Case D7803 Count: 1
Case D7804 Count: 1
Case D7805 Count: 1
Case D7806 Count: 1
Case D7808 Count: 2
Case D7809 Count: 3
Case D7810 Count: 1
Case D7812 Count: 2
Case D7814 Count: 2
Case D7818 Count: 2
Case D7819 Count: 1
Case D7820 Count: 1
Case D7821 Count: 1
Case D7824 Count: 1
Case D7825 Count: 1
Case D7826 Count: 1
Case D7828 Count: 1
Case D7829 Count: 1
Case D7830 Count: 2
Case D7831 Count: 1
Case D7834 Count: 1
Case D7835 Count: 1
Case D7839 Count: 1
Case D7840 Count: 3
Case D7842 Count: 1
Case D7843 Count: 2
Case D7844 Count: 2
Case D7845 Count: 1
Case D7847 Count: 2
Case D7848 Count: 1
Case D7850 Count: 1
Case D7851 Count: 1
Case D7852 Count: 2
Case D7853 Count: 1
Case D7854 Count: 2
Case D7855 Count: 2
Case D7856 Count: 1
Case D7857 Count: 3
Case D7858 Count: 1
Case D7859 Count: 2
Case D7861 Count: 1
Case D7862 Count: 1
Case D7863 Count: 2
Case D7864 Count: 1
Case D7865 Count: 5
Case D7866 Count: 3
Case D7867 Count: 2
Case D7868 Count: 1
Case D7869 Count: 3
Case D7870 Count: 3
Case D7871 Count: 1
Case D7872 Count: 2
Case D7873 Count: 2
Case D7875 Count: 1
Case D7876 Count: 8
Case D7877 Count: 2
Case D7878 Count: 3
Case D7879 Count: 2
Case D7882 Count: 2
Case D7883 Count: 2
Case D7885 Count: 1
Case D7886 Count: 2
Case D7887 Count: 2
Case D7888 Count: 1
Case D7889 Count: 2
Case D7890 Count: 1
Case D7892 Count: 2
Case D7893 Count: 1
Case D7897 Count: 2
Case D7900 Count: 3
Case D7901 Count: 4
Case D7902 Count: 3
Case D7903 Count: 2
Case D7905 Count: 1
Case D7906 Count: 3
Case D7908 Count: 1
Case D7909 Count: 2
Case D7910 Count: 2
Case D7911 Count: 2
Case D7912 Count: 4
Case D7913 Count: 2
Case D7914 Count: 1
Case D7915 Count: 3
Case D7916 Count: 1
Case D7919 Count: 1
Case D7920 Count: 2
Case D7921 Count: 1
Case D7922 Count: 2
Case D7923 Count: 1
Case D7924 Count: 1
Case D7925 Count: 1
Case D7927 Count: 2
Case D7928 Count: 2
Case D7929 Count: 4
Case D7930 Count: 1
Case D7931 Count: 1
Case D7935 Count: 3
Case D7936 Count: 1
Case D7938 Count: 2
Case D7939 Count: 1
Case D7942 Count: 3
Case D7943 Count: 1
Case D7946 Count: 1
Case D7947 Count: 3
Case D7948 Count: 3
Case D7949 Count: 1
Case D7950 Count: 2
Case D7952 Count: 3
Case D7953 Count: 1
Case D7956 Count: 3
Case D7957 Count: 3
Case D7958 Count: 2
Case D7959 Count: 1
Case D7960 Count: 1
Case D7961 Count: 2
Case D7962 Count: 2
Case D7963 Count: 1
Case D7964 Count: 1
Case D7965 Count: 1
Case D7966 Count: 3
Case D7967 Count: 2
Case D7968 Count: 2
Case D7969 Count: 1
Case D7971 Count: 1
Case D7972 Count: 2
Case D7973 Count: 1
Case D7975 Count: 1
Case D7978 Count: 3
Case D7979 Count: 3
Case D7980 Count: 1
Case D7985 Count: 1
Case D7986 Count: 1
Case D7987 Count: 1
Case D7988 Count: 1
Case D7990 Count: 2
Case D7991 Count: 2
Case D7992 Count: 1
Case D7993 Count: 1
Case D7994 Count: 1
Case D7995 Count: 3
Case D7998 Count: 3
Case D7999 Count: 1
Case D8000 Count: 2
Case D8001 Count: 4
Case D8003 Count: 1
Case D8004 Count: 2
Case D8005 Count: 3
Case D8006 Count: 2
Case D8007 Count: 1
Case D8008 Count: 1
Case D8009 Count: 3
Case D8010 Count: 1
Case D8011 Count: 2
Case D8014 Count: 2
Case D8015 Count: 2
Case D8016 Count: 1
Case D8018 Count: 1
Case D8021 Count: 1
Case D8022 Count: 1
Case D8023 Count: 2
Case D8024 Count: 1
Case D8026 Count: 3
Case D8027 Count: 3
Case D8028 Count: 1
Case D8029 Count: 3
Case D8030 Count: 3
Case D8032 Count: 1
Case D8033 Count: 1
Case D8034 Count: 2
Case D8035 Count: 2
Case D8037 Count: 2
Case D8040 Count: 3
Case D8041 Count: 5
Case D8042 Count: 2
Case D8043 Count: 2
Case D8045 Count: 2
Case D8046 Count: 1
Case D8047 Count: 2
Case D8048 Count: 1
Case D8049 Count: 1
Case D8051 Count: 1
Case D8052 Count: 1
Case D8053 Count: 1
Case D8054 Count: 3
Case D8055 Count: 1
Case D8056 Count: 3
Case D8057 Count: 1
Case D8058 Count: 1
Case D8059 Count: 1
Case D8061 Count: 2
Case D8062 Count: 3
Case D8063 Count: 2
Case D8064 Count: 2
Case D8065 Count: 1
Case D8067 Count: 1
Case D8070 Count: 1
Case D8071 Count: 1
Case D8072 Count: 1
Case D8073 Count: 1
Case D8075 Count: 2
Case D8076 Count: 2
Case D8077 Count: 2
Case D8078 Count: 1
Case D8079 Count: 2
Case D8081 Count: 1
Case D8082 Count: 2
Case D8083 Count: 1
Case D8084 Count: 1
Case D8085 Count: 2
Case D8086 Count: 1
Case D8087 Count: 2
Case D8088 Count: 1
Case D8090 Count: 3
Case D8092 Count: 3
Case D8093 Count: 4
Case D8094 Count: 4
Case D8095 Count: 1
Case D8096 Count: 3
Case D8098 Count: 1
Case D8100 Count: 2
Case D8101 Count: 2
Case D8104 Count: 1
Case D8105 Count: 2
Case D8106 Count: 1
Case D8108 Count: 1
Case D8109 Count: 1
Case D8110 Count: 2
Case D8113 Count: 1
Case D8114 Count: 1
Case D8116 Count: 1
Case D8117 Count: 2
Case D8118 Count: 2
Case D8119 Count: 2
Case D8121 Count: 4
Case D8122 Count: 3
Case D8123 Count: 1
Case D8126 Count: 1
Case D8127 Count: 2
Case D8130 Count: 1
Case D8131 Count: 1
Case D8133 Count: 1
Case D8134 Count: 4
Case D8135 Count: 3
Case D8136 Count: 1
Case D8137 Count: 3
Case D8138 Count: 2
Case D8139 Count: 1
Case D8141 Count: 1
Case D8143 Count: 1
Case D8144 Count: 1
Case D8145 Count: 2
Case D8148 Count: 1
Case D8149 Count: 2
Case D8150 Count: 2
Case D8152 Count: 1
Case D8153 Count: 1
Case D8154 Count: 2
Case D8156 Count: 1
Case D8159 Count: 1
Case D8161 Count: 2
Case D8162 Count: 2
Case D8164 Count: 3
Case D8165 Count: 2
Case D8167 Count: 2
Case D8168 Count: 1
Case D8169 Count: 1
Case D8170 Count: 1
Case D8171 Count: 1
Case D8173 Count: 2
Case D8174 Count: 1
Case D8175 Count: 1
Case D8176 Count: 1
Case D8178 Count: 1
Case D8179 Count: 1
Case D8182 Count: 1
Case D8184 Count: 2
Case D8185 Count: 2
Case D8188 Count: 3
Case D8192 Count: 5
Case D8193 Count: 2
Case D8194 Count: 1
Case D8195 Count: 3
Case D8197 Count: 1
Case D8198 Count: 3
Case D8200 Count: 1
Case D8201 Count: 1
Case D8202 Count: 2
Case D8204 Count: 1
Case D8205 Count: 1
Case D8206 Count: 1
Case D8207 Count: 3
Case D8210 Count: 2
Case D8211 Count: 1
Case D8212 Count: 2
Case D8215 Count: 2
Case D8216 Count: 1
Case D8217 Count: 2
Case D8219 Count: 1
Case D8220 Count: 3
Case D8221 Count: 1
Case D8224 Count: 1
Case D8225 Count: 1
Case D8226 Count: 2
Case D8228 Count: 1
Case D8230 Count: 1
Case D8234 Count: 1
Case D8235 Count: 1
Case D8236 Count: 1
Case D8237 Count: 3
Case D8238 Count: 1
Case D8239 Count: 3
Case D8240 Count: 1
Case D8241 Count: 3
Case D8242 Count: 1
Case D8243 Count: 1
Case D8244 Count: 1
Case D8246 Count: 3
Case D8247 Count: 3
Case D8248 Count: 3
Case D8249 Count: 2
Case D8250 Count: 1
Case D8252 Count: 1
Case D8254 Count: 1
Case D8256 Count: 1
Case D8257 Count: 3
Case D8258 Count: 2
Case D8259 Count: 1
Case D8261 Count: 1
Case D8263 Count: 2
Case D8264 Count: 1
Case D8265 Count: 3
Case D8267 Count: 3
Case D8268 Count: 3
Case D8270 Count: 1
Case D8271 Count: 1
Case D8273 Count: 2
Case D8274 Count: 1
Case D8275 Count: 1
Case D8276 Count: 1
Case D8278 Count: 1
Case D8279 Count: 2
Case D8281 Count: 2
Case D8282 Count: 1
Case D8285 Count: 1
Case D8289 Count: 2
Case D8290 Count: 2
Case D8292 Count: 1
Case D8293 Count: 1
Case D8296 Count: 1
Case D8297 Count: 1
Case D8298 Count: 1
Case D8300 Count: 2
Case D8301 Count: 1
Case D8303 Count: 2
Case D8304 Count: 2
Case D8306 Count: 2
Case D8307 Count: 1
Case D8312 Count: 4
Case D8313 Count: 1
Case D8314 Count: 2
Case D8315 Count: 1
Case D8316 Count: 3
Case D8318 Count: 3
Case D8322 Count: 1
Case D8324 Count: 1
Case D8325 Count: 1
Case D8326 Count: 1
Case D8328 Count: 3
Case D8329 Count: 3
Case D8330 Count: 1
Case D8331 Count: 1
Case D8333 Count: 1
Case D8336 Count: 1
Case D8338 Count: 1
Case D8339 Count: 1
Case D8342 Count: 2
Case D8343 Count: 2
Case D8346 Count: 2
Case D8347 Count: 1
Case D8350 Count: 1
Case D8352 Count: 2
Case D8353 Count: 1
Case D8354 Count: 3
Case D8355 Count: 1
Case D8356 Count: 2
Case D8359 Count: 1
Case D8360 Count: 1
Case D8361 Count: 2
Case D8363 Count: 1
Case D8364 Count: 1
Case D8365 Count: 1
Case D8366 Count: 1
Case D8368 Count: 2
Case D8369 Count: 1
Case D8371 Count: 2
Case D8376 Count: 2
Case D8378 Count: 1
Case D8379 Count: 2
Case D8381 Count: 1
Case D8383 Count: 1
Case D8384 Count: 1
Case D8385 Count: 1
Case D8387 Count: 1
Case D8388 Count: 1
Case D8389 Count: 1
Case D8392 Count: 1
Case D8393 Count: 1
Case D8394 Count: 1
Case D8395 Count: 2
Case D8396 Count: 1
Case D8398 Count: 2
Case D8399 Count: 1
Case D8400 Count: 1
Case D8401 Count: 2
Case D8403 Count: 2
Case D8404 Count: 1
Case D8408 Count: 1
Case D8410 Count: 2
Case D8411 Count: 2
Case D8416 Count: 1
Case D8419 Count: 1
Case D8420 Count: 2
Case D8421 Count: 1
Case D8422 Count: 1
Case D8424 Count: 1
Case D8425 Count: 3
Case D8426 Count: 1
Case D8427 Count: 2
Case D8428 Count: 1
Case D8429 Count: 1
Case D8430 Count: 1
Case D8432 Count: 1
Case D8433 Count: 1
Case D8436 Count: 2
Case D8438 Count: 1
Case D8440 Count: 1
Case D8442 Count: 1
Case D8444 Count: 1
Case D8448 Count: 2
Case D8449 Count: 1
Case D8450 Count: 1
Case D8451 Count: 2
Case D8452 Count: 3
Case D8456 Count: 1
Case D8457 Count: 2
Case D8458 Count: 1
Case D8461 Count: 2
Case D8462 Count: 1
Case D8463 Count: 2
Case D8464 Count: 1
Case D8465 Count: 1
Case D8467 Count: 1
Case D8470 Count: 4
Case D8471 Count: 1
Case D8472 Count: 1
Case D8473 Count: 2
Case D8474 Count: 1
Case D8476 Count: 2
Case D8477 Count: 1
Case D8478 Count: 2
Case D8479 Count: 1
Case D8481 Count: 1
Case D8483 Count: 1
Case D8484 Count: 1
Case D8485 Count: 1
Case D8486 Count: 1
Case D8487 Count: 1
Case D8488 Count: 1
Case D8489 Count: 2
Case D8490 Count: 2
Case D8492 Count: 2
Case D8493 Count: 1
Case D8494 Count: 1
Case D8495 Count: 1
Case D8497 Count: 1
Case D8498 Count: 1
Case D8499 Count: 1
Case D8500 Count: 3
Case D8501 Count: 1
Case D8502 Count: 1
Case D8504 Count: 2
Case D8506 Count: 1
Case D8507 Count: 2
Case D8508 Count: 1
Case D8509 Count: 3
Case D8511 Count: 1
Case D8512 Count: 2
Case D8513 Count: 2
Case D8515 Count: 2
Case D8516 Count: 1
Case D8517 Count: 2
Case D8521 Count: 3
Case D8522 Count: 2
Case D8523 Count: 2
Case D8524 Count: 4
Case D8526 Count: 1
Case D8529 Count: 2
Case D8530 Count: 1
Case D8531 Count: 1
Case D8533 Count: 1
Case D8534 Count: 3
Case D8535 Count: 1
Case D8537 Count: 3
Case D8538 Count: 2
Case D8539 Count: 1
Case D8540 Count: 1
Case D8541 Count: 3
Case D8544 Count: 1
Case D8545 Count: 1
Case D8546 Count: 1
Case D8547 Count: 1
Case D8553 Count: 2
Case D8554 Count: 3
Case D8557 Count: 1
Case D8558 Count: 1
Case D8560 Count: 4
Case D8563 Count: 2
Case D8566 Count: 1
Case D8567 Count: 1
Case D8570 Count: 1
Case D8572 Count: 1
Case D8573 Count: 3
Case D8574 Count: 1
Case D8575 Count: 1
Case D8577 Count: 1
Case D8578 Count: 1
Case D8579 Count: 1
Case D8583 Count: 2
Case D8585 Count: 2
Case D8586 Count: 1
Case D8589 Count: 2
Case D8590 Count: 1
Case D8592 Count: 1
Case D8593 Count: 1
Case D8596 Count: 1
Case D8597 Count: 1
Case D8599 Count: 2
Case D8602 Count: 1
Case D8604 Count: 2
Case D8605 Count: 1
Case D8606 Count: 1
Case D8608 Count: 1
Case D8609 Count: 1
Case D8610 Count: 1
Case D8612 Count: 3
Case D8613 Count: 2
Case D8614 Count: 1
Case D8616 Count: 1
Case D8617 Count: 1
Case D8618 Count: 1
Case D8620 Count: 1
Case D8621 Count: 1
Case D8622 Count: 1
Case D8624 Count: 1
Case D8626 Count: 1
Case D8628 Count: 1
Case D8629 Count: 4
Case D8631 Count: 1
Case D8633 Count: 1
Case D8637 Count: 1
Case D8638 Count: 1
Case D8639 Count: 1
Case D8640 Count: 1
Case D8641 Count: 1
Case D8642 Count: 2
Case D8643 Count: 2
Case D8645 Count: 2
Case D8646 Count: 1
Case D8651 Count: 1
Case D8653 Count: 1
Case D8655 Count: 2
Case D8657 Count: 2
Case D8658 Count: 2
Case D8659 Count: 2
Case D8660 Count: 3
Case D8661 Count: 1
Case D8662 Count: 2
Case D8664 Count: 2
Case D8667 Count: 2
Case D8668 Count: 2
Case D8669 Count: 2
Case D8670 Count: 3
Case D8672 Count: 1
Case D8673 Count: 1
Case D8674 Count: 1
Case D8678 Count: 3
Case D8679 Count: 1
Case D8681 Count: 1
Case D8683 Count: 1
Case D8684 Count: 1
Case D8687 Count: 2
Case D8688 Count: 1
Case D8689 Count: 1
Case D8690 Count: 2
Case D8691 Count: 2
Case D8692 Count: 1
Case D8694 Count: 1
Case D8696 Count: 2
Case D8697 Count: 2
Case D8698 Count: 1
Case D8700 Count: 3
Case D8701 Count: 2
Case D8702 Count: 1
Case D8703 Count: 2
Case D8704 Count: 1
Case D8706 Count: 2
Case D8710 Count: 3
Case D8712 Count: 3
Case D8713 Count: 1
Case D8714 Count: 3
Case D8717 Count: 1
Case D8718 Count: 2
Case D8720 Count: 1
Case D8722 Count: 1
Case D8723 Count: 1
Case D8724 Count: 2
Case D8725 Count: 1
Case D8726 Count: 2
Case D8727 Count: 1
Case D8728 Count: 2
Case D8729 Count: 2
Case D8730 Count: 3
Case D8731 Count: 3
Case D8732 Count: 2
Case D8733 Count: 2
Case D8735 Count: 2
Case D8737 Count: 1
Case D8738 Count: 2
Case D8739 Count: 3
Case D8741 Count: 1
Case D8743 Count: 1
Case D8744 Count: 2
Case D8745 Count: 1
Case D8746 Count: 1
Case D8748 Count: 1
Case D8749 Count: 2
Case D8750 Count: 1
Case D8751 Count: 2
Case D8754 Count: 1
Case D8755 Count: 2
Case D8759 Count: 2
Case D8761 Count: 2
Case D8763 Count: 1
Case D8764 Count: 3
Case D8767 Count: 1
Case D8768 Count: 2
Case D8769 Count: 2
Case D8771 Count: 3
Case D8772 Count: 1
Case D8773 Count: 3
Case D8775 Count: 1
Case D8776 Count: 1
Case D8777 Count: 2
Case D8778 Count: 1
Case D8779 Count: 1
Case D8780 Count: 1
Case D8781 Count: 1
Case D8785 Count: 1
Case D8786 Count: 1
Case D8787 Count: 1
Case D8788 Count: 1
Case D8789 Count: 3
Case D8791 Count: 3
Case D8795 Count: 2
Case D8797 Count: 1
Case D8799 Count: 4
Case D8802 Count: 1
Case D8805 Count: 1
Case D8806 Count: 2
Case D8808 Count: 1
Case D8810 Count: 1
Case D8812 Count: 1
Case D8815 Count: 1
Case D8816 Count: 1
Case D8817 Count: 1
Case D8818 Count: 1
Case D8821 Count: 1
Case D8824 Count: 1
Case D8825 Count: 2
Case D8828 Count: 1
Case D8830 Count: 2
Case D8832 Count: 2
Case D8833 Count: 1
Case D8834 Count: 1
Case D8835 Count: 3
Case D8836 Count: 1
Case D8839 Count: 1
Case D8840 Count: 1
Case D8842 Count: 1
Case D8843 Count: 1
Case D8845 Count: 1
Case D8846 Count: 1
Case D8848 Count: 1
Case D8851 Count: 1
Case D8852 Count: 1
Case D8853 Count: 1
Case D8856 Count: 2
Case D8859 Count: 1
Case D8860 Count: 2
Case D8862 Count: 2
Case D8863 Count: 1
Case D8865 Count: 1
Case D8866 Count: 1
Case D8868 Count: 2
Case D8870 Count: 2
Case D8871 Count: 3
Case D8873 Count: 1
Case D8874 Count: 1
Case D8875 Count: 1
Case D8877 Count: 2
Case D8879 Count: 3
Case D8882 Count: 2
Case D8883 Count: 1
Case D8884 Count: 1
Case D8886 Count: 1
Case D8889 Count: 1
Case D8891 Count: 1
Case D8892 Count: 1
Case D8893 Count: 1
Case D8894 Count: 2
Case D8896 Count: 2
Case D8897 Count: 2
Case D8898 Count: 2
Case D8901 Count: 2
Case D8906 Count: 2
Case D8907 Count: 3
Case D8908 Count: 1
Case D8909 Count: 1
Case D8911 Count: 2
Case D8912 Count: 1
Case D8913 Count: 1
Case D8916 Count: 1
Case D8921 Count: 3
Case D8922 Count: 2
Case D8925 Count: 1
Case D8926 Count: 2
Case D8928 Count: 1
Case D8929 Count: 1
Case D8931 Count: 2
Case D8934 Count: 1
Case D8935 Count: 1
Case D8936 Count: 1
Case D8938 Count: 1
Case D8939 Count: 1
Case D8941 Count: 1
Case D8942 Count: 1
Case D8943 Count: 1
Case D8944 Count: 3
Case D8946 Count: 2
Case D8948 Count: 1
Case D8949 Count: 1
Case D8950 Count: 1
Case D8951 Count: 2
Case D8953 Count: 3
Case D8955 Count: 2
Case D8956 Count: 3
Case D8958 Count: 1
Case D8959 Count: 1
Case D8962 Count: 1
Case D8963 Count: 2
Case D8965 Count: 1
Case D8967 Count: 1
Case D8970 Count: 1
Case D8971 Count: 1
Case D8972 Count: 1
Case D8975 Count: 2
Case D8976 Count: 1
Case D8977 Count: 1
Case D8979 Count: 1
Case D8980 Count: 1
Case D8982 Count: 1
Case D8984 Count: 2
Case D8985 Count: 1
Case D8986 Count: 1
Case D8989 Count: 2
Case D8990 Count: 1
Case D8992 Count: 1
Case D8993 Count: 1
Case D8994 Count: 2
Case D8995 Count: 2
Case D8996 Count: 2
Case D8997 Count: 1
Case D8998 Count: 1
Case D8999 Count: 1
Case D9000 Count: 3
Case D9001 Count: 2
Case D9003 Count: 2
Case D9005 Count: 1
Case D9008 Count: 2
Case D9009 Count: 1
Case D9010 Count: 1
Case D9011 Count: 1
Case D9014 Count: 1
Case D9015 Count: 1
Case D9016 Count: 3
Case D9017 Count: 1
Case D9019 Count: 1
Case D9021 Count: 1
Case D9023 Count: 3
Case D9027 Count: 2
Case D9028 Count: 1
Case D9030 Count: 1
Case D9031 Count: 1
Case D9032 Count: 1
Case D9034 Count: 2
Case D9037 Count: 3
Case D9038 Count: 1
Case D9040 Count: 3
Case D9041 Count: 2
Case D9043 Count: 2
Case D9044 Count: 1
Case D9045 Count: 2
Case D9049 Count: 2
Case D9054 Count: 1
Case D9055 Count: 2
Case D9058 Count: 3
Case D9059 Count: 2
Case D9060 Count: 2
Case D9061 Count: 3
Case D9062 Count: 2
Case D9064 Count: 1
Case D9067 Count: 1
Case D9068 Count: 1
Case D9069 Count: 2
Case D9070 Count: 1
Case D9071 Count: 1
Case D9073 Count: 1
Case D9074 Count: 2
Case D9076 Count: 1
Case D9078 Count: 2
Case D9080 Count: 3
Case D9081 Count: 1
Case D9082 Count: 1
Case D9085 Count: 1
Case D9090 Count: 1
Case D9092 Count: 1
Case D9094 Count: 1
Case D9095 Count: 2
Case D9100 Count: 2
Case D9101 Count: 1
Case D9105 Count: 1
Case D9107 Count: 4
Case D9108 Count: 2
Case D9109 Count: 1
Case D9110 Count: 1
Case D9111 Count: 2
Case D9113 Count: 2
Case D9114 Count: 1
Case D9115 Count: 1
Case D9117 Count: 1
Case D9119 Count: 1
Case D9121 Count: 1
Case D9124 Count: 1
Case D9125 Count: 1
Case D9126 Count: 1
Case D9131 Count: 2
Case D9132 Count: 2
Case D9133 Count: 3
Case D9134 Count: 1
Case D9139 Count: 2
Case D9140 Count: 3
Case D9141 Count: 1
Case D9142 Count: 1
Case D9143 Count: 3
Case D9144 Count: 2
Case D9145 Count: 2
Case D9146 Count: 2
Case D9149 Count: 1
Case D9153 Count: 1
Case D9155 Count: 2
Case D9157 Count: 3
Case D9158 Count: 2
Case D9161 Count: 2
Case D9165 Count: 2
Case D9166 Count: 2
Case D9173 Count: 1
Case D9174 Count: 1
Case D9175 Count: 1
Case D9180 Count: 1
Case D9186 Count: 1
Case D9187 Count: 1
Case D9188 Count: 1
Case D9189 Count: 1
Case D9192 Count: 1
Case D9193 Count: 1
Case D9195 Count: 1
Case D9197 Count: 1
Case D9200 Count: 1
Case D9203 Count: 2
Case D9204 Count: 1
Case D9205 Count: 2
Case D9206 Count: 1
Case D9207 Count: 1
Case D9209 Count: 2
Case D9210 Count: 1
Case D9211 Count: 1
Case D9214 Count: 1
Case D9215 Count: 1
Case D9216 Count: 2
Case D9217 Count: 1
Case D9221 Count: 2
Case D9223 Count: 1
Case D9225 Count: 2
Case D9227 Count: 2
Case D9228 Count: 1
Case D9229 Count: 1
Case D9230 Count: 1
Case D9231 Count: 3
Case D9232 Count: 1
Case D9233 Count: 1
Case D9235 Count: 1
Case D9239 Count: 3
Case D9243 Count: 1
Case D9244 Count: 2
Case D9246 Count: 1
Case D9247 Count: 1
Case D9250 Count: 2
Case D9251 Count: 2
Case D9255 Count: 2
Case D9256 Count: 3
Case D9257 Count: 3
Case D9258 Count: 2
Case D9259 Count: 2
Case D9261 Count: 3
Case D9263 Count: 2
Case D9264 Count: 1
Case D9267 Count: 3
Case D9268 Count: 2
Case D9272 Count: 1
Case D9274 Count: 2
Case D9275 Count: 2
Case D9276 Count: 2
Case D9278 Count: 3
Case D9281 Count: 1
Case D9282 Count: 1
Case D9283 Count: 3
Case D9285 Count: 1
Case D9287 Count: 2
Case D9289 Count: 1
Case D9291 Count: 1
Case D9292 Count: 1
Case D9295 Count: 1
Case D9297 Count: 1
Case D9299 Count: 1
Case D9304 Count: 1
Case D9307 Count: 1
Case D9308 Count: 1
Case D9309 Count: 1
Case D9311 Count: 1
Case D9312 Count: 1
Case D9313 Count: 1
Case D9316 Count: 1
Case D9320 Count: 1
Case D9321 Count: 1
Case D9323 Count: 1
Case D9324 Count: 1
Case D9325 Count: 3
Case D9327 Count: 1
Case D9328 Count: 1
Case D9329 Count: 3
Case D9331 Count: 1
Case D9332 Count: 2
Case D9333 Count: 3
Case D9337 Count: 1
Case D9338 Count: 1
Case D9340 Count: 2
Case D9341 Count: 2
Case D9342 Count: 1
Case D9343 Count: 1
Case D9344 Count: 1
Case D9345 Count: 1
Case D9347 Count: 1
Case D9349 Count: 1
Case D9352 Count: 1
Case D9353 Count: 4
Case D9356 Count: 1
Case D9357 Count: 1
Case D9358 Count: 1
Case D9359 Count: 1
Case D9360 Count: 2
Case D9363 Count: 1
Case D9364 Count: 2
Case D9366 Count: 2
Case D9368 Count: 5
Case D9369 Count: 3
Case D9371 Count: 2
Case D9372 Count: 1
Case D9374 Count: 3
Case D9376 Count: 2
Case D9377 Count: 3
Case D9378 Count: 1
Case D9384 Count: 2
Case D9385 Count: 4
Case D9389 Count: 1
Case D9391 Count: 1
Case D9392 Count: 1
Case D9393 Count: 1
Case D9395 Count: 1
Case D9400 Count: 1
Case D9401 Count: 2
Case D9402 Count: 1
Case D9404 Count: 3
Case D9405 Count: 1
Case D9407 Count: 1
Case D9410 Count: 1
Case D9412 Count: 1
Case D9413 Count: 2
Case D9416 Count: 1
Case D9418 Count: 1
Case D9419 Count: 1
Case D9420 Count: 1
Case D9424 Count: 2
Case D9427 Count: 2
Case D9428 Count: 2
Case D9429 Count: 1
Case D9430 Count: 2
Case D9431 Count: 1
Case D9433 Count: 2
Case D9436 Count: 1
Case D9437 Count: 2
Case D9438 Count: 2
Case D9439 Count: 2
Case D9442 Count: 1
Case D9445 Count: 2
Case D9447 Count: 3
Case D9448 Count: 1
Case D9451 Count: 1
Case D9452 Count: 1
Case D9453 Count: 2
Case D9454 Count: 1
Case D9455 Count: 1
Case D9457 Count: 2
Case D9458 Count: 1
Case D9461 Count: 2
Case D9462 Count: 1
Case D9464 Count: 1
Case D9465 Count: 1
Case D9466 Count: 1
Case D9467 Count: 1
Case D9468 Count: 1
Case D9469 Count: 2
Case D9472 Count: 1
Case D9476 Count: 1
Case D9478 Count: 2
Case D9479 Count: 2
Case D9480 Count: 2
Case D9484 Count: 1
Case D9486 Count: 1
Case D9488 Count: 1
Case D9490 Count: 1
Case D9494 Count: 1
Case D9495 Count: 1
Case D9498 Count: 1
Case D9499 Count: 1
Case D9502 Count: 1
Case D9504 Count: 1
Case D9506 Count: 1
Case D9509 Count: 2
Case D9511 Count: 1
Case D9513 Count: 3
Case D9514 Count: 1
Case D9515 Count: 2
Case D9516 Count: 1
Case D9521 Count: 2
Case D9522 Count: 1
Case D9523 Count: 1
Case D9525 Count: 1
Case D9526 Count: 1
Case D9527 Count: 1
Case D9528 Count: 1
Case D9531 Count: 4
Case D9535 Count: 2
Case D9536 Count: 1
Case D9538 Count: 3
Case D9539 Count: 1
Case D9541 Count: 1
Case D9542 Count: 1
Case D9544 Count: 1
Case D9545 Count: 1
Case D9549 Count: 2
Case D9551 Count: 1
Case D9558 Count: 1
Case D9559 Count: 2
Case D9560 Count: 2
Case D9561 Count: 2
Case D9565 Count: 1
Case D9573 Count: 2
Case D9575 Count: 2
Case D9578 Count: 1
Case D9579 Count: 1
Case D9580 Count: 2
Case D9581 Count: 2
Case D9584 Count: 1
Case D9585 Count: 2
Case D9586 Count: 1
Case D9588 Count: 1
Case D9589 Count: 2
Case D9591 Count: 1
Case D9597 Count: 1
Case D9598 Count: 2
Case D9599 Count: 2
Case D9600 Count: 3
Case D9601 Count: 1
Case D9603 Count: 1
Case D9604 Count: 1
Case D9605 Count: 1
Case D9608 Count: 1
Case D9609 Count: 1
Case D9610 Count: 2
Case D9614 Count: 2
Case D9615 Count: 1
Case D9616 Count: 1
Case D9620 Count: 1
Case D9621 Count: 2
Case D9622 Count: 2
Case D9623 Count: 1
Case D9627 Count: 1
Case D9628 Count: 1
Case D9632 Count: 1
Case D9633 Count: 2
Case D9634 Count: 2
Case D9635 Count: 2
Case D9636 Count: 2
Case D9638 Count: 2
Case D9639 Count: 1
Case D9640 Count: 1
Case D9641 Count: 1
Case D9642 Count: 1
Case D9643 Count: 2
Case D9645 Count: 1
Case D9647 Count: 2
Case D9648 Count: 1
Case D9650 Count: 2
Case D9653 Count: 1
Case D9654 Count: 1
Case D9662 Count: 1
Case D9664 Count: 1
Case D9667 Count: 2
Case D9668 Count: 1
Case D9672 Count: 1
Case D9676 Count: 1
Case D9678 Count: 1
Case D9680 Count: 1
Case D9681 Count: 1
Case D9682 Count: 1
Case D9683 Count: 2
Case D9685 Count: 3
Case D9687 Count: 1
Case D9688 Count: 1
Case D9690 Count: 1
Case D9691 Count: 1
Case D9692 Count: 1
Case D9693 Count: 2
Case D9697 Count: 2
Case D9698 Count: 1
Case D9699 Count: 1
Case D9704 Count: 1
Case D9705 Count: 4
Case D9708 Count: 1
Case D9709 Count: 2
Case D9710 Count: 2
Case D9711 Count: 2
Case D9712 Count: 2
Case D9713 Count: 1
Case D9714 Count: 2
Case D9715 Count: 2
Case D9717 Count: 1
Case D9718 Count: 1
Case D9722 Count: 1
Case D9724 Count: 1
Case D9729 Count: 1
Case D9730 Count: 2
Case D9731 Count: 1
Case D9733 Count: 1
Case D9734 Count: 1
Case D9738 Count: 1
Case D9739 Count: 1
Case D9740 Count: 2
Case D9743 Count: 1
Case D9746 Count: 1
Case D9747 Count: 1
Case D9748 Count: 4
Case D9750 Count: 2
Case D9751 Count: 1
Case D9753 Count: 1
Case D9759 Count: 1
Case D9760 Count: 1
Case D9761 Count: 1
Case D9763 Count: 2
Case D9764 Count: 1
Case D9765 Count: 1
Case D9766 Count: 2
Case D9768 Count: 1
Case D9769 Count: 3
Case D9771 Count: 1
Case D9773 Count: 2
Case D9775 Count: 3
Case D9778 Count: 1
Case D9781 Count: 2
Case D9782 Count: 1
Case D9783 Count: 1
Case D9787 Count: 1
Case D9788 Count: 2
Case D9789 Count: 2
Case D9793 Count: 2
Case D9794 Count: 1
Case D9797 Count: 1
Case D9798 Count: 1
Case D9800 Count: 1
Case D9802 Count: 1
Case D9803 Count: 1
Case D9807 Count: 1
Case D9809 Count: 1
Case D9810 Count: 1
Case D9811 Count: 2
Case D9813 Count: 1
Case D9814 Count: 1
Case D9815 Count: 2
Case D9816 Count: 2
Case D9819 Count: 1
Case D9820 Count: 2
Case D9821 Count: 1
Case D9824 Count: 1
Case D9825 Count: 1
Case D9826 Count: 3
Case D9827 Count: 2
Case D9828 Count: 1
Case D9829 Count: 1
Case D9831 Count: 1
Case D9832 Count: 2
Case D9833 Count: 1
Case D9835 Count: 1
Case D9837 Count: 1
Case D9838 Count: 1
Case D9839 Count: 1
Case D9840 Count: 2
Case D9843 Count: 3
Case D9844 Count: 1
Case D9845 Count: 3
Case D9848 Count: 1
Case D9849 Count: 1
Case D9851 Count: 2
Case D9852 Count: 2
Case D9853 Count: 2
Case D9855 Count: 2
Case D9856 Count: 1
Case D9857 Count: 1
Case D9860 Count: 1
Case D9861 Count: 2
Case D9863 Count: 2
Case D9864 Count: 2
Case D9865 Count: 1
Case D9867 Count: 1
Case D9872 Count: 1
Case D9874 Count: 1
Case D9876 Count: 1
Case D9877 Count: 1
Case D9879 Count: 1
Case D9883 Count: 1
Case D9884 Count: 1
Case D9885 Count: 1
Case D9886 Count: 2
Case D9888 Count: 1
Case D9889 Count: 2
Case D9890 Count: 1
Case D9894 Count: 2
Case D9895 Count: 1
Case D9896 Count: 3
Case D9899 Count: 1
Case D9902 Count: 2
Case D9903 Count: 1
Case D9904 Count: 1
Case D9905 Count: 1
Case D9906 Count: 1
Case D9909 Count: 1
Case D9910 Count: 2
Case D9911 Count: 1
Case D9913 Count: 2
Case D9915 Count: 1
Case D9918 Count: 1
Case D9922 Count: 1
Case D9923 Count: 2
Case D9924 Count: 3
Case D9926 Count: 3
Case D9929 Count: 2
Case D9930 Count: 1
Case D9931 Count: 1
Case D9933 Count: 1
Case D9934 Count: 1
Case D9935 Count: 1
Case D9937 Count: 1
Case D9938 Count: 1
Case D9939 Count: 1
Case D9940 Count: 2
Case D9941 Count: 1
Case D9943 Count: 1
Case D9948 Count: 2
Case D9950 Count: 2
Case D9952 Count: 2
Case D9954 Count: 2
Case D9955 Count: 1
Case D9959 Count: 2
Case D9960 Count: 1
Case D9962 Count: 1
Case D9964 Count: 2
Case D9965 Count: 1
Case D9966 Count: 1
Case D9967 Count: 2
Case D9968 Count: 1
Case D9969 Count: 2
Case D9976 Count: 2
Case D9978 Count: 3
Case D9980 Count: 1
Case D9981 Count: 1
Case D9983 Count: 3
Case D9986 Count: 1
Case D9989 Count: 3
Case D9990 Count: 1
Case D9991 Count: 1
Case D9993 Count: 1
Case D9994 Count: 1
Case D9995 Count: 1
Case D9998 Count: 1
Case D9999 Count: 1
Case D10000 Count: 1
Case D10002 Count: 1
Case D10003 Count: 1
Case D10004 Count: 2
Case D10005 Count: 1
Case D10006 Count: 1
Case D10008 Count: 3
Case D10009 Count: 1
Case D10010 Count: 1
Case D10011 Count: 1
Case D10017 Count: 2
Case D10018 Count: 1
Case D10019 Count: 1
Case D10021 Count: 2
Case D10022 Count: 1
Case D10027 Count: 1
Case D10029 Count: 2
Case D10034 Count: 1
Case D10036 Count: 1
Case D10037 Count: 1
Case D10041 Count: 2
Case D10042 Count: 1
Case D10043 Count: 1
Case D10045 Count: 2
Case D10047 Count: 2
Case D10048 Count: 1
Case D10049 Count: 2
Case D10054 Count: 2
Case D10056 Count: 1
Case D10058 Count: 1
Case D10062 Count: 1
Case D10063 Count: 4
Case D10065 Count: 1
Case D10067 Count: 2
Case D10068 Count: 1
Case D10070 Count: 1
Case D10072 Count: 1
Case D10073 Count: 2
Case D10074 Count: 1
Case D10077 Count: 1
Case D10079 Count: 1
Case D10080 Count: 1
Case D10081 Count: 1
Case D10084 Count: 1
Case D10085 Count: 1
Case D10089 Count: 2
Case D10090 Count: 1
Case D10093 Count: 1
Case D10094 Count: 1
Case D10095 Count: 2
Case D10097 Count: 1
Case D10098 Count: 1
Case D10099 Count: 1
Case D10100 Count: 2
Case D10101 Count: 2
Case D10107 Count: 3
Case D10109 Count: 1
Case D10110 Count: 1
Case D10111 Count: 3
Case D10114 Count: 1
Case D10115 Count: 1
Case D10116 Count: 2
Case D10121 Count: 1
Case D10124 Count: 1
Case D10128 Count: 1
Case D10129 Count: 1
Case D10141 Count: 1
Case D10148 Count: 1
Case D10149 Count: 1
Case D10154 Count: 1
Case D10155 Count: 2
Case D10156 Count: 2
Case D10158 Count: 1
Case D10159 Count: 1
Case D10160 Count: 2
Case D10164 Count: 1
Case D10165 Count: 1
Case D10166 Count: 1
Case D10167 Count: 1
Case D10169 Count: 1
Case D10170 Count: 1
Case D10171 Count: 1
Case D10174 Count: 1
Case D10175 Count: 1
Case D10178 Count: 1
Case D10179 Count: 1
Case D10189 Count: 1
Case D10192 Count: 2
Case D10193 Count: 1
Case D10194 Count: 1
Case D10196 Count: 2
Case D10199 Count: 1
Case D10203 Count: 1
Case D10204 Count: 2
Case D10206 Count: 1
Case D10207 Count: 2
Case D10208 Count: 3
Case D10209 Count: 1
Case D10211 Count: 1
Case D10212 Count: 1
Case D10214 Count: 1
Case D10215 Count: 1
Case D10217 Count: 2
Case D10219 Count: 2
Case D10221 Count: 1
Case D10223 Count: 1
Case D10225 Count: 3
Case D10226 Count: 1
Case D10228 Count: 2
Case D10229 Count: 1
Case D10230 Count: 2
Case D10231 Count: 1
Case D10235 Count: 2
Case D10237 Count: 1
Case D10239 Count: 2
Case D10240 Count: 1
Case D10241 Count: 1
Case D10242 Count: 1
Case D10243 Count: 1
Case D10246 Count: 1
Case D10247 Count: 1
Case D10252 Count: 3
Case D10253 Count: 1
Case D10257 Count: 3
Case D10258 Count: 3
Case D10259 Count: 1
Case D10261 Count: 1
Case D10265 Count: 2
Case D10267 Count: 1
Case D10269 Count: 4
Case D10270 Count: 2
Case D10272 Count: 1
Case D10274 Count: 1
Case D10278 Count: 2
Case D10280 Count: 1
Case D10281 Count: 1
Case D10283 Count: 3
Case D10285 Count: 2
Case D10287 Count: 1
Case D10288 Count: 1
Case D10290 Count: 1
Case D10293 Count: 1
Case D10294 Count: 1
Case D10295 Count: 1
Case D10298 Count: 1
Case D10300 Count: 1
Case D10301 Count: 1
Case D10305 Count: 1
Case D10307 Count: 1
Case D10309 Count: 1
Case D10310 Count: 1
Case D10312 Count: 1
Case D10316 Count: 1
Case D10317 Count: 3
Case D10321 Count: 1
Case D10322 Count: 2
Case D10323 Count: 1
Case D10325 Count: 2
Case D10334 Count: 1
Case D10337 Count: 1
Case D10340 Count: 1
Case D10342 Count: 1
Case D10344 Count: 1
Case D10346 Count: 1
Case D10347 Count: 1
Case D10349 Count: 2
Case D10353 Count: 2
Case D10355 Count: 1
Case D10356 Count: 1
Case D10358 Count: 1
Case D10360 Count: 2
Case D10365 Count: 1
Case D10368 Count: 1
Case D10369 Count: 1
Case D10370 Count: 1
Case D10371 Count: 2
Case D10373 Count: 2
Case D10377 Count: 1
Case D10378 Count: 1
Case D10381 Count: 1
Case D10382 Count: 1
Case D10387 Count: 1
Case D10389 Count: 1
Case D10391 Count: 2
Case D10393 Count: 1
Case D10395 Count: 1
Case D10396 Count: 1
Case D10397 Count: 1
Case D10399 Count: 1
Case D10401 Count: 1
Case D10408 Count: 1
Case D10410 Count: 1
Case D10411 Count: 1
Case D10412 Count: 1
Case D10416 Count: 2
Case D10417 Count: 1
Case D10418 Count: 2
Case D10419 Count: 1
Case D10423 Count: 1
Case D10424 Count: 2
Case D10429 Count: 1
Case D10430 Count: 1
Case D10431 Count: 1
Case D10432 Count: 2
Case D10433 Count: 2
Case D10436 Count: 2
Case D10440 Count: 1
Case D10442 Count: 1
Case D10449 Count: 1
Case D10451 Count: 1
Case D10454 Count: 2
Case D10455 Count: 2
Case D10464 Count: 3
Case D10465 Count: 3
Case D10467 Count: 1
Case D10468 Count: 2
Case D10471 Count: 2
Case D10472 Count: 2
Case D10474 Count: 1
Case D10476 Count: 1
Case D10483 Count: 1
Case D10489 Count: 2
Case D10490 Count: 2
Case D10491 Count: 1
Case D10493 Count: 1
Case D10494 Count: 1
Case D10495 Count: 1
Case D10498 Count: 1
Case D10500 Count: 1
Case D10504 Count: 2
Case D10506 Count: 2
Case D10507 Count: 2
Case D10509 Count: 1
Case D10510 Count: 2
Case D10514 Count: 1
Case D10515 Count: 1
Case D10516 Count: 1
Case D10520 Count: 1
Case D10525 Count: 3
Case D10527 Count: 3
Case D10528 Count: 1
Case D10529 Count: 1
Case D10532 Count: 1
Case D10535 Count: 1
Case D10538 Count: 1
Case D10539 Count: 1
Case D10540 Count: 2
Case D10541 Count: 1
Case D10542 Count: 2
Case D10543 Count: 1
Case D10544 Count: 1
Case D10550 Count: 2
Case D10551 Count: 2
Case D10554 Count: 1
Case D10556 Count: 1
Case D10557 Count: 1
Case D10563 Count: 1
Case D10565 Count: 1
Case D10566 Count: 1
Case D10572 Count: 1
Case D10574 Count: 2
Case D10576 Count: 2
Case D10579 Count: 1
Case D10581 Count: 1
Case D10586 Count: 1
Case D10588 Count: 1
Case D10590 Count: 2
Case D10592 Count: 1
Case D10593 Count: 1
Case D10594 Count: 1
Case D10596 Count: 3
Case D10597 Count: 3
Case D10598 Count: 1
Case D10599 Count: 1
Case D10600 Count: 2
Case D10603 Count: 4
Case D10605 Count: 2
Case D10606 Count: 1
Case D10608 Count: 2
Case D10609 Count: 2
Case D10611 Count: 1
Case D10613 Count: 1
Case D10615 Count: 1
Case D10616 Count: 1
Case D10619 Count: 1
Case D10620 Count: 1
Case D10621 Count: 1
Case D10623 Count: 1
Case D10624 Count: 1
Case D10627 Count: 2
Case D10629 Count: 2
Case D10635 Count: 2
Case D10636 Count: 3
Case D10638 Count: 1
Case D10639 Count: 1
Case D10640 Count: 1
Case D10645 Count: 2
Case D10646 Count: 2
Case D10648 Count: 1
Case D10649 Count: 1
Case D10651 Count: 1
Case D10652 Count: 1
Case D10653 Count: 2
Case D10654 Count: 1
Case D10658 Count: 1
Case D10659 Count: 1
Case D10660 Count: 1
Case D10664 Count: 1
Case D10665 Count: 1
Case D10666 Count: 1
Case D10667 Count: 1
Case D10670 Count: 2
Case D10672 Count: 1
Case D10676 Count: 1
Case D10677 Count: 2
Case D10678 Count: 1
Case D10679 Count: 4
Case D10680 Count: 1
Case D10681 Count: 1
Case D10683 Count: 2
Case D10684 Count: 1
Case D10685 Count: 1
Case D10687 Count: 1
Case D10688 Count: 1
Case D10690 Count: 1
Case D10692 Count: 1
Case D10693 Count: 2
Case D10694 Count: 1
Case D10697 Count: 1
Case D10698 Count: 1
Case D10702 Count: 1
Case D10704 Count: 1
Case D10706 Count: 2
Case D10707 Count: 1
Case D10710 Count: 2
Case D10717 Count: 2
Case D10719 Count: 3
Case D10722 Count: 1
Case D10723 Count: 2
Case D10725 Count: 1
Case D10727 Count: 1
Case D10728 Count: 1
Case D10732 Count: 1
Case D10733 Count: 2
Case D10734 Count: 1
Case D10738 Count: 1
Case D10739 Count: 2
Case D10740 Count: 2
Case D10741 Count: 2
Case D10747 Count: 1
Case D10750 Count: 2
Case D10751 Count: 1
Case D10752 Count: 1
Case D10755 Count: 2
Case D10758 Count: 1
Case D10759 Count: 2
Case D10760 Count: 1
Case D10761 Count: 1
Case D10768 Count: 2
Case D10771 Count: 2
Case D10772 Count: 1
Case D10773 Count: 1
Case D10777 Count: 1
Case D10778 Count: 2
Case D10779 Count: 1
Case D10786 Count: 2
Case D10789 Count: 1
Case D10791 Count: 3
Case D10792 Count: 2
Case D10793 Count: 1
Case D10795 Count: 2
Case D10796 Count: 3
Case D10797 Count: 1
Case D10799 Count: 1
Case D10800 Count: 1
Case D10801 Count: 2
Case D10802 Count: 1
Case D10803 Count: 2
Case D10804 Count: 2
Case D10805 Count: 2
Case D10806 Count: 2
Case D10807 Count: 3
Case D10808 Count: 1
Case D10810 Count: 1
Case D10812 Count: 3
Case D10813 Count: 1
Case D10815 Count: 1
Case D10817 Count: 3
Case D10819 Count: 1
Case D10820 Count: 2
Case D10821 Count: 1
Case D10822 Count: 2
Case D10827 Count: 1
Case D10828 Count: 1
Case D10829 Count: 2
Case D10831 Count: 1
Case D10833 Count: 2
Case D10834 Count: 2
Case D10835 Count: 3
Case D10839 Count: 1
Case D10840 Count: 2
Case D10841 Count: 3
Case D10842 Count: 1
Case D10844 Count: 3
Case D10845 Count: 1
Case D10848 Count: 1
Case D10849 Count: 1
Case D10850 Count: 1
Case D10851 Count: 1
Case D10853 Count: 1
Case D10854 Count: 1
Case D10855 Count: 1
Case D10856 Count: 1
Case D10860 Count: 1
Case D10862 Count: 1
Case D10863 Count: 1
Case D10866 Count: 1
Case D10867 Count: 1
Case D10868 Count: 2
Case D10869 Count: 3
Case D10871 Count: 1
Case D10872 Count: 1
Case D10873 Count: 1
Case D10875 Count: 2
Case D10876 Count: 1
Case D10878 Count: 2
Case D10880 Count: 1
Case D10881 Count: 2
Case D10883 Count: 1
Case D10887 Count: 1
Case D10889 Count: 1
Case D10890 Count: 2
Case D10892 Count: 2
Case D10894 Count: 4
Case D10896 Count: 2
Case D10900 Count: 1
Case D10901 Count: 1
Case D10902 Count: 1
Case D10906 Count: 2
Case D10907 Count: 1
Case D10910 Count: 1
Case D10911 Count: 2
Case D10913 Count: 1
Case D10914 Count: 2
Case D10915 Count: 1
Case D10916 Count: 1
Case D10917 Count: 1
Case D10918 Count: 2
Case D10919 Count: 1
Case D10922 Count: 1
Case D10926 Count: 1
Case D10927 Count: 1
Case D10928 Count: 1
Case D10929 Count: 1
Case D10932 Count: 1
Case D10933 Count: 2
Case D10935 Count: 2
Case D10936 Count: 1
Case D10939 Count: 1
Case D10941 Count: 2
Case D10942 Count: 1
Case D10947 Count: 1
Case D10950 Count: 2
Case D10951 Count: 1
Case D10954 Count: 1
Case D10958 Count: 2
Case D10961 Count: 1
Case D10963 Count: 3
Case D10965 Count: 2
Case D10970 Count: 1
Case D10972 Count: 1
Case D10976 Count: 1
Case D10977 Count: 2
Case D10978 Count: 1
Case D10981 Count: 2
Case D10982 Count: 1
Case D10983 Count: 1
Case D10986 Count: 1
Case D10988 Count: 1
Case D10991 Count: 1
Case D10995 Count: 1
Case D10996 Count: 1
Case D10998 Count: 1
Case D10999 Count: 1
Case D11001 Count: 2
Case D11004 Count: 1
Case D11005 Count: 1
Case D11006 Count: 1
Case D11007 Count: 1
Case D11008 Count: 2
Case D11009 Count: 1
Case D11010 Count: 1
Case D11014 Count: 1
Case D11015 Count: 1
Case D11016 Count: 1
Case D11017 Count: 1
Case D11019 Count: 1
Case D11021 Count: 1
Case D11022 Count: 1
Case D11024 Count: 1
Case D11025 Count: 2
Case D11028 Count: 1
Case D11034 Count: 3
Case D11035 Count: 3
Case D11036 Count: 1
Case D11038 Count: 1
Case D11041 Count: 2
Case D11051 Count: 1
Case D11053 Count: 1
Case D11057 Count: 1
Case D11058 Count: 3
Case D11060 Count: 2
Case D11061 Count: 3
Case D11063 Count: 1
Case D11067 Count: 1
Case D11069 Count: 2
Case D11071 Count: 2
Case D11072 Count: 1
Case D11080 Count: 1
Case D11082 Count: 2
Case D11084 Count: 1
Case D11086 Count: 2
Case D11087 Count: 1
Case D11089 Count: 1
Case D11091 Count: 1
Case D11092 Count: 1
Case D11093 Count: 1
Case D11095 Count: 3
Case D11096 Count: 1
Case D11100 Count: 1
Case D11105 Count: 1
Case D11106 Count: 1
Case D11107 Count: 1
Case D11108 Count: 1
Case D11109 Count: 1
Case D11110 Count: 1
Case D11111 Count: 1
Case D11114 Count: 2
Case D11115 Count: 1
Case D11118 Count: 2
Case D11119 Count: 1
Case D11121 Count: 1
Case D11122 Count: 2
Case D11124 Count: 2
Case D11126 Count: 1
Case D11128 Count: 1
Case D11131 Count: 1
Case D11132 Count: 1
Case D11134 Count: 2
Case D11137 Count: 1
Case D11140 Count: 1
Case D11142 Count: 1
Case D11143 Count: 1
Case D11151 Count: 1
Case D11154 Count: 1
Case D11156 Count: 1
Case D11159 Count: 2
Case D11161 Count: 1
Case D11166 Count: 1
Case D11168 Count: 1
Case D11178 Count: 1
Case D11183 Count: 1
Case D11185 Count: 1
Case D11186 Count: 1
Case D11188 Count: 2
Case D11190 Count: 1
Case D11193 Count: 1
Case D11195 Count: 1
Case D11200 Count: 1
Case D11201 Count: 1
Case D11202 Count: 2
Case D11205 Count: 1
Case D11206 Count: 1
Case D11209 Count: 1
Case D11213 Count: 1
Case D11215 Count: 1
Case D11219 Count: 1
Case D11220 Count: 2
Case D11221 Count: 1
Case D11223 Count: 2
Case D11232 Count: 2
Case D11234 Count: 1
Case D11235 Count: 2
Case D11237 Count: 1
Case D11238 Count: 1
Case D11240 Count: 1
Case D11246 Count: 2
Case D11247 Count: 1
Case D11248 Count: 2
Case D11249 Count: 1
Case D11250 Count: 1
Case D11251 Count: 1
Case D11252 Count: 2
Case D11253 Count: 1
Case D11254 Count: 1
Case D11255 Count: 1
Case D11259 Count: 2
Case D11264 Count: 1
Case D11266 Count: 1
Case D11267 Count: 1
Case D11268 Count: 1
Case D11269 Count: 1
Case D11271 Count: 1
Case D11275 Count: 3
Case D11276 Count: 1
Case D11281 Count: 1
Case D11285 Count: 1
Case D11288 Count: 1
Case D11290 Count: 1
Case D11293 Count: 1
Case D11295 Count: 1
Case D11296 Count: 2
Case D11297 Count: 1
Case D11298 Count: 1
Case D11303 Count: 1
Case D11305 Count: 1
Case D11306 Count: 1
Case D11309 Count: 1
Case D11312 Count: 2
Case D11314 Count: 1
Case D11319 Count: 1
Case D11324 Count: 1
Case D11326 Count: 1
Case D11327 Count: 1
Case D11328 Count: 2
Case D11333 Count: 1
Case D11335 Count: 2
Case D11338 Count: 2
Case D11341 Count: 1
Case D11343 Count: 1
Case D11344 Count: 1
Case D11345 Count: 2
Case D11347 Count: 2
Case D11348 Count: 1
Case D11349 Count: 1
Case D11350 Count: 1
Case D11355 Count: 1
Case D11358 Count: 1
Case D11359 Count: 1
Case D11361 Count: 1
Case D11368 Count: 1
Case D11369 Count: 1
Case D11372 Count: 1
Case D11379 Count: 1
Case D11382 Count: 1
Case D11383 Count: 1
Case D11385 Count: 1
Case D11386 Count: 1
Case D11387 Count: 1
Case D11392 Count: 2
Case D11393 Count: 1
Case D11394 Count: 1
Case D11398 Count: 1
Case D11401 Count: 1
Case D11403 Count: 2
Case D11404 Count: 1
Case D11408 Count: 2
Case D11410 Count: 2
Case D11411 Count: 1
Case D11412 Count: 1
Case D11413 Count: 1
Case D11415 Count: 1
Case D11418 Count: 1
Case D11420 Count: 2
Case D11425 Count: 1
Case D11426 Count: 1
Case D11429 Count: 2
Case D11430 Count: 1
Case D11439 Count: 1
Case D11440 Count: 1
Case D11442 Count: 1
Case D11443 Count: 1
Case D11444 Count: 3
Case D11445 Count: 1
Case D11447 Count: 1
Case D11448 Count: 1
Case D11450 Count: 1
Case D11452 Count: 4
Case D11455 Count: 2
Case D11457 Count: 1
Case D11461 Count: 1
Case D11463 Count: 3
Case D11467 Count: 1
Case D11468 Count: 1
Case D11469 Count: 1
Case D11470 Count: 1
Case D11473 Count: 1
Case D11477 Count: 2
Case D11479 Count: 2
Case D11484 Count: 1
Case D11485 Count: 1
Case D11486 Count: 1
Case D11487 Count: 2
Case D11488 Count: 1
Case D11489 Count: 1
Case D11491 Count: 1
Case D11492 Count: 1
Case D11493 Count: 1
Case D11495 Count: 1
Case D11496 Count: 1
Case D11498 Count: 1
Case D11499 Count: 2
Case D11500 Count: 1
Case D11503 Count: 1
Case D11506 Count: 2
Case D11507 Count: 1
Case D11510 Count: 1
Case D11511 Count: 1
Case D11512 Count: 1
Case D11514 Count: 1
Case D11515 Count: 1
Case D11519 Count: 1
Case D11520 Count: 1
Case D11522 Count: 2
Case D11524 Count: 2
Case D11526 Count: 1
Case D11528 Count: 1
Case D11536 Count: 1
Case D11537 Count: 2
Case D11543 Count: 1
Case D11546 Count: 1
Case D11549 Count: 1
Case D11550 Count: 1
Case D11552 Count: 1
Case D11553 Count: 3
Case D11555 Count: 2
Case D11556 Count: 1
Case D11558 Count: 1
Case D11563 Count: 1
Case D11566 Count: 1
Case D11570 Count: 1
Case D11571 Count: 1
Case D11574 Count: 1
Case D11577 Count: 1
Case D11580 Count: 1
Case D11581 Count: 1
Case D11582 Count: 1
Case D11587 Count: 1
Case D11590 Count: 1
Case D11591 Count: 1
Case D11595 Count: 1
Case D11596 Count: 1
Case D11597 Count: 1
Case D11598 Count: 1
Case D11601 Count: 1
Case D11602 Count: 1
Case D11605 Count: 1
Case D11606 Count: 1
Case D11608 Count: 3
Case D11609 Count: 1
Case D11612 Count: 1
Case D11613 Count: 1
Case D11617 Count: 1
Case D11619 Count: 2
Case D11620 Count: 1
Case D11623 Count: 1
Case D11628 Count: 2
Case D11629 Count: 1
Case D11630 Count: 1
Case D11631 Count: 1
Case D11632 Count: 1
Case D11635 Count: 1
Case D11636 Count: 2
Case D11639 Count: 1
Case D11640 Count: 2
Case D11642 Count: 2
Case D11644 Count: 3
Case D11648 Count: 1
Case D11655 Count: 1
Case D11658 Count: 1
Case D11659 Count: 1
Case D11661 Count: 1
Case D11662 Count: 1
Case D11664 Count: 1
Case D11666 Count: 1
Case D11667 Count: 1
Case D11668 Count: 1
Case D11671 Count: 1
Case D11672 Count: 2
Case D11674 Count: 1
Case D11675 Count: 1
Case D11678 Count: 2
Case D11679 Count: 1
Case D11689 Count: 1
Case D11691 Count: 1
Case D11692 Count: 1
Case D11693 Count: 1
Case D11694 Count: 2
Case D11695 Count: 1
Case D11699 Count: 2
Case D11704 Count: 1
Case D11705 Count: 1
Case D11706 Count: 1
Case D11709 Count: 1
Case D11711 Count: 2
Case D11712 Count: 1
Case D11713 Count: 1
Case D11720 Count: 2
Case D11722 Count: 1
Case D11723 Count: 2
Case D11729 Count: 1
Case D11730 Count: 1
Case D11731 Count: 1
Case D11733 Count: 1
Case D11734 Count: 1
Case D11735 Count: 1
Case D11736 Count: 1
Case D11740 Count: 1
Case D11743 Count: 1
Case D11746 Count: 1
Case D11747 Count: 3
Case D11751 Count: 1
Case D11752 Count: 1
Case D11756 Count: 2
Case D11760 Count: 1
Case D11761 Count: 1
Case D11764 Count: 1
Case D11766 Count: 1
Case D11770 Count: 1
Case D11771 Count: 1
Case D11772 Count: 4
Case D11774 Count: 1
Case D11779 Count: 1
Case D11780 Count: 1
Case D11789 Count: 1
Case D11790 Count: 1
Case D11793 Count: 1
Case D11794 Count: 1
Case D11795 Count: 1
Case D11798 Count: 1
Case D11799 Count: 1
Case D11800 Count: 1
Case D11802 Count: 1
Case D11804 Count: 3
Case D11806 Count: 1
Case D11808 Count: 1
Case D11809 Count: 1
Case D11812 Count: 1
Case D11813 Count: 1
Case D11815 Count: 1
Case D11818 Count: 1
Case D11819 Count: 1
Case D11824 Count: 1
Case D11827 Count: 1
Case D11831 Count: 1
Case D11835 Count: 1
Case D11838 Count: 2
Case D11842 Count: 1
Case D11849 Count: 2
Case D11851 Count: 1
Case D11852 Count: 3
Case D11855 Count: 1
Case D11858 Count: 2
Case D11860 Count: 1
Case D11863 Count: 2
Case D11865 Count: 1
Case D11872 Count: 1
Case D11878 Count: 1
Case D11883 Count: 2
Case D11886 Count: 1
Case D11887 Count: 1
Case D11893 Count: 1
Case D11897 Count: 1
Case D11899 Count: 1
Case D11905 Count: 1
Case D11907 Count: 1
Case D11908 Count: 1
Case D11910 Count: 2
Case D11912 Count: 2
Case D11915 Count: 1
Case D11917 Count: 2
Case D11918 Count: 1
Case D11919 Count: 2
Case D11921 Count: 1
Case D11922 Count: 1
Case D11923 Count: 1
Case D11928 Count: 2
Case D11932 Count: 1
Case D11934 Count: 1
Case D11935 Count: 1
Case D11937 Count: 1
Case D11940 Count: 2
Case D11942 Count: 2
Case D11946 Count: 2
Case D11948 Count: 1
Case D11949 Count: 1
Case D11951 Count: 1
Case D11952 Count: 2
Case D11955 Count: 1
Case D11956 Count: 1
Case D11957 Count: 2
Case D11960 Count: 3
Case D11963 Count: 2
Case D11964 Count: 1
Case D11966 Count: 1
Case D11967 Count: 1
Case D11969 Count: 1
Case D11974 Count: 2
Case D11980 Count: 1
Case D11983 Count: 1
Case D11985 Count: 1
Case D11987 Count: 1
Case D11991 Count: 1
Case D11992 Count: 1
Case D11994 Count: 1
Case D11995 Count: 1
Case D11999 Count: 1
Case D12002 Count: 1
Case D12006 Count: 1
Case D12007 Count: 1
Case D12009 Count: 1
Case D12010 Count: 1
Case D12011 Count: 2
Case D12013 Count: 1
Case D12017 Count: 1
Case D12018 Count: 1
Case D12026 Count: 2
Case D12029 Count: 2
Case D12030 Count: 1
Case D12031 Count: 1
Case D12032 Count: 1
Case D12035 Count: 1
Case D12037 Count: 2
Case D12041 Count: 1
Case D12042 Count: 1
Case D12043 Count: 1
Case D12044 Count: 1
Case D12048 Count: 1
Case D12052 Count: 1
Case D12053 Count: 1
Case D12057 Count: 1
Case D12058 Count: 1
Case D12059 Count: 1
Case D12062 Count: 1
Case D12063 Count: 1
Case D12064 Count: 1
Case D12066 Count: 1
Case D12067 Count: 1
Case D12074 Count: 1
Case D12075 Count: 1
Case D12078 Count: 1
Case D12079 Count: 1
Case D12081 Count: 1
Case D12082 Count: 2
Case D12083 Count: 2
Case D12085 Count: 1
Case D12086 Count: 1
Case D12087 Count: 1
Case D12088 Count: 1
Case D12091 Count: 1
Case D12093 Count: 1
Case D12094 Count: 1
Case D12095 Count: 1
Case D12096 Count: 1
Case D12098 Count: 1
Case D12101 Count: 1
Case D12102 Count: 1
Case D12104 Count: 2
Case D12107 Count: 1
Case D12109 Count: 1
Case D12110 Count: 1
Case D12114 Count: 1
Case D12115 Count: 3
Case D12119 Count: 1
Case D12120 Count: 1
Case D12122 Count: 1
Case D12123 Count: 1
Case D12125 Count: 1
Case D12126 Count: 1
Case D12134 Count: 2
Case D12135 Count: 1
Case D12137 Count: 2
Case D12138 Count: 1
Case D12139 Count: 1
Case D12140 Count: 2
Case D12145 Count: 2
Case D12146 Count: 2
Case D12150 Count: 1
Case D12151 Count: 2
Case D12152 Count: 1
Case D12153 Count: 1
Case D12154 Count: 2
Case D12157 Count: 1
Case D12159 Count: 1
Case D12160 Count: 1
Case D12165 Count: 3
Case D12166 Count: 1
Case D12167 Count: 1
Case D12169 Count: 1
Case D12171 Count: 1
Case D12172 Count: 1
Case D12173 Count: 2
Case D12176 Count: 1
Case D12177 Count: 1
Case D12184 Count: 2
Case D12185 Count: 2
Case D12188 Count: 1
Case D12189 Count: 1
Case D12192 Count: 2
Case D12195 Count: 2
Case D12196 Count: 1
Case D12197 Count: 1
Case D12198 Count: 1
Case D12199 Count: 1
Case D12204 Count: 1
Case D12207 Count: 1
Case D12208 Count: 1
Case D12209 Count: 1
Case D12210 Count: 1
Case D12214 Count: 1
Case D12215 Count: 2
Case D12218 Count: 1
Case D12219 Count: 1
Case D12221 Count: 1
Case D12222 Count: 1
Case D12225 Count: 1
Case D12227 Count: 1
Case D12228 Count: 1
Case D12230 Count: 1
Case D12236 Count: 2
Case D12238 Count: 1
Case D12242 Count: 1
Case D12244 Count: 1
Case D12246 Count: 1
Case D12247 Count: 1
Case D12248 Count: 1
Case D12251 Count: 1
Case D12252 Count: 1
Case D12253 Count: 2
Case D12256 Count: 2
Case D12261 Count: 1
Case D12268 Count: 1
Case D12269 Count: 3
Case D12271 Count: 1
Case D12273 Count: 2
Case D12274 Count: 1
Case D12279 Count: 1
Case D12280 Count: 1
Case D12281 Count: 2
Case D12286 Count: 1
Case D12290 Count: 1
Case D12291 Count: 1
Case D12295 Count: 1
Case D12297 Count: 1
Case D12298 Count: 2
Case D12301 Count: 1
Case D12304 Count: 1
Case D12305 Count: 1
Case D12306 Count: 1
Case D12308 Count: 1
Case D12313 Count: 1
Case D12318 Count: 2
Case D12320 Count: 1
Case D12321 Count: 1
Case D12324 Count: 1
Case D12325 Count: 1
Case D12326 Count: 2
Case D12329 Count: 1
Case D12331 Count: 1
Case D12332 Count: 1
Case D12335 Count: 1
Case D12336 Count: 1
Case D12337 Count: 1
Case D12338 Count: 1
Case D12339 Count: 1
Case D12340 Count: 2
Case D12342 Count: 1
Case D12343 Count: 1
Case D12347 Count: 1
Case D12349 Count: 3
Case D12355 Count: 1
Case D12357 Count: 1
Case D12358 Count: 1
Case D12361 Count: 1
Case D12362 Count: 1
Case D12363 Count: 1
Case D12367 Count: 2
Case D12368 Count: 2
Case D12375 Count: 1
Case D12382 Count: 1
Case D12383 Count: 1
Case D12387 Count: 2
Case D12391 Count: 1
Case D12392 Count: 3
Case D12393 Count: 1
Case D12395 Count: 1
Case D12396 Count: 1
Case D12397 Count: 1
Case D12404 Count: 1
Case D12407 Count: 1
Case D12408 Count: 2
Case D12409 Count: 2
Case D12410 Count: 1
Case D12412 Count: 1
Case D12414 Count: 1
Case D12415 Count: 1
Case D12418 Count: 1
Case D12425 Count: 1
Case D12428 Count: 1
Case D12429 Count: 1
Case D12430 Count: 2
Case D12433 Count: 1
Case D12436 Count: 2
Case D12438 Count: 1
Case D12439 Count: 1
Case D12441 Count: 1
Case D12443 Count: 1
Case D12444 Count: 1
Case D12450 Count: 1
Case D12452 Count: 1
Case D12454 Count: 1
Case D12458 Count: 1
Case D12465 Count: 2
Case D12468 Count: 2
Case D12469 Count: 2
Case D12470 Count: 1
Case D12477 Count: 1
Case D12481 Count: 1
Case D12482 Count: 1
Case D12485 Count: 1
Case D12494 Count: 1
Case D12496 Count: 2
Case D12497 Count: 1
Case D12503 Count: 1
Case D12504 Count: 1
Case D12507 Count: 2
Case D12513 Count: 1
Case D12514 Count: 1
Case D12516 Count: 1
Case D12523 Count: 1
Case D12524 Count: 1
Case D12525 Count: 1
Case D12528 Count: 1
Case D12531 Count: 1
Case D12532 Count: 1
Case D12534 Count: 1
Case D12536 Count: 1
Case D12538 Count: 1
Case D12539 Count: 1
Case D12541 Count: 1
Case D12544 Count: 1
Case D12545 Count: 1
Case D12547 Count: 1
Case D12552 Count: 1
Case D12554 Count: 1
Case D12557 Count: 1
Case D12558 Count: 2
Case D12569 Count: 2
Case D12574 Count: 2
Case D12575 Count: 1
Case D12577 Count: 1
Case D12581 Count: 1
Case D12583 Count: 1
Case D12586 Count: 1
Case D12588 Count: 1
Case D12589 Count: 1
Case D12599 Count: 1
Case D12601 Count: 1
Case D12604 Count: 1
Case D12609 Count: 1
Case D12616 Count: 2
Case D12621 Count: 1
Case D12626 Count: 1
Case D12630 Count: 2
Case D12632 Count: 1
Case D12634 Count: 2
Case D12635 Count: 1
Case D12636 Count: 1
Case D12637 Count: 1
Case D12639 Count: 1
Case D12640 Count: 1
Case D12645 Count: 1
Case D12647 Count: 2
Case D12658 Count: 1
Case D12663 Count: 1
Case D12665 Count: 2
Case D12672 Count: 3
Case D12674 Count: 1
Case D12681 Count: 2
Case D12689 Count: 1
Case D12690 Count: 1
Case D12691 Count: 2
Case D12709 Count: 1
Case D12710 Count: 1
Case D12712 Count: 2
Case D12717 Count: 1
Case D12721 Count: 1
Case D12723 Count: 2
Case D12725 Count: 1
Case D12727 Count: 2
Case D12728 Count: 1
Case D12731 Count: 1
Case D12743 Count: 1
Case D12744 Count: 1
Case D12745 Count: 1
Case D12747 Count: 1
Case D12748 Count: 1
Case D12749 Count: 1
Case D12754 Count: 1
Case D12756 Count: 1
Case D12765 Count: 1
Case D12766 Count: 1
Case D12768 Count: 3
Case D12774 Count: 1
Case D12777 Count: 1
Case D12778 Count: 1
Case D12780 Count: 2
Case D12783 Count: 3
Case D12786 Count: 1
Case D12790 Count: 1
Case D12793 Count: 1
Case D12796 Count: 1
Case D12799 Count: 1
Case D12800 Count: 1
Case D12807 Count: 1
Case D12809 Count: 1
Case D12812 Count: 2
Case D12819 Count: 1
Case D12820 Count: 1
Case D12821 Count: 2
Case D12829 Count: 1
Case D12830 Count: 2
Case D12831 Count: 1
Case D12833 Count: 2
Case D12835 Count: 2
Case D12837 Count: 1
Case D12840 Count: 2
Case D12842 Count: 1
Case D12846 Count: 1
Case D12847 Count: 1
Case D12852 Count: 1
Case D12860 Count: 1
Case D12863 Count: 1
Case D12868 Count: 1
Case D12874 Count: 1
Case D12894 Count: 1
Case D12896 Count: 1
Case D12898 Count: 1
Case D12904 Count: 1
Case D12905 Count: 1
Case D12906 Count: 1
Case D12907 Count: 1
Case D12908 Count: 1
Case D12912 Count: 1
Case D12915 Count: 2
Case D12917 Count: 1
Case D12918 Count: 2
Case D12921 Count: 1
Case D12924 Count: 1
Case D12926 Count: 1
Case D12927 Count: 1
Case D12934 Count: 1
Case D12936 Count: 1
Case D12940 Count: 1
Case D12941 Count: 2
Case D12942 Count: 1
Case D12944 Count: 1
Case D12950 Count: 1
Case D12952 Count: 1
Case D12962 Count: 1
Case D12964 Count: 1
Case D12967 Count: 1
Case D12971 Count: 1
Case D12975 Count: 1
Case D12976 Count: 2
Case D12985 Count: 1
Case D12986 Count: 1
Case D12987 Count: 2
Case D12992 Count: 2
Case D12995 Count: 1
Case D12998 Count: 1
Case D12999 Count: 1
Case D13004 Count: 1
Case D13007 Count: 1
Case D13010 Count: 1
Case D13012 Count: 1
Case D13014 Count: 1
Case D13018 Count: 1
Case D13019 Count: 1
Case D13028 Count: 1
Case D13031 Count: 1
Case D13032 Count: 1
Case D13038 Count: 1
Case D13039 Count: 1
Case D13040 Count: 1
Case D13041 Count: 1
Case D13047 Count: 1
Case D13049 Count: 1
Case D13051 Count: 1
Case D13058 Count: 2
Case D13060 Count: 2
Case D13065 Count: 1
Case D13066 Count: 1
Case D13070 Count: 1
Case D13075 Count: 1
Case D13078 Count: 1
Case D13081 Count: 1
Case D13085 Count: 1
Case D13089 Count: 1
Case D13090 Count: 1
Case D13092 Count: 2
Case D13097 Count: 1
Case D13105 Count: 1
Case D13109 Count: 1
Case D13115 Count: 2
Case D13119 Count: 1
Case D13126 Count: 1
Case D13135 Count: 1
Case D13142 Count: 1
Case D13143 Count: 1
Case D13147 Count: 1
Case D13150 Count: 1
Case D13152 Count: 1
Case D13156 Count: 1
Case D13157 Count: 1
Case D13161 Count: 1
Case D13173 Count: 1
Case D13178 Count: 2
Case D13182 Count: 1
Case D13189 Count: 1
Case D13192 Count: 1
Case D13194 Count: 1
Case D13196 Count: 1
Case D13206 Count: 1
Case D13208 Count: 2
Case D13209 Count: 1
Case D13210 Count: 1
Case D13211 Count: 1
Case D13217 Count: 1
Case D13218 Count: 1
Case D13220 Count: 1
Case D13221 Count: 1
Case D13225 Count: 1
Case D13226 Count: 1
Case D13227 Count: 1
Case D13234 Count: 1
Case D13239 Count: 1
Case D13240 Count: 1
Case D13251 Count: 1
Case D13254 Count: 1
Case D13256 Count: 1
Case D13259 Count: 2
Case D13262 Count: 1
Case D13264 Count: 1
Case D13268 Count: 1
Case D13269 Count: 1
Case D13272 Count: 1
Case D13273 Count: 1
Case D13275 Count: 1
Case D13277 Count: 3
Case D13278 Count: 2
Case D13282 Count: 1
Case D13284 Count: 1
Case D13288 Count: 1
Case D13301 Count: 1
Case D13306 Count: 1
Case D13307 Count: 1
Case D13309 Count: 1
Case D13310 Count: 1
Case D13314 Count: 1
Case D13315 Count: 1
Case D13316 Count: 1
Case D13318 Count: 1
Case D13322 Count: 1
Case D13327 Count: 2
Case D13331 Count: 2
Case D13335 Count: 2
Case D13340 Count: 3
Case D13342 Count: 2
Case D13344 Count: 2
Case D13346 Count: 1
Case D13347 Count: 1
Case D13351 Count: 2
Case D13354 Count: 1
Case D13358 Count: 1
Case D13370 Count: 1
Case D13372 Count: 1
Case D13378 Count: 1
Case D13379 Count: 2
Case D13381 Count: 1
Case D13387 Count: 1
Case D13388 Count: 1
Case D13389 Count: 1
Case D13390 Count: 2
Case D13391 Count: 1
Case D13397 Count: 1
Case D13400 Count: 1
Case D13404 Count: 1
Case D13405 Count: 2
Case D13406 Count: 1
Case D13408 Count: 4
Case D13410 Count: 2
Case D13424 Count: 2
Case D13426 Count: 1
Case D13427 Count: 1
Case D13429 Count: 2
Case D13431 Count: 2
Case D13432 Count: 1
Case D13433 Count: 1
Case D13434 Count: 1
Case D13441 Count: 2
Case D13442 Count: 1
Case D13443 Count: 1
Case D13444 Count: 1
Case D13445 Count: 1
Case D13446 Count: 1
Case D13448 Count: 1
Case D13452 Count: 2
Case D13453 Count: 1
Case D13455 Count: 1
Case D13456 Count: 1
Case D13461 Count: 1
Case D13465 Count: 1
Case D13468 Count: 1
Case D13473 Count: 2
Case D13476 Count: 1
Case D13479 Count: 2
Case D13485 Count: 1
Case D13486 Count: 2
Case D13489 Count: 1
Case D13493 Count: 1
Case D13495 Count: 1
Case D13498 Count: 1
Case D13502 Count: 2
Case D13506 Count: 1
Case D13508 Count: 1
Case D13509 Count: 1
Case D13516 Count: 2
Case D13522 Count: 2
Case D13529 Count: 1
Case D13532 Count: 3
Case D13537 Count: 1
Case D13540 Count: 3
Case D13542 Count: 1
Case D13545 Count: 1
Case D13547 Count: 1
Case D13549 Count: 1
Case D13550 Count: 1
Case D13554 Count: 1
Case D13555 Count: 1
Case D13558 Count: 1
Case D13560 Count: 1
Case D13561 Count: 1
Case D13562 Count: 1
Case D13566 Count: 1
Case D13577 Count: 2
Case D13578 Count: 2
Case D13583 Count: 1
Case D13586 Count: 1
Case D13591 Count: 2
Case D13595 Count: 1
Case D13599 Count: 2
Case D13602 Count: 1
Case D13607 Count: 1
Case D13610 Count: 1
Case D13613 Count: 1
Case D13626 Count: 1
Case D13632 Count: 2
Case D13644 Count: 1
Case D13646 Count: 1
Case D13647 Count: 1
Case D13653 Count: 1
Case D13656 Count: 1
Case D13657 Count: 1
Case D13660 Count: 1
Case D13662 Count: 1
Case D13665 Count: 2
Case D13669 Count: 1
Case D13671 Count: 1
Case D13674 Count: 1
Case D13678 Count: 1
Case D13680 Count: 1
Case D13682 Count: 1
Case D13687 Count: 1
Case D13688 Count: 1
Case D13692 Count: 1
Case D13701 Count: 1
Case D13703 Count: 1
Case D13706 Count: 1
Case D13708 Count: 1
Case D13711 Count: 1
Case D13713 Count: 1
Case D13717 Count: 2
Case D13725 Count: 2
Case D13727 Count: 1
Case D13734 Count: 1
Case D13736 Count: 1
Case D13738 Count: 1
Case D13740 Count: 2
Case D13745 Count: 1
Case D13749 Count: 1
Case D13755 Count: 1
Case D13756 Count: 1
Case D13757 Count: 1
Case D13759 Count: 2
Case D13763 Count: 1
Case D13765 Count: 2
Case D13775 Count: 2
Case D13776 Count: 1
Case D13777 Count: 1
Case D13778 Count: 1
Case D13781 Count: 1
Case D13786 Count: 1
Case D13790 Count: 1
Case D13793 Count: 2
Case D13795 Count: 1
Case D13799 Count: 4
Case D13808 Count: 1
Case D13809 Count: 1
Case D13812 Count: 1
Case D13813 Count: 1
Case D13814 Count: 1
Case D13817 Count: 1
Case D13818 Count: 1
Case D13819 Count: 1
Case D13825 Count: 1
Case D13827 Count: 1
Case D13831 Count: 1
Case D13833 Count: 1
Case D13834 Count: 1
Case D13835 Count: 1
Case D13844 Count: 1
Case D13847 Count: 1
Case D13849 Count: 1
Case D13850 Count: 1
Case D13853 Count: 1
Case D13855 Count: 1
Case D13856 Count: 1
Case D13857 Count: 2
Case D13859 Count: 1
Case D13863 Count: 1
Case D13866 Count: 1
Case D13867 Count: 1
Case D13868 Count: 1
Case D13869 Count: 2
Case D13871 Count: 1
Case D13874 Count: 1
Case D13875 Count: 1
Case D13876 Count: 1
Case D13879 Count: 1
Case D13880 Count: 1
Case D13881 Count: 2
Case D13882 Count: 1
Case D13885 Count: 2
Case D13888 Count: 1
Case D13893 Count: 1
Case D13900 Count: 1
Case D13908 Count: 1
Case D13910 Count: 1
Case D13914 Count: 1
Case D13915 Count: 1
Case D13918 Count: 1
Case D13919 Count: 1
Case D13928 Count: 3
Case D13929 Count: 1
Case D13931 Count: 1
Case D13932 Count: 1
Case D13934 Count: 1
Case D13939 Count: 1
Case D13940 Count: 1
Case D13941 Count: 1
Case D13951 Count: 1
Case D13961 Count: 1
Case D13963 Count: 2
Case D13966 Count: 2
Case D13976 Count: 1
Case D13977 Count: 1
Case D13979 Count: 2
Case D13981 Count: 1
Case D13982 Count: 1
Case D13986 Count: 1
Case D13987 Count: 2
Case D13988 Count: 1
Case D13990 Count: 3
Case D13991 Count: 1
Case D13994 Count: 3
Case D13998 Count: 1
Case D13999 Count: 1
Case D14000 Count: 1
Case D14001 Count: 1
Case D14002 Count: 1
Case D14005 Count: 1
Case D14010 Count: 1
Case D14015 Count: 1
Case D14024 Count: 1
Case D14026 Count: 2
Case D14030 Count: 1
Case D14032 Count: 1
Case D14033 Count: 1
Case D14034 Count: 1
Case D14037 Count: 1
Case D14038 Count: 1
Case D14042 Count: 2
Case D14043 Count: 1
Case D14048 Count: 2
Case D14050 Count: 1
Case D14051 Count: 1
Case D14052 Count: 1
Case D14055 Count: 2
Case D14061 Count: 1
Case D14064 Count: 1
Case D14065 Count: 2
Case D14067 Count: 1
Case D14070 Count: 1
Case D14075 Count: 2
Case D14076 Count: 1
Case D14077 Count: 1
Case D14079 Count: 1
Case D14084 Count: 2
Case D14088 Count: 1
Case D14090 Count: 1
Case D14098 Count: 1
Case D14099 Count: 1
Case D14101 Count: 1
Case D14107 Count: 1
Case D14111 Count: 1
Case D14112 Count: 2
Case D14116 Count: 1
Case D14120 Count: 1
Case D14122 Count: 1
Case D14123 Count: 1
Case D14124 Count: 1
Case D14126 Count: 1
Case D14132 Count: 1
Case D14138 Count: 1
Case D14139 Count: 1
Case D14141 Count: 1
Case D14144 Count: 1
Case D14145 Count: 1
Case D14152 Count: 1
Case D14154 Count: 1
Case D14159 Count: 1
Case D14163 Count: 1
Case D14165 Count: 1
Case D14166 Count: 1
Case D14167 Count: 1
Case D14169 Count: 3
Case D14172 Count: 1
Case D14174 Count: 2
Case D14188 Count: 1
Case D14189 Count: 1
Case D14190 Count: 1
Case D14192 Count: 1
Case D14195 Count: 1
Case D14196 Count: 1
Case D14197 Count: 1
Case D14199 Count: 1
Case D14207 Count: 2
Case D14209 Count: 2
Case D14212 Count: 2
Case D14218 Count: 1
Case D14221 Count: 1
Case D14223 Count: 2
Case D14224 Count: 1
Case D14229 Count: 1
Case D14235 Count: 1
Case D14237 Count: 2
Case D14253 Count: 1
Case D14254 Count: 1
Case D14256 Count: 2
Case D14266 Count: 1
Case D14276 Count: 1
Case D14283 Count: 1
Case D14284 Count: 1
Case D14300 Count: 2
Case D14315 Count: 1
Case D14321 Count: 1
Case D14322 Count: 1
Case D14330 Count: 1
Case D14333 Count: 1
Case D14336 Count: 1
Case D14350 Count: 1
Case D14365 Count: 1
Case D14366 Count: 1
Case D14368 Count: 1
Case D14371 Count: 1
Case D14374 Count: 2
Case D14381 Count: 1
Case D14385 Count: 1
Case D14389 Count: 1
Case D14399 Count: 1
Case D14403 Count: 2
Case D14405 Count: 1
Case D14410 Count: 1
Case D14420 Count: 1
Case D14422 Count: 1
Case D14437 Count: 2
Case D14442 Count: 2
Case D14443 Count: 1
Case D14444 Count: 1
Case D14451 Count: 1
Case D14452 Count: 2
Case D14453 Count: 1
Case D14455 Count: 1
Case D14456 Count: 1
Case D14464 Count: 1
Case D14476 Count: 1
Case D14477 Count: 1
Case D14478 Count: 1
Case D14486 Count: 1
Case D14491 Count: 1
Case D14496 Count: 1
Case D14498 Count: 1
Case D14499 Count: 1
Case D14503 Count: 2
Case D14505 Count: 1
Case D14506 Count: 1
Case D14510 Count: 1
Case D14517 Count: 1
Case D14519 Count: 1
Case D14520 Count: 1
Case D14522 Count: 1
Case D14523 Count: 1
Case D14531 Count: 1
Case D14532 Count: 1
Case D14533 Count: 1
Case D14537 Count: 1
Case D14538 Count: 1
Case D14541 Count: 1
Case D14545 Count: 1
Case D14551 Count: 1
Case D14552 Count: 1
Case D14553 Count: 1
Case D14561 Count: 1
Case D14563 Count: 2
Case D14569 Count: 1
Case D14580 Count: 1
Case D14585 Count: 1
Case D14587 Count: 1
Case D14594 Count: 1
Case D14599 Count: 1
Case D14605 Count: 1
Case D14610 Count: 1
Case D14611 Count: 2
Case D14614 Count: 1
Case D14618 Count: 1
Case D14621 Count: 1
Case D14623 Count: 1
Case D14624 Count: 1
Case D14625 Count: 1
Case D14627 Count: 1
Case D14639 Count: 2
Case D14642 Count: 1
Case D14644 Count: 1
Case D14659 Count: 1
Case D14660 Count: 2
Case D14661 Count: 2
Case D14665 Count: 1
Case D14666 Count: 3
Case D14667 Count: 2
Case D14669 Count: 1
Case D14670 Count: 1
Case D14671 Count: 1
Case D14677 Count: 1
Case D14683 Count: 1
Case D14689 Count: 1
Case D14690 Count: 1
Case D14698 Count: 1
Case D14704 Count: 1
Case D14707 Count: 1
Case D14708 Count: 1
Case D14710 Count: 1
Case D14713 Count: 1
Case D14719 Count: 1
Case D14721 Count: 1
Case D14724 Count: 1
Case D14725 Count: 1
Case D14744 Count: 1
Case D14745 Count: 1
Case D14748 Count: 1
Case D14762 Count: 2
Case D14770 Count: 2
Case D14771 Count: 1
Case D14780 Count: 1
Case D14789 Count: 1
Case D14798 Count: 1
Case D14802 Count: 1
Case D14809 Count: 1
Case D14814 Count: 1
Case D14815 Count: 1
Case D14838 Count: 1
Case D14840 Count: 1
Case D14846 Count: 2
Case D14855 Count: 2
Case D14858 Count: 1
Case D14861 Count: 1
Case D14862 Count: 1
Case D14864 Count: 1
Case D14866 Count: 1
Case D14869 Count: 1
Case D14871 Count: 1
Case D14874 Count: 1
Case D14886 Count: 1
Case D14890 Count: 1
Case D14892 Count: 1
Case D14898 Count: 1
Case D14907 Count: 1
Case D14908 Count: 1
Case D14910 Count: 1
Case D14913 Count: 1
Case D14914 Count: 1
Case D14919 Count: 1
Case D14928 Count: 1
Case D14929 Count: 1
Case D14931 Count: 1
Case D14935 Count: 1
Case D14940 Count: 1
Case D14941 Count: 1
Case D14945 Count: 1
Case D14951 Count: 1
Case D14957 Count: 1
Case D14965 Count: 1
Case D14966 Count: 1
Case D14967 Count: 1
Case D14973 Count: 1
Case D14974 Count: 1
Case D14975 Count: 1
Case D14978 Count: 1
Case D14979 Count: 1
Case D14980 Count: 1
Case D14987 Count: 1
Case D14990 Count: 1
Case D14993 Count: 1
Case D14996 Count: 1
Case D14998 Count: 1
Case D14999 Count: 1
Case D15003 Count: 2
Case D15004 Count: 2
Case D15006 Count: 1
Case D15007 Count: 1
Case D15009 Count: 1
Case D15016 Count: 1
Case D15018 Count: 1
Case D15027 Count: 1
Case D15028 Count: 1
Case D15032 Count: 1
Case D15034 Count: 1
Case D15036 Count: 2
Case D15038 Count: 1
Case D15043 Count: 1
Case D15045 Count: 1
Case D15053 Count: 1
Case D15055 Count: 2
Case D15059 Count: 1
Case D15060 Count: 1
Case D15061 Count: 1
Case D15065 Count: 1
Case D15066 Count: 1
Case D15069 Count: 1
Case D15081 Count: 1
Case D15082 Count: 2
Case D15083 Count: 1
Case D15085 Count: 1
Case D15087 Count: 1
Case D15088 Count: 1
Case D15089 Count: 1
Case D15092 Count: 1
Case D15094 Count: 1
Case D15102 Count: 1
Case D15107 Count: 1
Case D15114 Count: 1
Case D15115 Count: 1
Case D15117 Count: 1
Case D15127 Count: 1
Case D15130 Count: 1
Case D15139 Count: 1
Case D15140 Count: 1
Case D15144 Count: 1
Case D15146 Count: 2
Case D15148 Count: 1
Case D15153 Count: 1
Case D15156 Count: 1
Case D15158 Count: 1
Case D15165 Count: 1
Case D15167 Count: 1
Case D15169 Count: 1
Case D15174 Count: 1
Case D15179 Count: 1
Case D15180 Count: 1
Case D15189 Count: 1
Case D15193 Count: 1
Case D15199 Count: 1
Case D15207 Count: 1
Case D15210 Count: 1
Case D15215 Count: 2
Case D15220 Count: 2
Case D15221 Count: 3
Case D15225 Count: 1
Case D15226 Count: 1
Case D15232 Count: 1
Case D15234 Count: 1
Case D15247 Count: 1
Case D15250 Count: 1
Case D15257 Count: 1
Case D15258 Count: 1
Case D15261 Count: 1
Case D15264 Count: 1
Case D15272 Count: 1
Case D15274 Count: 1
Case D15275 Count: 1
Case D15278 Count: 1
Case D15279 Count: 2
Case D15280 Count: 1
Case D15282 Count: 2
Case D15284 Count: 1
Case D15287 Count: 1
Case D15292 Count: 1
Case D15293 Count: 1
Case D15295 Count: 1
Case D15296 Count: 1
Case D15299 Count: 1
Case D15311 Count: 1
Case D15312 Count: 2
Case D15314 Count: 1
Case D15321 Count: 1
Case D15325 Count: 1
Case D15329 Count: 1
Case D15333 Count: 1
Case D15334 Count: 1
Case D15338 Count: 1
Case D15340 Count: 2
Case D15345 Count: 1
Case D15353 Count: 1
Case D15358 Count: 1
Case D15360 Count: 1
Case D15371 Count: 1
Case D15374 Count: 1
Case D15377 Count: 1
Case D15386 Count: 1
Case D15388 Count: 1
Case D15391 Count: 1
Case D15395 Count: 2
Case D15397 Count: 1
Case D15402 Count: 1
Case D15404 Count: 1
Case D15407 Count: 1
Case D15408 Count: 1
Case D15409 Count: 1
Case D15411 Count: 1
Case D15415 Count: 1
Case D15416 Count: 1
Case D15420 Count: 1
Case D15429 Count: 1
Case D15430 Count: 1
Case D15434 Count: 1
Case D15446 Count: 1
Case D15447 Count: 1
Case D15448 Count: 1
Case D15450 Count: 1
Case D15454 Count: 1
Case D15455 Count: 1
Case D15456 Count: 1
Case D15459 Count: 1
Case D15471 Count: 1
Case D15474 Count: 1
Case D15478 Count: 1
Case D15479 Count: 1
Case D15480 Count: 1
Case D15481 Count: 1
Case D15482 Count: 1
Case D15483 Count: 1
Case D15484 Count: 2
Case D15489 Count: 1
Case D15493 Count: 1
Case D15497 Count: 1
Case D15499 Count: 1
Case D15502 Count: 1
Case D15504 Count: 1
Case D15507 Count: 1
Case D15512 Count: 1
Case D15517 Count: 1
Case D15521 Count: 1
Case D15528 Count: 1
Case D15534 Count: 1
Case D15535 Count: 1
Case D15542 Count: 1
Case D15548 Count: 1
Case D15550 Count: 1
Case D15558 Count: 1
Case D15567 Count: 1
Case D15568 Count: 1
Case D15571 Count: 1
Case D15572 Count: 1
Case D15581 Count: 1
Case D15583 Count: 1
Case D15591 Count: 1
Case D15594 Count: 1
Case D15595 Count: 1
Case D15597 Count: 2
Case D15599 Count: 1
Case D15601 Count: 1
Case D15610 Count: 1
Case D15613 Count: 1
Case D15615 Count: 1
Case D15622 Count: 2
Case D15623 Count: 1
Case D15630 Count: 1
Case D15631 Count: 1
Case D15641 Count: 1
Case D15643 Count: 1
Case D15645 Count: 1
Case D15647 Count: 1
Case D15648 Count: 1
Case D15649 Count: 2
Case D15651 Count: 2
Case D15655 Count: 1
Case D15658 Count: 1
Case D15662 Count: 1
Case D15667 Count: 1
Case D15669 Count: 1
Case D15672 Count: 1
Case D15673 Count: 2
Case D15674 Count: 1
Case D15685 Count: 1
Case D15688 Count: 1
Case D15689 Count: 1
Case D15692 Count: 1
Case D15695 Count: 1
Case D15696 Count: 2
Case D15698 Count: 1
Case D15700 Count: 1
Case D15701 Count: 1
Case D15702 Count: 1
Case D15711 Count: 2
Case D15714 Count: 1
Case D15716 Count: 1
Case D15717 Count: 1
Case D15719 Count: 1
Case D15725 Count: 1
Case D15731 Count: 1
Case D15734 Count: 1
Case D15736 Count: 1
Case D15738 Count: 1
Case D15741 Count: 1
Case D15742 Count: 1
Case D15744 Count: 2
Case D15745 Count: 1
Case D15747 Count: 1
Case D15753 Count: 1
Case D15754 Count: 1
Case D15755 Count: 1
Case D15762 Count: 1
Case D15764 Count: 1
Case D15766 Count: 1
Case D15769 Count: 1
Case D15770 Count: 2
Case D15773 Count: 1
Case D15776 Count: 1
Case D15777 Count: 1
Case D15778 Count: 1
Case D15782 Count: 1
Case D15783 Count: 1
Case D15792 Count: 1
Case D15793 Count: 1
Case D15795 Count: 1
Case D15800 Count: 1
Case D15803 Count: 1
Case D15813 Count: 1
Case D15826 Count: 1
Case D15831 Count: 1
Case D15834 Count: 1
Case D15837 Count: 1
Case D15854 Count: 1
Case D15855 Count: 2
Case D15859 Count: 1
Case D15861 Count: 1
Case D15862 Count: 1
Case D15866 Count: 1
Case D15868 Count: 2
Case D15870 Count: 1
Case D15871 Count: 2
Case D15874 Count: 1
Case D15885 Count: 1
Case D15886 Count: 1
Case D15888 Count: 1
Case D15891 Count: 1
Case D15893 Count: 1
Case D15896 Count: 1
Case D15899 Count: 1
Case D15901 Count: 1
Case D15908 Count: 1
Case D15914 Count: 1
Case D15915 Count: 1
Case D15917 Count: 2
Case D15918 Count: 1
Case D15923 Count: 1
Case D15924 Count: 1
Case D15925 Count: 1
Case D15938 Count: 1
Case D15940 Count: 1
Case D15945 Count: 2
Case D15953 Count: 1
Case D15954 Count: 1
Case D15957 Count: 1
Case D15959 Count: 2
Case D15960 Count: 1
Case D15965 Count: 1
Case D15970 Count: 1
Case D15974 Count: 1
Case D15976 Count: 1
Case D15979 Count: 1
Case D15984 Count: 1
Case D15987 Count: 1
Case D15998 Count: 2
Case D16000 Count: 1
Case D16001 Count: 1
Case D16004 Count: 1
Case D16006 Count: 1
Case D16008 Count: 1
Case D16011 Count: 1
Case D16017 Count: 1
Case D16019 Count: 2
Case D16022 Count: 1
Case D16023 Count: 2
Case D16025 Count: 2
Case D16028 Count: 1
Case D16029 Count: 1
Case D16030 Count: 1
Case D16043 Count: 1
Case D16049 Count: 1
Case D16064 Count: 1
Case D16070 Count: 1
Case D16072 Count: 1
Case D16074 Count: 1
Case D16077 Count: 1
Case D16084 Count: 1
Case D16086 Count: 1
Case D16088 Count: 1
Case D16095 Count: 1
Case D16103 Count: 1
Case D16109 Count: 1
Case D16115 Count: 1
Case D16120 Count: 1
Case D16126 Count: 1
Case D16127 Count: 1
Case D16129 Count: 1
Case D16132 Count: 1
Case D16136 Count: 1
Case D16137 Count: 1
Case D16140 Count: 1
Case D16141 Count: 1
Case D16142 Count: 1
Case D16147 Count: 1
Case D16151 Count: 1
Case D16152 Count: 1
Case D16153 Count: 1
Case D16155 Count: 1
Case D16164 Count: 1
Case D16168 Count: 1
Case D16170 Count: 1
Case D16173 Count: 1
Case D16175 Count: 1
Case D16179 Count: 1
Case D16189 Count: 1
Case D16196 Count: 1
Case D16198 Count: 1
Case D16204 Count: 1
Case D16208 Count: 1
Case D16210 Count: 1
Case D16217 Count: 2
Case D16218 Count: 1
Case D16223 Count: 1
Case D16225 Count: 2
Case D16228 Count: 1
Case D16234 Count: 1
Case D16235 Count: 1
Case D16238 Count: 1
Case D16239 Count: 1
Case D16241 Count: 1
Case D16243 Count: 1
Case D16247 Count: 1
Case D16248 Count: 2
Case D16251 Count: 1
Case D16253 Count: 1
Case D16256 Count: 1
Case D16259 Count: 1
Case D16272 Count: 1
Case D16274 Count: 1
Case D16275 Count: 1
Case D16279 Count: 1
Case D16282 Count: 1
Case D16288 Count: 2
Case D16289 Count: 1
Case D16301 Count: 1
Case D16309 Count: 1
Case D16310 Count: 1
Case D16313 Count: 1
Case D16320 Count: 1
Case D16323 Count: 1
Case D16327 Count: 1
Case D16329 Count: 1
Case D16331 Count: 1
Case D16333 Count: 1
Case D16337 Count: 1
Case D16338 Count: 1
Case D16341 Count: 1
Case D16342 Count: 1
Case D16346 Count: 1
Case D16348 Count: 1
Case D16350 Count: 1
Case D16352 Count: 1
Case D16356 Count: 1
Case D16359 Count: 1
Case D16362 Count: 2
Case D16364 Count: 1
Case D16367 Count: 2
Case D16368 Count: 1
Case D16372 Count: 2
Case D16377 Count: 1
Case D16379 Count: 1
Case D16380 Count: 1
Case D16385 Count: 1
Case D16393 Count: 2
Case D16400 Count: 1
Case D16401 Count: 2
Case D16404 Count: 1
Case D16407 Count: 1
Case D16411 Count: 1
Case D16419 Count: 1
Case D16421 Count: 1
Case D16427 Count: 1
Case D16433 Count: 1
Case D16444 Count: 1
Case D16445 Count: 2
Case D16447 Count: 1
Case D16457 Count: 1
Case D16460 Count: 1
Case D16468 Count: 2
Case D16469 Count: 1
Case D16471 Count: 1
Case D16474 Count: 1
Case D16479 Count: 1
Case D16480 Count: 1
Case D16481 Count: 1
Case D16482 Count: 2
Case D16485 Count: 1
Case D16496 Count: 1
Case D16499 Count: 1
Case D16503 Count: 1
Case D16505 Count: 1
Case D16508 Count: 1
Case D16515 Count: 1
Case D16516 Count: 1
Case D16523 Count: 1
Case D16524 Count: 2
Case D16529 Count: 3
Case D16534 Count: 1
Case D16539 Count: 1
Case D16552 Count: 2
Case D16553 Count: 1
Case D16555 Count: 1
Case D16556 Count: 1
Case D16561 Count: 1
Case D16563 Count: 2
Case D16567 Count: 1
Case D16572 Count: 1
Case D16577 Count: 1
Case D16578 Count: 1
Case D16582 Count: 1
Case D16584 Count: 1
Case D16586 Count: 1
Case D16587 Count: 1
Case D16588 Count: 1
Case D16590 Count: 1
Case D16594 Count: 1
Case D16595 Count: 1
Case D16596 Count: 1
Case D16602 Count: 1
Case D16603 Count: 1
Case D16606 Count: 1
Case D16607 Count: 1
Case D16618 Count: 1
Case D16632 Count: 1
Case D16636 Count: 1
Case D16678 Count: 1
Case D16680 Count: 1
Case D16684 Count: 1
Case D16688 Count: 1
Case D16706 Count: 1
Case D16721 Count: 1
Case D16722 Count: 1
Case D16724 Count: 1
Case D16726 Count: 1
Case D16735 Count: 1
Case D16741 Count: 1
Case D16746 Count: 1
Case D16754 Count: 3
Case D16758 Count: 1
Case D16760 Count: 1
Case D16762 Count: 1
Case D16764 Count: 1
Case D16771 Count: 1
Case D16777 Count: 1
Case D16778 Count: 1
Case D16785 Count: 1
Case D16787 Count: 1
Case D16789 Count: 1
Case D16791 Count: 1
Case D16804 Count: 2
Case D16807 Count: 1
Case D16813 Count: 1
Case D16814 Count: 2
Case D16818 Count: 1
Case D16822 Count: 1
Case D16835 Count: 1
Case D16836 Count: 1
Case D16837 Count: 1
Case D16847 Count: 1
Case D16851 Count: 1
Case D16858 Count: 1
Case D16864 Count: 1
Case D16866 Count: 1
Case D16867 Count: 1
Case D16869 Count: 1
Case D16876 Count: 1
Case D16884 Count: 1
Case D16887 Count: 1
Case D16890 Count: 2
Case D16892 Count: 1
Case D16896 Count: 1
Case D16897 Count: 1
Case D16911 Count: 1
Case D16916 Count: 1
Case D16919 Count: 1
Case D16933 Count: 1
Case D16960 Count: 3
Case D16961 Count: 1
Case D16963 Count: 1
Case D16977 Count: 1
Case D16982 Count: 1
Case D16990 Count: 1
Case D16992 Count: 1
Case D16998 Count: 1
Case D17002 Count: 1
Case D17003 Count: 1
Case D17009 Count: 1
Case D17010 Count: 1
Case D17016 Count: 1
Case D17019 Count: 2
Case D17024 Count: 1
Case D17026 Count: 1
Case D17048 Count: 1
Case D17049 Count: 1
Case D17051 Count: 1
Case D17053 Count: 2
Case D17057 Count: 1
Case D17060 Count: 2
Case D17061 Count: 1
Case D17088 Count: 1
Case D17091 Count: 1
Case D17111 Count: 1
Case D17113 Count: 1
Case D17115 Count: 1
Case D17138 Count: 1
Case D17141 Count: 1
Case D17150 Count: 2
Case D17152 Count: 2
Case D17164 Count: 1
Case D17168 Count: 1
Case D17187 Count: 1
Case D17192 Count: 1
Case D17196 Count: 1
Case D17201 Count: 1
Case D17204 Count: 1
Case D17208 Count: 1
Case D17210 Count: 1
Case D17220 Count: 2
Case D17221 Count: 1
Case D17234 Count: 1
Case D17236 Count: 1
Case D17242 Count: 1
Case D17244 Count: 1
Case D17257 Count: 1
Case D17265 Count: 2
Case D17270 Count: 1
Case D17281 Count: 1
Case D17283 Count: 1
Case D17288 Count: 1
Case D17302 Count: 1
Case D17303 Count: 1
Case D17305 Count: 1
Case D17308 Count: 1
Case D17309 Count: 1
Case D17314 Count: 1
Case D17323 Count: 1
Case D17327 Count: 1
Case D17339 Count: 1
Case D17340 Count: 1
Case D17342 Count: 2
Case D17352 Count: 1
Case D17358 Count: 1
Case D17362 Count: 1
Case D17363 Count: 1
Case D17365 Count: 1
Case D17366 Count: 1
Case D17375 Count: 1
Case D17376 Count: 1
Case D17378 Count: 1
Case D17386 Count: 2
Case D17387 Count: 1
Case D17420 Count: 1
Case D17422 Count: 1
Case D17423 Count: 1
Case D17426 Count: 1
Case D17429 Count: 2
Case D17430 Count: 1
Case D17433 Count: 1
Case D17443 Count: 2
Case D17450 Count: 2
Case D17473 Count: 2
Case D17489 Count: 1
Case D17490 Count: 1
Case D17491 Count: 1
Case D17492 Count: 1
Case D17496 Count: 1
Case D17501 Count: 1
Case D17504 Count: 1
Case D17509 Count: 1
Case D17515 Count: 1
Case D17519 Count: 3
Case D17526 Count: 1
Case D17529 Count: 1
Case D17531 Count: 1
Case D17542 Count: 1
Case D17549 Count: 1
Case D17554 Count: 4
Case D17555 Count: 1
Case D17559 Count: 1
Case D17576 Count: 1
Case D17579 Count: 1
Case D17586 Count: 1
Case D17594 Count: 1
Case D17598 Count: 1
Case D17599 Count: 1
Case D17602 Count: 1
Case D17609 Count: 1
Case D17611 Count: 1
Case D17617 Count: 1
Case D17619 Count: 1
Case D17622 Count: 1
Case D17635 Count: 1
Case D17642 Count: 1
Case D17649 Count: 1
Case D17659 Count: 1
Case D17661 Count: 1
Case D17671 Count: 1
Case D17682 Count: 1
Case D17686 Count: 1
Case D17689 Count: 2
Case D17691 Count: 1
Case D17701 Count: 1
Case D17702 Count: 1
Case D17705 Count: 1
Case D17710 Count: 1
Case D17712 Count: 1
Case D17722 Count: 1
Case D17733 Count: 1
Case D17744 Count: 1
Case D17747 Count: 2
Case D17751 Count: 1
Case D17752 Count: 1
Case D17753 Count: 1
Case D17760 Count: 1
Case D17763 Count: 1
Case D17776 Count: 2
Case D17784 Count: 1
Case D17785 Count: 1
Case D17787 Count: 1
Case D17794 Count: 1
Case D17796 Count: 1
Case D17801 Count: 1
Case D17813 Count: 1
Case D17815 Count: 1
Case D17816 Count: 1
Case D17826 Count: 1
Case D17830 Count: 1
Case D17832 Count: 1
Case D17834 Count: 1
Case D17835 Count: 1
Case D17836 Count: 1
Case D17838 Count: 1
Case D17844 Count: 1
Case D17866 Count: 1
Case D17875 Count: 2
Case D17888 Count: 3
Case D17889 Count: 1
Case D17904 Count: 1
Case D17910 Count: 1
Case D17911 Count: 1
Case D17920 Count: 1
Case D17926 Count: 1
Case D17929 Count: 1
Case D17930 Count: 1
Case D17932 Count: 2
Case D17935 Count: 1
Case D17936 Count: 1
Case D17949 Count: 1
Case D17956 Count: 1
Case D17959 Count: 2
Case D17962 Count: 1
Case D17966 Count: 1
Case D17968 Count: 1
Case D17969 Count: 1
Case D17985 Count: 1
Case D17987 Count: 1
Case D17992 Count: 1
Case D17995 Count: 1
Case D18007 Count: 1
Case D18008 Count: 1
Case D18025 Count: 1
Case D18028 Count: 1
Case D18036 Count: 1
Case D18037 Count: 1
Case D18038 Count: 1
Case D18059 Count: 1
Case D18064 Count: 1
Case D18095 Count: 1
Case D18104 Count: 1
Case D18107 Count: 2
Case D18110 Count: 1
Case D18111 Count: 1
Case D18114 Count: 1
Case D18134 Count: 1
Case D18144 Count: 1
Case D18146 Count: 1
Case D18151 Count: 1
Case D18163 Count: 1
Case D18165 Count: 1
Case D18172 Count: 1
Case D18173 Count: 2
Case D18178 Count: 1
Case D18197 Count: 2
Case D18198 Count: 1
Case D18213 Count: 1
Case D18215 Count: 1
Case D18223 Count: 1
Case D18235 Count: 1
Case D18240 Count: 1
Case D18254 Count: 1
Case D18255 Count: 1
Case D18258 Count: 1
Case D18259 Count: 1
Case D18260 Count: 1
Case D18262 Count: 1
Case D18270 Count: 1
Case D18277 Count: 1
Case D18285 Count: 2
Case D18287 Count: 1
Case D18288 Count: 1
Case D18290 Count: 1
Case D18292 Count: 1
Case D18293 Count: 1
Case D18296 Count: 2
Case D18297 Count: 1
Case D18298 Count: 1
Case D18313 Count: 1
Case D18314 Count: 1
Case D18322 Count: 1
Case D18327 Count: 1
Case D18334 Count: 1
Case D18345 Count: 1
Case D18346 Count: 1
Case D18348 Count: 1
Case D18349 Count: 1
Case D18351 Count: 1
Case D18354 Count: 1
Case D18357 Count: 1
Case D18359 Count: 1
Case D18362 Count: 2
Case D18363 Count: 1
Case D18371 Count: 1
Case D18373 Count: 1
Case D18380 Count: 1
Case D18381 Count: 1
Case D18384 Count: 1
Case D18385 Count: 1
Case D18396 Count: 1
Case D18398 Count: 1
Case D18401 Count: 1
Case D18409 Count: 1
Case D18413 Count: 1
Case D18433 Count: 1
Case D18435 Count: 1
Case D18443 Count: 1
Case D18445 Count: 1
Case D18457 Count: 1
Case D18479 Count: 1
Case D18485 Count: 1
Case D18488 Count: 1
Case D18491 Count: 2
Case D18492 Count: 1
Case D18496 Count: 1
Case D18500 Count: 1
Case D18501 Count: 1
Case D18506 Count: 1
Case D18509 Count: 2
Case D18529 Count: 1
Case D18530 Count: 1
Case D18544 Count: 1
Case D18550 Count: 1
Case D18553 Count: 1
Case D18558 Count: 1
Case D18559 Count: 1
Case D18567 Count: 1
Case D18574 Count: 2
Case D18590 Count: 1
Case D18594 Count: 1
Case D18597 Count: 1
Case D18600 Count: 1
Case D18610 Count: 1
Case D18617 Count: 1
Case D18618 Count: 1
Case D18619 Count: 1
Case D18621 Count: 1
Case D18626 Count: 1
Case D18629 Count: 1
Case D18633 Count: 1
Case D18636 Count: 1
Case D18644 Count: 1
Case D18645 Count: 1
Case D18648 Count: 1
Case D18656 Count: 1
Case D18661 Count: 1
Case D18662 Count: 1
Case D18673 Count: 1
Case D18678 Count: 1
Case D18686 Count: 1
Case D18689 Count: 1
Case D18692 Count: 2
Case D18696 Count: 1
Case D18703 Count: 1
Case D18707 Count: 1
Case D18708 Count: 1
Case D18712 Count: 1
Case D18735 Count: 1
Case D18748 Count: 1
Case D18750 Count: 1
Case D18762 Count: 1
Case D18764 Count: 1
Case D18767 Count: 1
Case D18772 Count: 1
Case D18778 Count: 1
Case D18784 Count: 1
Case D18788 Count: 1
Case D18801 Count: 1
Case D18805 Count: 1
Case D18813 Count: 1
Case D18822 Count: 1
Case D18827 Count: 1
Case D18831 Count: 1
Case D18841 Count: 1
Case D18842 Count: 1
Case D18847 Count: 1
Case D18849 Count: 1
Case D18853 Count: 1
Case D18855 Count: 1
Case D18859 Count: 2
Case D18860 Count: 1
Case D18871 Count: 1
Case D18881 Count: 1
Case D18886 Count: 1
Case D18892 Count: 1
Case D18907 Count: 1
Case D18911 Count: 1
Case D18913 Count: 1
Case D18924 Count: 1
Case D18928 Count: 1
Case D18932 Count: 1
Case D18937 Count: 1
Case D18939 Count: 1
Case D18941 Count: 1
Case D18947 Count: 1
Case D18951 Count: 1
Case D18960 Count: 1
Case D18964 Count: 1
Case D18969 Count: 1
Case D18970 Count: 1
Case D18985 Count: 1
Case D18989 Count: 1
Case D18994 Count: 1
Case D18997 Count: 2
Case D19000 Count: 1
Case D19008 Count: 1
Case D19010 Count: 1
Case D19019 Count: 1
Case D19024 Count: 1
Case D19031 Count: 1
Case D19033 Count: 1
Case D19036 Count: 1
Case D19038 Count: 1
Case D19049 Count: 1
Case D19052 Count: 1
Case D19054 Count: 1
Case D19059 Count: 1
Case D19067 Count: 1
Case D19068 Count: 1
Case D19069 Count: 1
Case D19076 Count: 1
Case D19081 Count: 1
Case D19085 Count: 1
Case D19097 Count: 1
Case D19099 Count: 1
Case D19100 Count: 1
Case D19116 Count: 1
Case D19117 Count: 1
Case D19127 Count: 1
Case D19132 Count: 1
Case D19133 Count: 1
Case D19134 Count: 2
Case D19139 Count: 1
Case D19145 Count: 1
Case D19150 Count: 1
Case D19151 Count: 1
Case D19155 Count: 1
Case D19156 Count: 1
Case D19164 Count: 1
Case D19174 Count: 1
Case D19177 Count: 1
Case D19179 Count: 1
Case D19197 Count: 1
Case D19200 Count: 2
Case D19215 Count: 2
Case D19225 Count: 1
Case D19228 Count: 1
Case D19256 Count: 1
Case D19260 Count: 1
Case D19261 Count: 1
Case D19266 Count: 1
Case D19276 Count: 1
Case D19278 Count: 1
Case D19279 Count: 1
Case D19282 Count: 1
Case D19286 Count: 1
Case D19295 Count: 1
Case D19297 Count: 1
Case D19302 Count: 1
Case D19308 Count: 1
Case D19310 Count: 1
Case D19311 Count: 2
Case D19330 Count: 1
Case D19335 Count: 2
Case D19338 Count: 1
Case D19348 Count: 1
Case D19356 Count: 1
Case D19358 Count: 1
Case D19359 Count: 1
Case D19365 Count: 1
Case D19366 Count: 1
Case D19376 Count: 1
Case D19379 Count: 1
Case D19380 Count: 1
Case D19381 Count: 1
Case D19395 Count: 1
Case D19398 Count: 1
Case D19401 Count: 1
Case D19418 Count: 1
Case D19422 Count: 1
Case D19425 Count: 1
Case D19434 Count: 1
Case D19439 Count: 1
Case D19455 Count: 1
Case D19457 Count: 1
Case D19466 Count: 1
Case D19468 Count: 1
Case D19470 Count: 1
Case D19483 Count: 1
Case D19484 Count: 1
Case D19525 Count: 1
Case D19527 Count: 1
Case D19528 Count: 1
Case D19532 Count: 1
Case D19539 Count: 1
Case D19544 Count: 1
Case D19557 Count: 1
Case D19575 Count: 2
Case D19577 Count: 1
Case D19585 Count: 1
Case D19597 Count: 1
Case D19601 Count: 1
Case D19610 Count: 2
Case D19619 Count: 1
Case D19627 Count: 1
Case D19629 Count: 1
Case D19632 Count: 1
Case D19636 Count: 1
Case D19644 Count: 1
Case D19646 Count: 1
Case D19647 Count: 1
Case D19656 Count: 1
Case D19666 Count: 1
Case D19677 Count: 1
Case D19686 Count: 1
Case D19688 Count: 1
Case D19701 Count: 1
Case D19703 Count: 1
Case D19711 Count: 1
Case D19716 Count: 1
Case D19720 Count: 1
Case D19727 Count: 1
Case D19733 Count: 1
Case D19734 Count: 1
Case D19736 Count: 1
Case D19748 Count: 1
Case D19752 Count: 1
Case D19756 Count: 1
Case D19774 Count: 1
Case D19776 Count: 1
Case D19787 Count: 2
Case D19793 Count: 2
Case D19798 Count: 1
Case D19799 Count: 1
Case D19808 Count: 1
Case D19809 Count: 1
Case D19833 Count: 1
Case D19840 Count: 1
Case D19847 Count: 1
Case D19851 Count: 1
Case D19853 Count: 1
Case D19855 Count: 1
Case D19859 Count: 1
Case D19863 Count: 1
Case D19865 Count: 1
Case D19866 Count: 1
Case D19876 Count: 1
Case D19884 Count: 1
Case D19885 Count: 1
Case D19887 Count: 1
Case D19890 Count: 1
Case D19901 Count: 1
Case D19906 Count: 1
Case D19908 Count: 1
Case D19914 Count: 1
Case D19916 Count: 1
Case D19917 Count: 1
Case D19923 Count: 1
Case D19924 Count: 1
Case D19927 Count: 2
Case D19928 Count: 1
Case D19939 Count: 1
Case D19946 Count: 1
Case D19951 Count: 1
Case D19960 Count: 1
Case D19969 Count: 1
Case D19970 Count: 1
Case D19972 Count: 1
Case D19982 Count: 1
Case D19984 Count: 1
Case D19998 Count: 1
Case D20007 Count: 1
Case D20013 Count: 1
Case D20018 Count: 1
Case D20028 Count: 1
Case D20039 Count: 1
Case D20047 Count: 1
Case D20052 Count: 1
Case D20053 Count: 1
Case D20085 Count: 1
Case D20094 Count: 1
Case D20095 Count: 1
Case D20099 Count: 1
Case D20104 Count: 1
Case D20114 Count: 1
Case D20134 Count: 1
Case D20139 Count: 2
Case D20143 Count: 1
Case D20144 Count: 1
Case D20167 Count: 1
Case D20171 Count: 2
Case D20177 Count: 1
Case D20178 Count: 1
Case D20182 Count: 1
Case D20190 Count: 1
Case D20193 Count: 1
Case D20208 Count: 1
Case D20215 Count: 1
Case D20220 Count: 1
Case D20242 Count: 1
Case D20252 Count: 1
Case D20257 Count: 1
Case D20261 Count: 1
Case D20266 Count: 1
Case D20269 Count: 1
Case D20278 Count: 1
Case D20286 Count: 2
Case D20292 Count: 1
Case D20295 Count: 1
Case D20301 Count: 1
Case D20317 Count: 1
Case D20320 Count: 1
Case D20333 Count: 1
Case D20339 Count: 1
Case D20341 Count: 1
Case D20350 Count: 1
Case D20360 Count: 1
Case D20363 Count: 1
Case D20368 Count: 1
Case D20390 Count: 1
Case D20404 Count: 1
Case D20406 Count: 1
Case D20410 Count: 1
Case D20424 Count: 1
Case D20441 Count: 1
Case D20462 Count: 1
Case D20467 Count: 1
Case D20489 Count: 1
Case D20494 Count: 1
Case D20511 Count: 1
Case D20523 Count: 1
Case D20550 Count: 1
Case D20562 Count: 1
Case D20565 Count: 2
Case D20571 Count: 1
Case D20575 Count: 2
Case D20582 Count: 2
Case D20583 Count: 1
Case D20608 Count: 1
Case D20615 Count: 1
Case D20644 Count: 1
Case D20647 Count: 1
Case D20649 Count: 1
Case D20653 Count: 1
Case D20656 Count: 1
Case D20658 Count: 1
Case D20675 Count: 1
Case D20680 Count: 1
Case D20682 Count: 1
Case D20688 Count: 1
Case D20689 Count: 1
Case D20699 Count: 1
Case D20701 Count: 1
Case D20716 Count: 1
Case D20724 Count: 1
Case D20748 Count: 1
Case D20749 Count: 1
Case D20759 Count: 1
Case D20770 Count: 1
Case D20780 Count: 1
Case D20786 Count: 1
Case D20793 Count: 1
Case D20802 Count: 1
Case D20813 Count: 1
Case D20826 Count: 1
Case D20834 Count: 1
Case D20838 Count: 1
Case D20844 Count: 1
Case D20852 Count: 1
Case D20854 Count: 1
Case D20899 Count: 1
Case D20904 Count: 1
Case D20911 Count: 1
Case D20946 Count: 1
Case D20947 Count: 1
Case D20957 Count: 1
Case D20961 Count: 1
Case D20962 Count: 1
Case D20980 Count: 1
Case D20989 Count: 1
Case D20992 Count: 2
Case D21005 Count: 1
Case D21012 Count: 1
Case D21022 Count: 1
Case D21027 Count: 1
Case D21035 Count: 1
Case D21042 Count: 1
Case D21050 Count: 1
Case D21054 Count: 1
Case D21058 Count: 1
Case D21063 Count: 1
Case D21069 Count: 1
Case D21119 Count: 1
Case D21136 Count: 1
Case D21142 Count: 1
Case D21163 Count: 1
Case D21167 Count: 1
Case D21177 Count: 1
Case D21181 Count: 1
Case D21198 Count: 1
Case D21201 Count: 2
Case D21203 Count: 1
Case D21216 Count: 1
Case D21249 Count: 1
Case D21265 Count: 1
Case D21270 Count: 1
Case D21274 Count: 1
Case D21282 Count: 1
Case D21283 Count: 1
Case D21301 Count: 1
Case D21326 Count: 2
Case D21329 Count: 1
Case D21337 Count: 1
Case D21357 Count: 1
Case D21359 Count: 1
Case D21360 Count: 1
Case D21368 Count: 1
Case D21377 Count: 1
Case D21380 Count: 1
Case D21384 Count: 1
Case D21406 Count: 1
Case D21410 Count: 1
Case D21415 Count: 1
Case D21422 Count: 1
Case D21430 Count: 2
Case D21431 Count: 1
Case D21435 Count: 1
Case D21448 Count: 1
Case D21451 Count: 1
Case D21458 Count: 1
Case D21459 Count: 1
Case D21468 Count: 1
Case D21478 Count: 1
Case D21489 Count: 1
Case D21496 Count: 1
Case D21503 Count: 1
Case D21505 Count: 1
Case D21509 Count: 1
Case D21519 Count: 1
Case D21522 Count: 1
Case D21530 Count: 1
Case D21536 Count: 1
Case D21550 Count: 1
Case D21555 Count: 1
Case D21558 Count: 1
Case D21566 Count: 1
Case D21572 Count: 1
Case D21583 Count: 1
Case D21586 Count: 1
Case D21598 Count: 1
Case D21601 Count: 1
Case D21602 Count: 2
Case D21616 Count: 1
Case D21637 Count: 1
Case D21641 Count: 1
Case D21642 Count: 1
Case D21647 Count: 1
Case D21651 Count: 1
Case D21662 Count: 1
Case D21676 Count: 1
Case D21682 Count: 1
Case D21687 Count: 1
Case D21689 Count: 1
Case D21694 Count: 1
Case D21707 Count: 1
Case D21726 Count: 1
Case D21729 Count: 1
Case D21735 Count: 1
Case D21736 Count: 1
Case D21737 Count: 1
Case D21754 Count: 2
Case D21765 Count: 1
Case D21768 Count: 1
Case D21774 Count: 1
Case D21779 Count: 1
Case D21782 Count: 1
Case D21796 Count: 1
Case D21797 Count: 1
Case D21808 Count: 2
Case D21810 Count: 1
Case D21829 Count: 2
Case D21830 Count: 1
Case D21845 Count: 1
Case D21847 Count: 1
Case D21853 Count: 1
Case D21861 Count: 1
Case D21871 Count: 1
Case D21873 Count: 1
Case D21884 Count: 1
Case D21888 Count: 1
Case D21896 Count: 1
Case D21904 Count: 1
Case D21905 Count: 1
Case D21917 Count: 1
Case D21928 Count: 1
Case D21932 Count: 1
Case D21935 Count: 1
Case D21948 Count: 1
Case D21959 Count: 1
Case D21989 Count: 1
Case D21992 Count: 1
Case D21998 Count: 1
Case D21999 Count: 1
Case D22005 Count: 1
Case D22009 Count: 1
Case D22016 Count: 1
Case D22026 Count: 1
Case D22030 Count: 1
Case D22037 Count: 1
Case D22043 Count: 1
Case D22057 Count: 1
Case D22058 Count: 1
Case D22067 Count: 1
Case D22068 Count: 1
Case D22075 Count: 1
Case D22133 Count: 1
Case D22138 Count: 1
Case D22144 Count: 1
Case D22157 Count: 1
Case D22158 Count: 1
Case D22162 Count: 1
Case D22186 Count: 1
Case D22196 Count: 1
Case D22199 Count: 1
Case D22206 Count: 1
Case D22214 Count: 1
Case D22218 Count: 2
Case D22230 Count: 1
Case D22232 Count: 1
Case D22236 Count: 1
Case D22263 Count: 1
Case D22265 Count: 1
Case D22279 Count: 1
Case D22289 Count: 1
Case D22291 Count: 1
Case D22296 Count: 1
Case D22319 Count: 1
Case D22331 Count: 1
Case D22334 Count: 1
Case D22336 Count: 1
Case D22362 Count: 1
Case D22364 Count: 2
Case D22370 Count: 1
Case D22382 Count: 1
Case D22386 Count: 1
Case D22387 Count: 1
Case D22388 Count: 1
Case D22409 Count: 1
Case D22415 Count: 1
Case D22417 Count: 1
Case D22422 Count: 1
Case D22436 Count: 2
Case D22445 Count: 1
Case D22475 Count: 1
Case D22485 Count: 1
Case D22493 Count: 1
Case D22495 Count: 1
Case D22496 Count: 1
Case D22499 Count: 2
Case D22523 Count: 1
Case D22525 Count: 1
Case D22527 Count: 1
Case D22530 Count: 1
Case D22539 Count: 1
Case D22540 Count: 1
Case D22548 Count: 1
Case D22558 Count: 1
Case D22560 Count: 1
Case D22569 Count: 1
Case D22574 Count: 1
Case D22578 Count: 1
Case D22596 Count: 1
Case D22597 Count: 2
Case D22609 Count: 1
Case D22611 Count: 1
Case D22614 Count: 1
Case D22620 Count: 1
Case D22635 Count: 1
Case D22641 Count: 1
Case D22642 Count: 1
Case D22644 Count: 1
Case D22653 Count: 1
Case D22656 Count: 1
Case D22657 Count: 1
Case D22674 Count: 1
Case D22676 Count: 1
Case D22705 Count: 1
Case D22707 Count: 1
Case D22720 Count: 1
Case D22734 Count: 1
Case D22747 Count: 1
Case D22771 Count: 1
Case D22781 Count: 1
Case D22789 Count: 1
Case D22794 Count: 1
Case D22796 Count: 1
Case D22800 Count: 1
Case D22802 Count: 2
Case D22821 Count: 1
Case D22822 Count: 1
Case D22828 Count: 1
Case D22836 Count: 1
Case D22843 Count: 1
Case D22846 Count: 1
Case D22879 Count: 1
Case D22880 Count: 1
Case D22882 Count: 1
Case D22914 Count: 1
Case D22919 Count: 1
Case D22928 Count: 1
Case D22946 Count: 1
Case D22949 Count: 1
Case D22951 Count: 1
Case D22953 Count: 1
Case D22958 Count: 1
Case D22969 Count: 1
Case D22973 Count: 1
Case D22978 Count: 1
Case D22984 Count: 1
Case D22990 Count: 1
Case D22991 Count: 1
Case D22992 Count: 1
Case D22997 Count: 1
Case D22999 Count: 1
Case D23008 Count: 1
Case D23022 Count: 1
Case D23025 Count: 1
Case D23026 Count: 1
Case D23039 Count: 1
Case D23041 Count: 1
Case D23042 Count: 1
Case D23044 Count: 1
Case D23068 Count: 1
Case D23070 Count: 1
Case D23091 Count: 1
Case D23099 Count: 1
Case D23107 Count: 1
Case D23122 Count: 1
Case D23126 Count: 1
Case D23141 Count: 1
Case D23144 Count: 1
Case D23150 Count: 1
Case D23164 Count: 1
Case D23165 Count: 1
Case D23168 Count: 1
Case D23177 Count: 1
Case D23194 Count: 1
Case D23199 Count: 1
Case D23203 Count: 1
Case D23209 Count: 1
Case D23214 Count: 1
Case D23221 Count: 1
Case D23228 Count: 1
Case D23244 Count: 1
Case D23249 Count: 2
Case D23261 Count: 1
Case D23266 Count: 1
Case D23277 Count: 1
Case D23283 Count: 1
Case D23309 Count: 1
Case D23313 Count: 1
Case D23316 Count: 1
Case D23318 Count: 1
Case D23323 Count: 1
Case D23324 Count: 1
Case D23325 Count: 1
Case D23328 Count: 1
Case D23336 Count: 1
Case D23351 Count: 1
Case D23353 Count: 1
Case D23360 Count: 1
Case D23364 Count: 1
Case D23373 Count: 1
Case D23376 Count: 1
Case D23386 Count: 1
Case D23387 Count: 3
Case D23390 Count: 1
Case D23398 Count: 1
Case D23417 Count: 1
Case D23458 Count: 2
Case D23461 Count: 1
Case D23485 Count: 1
Case D23504 Count: 1
Case D23509 Count: 1
Case D23514 Count: 1
Case D23524 Count: 1
Case D23547 Count: 1
Case D23550 Count: 1
Case D23551 Count: 1
Case D23552 Count: 1
Case D23553 Count: 1
Case D23554 Count: 1
Case D23555 Count: 1
Case D23557 Count: 1
Case D23561 Count: 1
Case D23563 Count: 1
Case D23568 Count: 1
Case D23574 Count: 1
Case D23598 Count: 1
Case D23612 Count: 1
Case D23616 Count: 1
Case D23617 Count: 1
Case D23625 Count: 1
Case D23632 Count: 1
Case D23645 Count: 1
Case D23648 Count: 1
Case D23655 Count: 2
Case D23677 Count: 1
Case D23679 Count: 1
Case D23693 Count: 1
Case D23697 Count: 1
Case D23702 Count: 1
Case D23704 Count: 1
Case D23731 Count: 1
Case D23784 Count: 1
Case D23797 Count: 1
Case D23800 Count: 1
Case D23815 Count: 1
Case D23824 Count: 1
Case D23835 Count: 1
Case D23839 Count: 1
Case D23843 Count: 1
Case D23846 Count: 2
Case D23849 Count: 1
Case D23857 Count: 1
Case D23863 Count: 1
Case D23865 Count: 1
Case D23875 Count: 1
Case D23883 Count: 1
Case D23887 Count: 1
Case D23914 Count: 1
Case D23916 Count: 1
Case D23933 Count: 1
Case D23943 Count: 1
Case D23959 Count: 1
Case D23970 Count: 1
Case D23986 Count: 1
Case D24006 Count: 1
Case D24008 Count: 1
Case D24010 Count: 1
Case D24015 Count: 2
Case D24019 Count: 1
Case D24029 Count: 1
Case D24030 Count: 1
Case D24032 Count: 1
Case D24051 Count: 1
Case D24053 Count: 1
Case D24060 Count: 1
Case D24070 Count: 1
Case D24079 Count: 1
Case D24081 Count: 1
Case D24086 Count: 1
Case D24092 Count: 1
Case D24112 Count: 1
Case D24123 Count: 1
Case D24124 Count: 1
Case D24145 Count: 1
Case D24148 Count: 1
Case D24188 Count: 1
Case D24193 Count: 1
Case D24195 Count: 1
Case D24201 Count: 1
Case D24209 Count: 1
Case D24218 Count: 1
Case D24232 Count: 1
Case D24238 Count: 1
Case D24243 Count: 1
Case D24245 Count: 1
Case D24276 Count: 1
Case D24282 Count: 1
Case D24299 Count: 1
Case D24318 Count: 1
Case D24320 Count: 1
Case D24336 Count: 1
Case D24343 Count: 1
Case D24355 Count: 1
Case D24393 Count: 2
Case D24397 Count: 1
Case D24404 Count: 1
Case D24405 Count: 1
Case D24429 Count: 1
Case D24445 Count: 1
Case D24451 Count: 1
Case D24460 Count: 1
Case D24491 Count: 1
Case D24497 Count: 1
Case D24528 Count: 1
Case D24532 Count: 1
Case D24541 Count: 1
Case D24564 Count: 1
Case D24569 Count: 1
Case D24570 Count: 1
Case D24571 Count: 1
Case D24580 Count: 1
Case D24601 Count: 1
Case D24602 Count: 1
Case D24626 Count: 1
Case D24629 Count: 1
Case D24630 Count: 1
Case D24635 Count: 1
Case D24642 Count: 1
Case D24652 Count: 1
Case D24653 Count: 1
Case D24654 Count: 1
Case D24660 Count: 1
Case D24665 Count: 1
Case D24687 Count: 1
Case D24700 Count: 1
Case D24702 Count: 1
Case D24713 Count: 1
Case D24714 Count: 1
Case D24715 Count: 1
Case D24720 Count: 1
Case D24730 Count: 1
Case D24745 Count: 1
Case D24746 Count: 1
Case D24751 Count: 1
Case D24769 Count: 1
Case D24770 Count: 2
Case D24779 Count: 1
Case D24781 Count: 1
Case D24790 Count: 1
Case D24819 Count: 1
Case D24828 Count: 1
Case D24840 Count: 1
Case D24851 Count: 1
Case D24854 Count: 1
Case D24867 Count: 1
Case D24894 Count: 1
Case D24907 Count: 1
Case D24910 Count: 1
Case D24911 Count: 1
Case D24918 Count: 1
Case D24947 Count: 1
Case D24956 Count: 1
Case D24964 Count: 1
Case D24988 Count: 1
Case D24995 Count: 1
Case D25009 Count: 1
Case D25019 Count: 1
Case D25029 Count: 1
Case D25045 Count: 1
Case D25051 Count: 1
Case D25054 Count: 1
Case D25060 Count: 1
Case D25142 Count: 1
Case D25147 Count: 1
Case D25159 Count: 1
Case D25160 Count: 1
Case D25161 Count: 1
Case D25215 Count: 1
Case D25224 Count: 1
Case D25237 Count: 1
Case D25276 Count: 1
Case D25277 Count: 1
Case D25289 Count: 1
Case D25300 Count: 1
Case D25322 Count: 1
Case D25329 Count: 1
Case D25333 Count: 1
Case D25361 Count: 1
Case D25385 Count: 1
Case D25416 Count: 1
Case D25429 Count: 1
Case D25430 Count: 1
Case D25434 Count: 1
Case D25435 Count: 1
Case D25452 Count: 1
Case D25471 Count: 1
Case D25476 Count: 1
Case D25490 Count: 1
Case D25505 Count: 1
Case D25510 Count: 1
Case D25538 Count: 2
Case D25549 Count: 1
Case D25558 Count: 1
Case D25573 Count: 1
Case D25576 Count: 1
Case D25580 Count: 1
Case D25586 Count: 2
Case D25587 Count: 1
Case D25650 Count: 1
Case D25653 Count: 1
Case D25685 Count: 1
Case D25688 Count: 1
Case D25778 Count: 1
Case D25817 Count: 1
Case D25819 Count: 1
Case D25820 Count: 1
Case D25821 Count: 1
Case D25840 Count: 1
Case D25865 Count: 1
Case D25902 Count: 1
Case D25909 Count: 1
Case D25931 Count: 1
Case D25950 Count: 1
Case D25965 Count: 1
Case D25995 Count: 1
Case D26015 Count: 1
Case D26043 Count: 1
Case D26080 Count: 1
Case D26084 Count: 1
Case D26100 Count: 1
Case D26110 Count: 1
Case D26135 Count: 1
Case D26158 Count: 1
Case D26174 Count: 1
Case D26179 Count: 1
Case D26203 Count: 1
Case D26218 Count: 1
Case D26219 Count: 1
Case D26256 Count: 1
Case D26333 Count: 1
Case D26389 Count: 1
Case D26414 Count: 1
Case D26425 Count: 1
Case D26426 Count: 1
Case D26431 Count: 2
Case D26438 Count: 1
Case D26440 Count: 1
Case D26452 Count: 1
Case D26458 Count: 1
Case D26495 Count: 1
Case D26507 Count: 1
Case D26525 Count: 1
Case D26533 Count: 1
Case D26543 Count: 1
Case D26551 Count: 1
Case D26579 Count: 1
Case D26593 Count: 1
Case D26597 Count: 1
Case D26598 Count: 1
Case D26639 Count: 1
Case D26654 Count: 1
Case D26661 Count: 1
Case D26676 Count: 1
Case D26688 Count: 1
Case D26701 Count: 1
Case D26709 Count: 1
Case D26729 Count: 1
Case D26741 Count: 1
Case D26762 Count: 1
Case D26763 Count: 1
Case D26764 Count: 1
Case D26769 Count: 1
Case D26773 Count: 1
Case D26786 Count: 1
Case D26792 Count: 1
Case D26822 Count: 1
Case D26832 Count: 1
Case D26845 Count: 1
Case D26854 Count: 1
Case D26885 Count: 1
Case D26905 Count: 1
Case D26914 Count: 1
Case D26934 Count: 1
Case D26952 Count: 1
Case D26961 Count: 1
Case D26969 Count: 1
Case D26998 Count: 1
Case D27016 Count: 1
Case D27041 Count: 1
Case D27067 Count: 1
Case D27094 Count: 1
Case D27096 Count: 1
Case D27111 Count: 1
Case D27132 Count: 1
Case D27140 Count: 1
Case D27151 Count: 1
Case D27154 Count: 2
Case D27164 Count: 1
Case D27173 Count: 1
Case D27209 Count: 1
Case D27212 Count: 1
Case D27219 Count: 1
Case D27228 Count: 1
Case D27237 Count: 1
Case D27261 Count: 1
Case D27269 Count: 1
Case D27283 Count: 1
Case D27301 Count: 1
Case D27314 Count: 1
Case D27327 Count: 2
Case D27346 Count: 1
Case D27356 Count: 1
Case D27389 Count: 1
Case D27398 Count: 1
Case D27401 Count: 1
Case D27435 Count: 1
Case D27443 Count: 1
Case D27461 Count: 1
Case D27489 Count: 1
Case D27494 Count: 1
Case D27509 Count: 1
Case D27525 Count: 1
Case D27562 Count: 1
Case D27568 Count: 1
Case D27596 Count: 1
Case D27606 Count: 1
Case D27657 Count: 1
Case D27683 Count: 1
Case D27693 Count: 1
Case D27714 Count: 1
Case D27718 Count: 1
Case D27725 Count: 1
Case D27736 Count: 1
Case D27737 Count: 1
Case D27744 Count: 1
Case D27772 Count: 1
Case D27793 Count: 1
Case D27800 Count: 1
Case D27802 Count: 1
Case D27833 Count: 1
Case D27841 Count: 1
Case D27861 Count: 1
Case D27933 Count: 1
Case D27940 Count: 1
Case D27972 Count: 1
Case D27973 Count: 2
Case D27975 Count: 2
Case D28017 Count: 1
Case D28089 Count: 1
Case D28090 Count: 1
Case D28096 Count: 1
Case D28118 Count: 1
Case D28125 Count: 1
Case D28151 Count: 1
Case D28171 Count: 1
Case D28195 Count: 1
Case D28197 Count: 1
Case D28200 Count: 1
Case D28219 Count: 1
Case D28235 Count: 1
Case D28241 Count: 2
Case D28248 Count: 1
Case D28253 Count: 1
Case D28260 Count: 1
Case D28281 Count: 1
Case D28301 Count: 1
Case D28337 Count: 1
Case D28373 Count: 1
Case D28378 Count: 2
Case D28380 Count: 1
Case D28393 Count: 1
Case D28420 Count: 1
Case D28435 Count: 1
Case D28437 Count: 1
Case D28465 Count: 1
Case D28486 Count: 1
Case D28496 Count: 1
Case D28513 Count: 1
Case D28519 Count: 1
Case D28540 Count: 1
Case D28560 Count: 1
Case D28562 Count: 1
Case D28572 Count: 1
Case D28573 Count: 1
Case D28580 Count: 1
Case D28581 Count: 1
Case D28589 Count: 1
Case D28598 Count: 1
Case D28614 Count: 1
Case D28620 Count: 1
Case D28628 Count: 1
Case D28672 Count: 1
Case D28712 Count: 1
Case D28722 Count: 1
Case D28792 Count: 1
Case D28807 Count: 1
Case D28820 Count: 1
Case D28878 Count: 1
Case D28909 Count: 1
Case D28919 Count: 1
Case D28934 Count: 1
Case D28945 Count: 1
Case D28964 Count: 1
Case D28969 Count: 1
Case D28973 Count: 1
Case D28974 Count: 1
Case D28978 Count: 1
Case D28987 Count: 1
Case D28990 Count: 1
Case D28992 Count: 1
Case D28995 Count: 1
Case D29001 Count: 1
Case D29017 Count: 1
Case D29036 Count: 1
Case D29133 Count: 1
Case D29163 Count: 1
Case D29166 Count: 1
Case D29196 Count: 2
Case D29197 Count: 1
Case D29202 Count: 1
Case D29244 Count: 1
Case D29257 Count: 1
Case D29283 Count: 1
Case D29288 Count: 1
Case D29325 Count: 1
Case D29330 Count: 1
Case D29336 Count: 1
Case D29369 Count: 1
Case D29371 Count: 1
Case D29393 Count: 1
Case D29397 Count: 1
Case D29398 Count: 1
Case D29415 Count: 1
Case D29422 Count: 1
Case D29457 Count: 1
Case D29461 Count: 1
Case D29497 Count: 1
Case D29556 Count: 1
Case D29559 Count: 1
Case D29563 Count: 1
Case D29568 Count: 1
Case D29569 Count: 1
Case D29572 Count: 1
Case D29588 Count: 1
Case D29595 Count: 1
Case D29600 Count: 1
Case D29607 Count: 1
Case D29637 Count: 1
Case D29676 Count: 1
Case D29685 Count: 1
Case D29693 Count: 1
Case D29694 Count: 1
Case D29702 Count: 1
Case D29706 Count: 1
Case D29728 Count: 1
Case D29742 Count: 1
Case D29783 Count: 1
Case D29841 Count: 1
Case D29858 Count: 2
Case D29868 Count: 1
Case D29876 Count: 1
Case D29963 Count: 1
Case D29974 Count: 1
Case D30024 Count: 1
Case D30033 Count: 1
Case D30048 Count: 1
Case D30084 Count: 1
Case D30132 Count: 1
Case D30140 Count: 1
Case D30148 Count: 1
Case D30178 Count: 1
Case D30192 Count: 1
Case D30199 Count: 1
Case D30242 Count: 1
Case D30250 Count: 1
Case D30281 Count: 1
Case D30282 Count: 1
Case D30317 Count: 1
Case D30319 Count: 1
Case D30325 Count: 1
Case D30346 Count: 1
Case D30362 Count: 1
Case D30387 Count: 1
Case D30391 Count: 1
Case D30410 Count: 1
Case D30412 Count: 1
Case D30430 Count: 1
Case D30438 Count: 1
Case D30504 Count: 1
Case D30521 Count: 1
Case D30523 Count: 1
Case D30529 Count: 1
Case D30530 Count: 1
Case D30533 Count: 1
Case D30535 Count: 1
Case D30550 Count: 1
Case D30558 Count: 1
Case D30565 Count: 1
Case D30567 Count: 1
Case D30583 Count: 1
Case D30635 Count: 1
Case D30799 Count: 1
Case D30834 Count: 1
Case D30843 Count: 1
Case D30870 Count: 1
Case D30880 Count: 1
Case D30896 Count: 2
Case D30918 Count: 1
Case D30937 Count: 1
Case D30952 Count: 1
Case D30958 Count: 1
Case D30976 Count: 1
Case D30981 Count: 1
Case D30984 Count: 1
Case D31001 Count: 1
Case D31009 Count: 1
Case D31022 Count: 1
Case D31024 Count: 1
Case D31028 Count: 1
Case D31048 Count: 1
Case D31055 Count: 1
Case D31105 Count: 1
Case D31142 Count: 1
Case D31143 Count: 1
Case D31149 Count: 1
Case D31151 Count: 1
Case D31158 Count: 1
Case D31202 Count: 1
Case D31222 Count: 1
Case D31223 Count: 1
Case D31228 Count: 1
Case D31235 Count: 1
Case D31274 Count: 1
Case D31306 Count: 1
Case D31315 Count: 1
Case D31351 Count: 1
Case D31374 Count: 1
Case D31413 Count: 1
Case D31427 Count: 1
Case D31439 Count: 1
Case D31495 Count: 1
Case D31506 Count: 1
Case D31538 Count: 1
Case D31561 Count: 1
Case D31577 Count: 1
Case D31595 Count: 1
Case D31605 Count: 1
Case D31649 Count: 1
Case D31656 Count: 1
Case D31666 Count: 1
Case D31675 Count: 1
Case D31683 Count: 2
Case D31701 Count: 1
Case D31720 Count: 1
Case D31735 Count: 1
Case D31741 Count: 1
Case D31756 Count: 1
Case D31779 Count: 1
Case D31799 Count: 1
Case D31836 Count: 1
Case D31842 Count: 1
Case D31857 Count: 1
Case D31871 Count: 1
Case D31881 Count: 1
Case D31901 Count: 1
Case D31929 Count: 1
Case D31948 Count: 1
Case D31949 Count: 1
Case D31954 Count: 1
Case D31967 Count: 1
Case D31969 Count: 1
Case D32000 Count: 1
Case D32013 Count: 1
Case D32049 Count: 1
Case D32063 Count: 1
Case D32064 Count: 1
Case D32085 Count: 1
Case D32110 Count: 1
Case D32133 Count: 1
Case D32137 Count: 1
Case D32138 Count: 1
Case D32145 Count: 1
Case D32168 Count: 1
Case D32172 Count: 1
Case D32176 Count: 1
Case D32178 Count: 1
Case D32186 Count: 1
Case D32202 Count: 1
Case D32205 Count: 1
Case D32217 Count: 1
Case D32219 Count: 1
Case D32227 Count: 1
Case D32247 Count: 1
Case D32255 Count: 1
Case D32260 Count: 1
Case D32273 Count: 1
Case D32283 Count: 1
Case D32295 Count: 1
Case D32307 Count: 1
Case D32341 Count: 1
Case D32354 Count: 1
Case D32377 Count: 1
Case D32408 Count: 1
Case D32451 Count: 1
Case D32456 Count: 1
Case D32464 Count: 1
Case D32479 Count: 1
Case D32500 Count: 1
Case D32503 Count: 1
Case D32516 Count: 1
Case D32517 Count: 1
Case D32524 Count: 1
Case D32540 Count: 1
Case D32568 Count: 1
Case D32580 Count: 1
Case D32593 Count: 1
Case D32654 Count: 1
Case D32671 Count: 1
Case D32680 Count: 1
Case D32707 Count: 1
Case D32715 Count: 1
Case D32730 Count: 1
Case D32766 Count: 1
Case D32810 Count: 1
Case D32836 Count: 1
Case D32860 Count: 1
Case D32863 Count: 1
Case D32885 Count: 1
Case D32946 Count: 1
Case D32989 Count: 1
Case D33032 Count: 1
Case D33033 Count: 1
Case D33072 Count: 1
Case D33074 Count: 1
Case D33090 Count: 1
Case D33119 Count: 1
Case D33121 Count: 1
Case D33126 Count: 1
Case D33142 Count: 1
Case D33147 Count: 1
Case D33174 Count: 1
Case D33195 Count: 1
Case D33220 Count: 1
Case D33238 Count: 1
Case D33266 Count: 1
Case D33267 Count: 1
Case D33274 Count: 1
Case D33282 Count: 1
Case D33439 Count: 1
Case D33519 Count: 1
Case D33531 Count: 1
Case D33541 Count: 1
Case D33630 Count: 1
Case D33676 Count: 1
Case D33926 Count: 1
Case D33993 Count: 1
Case D34040 Count: 1
Case D34189 Count: 1
Case D34199 Count: 1
Case D34364 Count: 1
Case D34371 Count: 1
Case D34392 Count: 1
Case D34423 Count: 1
Case D34458 Count: 1
Case D34637 Count: 1
Case D34708 Count: 1
Case D34725 Count: 1
Case D34797 Count: 1
Case D34849 Count: 1
Case D34873 Count: 1
Case D34967 Count: 1
Case D35081 Count: 1
Case D35187 Count: 1
Case D35239 Count: 1
Case D35252 Count: 1
Case D35317 Count: 1
Case D35324 Count: 1
Case D35341 Count: 1
Case D35500 Count: 1
Case D35547 Count: 1
Case D35675 Count: 1
Case D35677 Count: 1
Case D35685 Count: 1
Case D35699 Count: 1
Case D35716 Count: 1
Case D35733 Count: 1
Case D35761 Count: 1
Case D35810 Count: 1
Case D35844 Count: 1
Case D36040 Count: 1
Case D36119 Count: 1
Case D36157 Count: 1
Case D36163 Count: 1
Case D36164 Count: 1
Case D36188 Count: 1
Case D36261 Count: 1
Case D36282 Count: 1
Case D36315 Count: 1
Case D36330 Count: 1
Case D36360 Count: 1
Case D36400 Count: 1
Case D36443 Count: 1
Case D36474 Count: 1
Case D36532 Count: 1
Case D36539 Count: 1
Case D36546 Count: 1
Case D36559 Count: 1
Case D36577 Count: 1
Case D36727 Count: 1
Case D36836 Count: 1
Case D36864 Count: 1
Case D36894 Count: 1
Case D36956 Count: 1
Case D36982 Count: 1
Case D37036 Count: 1
Case D37080 Count: 1
Case D37158 Count: 1
Case D37239 Count: 1
Case D37251 Count: 1
Case D37298 Count: 1
Case D37332 Count: 1
Case D37385 Count: 1
Case D37531 Count: 1
Case D37578 Count: 1
Case D37581 Count: 1
Case D37602 Count: 1
Case D37610 Count: 1
Case D37642 Count: 1
Case D37655 Count: 1
Case D37657 Count: 1
Case D37685 Count: 1
Case D37695 Count: 1
Case D37707 Count: 1
Case D37774 Count: 1
Case D37806 Count: 1
Case D37812 Count: 1
Case D38038 Count: 1
Case D38067 Count: 1
Case D38120 Count: 1
Case D38151 Count: 1
Case D38171 Count: 1
Case D38199 Count: 1
Case D38266 Count: 1
Case D38337 Count: 1
Case D38346 Count: 1
Case D38436 Count: 1
Case D38499 Count: 1
Case D38599 Count: 1
Case D38638 Count: 1
Case D38712 Count: 1
Case D38715 Count: 1
Case D38734 Count: 1
Case D38736 Count: 1
Case D38753 Count: 1
Case D38919 Count: 1
Case D38977 Count: 1
Case D39029 Count: 1
Case D39094 Count: 1
Case D39097 Count: 1
Case D39177 Count: 1
Case D39183 Count: 1
Case D39248 Count: 1
Case D39255 Count: 1
Case D39272 Count: 1
Case D39291 Count: 1
Case D39340 Count: 1
Case D39398 Count: 1
Case D39442 Count: 1
Case D39474 Count: 1
Case D39516 Count: 1
Case D39526 Count: 1
Case D39556 Count: 1
Case D39579 Count: 1
Case D39624 Count: 1
Case D39634 Count: 1
Case D39687 Count: 1
Case D39744 Count: 1
Case D39932 Count: 1
Case D40103 Count: 1
Case D40126 Count: 1
Case D40182 Count: 1
Case D40282 Count: 1
Case D40308 Count: 1
Case D40313 Count: 1
Case D40329 Count: 1
Case D40334 Count: 1
Case D40341 Count: 1
Case D40419 Count: 1
Case D40427 Count: 1
Case D40470 Count: 1
Case D40473 Count: 1
Case D40480 Count: 1
Case D40491 Count: 1
Case D40511 Count: 1
Case D40556 Count: 1
Case D40567 Count: 1
Case D40568 Count: 1
Case D40588 Count: 1
Case D40636 Count: 1
Case D40667 Count: 1
Case D40677 Count: 1
Case D40718 Count: 1
Case D40746 Count: 1
Case D40753 Count: 1
Case D40812 Count: 1
Case D40823 Count: 2
Case D40881 Count: 1
Case D40907 Count: 1
Case D40909 Count: 1
Case D40943 Count: 1
Case D40948 Count: 1
Case D41029 Count: 1
Case D41041 Count: 1
Case D41043 Count: 1
Case D41051 Count: 1
Case D41139 Count: 1
Case D41295 Count: 1
Case D41298 Count: 1
Case D41328 Count: 1
Case D41389 Count: 1
Case D41438 Count: 1
Case D41462 Count: 1
Case D41491 Count: 1
Case D41584 Count: 1
Case D41594 Count: 1
Case D41768 Count: 1
Case D41908 Count: 1
Case D41965 Count: 1
Case D42118 Count: 1
Case D42217 Count: 1
Case D42233 Count: 1
Case D42274 Count: 1
Case D42445 Count: 1
Case D42452 Count: 1
Case D42489 Count: 1
Case D42529 Count: 1
Case D42534 Count: 1
Case D42581 Count: 1
Case D42674 Count: 1
Case D42678 Count: 1
Case D42774 Count: 1
Case D42868 Count: 1
Case D42885 Count: 1
Case D42902 Count: 1
Case D42922 Count: 1
Case D42957 Count: 1
Case D42958 Count: 1
Case D42967 Count: 1
Case D42970 Count: 1
Case D43105 Count: 1
Case D43125 Count: 1
Case D43334 Count: 1
Case D43364 Count: 1
Case D43513 Count: 1
Case D43519 Count: 1
Case D43554 Count: 1
Case D43565 Count: 1
Case D43661 Count: 1
Case D43730 Count: 1
Case D43753 Count: 1
Case D43773 Count: 1
Case D43905 Count: 1
Case D44013 Count: 1
Case D44108 Count: 1
Case D44124 Count: 1
Case D44147 Count: 1
Case D44151 Count: 1
Case D44171 Count: 1
Case D44217 Count: 1
Case D44249 Count: 1
Case D44288 Count: 1
Case D44346 Count: 1
Case D44347 Count: 1
Case D44414 Count: 1
Case D44555 Count: 1
Case D44605 Count: 1
Case D44620 Count: 1
Case D44774 Count: 1
Case D44863 Count: 1
Case D44931 Count: 1
Case D44944 Count: 1
Case D44972 Count: 1
Case D45011 Count: 1
Case D45131 Count: 1
Case D45139 Count: 1
Case D45204 Count: 1
Case D45243 Count: 1
Case D45293 Count: 1
Case D45297 Count: 1
Case D45393 Count: 1
Case D45424 Count: 1
Case D45432 Count: 1
Case D45489 Count: 1
Case D45612 Count: 1
Case D45712 Count: 1
Case D45719 Count: 1
Case D45731 Count: 1
Case D45738 Count: 1
Case D45765 Count: 1
Case D45780 Count: 1
Case D45803 Count: 1
Case D45875 Count: 1
Case D45889 Count: 2
Case D45891 Count: 1
Case D46028 Count: 1
Case D46091 Count: 1
Case D46098 Count: 1
Case D46108 Count: 1
Case D46117 Count: 1
Case D46237 Count: 1
Case D46253 Count: 1
Case D46311 Count: 1
Case D46316 Count: 1
Case D46333 Count: 1
Case D46335 Count: 1
Case D46379 Count: 1
Case D46390 Count: 1
Case D46394 Count: 1
Case D46414 Count: 1
Case D46428 Count: 1
Case D46441 Count: 1
Case D46580 Count: 1
Case D46591 Count: 1
Case D46618 Count: 1
Case D46650 Count: 1
Case D46815 Count: 1
Case D46832 Count: 1
Case D46861 Count: 1
Case D46898 Count: 1
Case D46906 Count: 1
Case D46919 Count: 1
Case D46939 Count: 1
Case D46968 Count: 1
Case D47077 Count: 1
Case D47086 Count: 1
Case D47166 Count: 1
Case D47262 Count: 1
Case D47307 Count: 1
Case D47327 Count: 1
Case D47398 Count: 1
Case D47552 Count: 1
Case D47606 Count: 1
Case D47607 Count: 1
Case D47614 Count: 1
Case D47659 Count: 1
Case D47664 Count: 1
Case D47665 Count: 1
Case D47718 Count: 1
Case D47839 Count: 1
Case D47889 Count: 1
Case D47918 Count: 1
Case D47955 Count: 1
Case D47994 Count: 1
Case D48062 Count: 1
Case D48161 Count: 1
Case D48163 Count: 1
Case D48354 Count: 1
Case D48368 Count: 1
Case D48456 Count: 1
Case D48465 Count: 2
Case D48509 Count: 1
Case D48587 Count: 1
Case D48719 Count: 1
Case D48738 Count: 1
Case D48915 Count: 1
Case D49006 Count: 1
Case D49010 Count: 1
Case D49030 Count: 1
Case D49131 Count: 1
Case D49165 Count: 1
Case D49169 Count: 1
Case D49242 Count: 1
Case D49354 Count: 1
Case D49366 Count: 1
Case D49371 Count: 1
Case D49383 Count: 1
Case D49394 Count: 1
Case D49441 Count: 1
Case D49477 Count: 1
Case D49485 Count: 1
Case D49535 Count: 1
Case D49596 Count: 1
Case D49597 Count: 1
Case D49652 Count: 1
Case D49722 Count: 1
Case D49815 Count: 1
Spent time: 486.223 sec.
