Elliptic curve parameters:
name = secp256k1
mode = test
p = 100003
a = 0
b = 2
g = (20002, 57568)
n = 99667

--------------------------------------------------------------------------------------------------------------------------------------------------------------------------
case         s           s_zk        s_rxk       s_zr        z           r           x           k-1         a           m1          m2          f                        
--------------------------------------------------------------------------------------------------------------------------------------------------------------------------
D0           37056       2688        34368       13361       76123       45968       45809       79957       13361       -           -           0.201182546216600553     
D0           95040       4142        90898       73553       44223       84492       45809       97952       9092        -           -           0.455565332160140783     
D0           29017       13518       15499       86566       48595       252         45809       28839       29017       -           -           0.465864837853671985     
D0           81859       5504        76355       60734       2029        10591       45809       24023       18484       -           -           0.297771045228305561     
D0           35813       478         35335       67033       46356       12706       45809       42962       4593        -           -           0.104071413019812758     
D0           15169       12403       2766        68187       55468       11837       45809       87066       15169       -           -           0.817654426791482629     
D0           12109       8106        4003        25559       94844       32294       45809       43684       12109       -           -           0.669419440085886530     
D0           22944       16891       6053        53657       94187       54025       45809       20967       22944       -           -           0.736183751743375174     
D0           25913       11394       14519       94159       57481       15267       45809       12389       25913       -           -           0.439702080037047042     
D0           42983       20335       22648       88503       7447        94553       45809       36794       42983       -           -           0.473094013912477025     
D0           37218       5843        31375       8598        91379       36388       45809       65045       8598        -           -           0.679576645731565480     
D0           23561       20350       3211        59591       15922       38069       45809       7563        23561       -           -           0.863715461992275370     
D0           47600       8914        38686       98636       16075       72963       45809       91967       47600       -           -           0.187268907563025210     
D0           41099       12444       28655       83446       61558       81253       45809       53407       41099       -           -           0.302781089564222973     
D0           21227       10604       10623       79261       64140       84684       45809       63163       21227       -           -           0.499552456776746596     
D0           63853       8173        55680       14598       65089       6900        45809       35283       14598       -           -           0.559871215234963693     
D0           49490       42328       7162        99224       93986       8158        45809       56098       49490       -           -           0.855283895736512426     
D0           78965       12010       66955       16795       30258       9543        45809       85721       16795       -           -           0.715093777910092289     
D0           32799       21780       11019       92657       94140       41152       45809       73750       32799       -           -           0.664044635507180096     
D0           26184       12570       13614       80005       51171       14777       62512       62604       26184       -           -           0.480064161319890009     
D0           83353       4871        78482       26643       93111       52125       62512       33703       26643       -           -           0.182824756971812483     
D0           62970       22341       40629       24085       13193       52249       62512       94101       24085       -           -           0.927589786173967199     
D0           26908       15142       11766       63729       29545       35045       62512       28165       26908       -           -           0.562732272929983647     
D0           39620       39083       537         79836       42606       43779       62512       1084        39620       -           -           0.986446239273094396     
D0           78884       14138       64746       33225       67131       38434       62512       97945       33225       -           -           0.425522949586155003     
D0           54356       11996       42360       90643       27913       44554       62512       4478        18069       -           -           0.663899496375006917     
D0           33522       29427       4095        75245       40754       77666       54086       75772       33522       -           -           0.877841417576516914     
D0           84214       33306       50908       37324       8382        35486       54086       16413       37324       -           -           0.892348087021755438     
D0           92512       24483       68029       32725       81749       19194       54086       96801       32725       -           -           0.748143621084797555     
D0           99400       21108       78292       34486       86147       19002       54086       6810        34486       -           -           0.612074465000289972     
D0           46786       3087        43699       66231       84293       54432       54086       60517       7896        -           -           0.390957446808510638     
D0           69317       15168       54149       26789       10834       90608       54086       17186       26789       -           -           0.566202545821045951     
D0           80622       11143       69479       30332       90047       94235       54086       60804       30332       -           -           0.367367796386654358     
D0           12836       3516        9320        81373       62116       77245       54086       88384       12836       -           -           0.273917108133374883     
D0           16641       14935       1706        99455       45817       55088       91239       38136       16641       -           -           0.897482122468601646     
D0           87700       14583       73117       19432       58759       77632       91239       27650       19432       -           -           0.750463153561136270     
D0           86532       19015       67517       36227       96690       81844       91239       1768        36227       -           -           0.524884754464901868     
D0           98069       3031        95038       37228       53778       91932       91239       79416       37228       -           -           0.081417212850542602     
D0           98834       3492        95342       9566        7872        44036       91239       87361       9566        -           -           0.365042860129625757     
D0           57615       5401        52214       70274       48865       16753       91239       92818       6979        -           -           0.773893107895113913     
D0           63346       4796        58550       53651       97546       28404       91239       68463       5176        -           -           0.926584234930448222     
D0           21572       20276       1296        94296       31140       29231       91239       20715       21572       -           -           0.939922121268310773     
D0           56243       16864       39379       87559       55560       4671        91239       85259       24927       -           -           0.676535483612147470     
D0           65458       9148        56310       9494        51659       75240       91239       62273       9494        -           -           0.963555930061091215     
D0           31398       20598       10800       99433       54047       88171       91239       84273       31398       -           -           0.656029046436078731     
D0           45880       15162       30718       16520       89398       96744       91239       75615       16520       -           -           0.917796610169491525     
D0           91205       569         90636       39776       17877       87783       91239       79301       39776       -           -           0.014305108608205953     
D0           69178       2706        66472       47961       33697       92419       91239       51379       5527        -           -           0.489596526144382124     
D0           82340       9995        72345       39538       41083       15144       91239       8154        39538       -           -           0.252794779705599676     
D0           84976       3957        81019       55959       7921        69589       91239       63958       26942       -           -           0.146871056343255883     
D0           32381       17676       14705       83395       75498       97346       23712       26115       32381       -           -           0.545875667829900250     
D0           12639       3266        9373        67395       27286       18927       23712       28060       12639       -           -           0.258406519503125247     
D0           18135       3313        14822       29566       42538       94738       23712       7083        6704        -           -           0.494182577565632458     
D0           56602       4330        52272       18008       28365       48968       23712       24526       18008       -           -           0.240448689471346068     
D0           30665       11304       19361       68211       89560       66290       23712       82182       30665       -           -           0.368628729822272949     
D0           90496       28053       62443       36645       2760        16805       23712       50602       36645       -           -           0.765534179287760949     
D0           16579       13365       3214        74164       17027       14679       23712       89313       16579       -           -           0.806140297967308040     
D0           23285       12367       10918       56949       9311        75032       23712       10074       23285       -           -           0.531114451363538758     
D0           97947       9861        88086       59317       41084       7369        23712       85706       20687       -           -           0.476676173442258423     
D0           88163       26480       61683       41561       91300       15957       23712       59342       41561       -           -           0.637135776328769760     
D0           24164       20165       3999        66214       65899       65268       23712       93359       24164       -           -           0.834505876510511504     
D0           61360       10495       50865       20123       295         74734       23712       33821       20123       -           -           0.521542513541718431     
D0           81355       5081        76274       18593       75406       33542       23712       81854       18593       -           -           0.273274888398859785     
D0           35268       11264       24004       53759       15353       80520       6596        43177       16777       -           -           0.671395362698933063     
D0           64256       7190        57066       11549       64236       2236        6596        82125       11549       -           -           0.622564724218547060     
D0           9971        2871        7100        4657        52375       91159       6596        43315       4657        -           -           0.616491303414215159     
D0           45546       13463       32083       14838       75955       58584       6596        96762       14838       -           -           0.907332524599002560     
D0           70428       18779       51649       30377       21165       99546       6596        31495       30377       -           -           0.618197978733910524     
D0           22979       14437       8542        93973       42793       94883       6596        94958       22979       -           -           0.628269289351146699     
D0           58198       8876        49322       46267       21012       76498       6596        55118       10474       -           -           0.847431735726561008     
D0           39421       3193        36228       5643        27074       23542       6596        44724       5643        -           -           0.565833776360092149     
D0           15901       7713        8188        41688       87460       8839        6596        80022       15901       -           -           0.485063832463367083     
D0           54291       8490        45801       18018       17261       76791       6596        78898       18018       -           -           0.471195471195471195     
D0           55065       547         54518       6296        95385       19364       6596        89635       6296        -           -           0.086880559085133418     
D0           37263       7823        29440       63892       74633       19856       6596        4821        10634       -           -           0.735659206319353018     
D0           88991       17055       71936       34514       52520       99550       66983       50925       34514       -           -           0.494147302543895230     
D0           78230       21822       56408       36075       81952       58988       66983       39528       36075       -           -           0.604906444906444906     
D0           16533       13917       2616        40473       19785       66754       66983       34427       16533       -           -           0.841771003447650154     
D0           86838       1932        84906       46110       56064       92084       66983       1472        5382        -           -           0.358974358974358974     
D0           80648       8556        72092       45075       77707       40777       66983       16284       9502        -           -           0.900442012207956219     
D0           74324       14756       59568       33058       73942       58594       66983       69129       33058       -           -           0.446366991348538931     
D0           6748        761         5987        23627       82157       71439       66983       9295        6748        -           -           0.112774155305275637     
D0           43597       8642        34955       87223       51442       27008       66983       22219       43597       -           -           0.198224648484987499     
D0           29421       5855        23566       49504       3276        88608       60082       55707       9338        -           -           0.627007924609124009     
D0           44130       5979        38151       77958       64622       82527       60082       52619       10302       -           -           0.580372743156668608     
D0           43339       9463        33876       77042       18925       67014       60082       23494       9636        -           -           0.982046492320464923     
D0           80385       776         79609       62855       14022       56690       60082       55001       10265       -           -           0.075596687773989283     
D0           83804       2034        81770       61673       45752       54281       60082       97249       17411       -           -           0.116822698294181839     
D0           40445       30483       9962        83946       26404       74191       60082       5901        40445       -           -           0.753690196563234021     
D0           59141       11977       47164       89445       96427       52113       60082       76623       28837       -           -           0.415334466137254222     
D0           10145       919         9226        66318       92204       10488       60082       83374       10145       -           -           0.090586495810744208     
D0           94408       17510       76898       28753       181         77800       60082       29281       28753       -           -           0.608979932528779605     
D0           84067       19532       64535       35072       66942       91187       60082       23286       35072       -           -           0.556911496350364963     
D0           39420       26730       12690       87737       83314       87460       60082       93851       39420       -           -           0.678082191780821917     
D0           51602       4055        47547       67177       37665       35603       60082       7965        4877        -           -           0.831453762558950174     
D0           35984       33784       2200        76817       59476       6096        60082       41767       35984       -           -           0.938861716318363717     
D0           26543       120         26423       8529        97257       44950       60082       44664       8529        -           -           0.014069644741470277     
D0           52766       8164        44602       82842       89263       40744       60082       4061        22690       -           -           0.359806081974438078     
D0           51302       454         50848       94521       66840       57972       60082       87735       8083        -           -           0.056167264629469256     
D0           63747       16338       47409       86150       45704       16536       92080       13717       18941       -           -           0.862573253788078770     
D0           91261       6094        85167       55747       79269       7517        92080       40789       20233       -           -           0.301191123412247318     
D0           98072       564         97508       95252       83185       8968        92080       41543       2192        -           -           0.257299270072992700     
D0           80249       7531        72718       19430       21267       58338       92080       49316       19430       -           -           0.387596500257334019     
D0           53590       2117        51473       31578       72978       33556       92080       18037       9566        -           -           0.221304620531047459     
D0           53773       10943       42830       15465       84330       82666       92080       47867       15465       -           -           0.707597801487229227     
D0           84535       10058       74477       47903       52391       87449       92080       54699       11271       -           -           0.892378670925383728     
D0           18226       16370       1856        75205       43373       74378       92080       87801       18226       -           -           0.898167453088993745     
D0           36878       34491       2387        78762       33203       47478       92080       89291       36878       -           -           0.935273062530505992     
D0           51218       3175        48043       81473       25545       15399       92080       28521       20963       -           -           0.151457329580689786     
D0           60796       13599       47197       39072       81647       5396        92080       10602       17348       -           -           0.783894397048651141     
D0           93902       6040        87862       45652       40092       70483       92080       57207       45652       -           -           0.132305265924822570     
D0           13064       9838        3226        43918       8959        87824       20889       84950       13064       -           -           0.753061849357011635     
D0           54009       495         53514       8388        79196       41364       20889       21690       8388        -           -           0.059012875536480686     
D0           59758       2533        57225       42077       83053       67228       20889       98773       6715        -           -           0.377215189873417721     
D0           42268       14127       28141       66480       51153       93297       20889       85855       18056       -           -           0.782399202481169694     
D0           38885       1709        37176       23779       95610       83398       20889       63529       8673        -           -           0.197048310849763634     
D0           94748       4640        90108       39981       81971       67398       20889       19825       39981       -           -           0.116055126184937845     
D0           72836       164         72672       25737       67654       11422       20889       1099        25737       -           -           0.006372149046120371     
D0           37261       3079        34182       91051       3595        63291       20889       29194       37261       -           -           0.082633316336115509     
C            90535       63726       26809       96999       41306       35455       90460       42454       39          1634        -           -                        
C            82548       19692       62856       73377       62894       23792       82386       81285       9           2188        -           -                        
C            52181       72200       79648       43785       39423       29770       62752       15378       1805        40          -           -                        
C            29030       57514       71183       30394       62142       36206       48593       96457       386         149         -           -                        
C            23737       58392       65012       23185       92743       9425        96170       74785       1           58392       -           -                        
C            37289       86416       50540       37272       84462       84431       69725       31248       8           10802       -           -                        
C            14288       85880       28075       14477       7110        48630       13537       79213       113         760         -           -                        
C            8969        60975       47661       13341       67790       84          2336        91736       225         271         -           -                        
C            17190       17814       99043       12894       52225       24844       2336        82650       6           2969        -           -                        
C            55535       5377        50158       283         93511       36347       43333       92591       283         19          -           -                        
C            74006       16236       57770       79560       3808        60533       59097       42614       1804        9           -           -                        
C            44779       86299       58147       29989       32591       75992       88084       61379       409         211         -           -                        
C            32369       82122       49914       31417       29152       65852       43660       28947       1           82122       -           -                        
C            80127       11704       68423       82412       2231        74642       39417       62057       152         77          -           -                        
C            41602       59260       82009       27736       21112       58880       77152       1268        4           14815       -           -                        
C            81831       64200       17631       2675        89824       62384       74539       2211        2675        24          -           -                        
C            37522       61320       75869       37483       1859        94165       74539       70588       4           15330       -           -                        
C            64125       60433       3692        64123       68754       61327       46099       76661       1           60433       -           -                        
C            44473       84790       59350       44507       41244       99598       1747        31383       1           84790       -           -                        
C            12981       6180        6801        25756       45076       54526       6741        78821       206         30          -           -                        
C            2           27430       72239       97311       88548       57287       29917       31460       2           13715       -           -                        
C            94668       61876       32792       94660       24637       49985       33860       22313       4           15469       -           -                        
C            33232       33148       84          34084       6052        26948       42930       78527       4           8287        -           -                        
C            44276       4230        40046       44286       77420       52244       18549       70251       6           705         -           -                        
C            51146       85118       65695       66905       53798       34999       18549       50804       3869        22          -           -                        
C            86543       30220       56323       86546       3068        60777       78584       4298        2           15110       -           -                        
C            88457       39780       48677       73717       72943       53012       55555       31192       17          2340        -           -                        
C            61749       94237       67179       49531       42695       90522       55555       31059       659         143         -           -                        
C            47958       40926       7032        57          54437       37639       44441       15045       57          718         -           -                        
C            89067       61824       27243       79208       3478        6843        66080       72977       336         184         -           -                        
C            19535       7620        11915       15634       43671       69170       94895       70918       30          254         -           -                        
C            79968       68808       11160       84164       81893       97509       44413       50710       244         282         -           -                        
C            55274       26125       29149       55781       16406       31709       87546       60272       11          2375        -           -                        
C            66688       19580       47108       65924       77302       44191       2368        40931       220         89          -           -                        
C            48323       9215        39108       72475       41914       25809       91695       49653       19          485         -           -                        
C            37028       72912       63783       55536       37485       61054       51678       41823       12          6076        -           -                        
C            9381        1977        7404        4691        85277       75446       70355       48836       1           1977        -           -                        
C            4267        7182        96752       5318        75265       37331       30470       77366       63          114         -           -                        
C            51084       50544       540         50440       16585       99009       21578       27905       208         243         -           -                        
C            58892       50370       8522        58918       92340       74698       94808       40638       2           25185       -           -                        
C            47275       76125       70817       47065       7399        90756       66684       12174       25          3045        -           -                        
C            64257       83102       80822       67637       96021       15973       71668       70012       37          2246        -           -                        
C            39537       36369       3168        38339       9919        38478       37230       89502       3           12123       -           -                        
C            31007       38929       91745       46510       95680       78907       15283       15389       1           38929       -           -                        
C            98543       75681       22862       97785       568         33336       93703       22067       3           25227       -           -                        
C            85104       14308       70796       84364       60900       24563       83169       21400       4           3577        -           -                        
C            56923       77832       78758       68082       12005       66954       26999       75506       1128        69          -           -                        
C            81664       46676       34988       3334        1833        34366       30445       82456       3334        14          -           -                        
C            35386       5040        30346       84          4795        3492        6884        10186       84          60          -           -                        
C            92956       47096       45860       93220       73112       93283       6884        42740       28          1682        -           -                        
C            12496       27820       84343       6261        19816       29660       6884        39494       26          1070        -           -                        
C            60211       3127        57084       66232       30746       18447       78147       81031       1           3127        -           -                        
C            88798       25612       63186       76          86731       64010       7303        43298       76          337         -           -                        
C            6833        56680       49820       1417        54296       77869       27568       25083       1417        40          -           -                        
A            45227       17791       27436       72663       42106       93744       98237       59785       17791       1           -           -                        
C            74632       84624       89675       69989       61227       89727       98237       55048       344         246         -           -                        
C            67260       31700       35560       63305       88318       4886        26820       23331       25          1268        -           -                        
C            75963       30171       45792       75944       80285       94346       81201       22938       1           30171       -           -                        
C            17691       88580       28778       1           56167       36666       17621       25751       1           88580       -           -                        
C            62483       11341       51142       67604       19953       84810       91313       38208       1031        11          -           -                        
C            99209       95667       3542        99121       49306       37695       3490        23153       33          2899        -           -                        
C            25519       51118       74068       27020       27098       75805       61535       62668       2           25559       -           -                        
C            67814       13754       54060       72656       7294        39281       41418       33206       26          529         -           -                        
C            10505       55697       54475       10707       66991       85822       39962       2960        1           55697       -           -                        
C            50081       37917       12164       12639       40763       10201       8928        30603       12639       3           -           -                        
C            6           1080        98593       58198       84824       27916       11533       50891       6           180         -           -                        
C            71221       95314       75574       71218       40739       35757       27852       43875       1           95314       -           -                        
C            5744        46948       58463       5942        39458       13736       60711       71661       2           23474       -           -                        
C            87454       23898       63556       87331       80795       86866       67282       55969       1           23898       -           -                        
C            96082       63114       32968       94002       27773       49548       96943       62893       402         157         -           -                        
C            16          40832       58851       92332       79502       73620       46709       68334       16          2552        -           -                        
C            103         19570       80200       82693       47472       76778       49776       4993        103         190         -           -                        
C            35962       69030       66599       35788       17480       12067       59543       67684       118         585         -           -                        
C            57235       74373       82529       60601       36768       68520       37043       71719       13          5721        -           -                        
C            87326       20400       66926       87333       66443       87134       31647       87427       1           20400       -           -                        
C            37945       82399       55213       28459       11642       35385       31647       36143       1           82399       -           -                        
C            28441       83040       45068       28382       13142       65739       22399       53700       3           27680       -           -                        
C            88501       50730       37771       8455        54791       45940       44862       76306       8455        6           -           -                        
C            93220       94208       98679       91829       38640       41667       46214       16139       23          4096        -           -                        
C            74320       56140       18180       74403       71178       71418       97848       68375       35          1604        -           -                        
C            50970       63450       87187       54710       69038       76757       18619       665         2350        27          -           -                        
C            79485       19459       60026       79693       13992       87485       38462       1020        29          671         -           -                        
C            94243       86388       7855        93623       96265       70255       64925       94544       3           28796       -           -                        
C            20751       14276       6475        22334       19516       80129       21422       28906       172         83          -           -                        
C            51085       46439       4646        51217       86478       42866       85710       7712        1           46439       -           -                        
C            45031       46899       97799       43481       80103       61472       91247       4282        81          579         -           -                        
C            4866        15162       89371       3           15280       74822       18241       13790       3           5054        -           -                        
C            20184       79296       40555       20345       92557       61886       89147       27576       59          1344        -           -                        
C            47810       70638       76839       47736       94304       68511       31900       1901        6           11773       -           -                        
C            64177       95632       68212       64205       94992       51472       45791       56390       1           95632       -           -                        
C            2317        16345       85639       2154        45210       63861       86962       49415       35          467         -           -                        
C            87381       14846       72535       87314       24978       87668       77048       21803       13          1142        -           -                        
C            94231       66114       28117       94229       67115       27746       5963        35386       1           66114       -           -                        
C            96717       77028       19689       96427       21511       2525        73668       59940       147         524         -           -                        
C            53572       30504       23068       56123       66423       84810       82532       61459       1           30504       -           -                        
C            60254       70488       89433       60383       77984       48785       25755       24979       11          6408        -           -                        
C            90984       98496       92155       89468       90715       51783       24455       14418       24          4104        -           -                        
C            85300       76120       9180        85430       9657        67145       26123       34768       20          3806        -           -                        
C            18564       65279       52952       18227       14815       64477       82130       68409       29          2251        -           -                        
C            85201       13566       71635       78821       73479       79946       59426       46971       2261        6           -           -                        
C            2952        75998       26621       3217        74841       82954       93653       30765       37          2054        -           -                        
C            35075       70150       64592       96992       86974       52845       39485       35596       35075       2           -           -                        
C            1183        81396       19454       1771        44072       55105       39485       87068       7           11628       -           -                        
C            69574       8070        61504       69563       83370       70332       23530       97049       10          807         -           -                        
C            45067       78510       66224       45075       96954       32422       99274       16870       3           26170       -           -                        
C            98120       27016       71104       99542       42338       50874       31139       29469       2           13508       -           -                        
C            33683       77555       55795       35214       41329       61452       31139       44454       1           77555       -           -                        
C            57185       63434       93418       53102       78681       69279       89403       57244       23          2758        -           -                        
C            88491       15515       72976       87905       64366       28039       39873       27914       5           3103        -           -                        
C            84959       65340       19619       84166       36235       10460       63080       44176       108         605         -           -                        
C            2742        43056       59353       5392        31856       93560       63080       98517       92          468         -           -                        
C            74683       26640       48043       74817       5665        28585       1614        12672       45          592         -           -                        
C            27494       19596       7898        36658       16764       92190       52965       5780        2           9798        -           -                        
C            32615       24968       7647        32617       33022       83584       52965       25414       1           24968       -           -                        
C            91636       98890       92413       73311       53441       30397       8876        64400       11          8990        -           -                        
C            75087       57720       17367       81913       48917       62821       71433       84760       1           57720       -           -                        
C            31278       37179       93766       21005       84393       10811       67687       68663       459         81          -           -                        
C            46262       36613       9649        31101       75625       22994       61040       83900       779         47          -           -                        
C            41809       12535       29274       52261       2615        19153       66742       27256       1           12535       -           -                        
C            50301       19460       30841       99212       86132       31406       11329       90461       1390        14          -           -                        
C            88322       2055        86267       90709       74205       34564       11329       87599       3           685         -           -                        
C            2789        14390       88066       3021        19005       47812       22571       5481        5           2878        -           -                        
C            26502       5724        20778       26472       18482       15144       56801       8154        12          477         -           -                        
C            96055       87928       8127        82387       83449       39713       44990       18898       379         232         -           -                        
C            25721       63687       61701       19308       67017       2820        71722       73599       69          923         -           -                        
C            34226       14768       19458       17115       47245       75249       69805       91537       4           3692        -           -                        
C            43348       22912       20436       43328       27899       93056       90235       81302       8           2864        -           -                        
C            49653       31235       18418       49537       49501       86329       90235       51613       5           6247        -           -                        
C            32331       7376        24955       32321       30088       72416       15725       50801       1           7376        -           -                        
C            9136        3596        5540        10940       50657       96352       92251       83272       116         31          -           -                        
C            94058       27864       66194       648         55409       84705       47626       54303       648         43          -           -                        
C            84583       319         84264       79884       85340       10638       74054       54637       1           319         -           -                        
C            1           26826       72842       31228       90050       28020       49915       31513       1           26826       -           -                        
C            45936       92016       53587       91440       41724       59682       69828       2926        432         213         -           -                        
C            38836       89670       48833       2989        46872       46425       51062       97079       2989        30          -           -                        
C            39712       54478       84901       39723       26032       22020       12236       74760       2           27239       -           -                        
C            90329       79004       11325       90315       57148       27346       64699       53152       1           79004       -           -                        
C            90289       73299       16990       90322       4237        86586       23714       63600       1           73299       -           -                        
C            15665       34385       80947       14105       36398       73821       70369       75700       65          529         -           -                        
C            33997       81570       52094       5438        53946       49647       46582       47036       5438        15          -           -                        
C            56953       806         56147       37973       60540       76654       23300       95357       13          62          -           -                        
C            86731       83257       3474        86761       34629       32914       52924       3531        1           83257       -           -                        
C            18454       62568       55553       18699       80699       60662       28668       26143       79          792         -           -                        
C            97233       38579       58654       96409       94866       15778       33435       41013       1           38579       -           -                        
C            67908       10926       56982       78619       51011       50260       27772       18800       3642        3           -           -                        
C            54419       86255       67831       72557       22378       79018       88214       3990        5           17251       -           -                        
C            1052        53652       47067       4418        64886       63472       88214       60499       1052        51          -           -                        
C            26433       79515       46585       15309       9385        46389       61217       45302       4185        19          -           -                        
C            67215       55854       11361       89617       89460       37868       85678       47548       9           6206        -           -                        
C            85668       64488       21180       86184       78525       73075       27825       9661        12          5374        -           -                        
C            85944       86790       98821       92555       21023       63072       61919       89758       1           86790       -           -                        
C            64413       90374       73706       32243       98902       72135       64616       27502       73          1238        -           -                        
C            88259       63450       24809       88016       89254       41474       64007       67099       50          1269        -           -                        
C            91670       75620       16050       84064       18850       79093       26954       68687       398         190         -           -                        
C            42227       93946       47948       41837       29085       43809       88493       46374       107         878         -           -                        
C            52474       33300       19174       52804       43197       3709        93953       6265        4           8325        -           -                        
C            90956       90338       618         91225       95056       88710       48022       96189       34          2657        -           -                        
C            21418       15275       6143        42831       64745       92351       22793       64885       5           3055        -           -                        
C            40765       71698       68734       30574       18812       43096       50983       50685       1           71698       -           -                        
C            49721       29367       20354       39          97251       67861       1815        69829       39          753         -           -                        
C            74634       21910       52724       72814       43586       21876       72395       73979       14          1565        -           -                        
C            41117       1965        39152       43281       74688       78558       13338       27587       1           1965        -           -                        
C            49878       96624       52921       48957       30254       55027       67443       58682       144         671         -           -                        
C            58142       11876       46266       57971       35820       34579       29710       3317        2           5938        -           -                        
C            92870       43624       49246       92881       49614       7750        29706       19326       8           5453        -           -                        
C            17126       17744       99049       17263       40039       35985       55045       71178       1           17744       -           -                        
C            99456       69160       30296       94940       26389       65426       69272       28869       104         665         -           -                        
C            4046        50945       52768       8069        43488       35920       55464       526         23          2215        -           -                        
C            70433       62100       8333        46957       21913       41701       56875       63811       5           12420       -           -                        
C            77263       9272        67991       77536       16253       64203       53043       63095       4           2318        -           -                        
C            27492       29169       97990       27715       37355       12861       9518        15884       63          463         -           -                        
C            77345       25954       51391       2           10929       65478       77372       46831       2           12977       -           -                        
C            1095        98398       2364        548         16178       30754       39293       11354       1           98398       -           -                        
C            46540       20595       25945       46713       90776       42738       46309       37136       3           6865        -           -                        
C            54415       76284       77798       53593       68564       92936       67971       84905       163         468         -           -                        
C            8496        22374       85789       6342        56458       32461       47871       20510       2034        11          -           -                        
C            73345       38434       34911       37546       15824       48488       5372        73430       1747        22          -           -                        
C            2216        76998       24885       1111        13790       76662       22626       54761       6           12833       -           -                        
C            25339       95199       29807       26277       8427        70469       22626       46137       13          7323        -           -                        
C            68926       41083       27843       68921       53471       49325       56734       38741       1           41083       -           -                        
C            71220       78390       92497       64107       42599       65437       86060       9929        90          871         -           -                        
C            26481       73440       52708       24075       78825       86960       86060       12841       15          4896        -           -                        
C            46486       9486        37000       46491       44224       27638       79532       63766       1           9486        -           -                        
C            76069       51192       24877       77316       59933       67227       97816       53221       2           25596       -           -                        
C            204         45900       53971       85771       80952       25707       32087       4684        204         225         -           -                        
C            47967       79281       68353       43191       22215       90032       67281       9479        207         383         -           -                        
C            89372       83885       5487        59613       71778       40395       2315        74984       95          883         -           -                        
C            81616       3894        77722       81849       13231       3863        38762       2456        66          59          -           -                        
C            61106       91424       69349       60992       55473       14432       45284       69427       2           45712       -           -                        
C            12785       87791       24661       19051       58676       49985       36697       77354       253         347         -           -                        
C            2732        13335       89064       2941        22566       57077       45506       31708       15          889         -           -                        
C            55476       75750       79393       73867       15734       27034       71604       19135       303         250         -           -                        
C            74012       56292       17720       12          80902       86394       60975       28232       12          4691        -           -                        
C            35976       83031       52612       36001       93200       75496       22212       84597       1           83031       -           -                        
C            47594       36036       11558       71313       96444       38416       22881       17337       156         231         -           -                        
C            45878       15285       30593       47713       26254       90349       6185        8508        3           5095        -           -                        
C            98223       520         97703       98177       15678       16681       50722       11570       13          40          -           -                        
C            93802       48832       44970       93333       9516        39443       88147       67958       2           24416       -           -                        
C            7           88179       11495       7579        36661       60299       90555       98427       7           12597       -           -                        
C            1059        88956       11770       75848       48890       36892       59312       88481       1059        84          -           -                        
C            26641       42961       83347       26281       54333       76470       55572       76          1           42961       -           -                        
C            81667       95765       85569       60829       22509       92346       66405       22458       19153       5           -           -                        
C            95001       4419        90582       94801       45909       29575       89487       39566       1           4419        -           -                        
C            59618       55939       3679        55045       94463       81711       16161       34482       169         331         -           -                        
C            91690       29610       62080       90545       29389       85820       71333       17239       90          329         -           -                        
C            20770       75134       45303       22658       15167       41841       95692       35858       2           37567       -           -                        
C            29857       91715       37809       31654       42979       59640       63927       68639       1105        83          -           -                        
C            19415       91366       27716       20108       79539       68629       23471       29953       11          8306        -           -                        
C            77927       9240        68687       55          41074       7447        93552       55092       55          168         -           -                        
C            63935       35626       28309       66394       71939       56639       44095       66302       1           35626       -           -                        
C            38068       92359       45376       25379       96067       20397       66031       90699       1           92359       -           -                        
C            50726       46592       4134        50078       8822        21584       26761       39140       182         256         -           -                        
C            79940       66224       13716       84936       66298       86403       55132       21294       4           16556       -           -                        
C            72793       37626       35167       71538       71744       27999       23121       33033       3           12542       -           -                        
C            69635       15282       54353       69363       65423       7964        92947       41055       3           5094        -           -                        
C            52445       80250       71862       52944       9424        21665       90737       11367       50          1605        -           -                        
C            30465       9900        20565       60929       76542       47566       81482       4094        1           9900        -           -                        
C            88813       3470        85343       78946       87419       70610       64017       89853       10          347         -           -                        
C            64873       18995       45878       65152       92494       57404       47903       31330       145         131         -           -                        
C            84          9240        90511       91922       26474       98782       85775       2214        84          110         -           -                        
C            40334       28804       11530       40380       79193       21164       45768       48250       38          758         -           -                        
C            78416       38305       40111       89595       45272       70642       12697       14172       163         235         -           -                        
C            75289       74740       549         72173       52655       87859       37110       12125       505         148         -           -                        
C            27690       87894       39463       20769       46286       83352       6943        9373        6           14649       -           -                        
C            84270       37062       47208       90288       98464       19063       89269       95908       18          2059        -           -                        
C            13006       26012       86661       92283       93270       80520       6962        56490       13006       2           -           -                        
C            17776       98480       18963       17934       16495       40170       41840       5444        80          1231        -           -                        
A            5326        576         4750        10076       95676       71495       30093       33089       576         1           -           -                        
C            69304       57526       11778       2           64905       40868       50409       13686       2           28763       -           -                        
C            77023       95326       81364       85581       11447       58230       8963        42724       1           95326       -           -                        
C            46660       27510       19150       46641       12147       32299       29081       82414       15          1834        -           -                        
C            25839       11070       14769       25688       65495       93308       79288       62993       18          615         -           -                        
C            33802       98794       34675       33782       18081       88479       75148       58292       2           49397       -           -                        
A            92793       5818        86975       80368       30043       33622       79623       99080       5818        1           -           -                        
C            11677       14573       96771       12233       22035       84203       95901       73619       1           14573       -           -                        
C            2191        67921       33937       91283       64749       24907       86556       24862       2191        31          -           -                        
C            51236       41644       9592        57461       93951       43494       84069       60044       1436        29          -           -                        
C            27401       86108       40960       33762       71741       3011        29844       70741       1957        44          -           -                        
C            70550       35928       34622       73263       8636        55070       10047       92285       12          2994        -           -                        
C            40233       37398       2835        40188       75397       5764        45778       78574       3           12466       -           -                        
C            94774       92397       2377        75823       65327       19818       51390       5892        19          4863        -           -                        
C            20576       29124       91119       20524       4176        23967       10001       86786       36          809         -           -                        
C            37976       32996       4980        40498       66746       10498       17841       49943       146         226         -           -                        
C            5469        16250       88886       4973        98956       83960       247         94037       13          1250        -           -                        
C            72831       87744       84754       67629       75590       60670       30313       56985       3           29248       -           -                        
C            22308       41258       80717       44615       46184       95531       67713       24745       1           41258       -           -                        
E            71962       17990       53972       -           89218       49966       67713       52183       -           -           -           -                        
C            59852       12724       47128       59870       43785       53733       74468       8896        2           6362        -           -                        
C            12401       17946       94122       12216       29621       91767       57573       33039       6           2991        -           -                        
C            38215       3212        35003       47568       1912        27965       6422        70269       803         4           -           -                        
C            1787        93198       8256        2670        71545       29345       92006       53392       21          4438        -           -                        
C            77178       31416       45762       84753       8656        3015        43178       65128       1428        22          -           -                        
C            41978       98406       43239       52434       75979       35063       30727       7948        154         639         -           -                        
C            7518        90672       16513       7933        53372       76446       27619       83004       48          1889        -           -                        
C            39615       25701       13914       33019       8403        46890       62746       94048       39          659         -           -                        
C            42720       55760       86627       34504       73530       13959       79221       13962       1640        34          -           -                        
C            44416       64218       79865       5838        48782       10800       5828        19133       5838        11          -           -                        
C            33477       41976       91168       39056       1900        75138       29606       45764       3           13992       -           -                        
C            50793       23002       27791       52544       65105       8938        80913       90871       14          1643        -           -                        
C            80029       20398       59631       1           31980       49419       67758       16724       1           20398       -           -                        
C            92380       86284       6096        61858       25822       27538       64177       6426        814         106         -           -                        
C            60728       69710       90685       61426       20328       64967       1971        1288        2           34855       -           -                        
F            78211       16051       62160       78211       34883       47680       51969       52924       -           -           -           -                        
C            72198       13035       59163       68401       75321       71454       86628       11810       55          237         -           -                        
C            37512       19932       17580       37559       4120        88137       15391       47516       6           3322        -           -                        
C            10471       58359       51779       10503       46110       305         51934       63556       7           8337        -           -                        
C            66357       53656       12701       79598       28203       45244       12054       20852       152         353         -           -                        
C            73722       24288       49434       72336       23818       88648       78300       34130       264         92          -           -                        
C            75345       80378       94634       74068       35209       54018       92545       42817       2           40189       -           -                        
C            1           44521       55147       47608       16535       6790        85478       37145       1           44521       -           -                        
C            42902       64212       78357       42927       57074       27674       42434       82373       2           32106       -           -                        
C            42090       92274       49483       41798       61488       18437       30882       27301       42          2197        -           -                        
C            64977       36149       28828       65168       47947       65873       72324       78251       37          977         -           -                        
C            89603       77190       12413       87365       37213       32581       30801       7362        83          930         -           -                        
C            24477       88320       35824       48953       49237       63912       79108       70613       1           88320       -           -                        
C            21087       51660       69094       15817       92044       3345        65425       3288        7           7380        -           -                        
C            74035       81737       91965       73873       79505       24441       53611       93380       1           81737       -           -                        
C            58802       54894       3908        59202       81382       67319       13861       53289       2           27447       -           -                        
C            53111       46872       6239        39849       88471       40830       55448       74025       63          744         -           -                        
C            24075       34377       89365       4911        86403       36706       55448       57608       4911        7           -           -                        
C            735         91875       8527        55679       25387       55330       16074       66799       735         125         -           -                        
C            90294       10308       79986       90237       54198       18963       93099       43870       6           1718        -           -                        
C            69040       102         68938       69691       64163       39414       94814       30548       34          3           -           -                        
C            51129       20331       30798       50513       91239       93216       30520       53840       1           20331       -           -                        
C            31543       92365       38845       23771       43721       89888       10646       97736       455         203         -           -                        
C            52614       24358       28256       65767       13012       15286       27888       10373       2           12179       -           -                        
C            3352        42358       60661       3377        42210       8687        2100        9767        2           21179       -           -                        
C            12914       12740       174         12909       90647       47810       72952       39556       4           3185        -           -                        
C            20107       28437       91337       16756       32301       59407       72985       81210       1           28437       -           -                        
C            35451       64935       70183       31513       4451        92016       11058       36021       9           7215        -           -                        
C            94055       35400       58655       80627       89838       49080       34767       23491       59          600         -           -                        
C            44329       65944       78052       43344       36485       52759       73213       40221       4           16486       -           -                        
C            71538       2998        68540       71534       86759       10758       65390       880         2           1499        -           -                        
C            61251       49275       11976       68880       33564       20135       65390       80364       219         225         -           -                        
C            32047       41246       90468       29582       96663       95344       17515       43715       2           20623       -           -                        
C            43290       11336       31954       44063       6272        42642       17515       56573       2           5668        -           -                        
C            39067       57817       80917       77955       8520        50720       1267        29825       179         323         -           -                        
C            75340       875         74465       75035       24890       67055       67008       65170       5           175         -           -                        
C            87661       48268       39393       87657       85649       9841        35170       74921       1           48268       -           -                        
C            87916       90440       97143       86086       16714       7137        5911        70501       76          1190        -           -                        
C            33245       13804       19441       33192       95934       63401       53093       51098       14          986         -           -                        
C            8187        57375       50479       8101        89546       61763       58725       56470       17          3375        -           -                        
E            5142        1285        3857        -           17985       25291       17877       75921       -           -           -           -                        
C            25633       60262       65038       25617       11444       98389       18877       37437       1           60262       -           -                        
C            57511       29762       27749       59428       44821       64292       95470       79499       1           29762       -           -                        
C            90725       66255       24470       92165       811         51852       78543       10159       5           13251       -           -                        
C            49503       62025       87145       49578       92621       85147       20076       23062       3           20675       -           -                        
C            61702       48456       13246       61304       25575       78676       65205       30621       12          4038        -           -                        
C            16133       45          16088       15697       95009       81626       42431       42045       1           45          -           -                        
C            4880        43348       61199       4874        84478       3379        37429       7681        2           21674       -           -                        
C            76550       12875       63675       77765       21921       52781       54828       85964       5           2575        -           -                        
C            2147        38795       63019       2105        1462        50653       45702       40316       5           7759        -           -                        
C            19761       82625       36803       39497       35530       19438       12091       71716       25          3305        -           -                        
C            60264       21060       39204       61697       1679        62247       96142       95643       78          270         -           -                        
C            80656       81396       98927       60499       22546       86094       61720       73368       28          2907        -           -                        
C            30734       19404       11330       31432       14947       81192       7458        8343        22          882         -           -                        
C            17782       76944       40505       17641       88372       37571       34555       44572       16          4809        -           -                        
C            49904       65416       84155       50828       90688       60556       32651       85152       8           8177        -           -                        
C            61880       50575       11305       63091       50514       26529       42176       16478       119         425         -           -                        
C            60068       30100       29968       60071       638         77422       53          98152       2           15050       -           -                        
C            41341       39448       1893        4931        5674        37679       46228       2431        4931        8           -           -                        
C            48731       69615       78783       54629       55925       85924       85740       62742       1547        45          -           -                        
C            77300       78080       98887       75490       33138       31408       66182       26650       1280        61          -           -                        
C            16093       11361       4732        16096       68909       88902       11527       54415       1           11361       -           -                        
C            97843       49555       48288       97797       17857       50132       84975       66840       1           49555       -           -                        
C            329         6251        93745       20396       47205       48091       20519       53348       329         19          -           -                        
C            23677       57586       65758       35515       27453       94818       64654       56296       1           57586       -           -                        
C            80130       17102       63028       40082       1216        2164        56750       26734       34          503         -           -                        
C            59510       59295       215         59977       46762       58778       10319       2966        201         295         -           -                        
C            42612       27540       15072       41760       80954       77945       60597       43241       12          2295        -           -                        
C            8134        64696       43105       8027        42713       64148       25480       14513       2           32348       -           -                        
C            54553       82732       71488       50479       54490       41545       52001       76483       1591        52          -           -                        
C            74274       97836       76105       72641       40859       77842       56829       83131       789         124         -           -                        
C            1339        5356        95650       18121       19548       56743       52655       86309       1339        4           -           -                        
C            54036       36772       17264       49124       27498       96182       50712       57073       4           9193        -           -                        
C            66333       98222       67778       66335       54442       43149       22388       14468       1           98222       -           -                        
C            8466        18016       90117       4235        18469       74795       86651       76841       4           4504        -           -                        
C            41180       50616       90231       5624        61806       49245       47511       44537       5624        9           -           -                        
C            63929       18          63911       63932       97588       41629       47511       73348       2           9           -           -                        
C            74585       62302       12283       37293       72839       515         15221       92777       1           62302       -           -                        
C            49421       42558       6863        49281       7361        37634       48581       6532        1           42558       -           -                        
C            73102       14344       58758       73187       71141       22299       91850       35225       2           7172        -           -                        
C            79417       19824       59593       79120       3066        37149       52364       34139       118         168         -           -                        
C            54446       71272       82841       27525       2959        82195       84126       11072       604         118         -           -                        
C            18079       95235       22511       16950       87715       74999       41353       63910       15          6349        -           -                        
E            82842       62132       20710       -           79868       37993       78308       46143       -           -           -           -                        
C            14455       17188       96934       14236       94926       34789       48316       69223       1           17188       -           -                        
C            36389       9747        26642       36067       29951       30080       48316       35633       3           3249        -           -                        
C            73837       38610       35227       69951       19355       94480       7049        77475       3           12870       -           -                        
C            70200       29185       41015       5837        28388       84925       85208       25957       5837        5           -           -                        
C            44608       87580       56695       44446       88517       97768       85208       12417       58          1510        -           -                        
C            92047       62220       29827       93105       48651       14039       29625       61054       1           62220       -           -                        
C            3395        76475       26587       3559        9837        28866       1683        14395       115         665         -           -                        
C            34317       26973       7344        51420       4150        94636       1683        751         111         243         -           -                        
C            90393       23394       66999       7798        7187        54612       69156       64169       7798        3           -           -                        
A            74891       9887        65004       58640       21033       31197       92973       91029       9887        1           -           -                        
C            79401       14080       65321       79376       13550       15982       22694       76204       1           14080       -           -                        
E            14615       85712       28570       -           61426       7424        55048       15023       -           -           -           -                        
C            38372       53600       84439       41503       23298       34777       36761       97325       800         67          -           -                        
C            48738       82878       65527       48645       27191       20301       75827       35030       6           13813       -           -                        
C            67575       18072       49503       69622       60835       48379       27479       7453        24          753         -           -                        
C            19972       62424       57215       26533       36927       40030       56175       62163       289         216         -           -                        
C            94148       60320       33828       92986       34171       28044       2028        20025       26          2320        -           -                        
C            13123       78738       34052       61326       35641       86973       18015       78464       13123       6           -           -                        
C            99308       48488       50820       98509       48487       50371       87713       46004       232         209         -           -                        
C            73588       27306       46282       88281       9442        67872       46042       53457       123         222         -           -                        
C            6991        10542       96116       6797        88530       82126       57518       81186       7           1506        -           -                        
C            46374       45136       1238        52997       8667        74466       57518       48637       13          3472        -           -                        
C            11170       61670       49167       11245       28393       30466       38592       28151       70          881         -           -                        
C            77325       53508       23817       77192       5983        64031       38592       72806       52          1029        -           -                        
C            76121       72535       3586        76986       20391       46604       70011       23812       1           72535       -           -                        
C            60133       60526       99274       67643       89318       71308       42211       19968       53          1142        -           -                        
C            9784        54848       54603       9918        15383       21524       19834       49471       2           27424       -           -                        
C            5618        77472       27813       2857        80985       66585       4735        56482       96          807         -           -                        
C            47586       86210       61043       44641       39834       29633       13979       1018        466         185         -           -                        
C            57665       86361       70971       38447       35435       34566       26046       83235       11          7851        -           -                        
C            26291       26136       155         25353       48962       19870       33941       40969       27          968         -           -                        
C            81049       35111       45938       60787       68862       16421       37397       37960       1           35111       -           -                        
C            70472       89300       80839       67286       36324       35754       38446       87860       380         235         -           -                        
C            24882       74646       49903       88393       17607       38888       2578        2110        24882       3           -           -                        
C            85003       93145       91525       84910       40254       89899       53667       48890       1           93145       -           -                        
C            73637       80376       92928       75077       85083       89158       30191       15576       197         408         -           -                        
C            85644       86928       98383       3622        20858       88180       11079       23313       3622        24          -           -                        
C            72976       10152       62824       72948       12852       67474       18451       26802       8           1269        -           -                        
C            82460       12384       70076       87613       67694       4511        35578       8413        12          1032        -           -                        
C            14761       79239       35189       15055       85363       66144       55934       82249       61          1299        -           -                        
C            91825       45230       46595       91841       64830       6054        50308       62233       1           45230       -           -                        
C            35359       14784       20575       34666       69557       47128       71749       12750       16          924         -           -                        
C            18510       51615       66562       18375       22285       57538       71749       19323       15          3441        -           -                        
C            79126       86570       92223       78432       79990       63589       82816       7801        10          8657        -           -                        
C            86905       62196       24709       81793       5281        73355       52343       74729       1           62196       -           -                        
C            47810       14292       33518       47398       86109       95194       20549       52398       18          794         -           -                        
C            61859       54096       7763        62229       20096       48929       77330       74991       69          784         -           -                        
C            45436       40891       4545        36349       91851       41400       20433       49688       1           40891       -           -                        
C            65752       88455       76964       65045       7674        92831       27635       17350       1           88455       -           -                        
C            52086       51975       111         34823       77748       69141       91944       36847       297         175         -           -                        
C            86799       70478       16321       86770       77062       41243       76653       30878       2           35239       -           -                        
C            26986       94378       32275       28785       54468       75157       84449       51870       1           94378       -           -                        
C            7395        59160       47902       81587       73888       77437       26249       41428       7395        8           -           -                        
C            55525       86436       68756       53734       30432       53654       49881       38950       4           21609       -           -                        
C            50638       52713       97592       46743       14565       20573       53326       86368       3           17571       -           -                        
C            71689       71522       167         70758       49953       97340       68537       37713       2           35761       -           -                        
C            18058       49938       67787       22569       69967       11768       67740       30583       14          3567        -           -                        
C            69645       44193       25452       70402       95433       44850       38401       42667       1           44193       -           -                        
C            35423       73824       61266       46718       92239       67968       65945       24142       1538        48          -           -                        
C            67601       7110        60491       67342       74630       31350       98023       19004       2           3555        -           -                        
C            77767       92283       85151       78356       13519       29510       69159       58971       19          4857        -           -                        
C            90466       59616       30850       88264       18058       10061       94335       95288       184         324         -           -                        
C            71095       73975       96787       65417       97349       25297       53071       29679       2959        25          -           -                        
C            69562       93434       75795       69334       72980       22805       49306       27394       22          4247        -           -                        
C            85325       95930       89062       85308       11868       78209       40940       92604       2           47965       -           -                        
C            75311       48704       26607       67856       71175       82664       68933       73010       761         64          -           -                        
C            75863       46667       29196       69543       45296       57182       62192       16211       23          2029        -           -                        
C            39277       3247        36030       39147       92844       54378       26033       39469       17          191         -           -                        
C            19124       65520       53271       48          35486       5533        92147       77520       48          1365        -           -                        
C            6079        36420       69326       6104        28621       71767       54899       82504       4           9105        -           -                        
C            86256       96096       89827       84842       30679       86545       85971       26662       2           48048       -           -                        
A            9765        720         9045        6750        65268       22017       85971       58162       720         1           -           -                        
C            16784       55040       61411       17469       85867       79494       35781       62974       344         160         -           -                        
C            46488       68886       77269       51639       19086       77565       49931       44683       129         534         -           -                        
C            27847       36428       91086       25991       87605       91592       51599       15713       7           5204        -           -                        
C            943         30176       70434       66569       91251       80936       52012       73894       943         32          -           -                        
C            57777       62535       94909       58178       68520       50774       84174       29085       33          1895        -           -                        
C            99235       84672       14563       42336       22294       85372       40658       71077       42336       2           -           -                        
C            91484       85392       6092        4744        34333       66768       13078       5820        4744        18          -           -                        
C            49159       31734       17425       10578       56119       54612       51247       64169       10578       3           -           -                        
C            78906       84344       94229       98227       20892       55644       48707       82974       1622        52          -           -                        
C            56783       96184       60266       37856       68814       77192       5666        11875       2           48092       -           -                        
C            9896        66606       42957       9942        51258       89249       21641       72217       6           11101       -           -                        
C            86561       51882       34679       69249       54015       40167       7434        44191       1           51882       -           -                        
C            95663       93934       1729        97601       38579       22910       7434        41286       701         134         -           -                        
C            55465       36840       18625       63388       42671       96896       10160       80459       4           9210        -           -                        
C            58119       89368       68418       58117       55107       26461       10272       46217       1           89368       -           -                        
C            43095       99110       43652       43097       46399       74248       59789       21489       1           99110       -           -                        
C            15759       32351       83075       23552       77975       440         50702       54128       173         187         -           -                        
C            33371       24518       8853        34960       45960       39989       10017       31848       2           12259       -           -                        
C            57631       94035       63263       57641       9801        95229       89834       25056       1           94035       -           -                        
C            33353       31260       2093        51076       87890       41836       35205       29008       15630       2           -           -                        
C            72713       72485       228         78727       8310        21586       89070       76588       545         133         -           -                        
C            89154       94176       94645       88724       93951       81936       66875       402         144         654         -           -                        
C            82768       85332       97103       77251       18286       57948       23230       85664       13          6564        -           -                        
C            42689       30784       11905       42684       75957       33299       23230       32711       4           7696        -           -                        
C            90584       60538       30046       90398       87006       21381       13265       67765       2           30269       -           -                        
C            57048       10452       46596       54462       71665       1856        97697       66907       156         67          -           -                        
C            74871       46240       28631       68065       74596       63365       90085       75137       5           9248        -           -                        
C            33430       20700       12730       32873       7829        87730       23242       10047       10          2070        -           -                        
C            65113       663         64450       65547       76574       97394       43453       94462       13          51          -           -                        
C            35319       25788       9531        35184       93295       92529       72630       14824       84          307         -           -                        
C            27239       7056        20183       26768       17284       93510       77817       47585       392         18          -           -                        
C            14815       29630       84852       68092       11684       66405       60450       53214       14815       2           -           -                        
C            29774       34194       95247       22351       29575       19368       7916        42018       82          417         -           -                        
C            40595       35526       5069        36913       33000       52133       77190       49599       93          382         -           -                        
C            21153       28566       92254       21138       43156       84947       7410        65714       3           9522        -           -                        
C            89506       97450       91723       90410       24121       19300       35436       32411       10          9745        -           -                        
C            66146       61663       4483        58799       59049       47712       39851       64054       23          2681        -           -                        
C            1           16508       83160       7967        95814       51086       10593       7937        1           16508       -           -                        
C            43169       54333       88503       43179       31615       17728       543         14538       9           6037        -           -                        
C            92856       22704       70152       87812       84204       61607       33654       64357       2064        11          -           -                        
C            5           72820       26852       9319        81596       10098       33654       32448       5           14564       -           -                        
C            51654       66450       84871       25830       32206       3603        2712        24549       6           11075       -           -                        
C            54541       87936       66272       54467       54112       87613       46701       89531       3           29312       -           -                        
C            21138       96975       23830       15          29095       71937       94869       26483       15          6465        -           -                        
C            285         31635       68317       33628       37726       25199       10465       12695       285         111         -           -                        
C            55154       84544       70277       5284        52151       87434       49260       3606        5284        16          -           -                        
C            45216       85444       59439       2084        44483       37646       44087       48481       2084        41          -           -                        
C            46755       48248       98174       47413       84789       95276       48759       15056       37          1304        -           -                        
C            26489       4370        22119       26485       41553       1387        34750       82623       1           4370        -           -                        
C            89550       86250       3300        80610       56760       36402       78675       31345       150         575         -           -                        
C            83427       50589       32838       84287       4878        10458       39432       33294       7           7227        -           -                        
C            23786       95157       28296       23151       95827       92731       1389        12200       291         327         -           -                        
C            98346       16936       81410       98308       15224       62462       99478       23255       2           8468        -           -                        
C            60836       93170       67333       59558       53018       50          45182       33768       770         121         -           -                        
C            6750        10998       95419       6682        47668       64754       51322       42591       18          611         -           -                        
C            644         26404       73907       45996       81005       10572       51322       51963       644         41          -           -                        
C            17375       97100       19942       19857       26893       50392       58498       97951       1           97100       -           -                        
C            21314       63942       57039       68728       17936       14985       58498       96192       21314       3           -           -                        
C            2516        91205       10978       2737        69891       45077       95364       69000       85          1073        -           -                        
C            93819       40498       53321       93758       30303       82633       10102       7497        1           40498       -           -                        
C            33863       64480       69050       52          39366       34549       55533       83617       52          1240        -           -                        
C            31608       90945       40330       53111       1622        38560       40964       89953       10105       9           -           -                        
C            9637        71100       38204       19199       98799       552         70635       16912       75          948         -           -                        
C            45817       97677       47807       46481       42994       53743       48438       44759       1           97677       -           -                        
C            56739       58600       97806       56786       77766       77634       28946       61829       10          5860        -           -                        
C            47167       25399       21768       51245       31783       58015       16900       74421       2309        11          -           -                        
C            23355       63027       59995       24652       47882       95492       97343       90978       9           7003        -           -                        
C            22290       75638       46319       20269       68427       36009       6426        8401        59          1282        -           -                        
C            90373       88662       1711        90379       34231       88591       88049       67872       1           88662       -           -                        
C            84338       59551       24787       84349       82325       10840       70478       19761       1           59551       -           -                        
C            40720       63468       76919       40714       49398       78862       70478       91969       4           15867       -           -                        
C            49137       4006        45131       36853       43340       34222       29688       90979       1           4006        -           -                        
F            36558       35296       1262        36558       94166       93156       73273       9886        -           -           -           -                        
C            15114       89352       25429       7446        25941       57078       56109       86934       7446        12          -           -                        
C            66762       78336       88093       99531       42290       27475       34347       21453       1224        64          -           -                        
C            62600       97625       64642       25          24548       25339       34347       79131       25          3905        -           -                        
C            65029       95493       69203       65677       6583        32334       54397       8932        229         417         -           -                        
C            69901       99143       70425       69961       70977       43710       97905       23720       1           99143       -           -                        
C            46404       58233       87838       46355       3182        14642       63352       7379        1           58233       -           -                        
C            32769       25650       7119        33921       46628       18505       21639       35624       513         50          -           -                        
C            21784       75708       45743       10895       77243       79670       21639       42612       6           12618       -           -                        
C            69644       67946       1698        69498       61732       22840       47279       6443        2           33973       -           -                        
C            55          93885       5837        12415       22174       8644        62345       48750       55          1707        -           -                        
C            4           51172       48499       57473       44147       38593       62345       79984       4           12793       -           -                        
C            74731       38912       35819       73546       49556       50197       31451       63072       76          512         -           -                        
C            127         83947       15847       98159       32846       43349       46055       72254       127         661         -           -                        
C            57956       33000       24956       58987       3922        60725       36041       19830       220         150         -           -                        
C            72318       15828       56490       12          38360       64134       47919       75130       12          1319        -           -                        
C            48546       56480       91733       48569       90204       14719       57179       310         16          3530        -           -                        
C            40178       68900       70945       17225       22717       79429       24824       18715       17225       4           -           -                        
C            87554       58228       29326       87490       48417       48558       33520       87383       2           29114       -           -                        
C            39565       38807       758         32971       80449       14535       70767       38422       1           38807       -           -                        
C            65498       9944        55554       58949       98281       52955       52398       17395       8           1243        -           -                        
C            87244       94883       92028       69843       27194       14769       94463       34825       239         397         -           -                        
C            29333       92275       36725       28471       89715       21599       40645       84926       25          3691        -           -                        
C            71597       10638       60959       71072       67169       83024       22946       69777       197         54          -           -                        
C            63130       71929       90868       84169       84230       23457       22946       88170       13          5533        -           -                        
C            51218       92142       58743       52467       13085       80545       68790       19651       9           10238       -           -                        
C            28279       78681       49265       28277       40933       120         79251       42644       1           78681       -           -                        
C            62305       36790       25515       49857       1423        54176       82283       82463       65          566         -           -                        
C            991         24775       75883       48597       628         50387       13169       13212       991         25          -           -                        
C            32033       72828       58872       1156        61117       98033       2000        96392       1156        63          -           -                        
C            83428       10728       72700       85031       94455       98140       6985        35413       72          149         -           -                        
C            20376       58280       61763       39812       87782       54933       6985        85993       940         62          -           -                        
C            69571       62125       7446        69446       16905       27372       19740       49734       71          875         -           -                        
C            3641        94774       8534        3550        99420       74635       55255       67406       1           94774       -           -                        
C            95752       46112       49640       76606       24216       96962       91771       9748        22          2096        -           -                        
C            61059       43572       17487       60847       21840       4653        85877       44195       3           14524       -           -                        
C            50445       12555       37890       49611       64625       39007       31303       55459       405         31          -           -                        
C            19225       93050       25842       18798       33416       36979       31303       51429       10          9305        -           -                        
C            2798        75546       26919       50574       55033       14482       33444       92685       2798        27          -           -                        
C            82391       52049       30342       74155       19784       83827       60241       93448       31          1679        -           -                        
C            45955       30375       15580       65895       76083       16483       54544       97895       6075        5           -           -                        
C            22138       44276       77529       81156       63673       74694       50178       48517       22138       2           -           -                        
C            73467       5929        67538       73646       98503       95665       75742       56079       77          77          -           -                        
C            53796       28152       25644       57154       13754       31526       50761       85669       68          414         -           -                        
C            89748       63384       26364       88970       93728       17136       45337       8397        278         228         -           -                        
C            15087       73876       40878       15356       16611       7531        28325       55079       23          3212        -           -                        
C            22822       60078       62411       22714       78860       9603        14657       59485       34          1767        -           -                        
C            44209       56735       87141       44205       10647       64483       18601       91678       1           56735       -           -                        
C            94757       33408       61349       95752       50305       63935       65907       19201       232         144         -           -                        
C            63731       32082       31649       63619       37030       6927        2697        30049       3           10694       -           -                        
C            12253       29748       82172       111         8161        36247       24617       46497       111         268         -           -                        
C            87156       34560       52596       60408       11363       68596       61814       10853       6912        5           -           -                        
C            56714       77847       78534       75615       67231       21559       59044       99          11          7077        -           -                        
C            1           29619       70049       1649        15801       75717       95346       75826       1           29619       -           -                        
C            1972        69020       32619       90035       72605       23873       41527       36090       1972        35          -           -                        
C            20143       8911        11232       20026       31417       92479       9324        72261       19          469         -           -                        
C            79384       11592       67792       12          39566       77666       55066       75772       12          966         -           -                        
C            888         79920       20635       79483       10899       28447       36394       56713       888         90          -           -                        
C            99077       87065       12012       97013       53725       96721       3745        3211        5           17413       -           -                        
C            95          4750        95012       69141       22109       91975       21765       32913       95          50          -           -                        
C            48271       24702       23569       40226       76818       95975       93309       265         1           24702       -           -                        
C            75904       61584       14320       3           81157       79039       21676       33499       3           20528       -           -                        
C            44293       48060       95900       44190       62476       240         48013       50399       3           16020       -           -                        
C            65044       91076       73635       64924       97225       67969       32771       31879       4           22769       -           -                        
C            58188       21381       36807       58161       27899       47476       89799       90233       3           7127        -           -                        
C            63971       42112       21859       59794       21478       23010       29960       90880       1316        32          -           -                        
C            20890       53389       67168       13929       86435       62449       29960       11558       7           7627        -           -                        
C            80707       52844       27863       79384       4239        97264       29778       61261       4           13211       -           -                        
C            614         48512       51769       32          76952       80519       55756       74396       32          1516        -           -                        
C            2826        68116       34377       2809        7113        3055        4421        90793       4           17029       -           -                        
C            12949       6676        6273        12960       95538       64953       52518       66958       2           3338        -           -                        
C            29603       34203       95067       22203       96770       92469       62262       97763       3           11401       -           -                        
C            69871       49014       20857       69625       80104       67404       62262       92588       7           7002        -           -                        
C            63371       25788       37583       63340       88014       27629       18995       10783       7           3684        -           -                        
C            47341       68409       78599       46026       79861       26960       96783       80959       1           68409       -           -                        
C            79710       70923       8787        53187       33661       69873       49798       82031       141         503         -           -                        
C            79555       79565       99657       79641       27180       29474       62808       48498       5           15913       -           -                        
C            209         73150       26726       80698       30066       94326       11042       1282        209         350         -           -                        
C            31681       31350       331         31153       42943       49160       36400       78002       1           31350       -           -                        
A            50797       15476       35321       86118       2638        67510       27563       13456       15476       1           -           -                        
C            14758       17100       97325       855         10066       92449       41173       54974       855         20          -           -                        
C            7135        83720       23082       14244       53830       76353       33881       65971       26          3220        -           -                        
C            3274        70038       32903       3435        15374       59545       6209        2857        54          1297        -           -                        
C            38394       6760        31634       32924       41744       29941       16163       97738       104         65          -           -                        
C            58758       19380       39378       52356       12684       34798       44570       84016       1140        17          -           -                        
C            22793       75132       47328       22806       20591       11129       68038       478         4           18783       -           -                        
C            81343       32688       48655       83945       93825       73499       90769       35173       681         48          -           -                        
C            3572        61531       41708       4279        11974       85409       75002       67235       37          1663        -           -                        
C            13570       9840        3730        19945       52101       65611       73866       35168       820         12          -           -                        
E            65994       49496       16498       -           33938       49770       73866       94212       -           -           -           -                        
C            54210       90000       63877       52204       58050       36894       14932       3092        48          1875        -           -                        
C            17848       87666       29849       9693        44617       68398       15265       91062       1538        57          -           -                        
C            56894       44336       12558       50475       15227       77789       47021       14645       5542        8           -           -                        
C            90930       90524       406         84488       17845       68205       15936       13873       742         122         -           -                        
C            41339       93072       47934       82594       46111       90729       62587       53751       84          1108        -           -                        
C            29373       583         28790       36703       70621       34899       75878       63353       53          11          -           -                        
C            15667       98091       17243       23469       81629       57623       29219       63089       63          1557        -           -                        
C            11134       41636       69165       11104       53700       67165       13875       63461       4           10409       -           -                        
C            63320       93280       69707       58450       82025       90828       41988       42693       10          9328        -           -                        
C            81742       98316       83093       91959       85647       63668       19694       60760       6           16386       -           -                        
C            50650       23715       26935       50669       37605       88452       29435       17175       15          1581        -           -                        
C            68792       70610       97849       68782       37709       82074       37875       36817       2           35305       -           -                        
C            52252       27368       24884       69462       19777       38556       4738        7727        622         44          -           -                        
C            40211       57579       82299       40145       77061       62688       83576       45184       17          3387        -           -                        
C            58071       6559        51512       53990       85382       49289       71833       90715       937         7           -           -                        
C            87086       10988       76098       87050       23430       66023       71397       11171       2           5494        -           -                        
C            64539       72135       92071       64627       78860       81088       71397       21480       35          2061        -           -                        
C            11          79046       20632       52523       73546       6805        33890       84642       11          7186        -           -                        
C            65580       51384       14196       34931       92005       97308       45276       20754       4282        12          -           -                        
C            63604       84568       78703       62469       92745       26182       49320       93377       44          1922        -           -                        
C            26253       99306       26614       31503       61300       71525       49320       13955       3           33102       -           -                        
C            89030       41634       47396       66773       47992       54763       62024       15240       2           20817       -           -                        
C            29436       17759       11677       58829       38194       31078       35218       82223       43          413         -           -                        
C            27364       41108       85923       27402       15668       77341       75201       53691       4           10277       -           -                        
C            79086       80152       98601       81167       32300       81461       23381       52286       8           10019       -           -                        
C            20761       70602       49826       20821       59232       63391       38823       62707       1           70602       -           -                        
C            42492       73724       68435       42457       93001       35982       75665       50884       2           36862       -           -                        
C            19586       94666       24587       38841       24391       8599        64768       46644       331         286         -           -                        
C            34748       33768       980         2412        21619       63671       64768       94058       2412        14          -           -                        
C            50738       76500       73905       75          69914       69991       1569        29248       75          1020        -           -                        
C            253         74888       25032       82605       68786       86577       83874       10816       253         296         -           -                        
C            40414       80662       59419       40410       60726       26333       50190       19099       2           40331       -           -                        
C            46333       33348       12985       44419       52185       19325       45299       33731       397         84          -           -                        
C            58731       45578       13153       94673       84158       71057       12021       98578       22789       2           -           -                        
C            46825       64728       81764       372         35659       93968       31702       5044        372         174         -           -                        
C            298         26820       73145       16347       48565       96197       86802       33175       298         90          -           -                        
C            46657       67731       78593       46467       23939       82316       4653        4212        107         633         -           -                        
C            74253       86798       87122       72299       37308       58686       80942       58470       1           86798       -           -                        
C            53950       57532       96085       53947       50596       17586       57315       33276       1           57532       -           -                        
C            83954       90958       92663       84342       34297       3850        91639       53566       146         623         -           -                        
C            49345       17919       31426       52247       16315       12948       90431       50418       11          1629        -           -                        
C            9649        58206       51110       9888        1640        10702       12472       13527       89          654         -           -                        
C            73712       73980       99399       88454       28426       2205        59054       65351       2           36990       -           -                        
C            23814       71820       51661       180         62172       28163       78388       74333       180         399         -           -                        
C            60642       41180       19462       58756       99358       52385       53580       18897       290         142         -           -                        
C            14702       29465       84904       14259       66185       17857       2804        14344       83          355         -           -                        
C            67136       78945       87858       73239       19433       96055       66874       6415        3           26315       -           -                        
C            64420       36210       28210       95565       19552       25620       97113       89851       2130        17          -           -                        
C            5075        28456       76286       4614        10501       50038       2547        74575       4           7114        -           -                        
C            12860       58608       53919       6726        15283       38516       20442       12075       592         99          -           -                        
C            52203       85029       66841       51971       12120       74072       43600       7186        3           28343       -           -                        
C            72668       39092       33576       93633       78181       17349       89336       50829       9773        4           -           -                        
C            66708       75736       90639       66730       44543       23941       35852       86814       4           18934       -           -                        
C            83341       93015       89993       10335       23197       34897       96242       15072       10335       9           -           -                        
C            85718       82082       3636        86533       11377       84414       56084       26376       143         574         -           -                        
C            92715       92325       390         93350       13919       67788       34439       95764       5           18465       -           -                        
C            45517       14630       30887       56877       82621       49760       34439       26287       77          190         -           -                        
C            9131        47690       61108       8629        40417       37658       40134       53525       95          502         -           -                        
C            49707       81921       67453       53527       70423       26544       35983       74727       47          1743        -           -                        
C            19961       6312        13649       19974       8183        80194       75190       29354       6           1052        -           -                        
C            33360       80464       52563       32284       9324        37416       52383       55764       4           20116       -           -                        
C            52317       63797       88187       52201       65700       56277       82863       75713       1           63797       -           -                        
C            24394       51646       72415       32019       33981       87842       16461       52529       1519        34          -           -                        
C            15849       63396       52120       42960       35771       29711       5228        442         15849       4           -           -                        
C            73873       18831       55042       73876       93025       319         5228        18409       1           18831       -           -                        
C            51706       13286       38420       51697       46956       48508       51933       13521       1           13286       -           -                        
C            83013       16372       66641       83009       58398       62007       88133       65182       1           16372       -           -                        
C            75691       97069       78289       81094       39288       7161        24822       15571       49          1981        -           -                        
C            81610       72639       8971        81613       92141       15947       60841       91301       1           72639       -           -                        
C            75152       94688       80131       75773       91989       94322       15015       68241       11          8608        -           -                        
C            29553       27621       1932        34477       78650       55909       96402       58086       9           3069        -           -                        
C            52877       44807       8070        54524       41907       77945       64960       56426       173         259         -           -                        
C            18540       78820       39387       37076       28722       95414       97925       82604       4           19705       -           -                        
C            14513       87066       27114       17415       89558       77482       99449       9614        3           29022       -           -                        
C            86860       57340       29520       74861       94648       83309       72692       71080       2867        20          -           -                        
C            89689       17028       72661       84969       85433       99556       34244       7547        9           1892        -           -                        
C            17398       7044        10354       8702        29488       46366       28494       62042       6           1174        -           -                        
C            33681       27459       6222        34641       58942       10946       42794       92574       81          339         -           -                        
C            43666       82578       60755       43686       68213       26064       24060       26969       6           13763       -           -                        
C            2867        40117       62417       3224        10550       11129       24093       99189       11          3647        -           -                        
C            17794       34896       82565       2908        35068       42302       97063       9289        2908        12          -           -                        
C            38844       53766       84745       39945       90928       99594       73848       73692       309         174         -           -                        
C            78504       64356       14148       32178       8950        85372       5636        71077       32178       2           -           -                        
C            12788       38364       74091       45043       45853       34705       10690       97166       12788       3           -           -                        
C            79201       22877       56324       79300       63018       1722        1638        59842       1           22877       -           -                        
C            61982       8804        53178       63451       91262       77224       28293       72594       284         31          -           -                        
C            90022       50092       39930       2           78642       41744       86640       13394       2           25046       -           -                        
C            90523       30419       60104       1601        79282       84965       31338       19663       1601        19          -           -                        
C            53032       56496       96203       54237       70986       31520       28103       3758        12          4708        -           -                        
C            32470       92244       39893       40586       81239       87128       23035       47849       6           15374       -           -                        
C            88104       39006       49098       88403       47798       82535       8433        55433       198         197         -           -                        
C            49753       21478       28275       46989       25022       9916        5340        38319       1           21478       -           -                        
C            2611        1331        1280        2698        43545       33877       83468       1973        1           1331        -           -                        
C            48196       6768        41428       48241       96240       10892       13176       54034       1           6768        -           -                        
C            20071       35308       84430       37426       43045       75488       45917       82976       2716        13          -           -                        
C            44288       13052       31236       22145       32984       1998        62093       10818       2           6526        -           -                        
C            32201       78112       53756       64401       81608       36245       57263       71676       1           78112       -           -                        
C            43605       82570       60702       64510       16715       64133       29551       40790       1795        46          -           -                        
C            55665       92682       62650       51027       38901       33713       5815        83782       9           10298       -           -                        
C            16128       85248       30547       17133       17600       90613       12499       64879       48          1776        -           -                        
C            98753       92214       6539        84661       73009       34681       1073        63525       109         846         -           -                        
C            38835       50240       88262       46594       86943       106         20836       47182       40          1256        -           -                        
C            98247       85768       12479       98230       36198       14067       52519       78215       4           21442       -           -                        
C            5804        43008       62463       4355        11451       3038        72337       77215       8           5376        -           -                        
C            1           32066       67602       86602       24410       49343       40761       20588       1           32066       -           -                        
C            15073       20286       94454       12923       64013       1115        64202       85846       23          882         -           -                        
C            41594       85376       55885       48525       16067       57910       64202       36871       8           10672       -           -                        
C            16970       57492       59145       4791        57227       42302       82972       9289        4791        12          -           -                        
C            21224       34584       86307       8           34132       58763       82972       80933       8           4323        -           -                        
C            21937       13475       8462        21767       5781        32502       56937       7364        7           1925        -           -                        
C            48276       23284       24992       51293       35381       57814       75004       80163       4           5821        -           -                        
C            79099       53001       26098       79217       91377       90893       2021        31649       39          1359        -           -                        
C            66140       86415       79392       66103       8089        68108       2021        89796       21          4115        -           -                        
C            18098       2628        15470       34882       83423       98450       19386       6160        1314        2           -           -                        
C            92171       16896       75275       92920       84036       46649       23016       38996       44          384         -           -                        
C            14762       55480       58949       14721       41041       83688       58741       5208        2           27740       -           -                        
C            54901       56890       97678       61001       47681       30902       18233       86560       1           56890       -           -                        
C            27405       36724       90348       27473       67707       19892       2591        96959       1           36724       -           -                        
C            23465       84102       39030       23702       79110       6355        22990       57594       2           42051       -           -                        
F            64691       23158       41533       64691       34180       71288       70194       718         -           -           -           -                        
C            87113       42067       45046       87121       20913       40847       40043       9505        1           42067       -           -                        
C            4461        11564       92564       6667        29977       49985       65647       22313       49          236         -           -                        
C            80644       76752       3892        80574       11774       29482       7683        56739       4           19188       -           -                        
C            75793       52848       22945       75012       41242       55715       7683        24042       36          1468        -           -                        
C            77463       55521       21942       77458       5195        57110       75075       55782       3           18507       -           -                        
C            30937       37475       93129       32409       89310       48180       10930       1334        25          1499        -           -                        
C            80272       64480       15792       1           95310       19970       85166       67627       1           64480       -           -                        
C            67227       46934       20293       67892       33722       23540       93337       87261       62          757         -           -                        
C            78224       72416       5808        79644       35586       26486       93143       78994       124         584         -           -                        
C            8373        20475       87565       9245        94399       61732       36333       40124       525         39          -           -                        
F            94044       42528       51516       94044       17539       76351       46003       61221       -           -           -           -                        
C            28892       27600       1292        27448       29747       64920       95930       65570       12          2300        -           -                        
C            87709       47280       40429       85081       60029       24853       86522       16237       985         48          -           -                        
C            55402       6486        48916       55413       38975       6934        94564       54576       6           1081        -           -                        
C            26524       51267       74924       26931       58098       97192       54259       94578       69          743         -           -                        
C            51594       91020       60241       60188       91547       28027       85644       38039       30          3034        -           -                        
C            53053       62342       90378       45476       62008       28849       13332       27078       14          4453        -           -                        
C            75430       93772       81325       88001       76376       43259       67839       17545       4           23443       -           -                        
C            21437       89454       31650       21367       61745       18368       49820       37334       17          5262        -           -                        
C            73321       82345       90643       85534       92126       93272       55974       45243       43          1915        -           -                        
C            50174       2779        47395       49953       58368       70279       91063       31759       7           397         -           -                        
C            19045       6759        12286       19091       40091       66678       41246       61733       1           6759        -           -                        
C            46694       96037       50324       41521       78259       1986        966         64834       137         701         -           -                        
C            23572       27678       95561       19253       29856       56968       50199       61071       1977        14          -           -                        
C            10249       48300       61616       9686        68938       8345        31443       46655       115         420         -           -                        
C            49392       24375       25017       49719       23310       25541       57380       89727       15          1625        -           -                        
C            91340       4203        87137       9           29080       75446       95022       50831       9           467         -           -                        
C            40960       16640       24320       41980       2785        63895       41857       60844       160         104         -           -                        
C            85542       77118       8424        86070       23531       34299       42667       76650       6           12853       -           -                        
C            5312        29086       75893       5843        47953       21356       41686       93106       2           14543       -           -                        
C            16315       72735       43247       12237       76280       65812       56150       54401       3           24245       -           -                        
C            57445       30762       26683       31286       18702       38841       84642       40962       5127        6           -           -                        
C            43735       68475       74927       37665       59653       87359       36953       29462       1245        55          -           -                        
C            82662       81120       1542        97572       48359       6727        10583       97280       8112        10          -           -                        
C            12639       4602        8037        12469       73768       9297        85489       3775        59          78          -           -                        
C            59491       65880       93278       39661       29521       9728        85489       92684       1           65880       -           -                        
C            63211       57785       5426        59791       72632       66091       98482       68421       1651        35          -           -                        
C            5105        77390       27382       5098        58074       71003       4048        71296       2           38695       -           -                        
C            56590       47838       8752        57651       38386       40789       95601       85985       357         134         -           -                        
C            36367       15996       20371       34096       72911       85749       55433       99428       31          516         -           -                        
C            68396       9600        58796       25          70232       45237       17684       28950       25          384         -           -                        
C            46982       83566       63083       52853       54889       87898       92060       82660       14          5969        -           -                        
C            89754       87936       1818        50373       24309       27714       92060       82303       10992       8           -           -                        
C            51941       75067       76541       52921       3435        60570       90279       44386       1           75067       -           -                        
C            83695       94751       88611       1           18525       45446       14768       40878       1           94751       -           -                        
C            36142       25696       10446       48188       98040       53510       41094       39802       4           6424        -           -                        
C            45323       80172       64818       56359       70208       45205       51656       74723       1179        68          -           -                        
C            18551       55700       62518       27548       34507       96430       8550        59316       557         100         -           -                        
C            74742       56484       18258       74816       85716       13847       61505       28758       2           28242       -           -                        
C            71905       48165       23740       71879       37313       85074       43045       14265       15          3211        -           -                        
C            38955       75001       63621       38431       53396       67001       43045       34908       179         419         -           -                        
C            1           10914       88754       41380       25141       75407       66068       99049       1           10914       -           -                        
C            26597       21156       5441        17745       10878       4427        85984       8193        41          516         -           -                        
C            84024       15432       68592       83935       49462       5408        90749       65017       8           1929        -           -                        
C            93217       50450       42767       93151       58457       96407       36796       48490       25          2018        -           -                        
C            85836       66360       19476       86134       64977       84012       32543       26258       12          5530        -           -                        
C            40755       95763       44659       39771       54762       83315       48808       44408       411         233         -           -                        
C            92192       41756       50436       146         20615       39364       88447       95400       146         286         -           -                        
C            61305       44225       17080       61793       24212       45238       64706       72027       305         145         -           -                        
C            96772       65718       31054       86290       37400       93620       18348       8652        2434        27          -           -                        
C            76019       75951       68          86875       44776       45604       73324       80497       27          2813        -           -                        
C            60735       52533       8202        30592       52628       8000        81501       8525        449         117         -           -                        
C            25441       52551       72557       25434       80623       74325       78492       1740        3           17517       -           -                        
C            84710       51968       32742       84722       26464       25048       17614       22418       2           25984       -           -                        
C            91484       84888       6596        45823       4458        18097       61614       16116       162         524         -           -                        
C            88882       26712       62170       71120       68842       71648       50491       6663        72          371         -           -                        
C            63032       35238       27794       62702       85254       43775       16789       84320       2           17619       -           -                        
C            30111       51535       78243       29227       89764       71806       15356       51816       55          937         -           -                        
C            87481       90750       96398       30250       95773       54612       83498       64169       30250       3           -           -                        
C            64795       97100       67362       64764       38330       61024       93648       82690       5           19420       -           -                        
C            25629       7503        18126       24648       30280       52981       57889       38218       123         61          -           -                        
C            4833        75636       28864       5073        11092       67760       77620       2990        33          2292        -           -                        
C            52356       86655       65368       49863       33872       86448       39201       29742       3           28885       -           -                        
C            44406       2790        41616       44346       34821       58340       3198        53659       6           465         -           -                        
C            90909       79443       11466       90404       44356       18625       25118       45775       9           8827        -           -                        
C            43447       25216       18231       86106       56671       4852        85563       87492       788         32          -           -                        
C            61973       19780       42193       60734       94195       11828       40955       15369       23          860         -           -                        
C            96916       24111       72805       94147       78192       78620       29341       65011       1           24111       -           -                        
C            61813       31257       30556       68681       81485       68248       48417       7393        1           31257       -           -                        
C            39          89856       9850        48769       31651       57879       35034       56690       39          2304        -           -                        
C            96575       420         96155       70          78254       45940       13830       76306       70          6           -           -                        
C            62165       34686       27479       61904       69122       26826       45614       65953       47          738         -           -                        
C            81469       88426       92710       81460       68218       1170        47319       83343       1           88426       -           -                        
C            27344       70947       56064       7883        56044       49245       98214       44537       7883        9           -           -                        
C            84833       3951        80882       84921       87752       2151        98425       42309       1           3951        -           -                        
C            11799       56322       55144       12186       12380       86159       24636       96564       189         298         -           -                        
C            11583       10816       767         12046       8244        75465       24636       30709       8           1352        -           -                        
C            66257       41849       24408       1           1746        83170       73755       10356       1           41849       -           -                        
C            84107       69299       14808       131         86769       30067       95937       58390       131         529         -           -                        
C            34385       10932       23453       34382       12363       93559       85265       96548       2           5466        -           -                        
C            76243       64558       11685       75924       53456       97707       85265       36019       2           32279       -           -                        
C            64583       67850       96400       64852       96946       782         4826        94221       23          2950        -           -                        
C            88398       6426        81972       44202       1228        76166       24993       92043       6           1071        -           -                        
C            8570        28938       79299       8486        12401       5932        36350       12524       2           14469       -           -                        
C            38516       77056       61127       1204        84735       68536       81422       956         1204        64          -           -                        
C            38356       14456       23900       38610       41348       80987       56552       79921       2           7228        -           -                        
C            16042       20568       95141       16141       57877       61133       43502       94930       4           5142        -           -                        
C            55351       28548       26803       55276       44441       23518       63710       1270        1           28548       -           -                        
A            31724       884         30840       37892       7824        77099       41860       74037       884         1           -           -                        
C            5           92010       7662        53313       90549       78204       69865       30618       5           18402       -           -                        
C            11944       76602       35009       9562        92103       49516       22920       38597       34          2253        -           -                        
C            2123        21230       80560       32305       72792       16372       17957       80901       2123        10          -           -                        
C            48827       30774       18053       63393       91          83935       41158       90148       5129        6           -           -                        
C            75017       20350       54667       50          8525        17829       80243       80379       50          407         -           -                        
C            85445       1301        84144       85404       37108       65301       12725       24154       1           1301        -           -                        
C            8780        17548       90899       8084        40289       208         94282       66140       428         41          -           -                        
C            49330       97728       51269       41787       66071       87019       28389       8007        4072        24          -           -                        
C            9432        5370        4062        9443        17860       49728       90361       15793       5           1074        -           -                        
C            81865       64730       17135       81885       36554       93908       28956       11088       5           12946       -           -                        
C            34660       11352       23308       34911       44526       96008       69223       65272       22          516         -           -                        
C            84675       35916       48759       85848       66964       27417       93204       73508       219         164         -           -                        
C            72242       85275       86634       78809       18762       93780       82459       72946       5           17055       -           -                        
C            29918       58068       71517       6452        99402       49245       19826       44537       6452        9           -           -                        
C            14602       9606        4996        14562       63665       46165       86535       6594        2           4803        -           -                        
C            32061       27240       4821        23190       97498       88766       9874        69327       5448        5           -           -                        
C            71007       83147       87527       73          84088       27874       57908       54380       73          1139        -           -                        
C            90917       28570       62347       88076       70810       75912       87315       73600       5           5714        -           -                        
C            81994       98800       82861       81988       82386       56816       6602        73431       4           24700       -           -                        
C            26762       150         26612       23418       50370       19364       94195       10032       10          15          -           -                        
C            16290       61236       54721       12501       10654       27121       42753       98625       1134        54          -           -                        
C            24743       31655       92755       24800       86336       97340       11999       61954       5           6331        -           -                        
C            67885       76440       91112       67748       5860        92127       89671       29607       70          1092        -           -                        
C            20795       93260       27202       41586       516         93953       39150       91349       4           23315       -           -                        
C            11215       91792       19090       2           66359       50803       3747        44690       2           45896       -           -                        
C            58334       24384       33950       1016        7722        88180       6529        23313       1016        24          -           -                        
C            93907       63640       30267       80534       44909       35240       8358        56292       296         215         -           -                        
C            42114       64194       77587       43049       4054        34454       9698        56561       39          1646        -           -                        
C            1           35820       63848       13344       87930       95437       83690       27544       1           35820       -           -                        
C            77154       31920       45234       73575       25393       80202       49494       39306       1995        16          -           -                        
C            70127       96005       73789       73314       25473       26202       91870       27721       13          7385        -           -                        
C            42821       50127       92361       147         34000       42678       1217        1816        147         341         -           -                        
C            10717       55692       54692       9977        36262       45689       7211        93215       357         156         -           -                        
C            10443       75270       34840       10791       23129       42127       18070       34718       3           25090       -           -                        
C            71107       87856       82918       21964       12423       83198       71909       33791       21964       4           -           -                        
C            84650       32032       52618       85367       61807       31222       2769        13783       44          728         -           -                        
C            47736       34956       12780       61706       4584        91027       31778       95761       5826        6           -           -                        
C            66571       37926       28645       67276       88633       29838       72424       34628       301         126         -           -                        
C            42599       79173       63093       85195       82070       77086       23781       11782       3           26391       -           -                        
C            45461       31056       14405       90920       27962       58516       51769       82331       2           15528       -           -                        
C            86558       10180       76378       96175       52624       92326       51769       69008       5           2036        -           -                        
C            26258       93360       32565       26253       41153       84267       57648       81917       3           31120       -           -                        
C            6           4566        95107       23929       70701       14750       3394        5980        6           761         -           -                        
C            14009       54739       58937       12360       22147       71433       28479       18638       817         67          -           -                        
C            50838       73808       76697       25433       51607       38819       28479       48990       28          2636        -           -                        
C            13278       34370       78575       9962        74929       53165       17924       7162        14          2455        -           -                        
C            36232       94458       41441       36577       51688       43095       50103       81069       7           13494       -           -                        
C            87332       29720       57612       95768       15378       24142       26379       69402       2972        10          -           -                        
C            38912       27216       11696       189         14659       32377       79856       77606       189         144         -           -                        
C            25849       34410       91106       11470       39840       54612       69061       64169       11470       3           -           -                        
C            92044       90912       1132        92038       32642       21767       99612       30127       4           22728       -           -                        
C            67397       55391       12006       67513       50377       96307       18181       84365       1           55391       -           -                        
C            198         34083       65782       213         54954       80738       18181       74808       3           11361       -           -                        
C            10873       43492       67048       72152       26765       83542       65851       68050       10873       4           -           -                        
C            2529        92871       9325        2232        11848       99398       4249        34220       153         607         -           -                        
C            46180       6440        39740       69242       80020       83344       79504       42896       56          115         -           -                        
C            53041       8857        44184       53126       28367       947         16494       24282       1           8857        -           -                        
C            82195       21345       60850       82265       63633       89417       94737       46547       15          1423        -           -                        
C            77318       87110       89875       78585       16417       57770       46509       70131       31          2810        -           -                        
C            95426       2130        93296       95151       53752       37          55594       86187       1           2130        -           -                        
C            46279       14953       31326       47993       70694       52761       31588       36460       1           14953       -           -                        
C            1646        3292        98021       90930       22201       94046       91752       40139       1646        2           -           -                        
C            81475       80857       618         61108       72448       56003       42920       72326       7           11551       -           -                        
C            83514       30208       53306       89479       77161       71343       45504       15268       4           7552        -           -                        
C            50327       740         49587       50388       30497       84874       45504       25014       2           370         -           -                        
C            63001       31936       31065       62751       76640       8775        17084       14191       1           31936       -           -                        
C            46220       63700       82187       65          60649       72261       62926       52210       65          980         -           -                        
C            62239       26548       35691       72612       27389       8576        63595       62256       1           26548       -           -                        
C            40889       28125       12764       41080       91715       29173       9490        75787       15          1875        -           -                        
C            37198       84864       52001       36376       89420       18360       32654       57300       208         408         -           -                        
C            14325       17424       96568       10744       57308       55472       32654       23764       1           17424       -           -                        
C            36590       27451       9139        72897       9838        55656       24292       28440       283         97          -           -                        
C            43467       26051       17416       43600       78307       35460       43485       16204       109         239         -           -                        
C            90202       2100        88102       89730       12381       94482       28592       39099       50          42          -           -                        
C            41780       17732       24048       46801       29921       76155       84859       63796       1612        11          -           -                        
C            8834        96946       11555       8828        36902       14385       11970       51643       2           48473       -           -                        
C            44361       32302       12059       43813       27209       78207       70040       39320       521         62          -           -                        
C            68187       83835       84019       68401       66189       74970       85498       9158        135         621         -           -                        
C            77025       2682        74343       81304       91554       38331       41962       13599       3           894         -           -                        
C            91870       79540       12330       77884       40388       35488       84982       20958       7954        10          -           -                        
C            27537       12138       15399       41297       3064        64192       22074       40144       17          714         -           -                        
C            21317       37408       83576       20882       55397       52717       5657        65905       2           18704       -           -                        
C            51841       6480        45361       64799       59243       3640        67692       17160       9           720         -           -                        
C            24800       52416       72051       24786       15164       65031       4975        7023        6           8736        -           -                        
C            7769        93936       13500       8872        64199       83582       27557       62729       48          1957        -           -                        
C            14357       82720       31304       14362       11063       72461       29297       32422       2           41360       -           -                        
C            36704       73849       62522       34545       45972       69847       64207       15622       1           73849       -           -                        
C            64959       58250       6709        67682       79614       70101       49724       11513       2330        25          -           -                        
C            20744       41488       78923       42606       37540       37813       76635       87073       20744       2           -           -                        
C            37010       2426        34584       36974       64842       2423        97545       33207       2           1213        -           -                        
C            63844       68838       94673       42662       36229       57052       1905        94585       298         231         -           -                        
C            23224       56347       66544       25711       95487       45607       48882       9071        841         67          -           -                        
C            66076       59224       6852        66640       22528       35750       48882       26866       88          673         -           -                        
C            72722       12844       59878       494         61115       19012       12516       95644       494         26          -           -                        
C            14283       80366       33584       14209       91263       82813       35863       26864       1           80366       -           -                        
C            38360       87688       50339       39488       82615       7409        44887       34807       8           10961       -           -                        
C            28954       64614       64007       28627       70717       81182       94005       2208        178         363         -           -                        
C            28298       81192       46773       408         41246       95158       26835       99379       408         199         -           -                        
C            709         25055       75321       721         20390       21786       29108       13370       1           25055       -           -                        
C            72602       80648       91621       58556       45853       91402       12559       48530       2372        34          -           -                        
C            65716       808         64908       82143       50111       29388       38786       28197       8           101         -           -                        
C            10516       62656       47527       11464       38240       95935       53252       48876       88          712         -           -                        
C            47334       14703       32631       47307       14725       67039       68987       37844       3           4901        -           -                        
C            60120       28440       31680       88995       53222       29719       40972       91072       2370        12          -           -                        
C            65949       78884       86732       66053       18198       62149       54494       91248       13          6068        -           -                        
C            57123       7461        49662       57633       52670       52779       54178       9437        3           2487        -           -                        
C            59433       19902       39531       61414       53996       93588       80467       82468       3           6634        -           -                        
C            3           57216       42454       92241       87486       85447       62403       22619       3           19072       -           -                        
C            97797       44229       53568       98306       64774       21537       357         48594       69          641         -           -                        
C            76741       83148       93260       75630       41048       75869       10187       34024       82          1014        -           -                        
C            64845       61064       3781        48638       67755       6401        71296       53417       17          3592        -           -                        
C            69675       27707       41968       69653       81552       13993       9451        20306       1           27707       -           -                        
C            97701       36582       61119       98286       80960       65127       10390       21192       6           6097        -           -                        
C            46522       39054       7468        57728       60005       37657       10390       15569       1698        23          -           -                        
C            9093        55034       53726       18179       20021       27286       4294        58426       7           7862        -           -                        
C            59831       90177       69321       59829       33468       88010       58740       88404       1           90177       -           -                        
C            56359       40964       15395       75101       92527       99140       816         34780       133         308         -           -                        
C            22951       246         22705       22681       86927       15668       21093       58658       1           246         -           -                        
C            93021       1663        91358       88370       79487       95267       54576       84302       1           1663        -           -                        
C            10735       85040       25362       12878       76209       62337       13410       9709        20          4252        -           -                        
C            34530       22770       11760       33150       81607       36918       65383       49170       30          759         -           -                        
C            48188       84800       63055       42856       71866       58004       65383       68503       200         424         -           -                        
C            71072       73964       96775       71023       64903       1721        62157       46844       22          3362        -           -                        
C            7252        83408       23511       11296       71225       93352       91225       48944       3208        26          -           -                        
C            79348       61838       17510       44091       28825       80399       17707       53461       8834        7           -           -                        
C            17317       71735       45249       17315       22080       85291       29728       95856       1           71735       -           -                        
C            31726       76738       54655       30457       78414       60475       23773       90908       1           76738       -           -                        
C            60892       41616       19276       53357       85516       7638        86047       2765        612         68          -           -                        
C            27798       36091       91374       25271       52253       80502       75060       56635       1           36091       -           -                        
C            39134       35098       4036        39150       66292       29339       22708       20661       14          2507        -           -                        
C            13706       55602       57771       20558       90670       26806       32059       34191       2           27801       -           -                        
C            35578       31769       3809        35519       55110       29105       91199       9356        1           31769       -           -                        
C            46137       41080       5057        92116       51258       51280       71584       26686       158         260         -           -                        
C            11251       6060        5191        3030        67560       85372       71584       71077       3030        2           -           -                        
C            99608       13328       86280       97118       19928       30003       13792       78742       8           1666        -           -                        
C            49170       58539       90298       42157       91494       17921       68592       76429       79          741         -           -                        
E            77150       19287       57863       -           28248       55644       68592       16693       -           -           -           -                        
C            35003       65714       68956       36594       64493       91154       80629       75223       1           65714       -           -                        
C            23100       53448       69319       17427       76959       68438       42055       5879        408         131         -           -                        
C            49692       76328       73031       54638       97364       25553       58605       14205       232         329         -           -                        
C            31019       25582       5437        33405       33956       45147       30315       95717       1           25582       -           -                        
C            28532       74060       54139       140         18931       30067       87551       58390       140         529         -           -                        
C            17761       44098       73330       17765       85824       65805       16716       38883       1           44098       -           -                        
C            93163       62020       31143       93130       2439        45724       24148       58093       4           15505       -           -                        
C            24088       89360       34395       23977       80193       92690       54924       44409       1           89360       -           -                        
C            32656       88132       44191       32619       8041        93548       85975       41323       22          4006        -           -                        
C            72606       74655       97618       72633       91615       78009       36754       35602       3           24885       -           -                        
C            58655       43368       15287       58612       52070       91694       69879       50889       3           14456       -           -                        
C            69901       12725       57176       69886       18858       65941       41224       17764       1           12725       -           -                        
C            52861       56000       96528       54010       48056       78750       15872       13706       7           8000        -           -                        
C            48732       69560       78839       49324       9161        31186       97940       10082       188         370         -           -                        
C            68441       13818       54623       68524       70139       67977       97940       32072       49          282         -           -                        
C            4686        75232       29121       9368        22006       85274       69225       91663       4           18808       -           -                        
C            82638       56952       25686       82602       58365       66026       80983       4627        18          3164        -           -                        
C            22781       48222       74226       23692       67700       27860       2632        17717       6           8037        -           -                        
C            21291       17287       4004        1           46705       14782       95270       89913       1           17287       -           -                        
C            43256       15008       28248       39324       79174       76087       71475       96933       4           3752        -           -                        
C            33787       58844       74610       45048       37704       62301       3217        11051       4           14711       -           -                        
C            89512       32880       56632       44796       70436       39898       45222       21916       80          411         -           -                        
C            75084       35832       39252       4479        22400       42550       53501       41399       4479        8           -           -                        
C            3           95967       3703        50530       6739        10937       37369       45788       3           31989       -           -                        
C            69139       23760       45379       2640        92090       13193       77367       19070       2640        9           -           -                        
C            14993       99226       15434       14730       91988       92241       64515       75409       2           49613       -           -                        
C            94174       59400       34774       93999       22352       44643       49903       78873       24          2475        -           -                        
C            37565       20725       16840       40189       16741       41379       17275       87928       829         25          -           -                        
C            73802       33330       40472       73721       52157       27549       51760       2202        11          3030        -           -                        
C            14746       88802       25611       13879       74731       88591       51760       67872       7           12686       -           -                        
C            46544       29868       16676       46475       14172       41489       16002       92327       38          786         -           -                        
C            81874       77792       4082        77799       47114       44390       31458       84539       374         208         -           -                        
C            31510       41322       89855       41981       41286       42124       97517       94106       97          426         -           -                        
C            40          97320       2387        94467       87192       74501       47937       61590       40          2433        -           -                        
C            92694       69616       23078       93460       759         98477       71210       95688       8           8702        -           -                        
C            84808       21960       62848       87100       63232       80571       21789       39103       4           5490        -           -                        
C            3           27492       72178       86407       98532       30746       89575       81290       3           9164        -           -                        
C            39990       12120       27870       40038       16507       48891       6108        5465        6           2020        -           -                        
C            4059        13688       90038       3749        73598       23589       58678       66267       29          472         -           -                        
C            40          69840       29867       44183       8040        99313       48671       40173       40          1746        -           -                        
C            63562       45248       18314       7           29593       97168       65996       92185       7           6464        -           -                        
C            4383        85812       18238       4018        77639       72619       58348       88406       3           28604       -           -                        
C            18          31212       68473       78411       95799       6808        66759       34829       18          1734        -           -                        
C            33735       63237       70165       39357       81621       42773       66759       35868       3           21079       -           -                        
C            62580       54132       8448        60268       2787        415         1828        39500       156         347         -           -                        
C            61893       86940       74620       61814       10063       54460       76032       94981       36          2415        -           -                        
C            43878       72584       70961       43967       47122       10092       76032       65015       1           72584       -           -                        
C            97023       56849       40174       97913       68994       71648       10244       93004       13          4373        -           -                        
C            42689       67973       74383       42533       54190       76330       22169       35316       101         673         -           -                        
C            78256       55146       23110       78261       1032        86705       90974       13381       1           55146       -           -                        
C            42559       96502       45724       42565       97724       3261        31301       88794       1           96502       -           -                        
C            50222       17504       32718       50700       5050        79941       26750       82658       32          547         -           -                        
C            48219       2675        45544       95903       85240       48421       82750       45899       535         5           -           -                        
C            18769       33441       84995       18792       53758       60511       45408       82876       1           33441       -           -                        
C            94436       27574       66862       94381       5356        4800        66196       8900        1           27574       -           -                        
C            83739       72713       11026       41870       1708        41922       3263        9204        1           72713       -           -                        
C            52403       10065       42338       50966       2192        62497       63209       86804       671         15          -           -                        
C            44053       59982       83738       39648       56132       15221       38626       69437       3           19994       -           -                        
C            64130       1564        62566       48106       48776       89537       90193       21864       34          46          -           -                        
C            93673       77636       16037       93693       42725       7516        71663       61218       13          5972        -           -                        
C            22025       47311       74381       22383       19841       41825       93808       1861        187         253         -           -                        
C            68678       51465       17213       3           32155       70875       3350        22892       3           17155       -           -                        
C            83614       37080       46534       90044       26664       8451        44998       86212       24          1545        -           -                        
C            60185       20559       39626       61124       57326       13051       25064       82450       89          231         -           -                        
C            51588       8424        43164       60168       18399       42987       13044       87398       108         78          -           -                        
C            39193       89340       49520       39185       31740       13645       60462       64061       1           89340       -           -                        
C            65299       77049       87917       65646       25153       73367       50657       26904       63          1223        -           -                        
C            28176       83790       44053       26897       2429        2473        50657       93957       38          2205        -           -                        
C            12552       97240       14979       12248       38261       76856       50657       67642       88          1105        -           -                        
C            95668       25040       70628       47836       74624       88828       66593       67891       4           6260        -           -                        
C            4289        79590       24366       1           91582       38067       57871       75064       1           79590       -           -                        
C            53995       19239       34756       53992       2349        44277       79642       72690       1           19239       -           -                        
C            24338       22176       2162        13401       48272       90180       8827        97355       2464        9           -           -                        
C            46663       30901       15762       93325       11590       71942       45870       69288       1           30901       -           -                        
C            9639        15120       94186       1080        25804       62093       80808       71966       1080        14          -           -                        
C            91241       35632       55609       91325       27526       65964       11085       4817        17          2096        -           -                        
C            88878       78210       10668       75250       97719       12343       60196       9067        7110        11          -           -                        
C            4383        46527       57523       4443        17909       60761       97008       70252       3           15509       -           -                        
C            44139       8379        35760       44788       33403       16430       24568       62752       7           1197        -           -                        
C            96752       330         96422       96527       65303       49909       94682       42049       2           165         -           -                        
C            89984       38712       51272       88641       47575       82704       99615       711         3           12904       -           -                        
F            95682       89931       5751        95682       73758       9471        98534       29817       -           -           -           -                        
E            1274        318         956         -           55906       82311       96973       58200       -           -           -           -                        
A            58114       17150       40964       37632       49252       18189       68847       62016       17150       1           -           -                        
E            14839       85880       28626       -           17332       3894        2429        13024       -           -           -           -                        
F            20608       5337        15271       20608       63624       2419        42440       90113       -           -           -           -                        
F            30796       34352       96111       30796       25379       63888       1555        87667       -           -           -           -                        
A            76144       8080        68064       87488       30831       35918       90502       53734       8080        1           -           -                        
E            96002       24000       72002       -           52072       15431       58183       40394       -           -           -           -                        
A            30354       746         29608       45158       43582       10260       57610       2200        746         1           -           -                        
A            83193       2389        80804       62992       54463       19454       55141       21949       2389        1           -           -                        
E            83394       62546       20848       -           49770       6171        40057       38254       -           -           -           -                        
--------------------------------------------------------------------------------------------------------------------------------------------------------------------------
case         s           s_zk        s_rxk       s_zr        z           r           x           k-1         a           m1          m2          f                        
--------------------------------------------------------------------------------------------------------------------------------------------------------------------------

Statistics:

Total Key Count: 10000
Transaction Limit Per Key: 100
Total Transaction Count: 1000000
Maximum Transaction Count: 9.867068e+19
Total Cases: 999788
Case A Count: 11
Case B Count: 0
Case C Count: 1357
Case D Count: 998403
Case E Count: 10
Case F Count: 7
Case D0 Count: 117941
Case D1 Count: 118304
Case D2 Count: 108879
Case D3 Count: 85364
Case D4 Count: 65108
Case D5 Count: 51043
Case D6 Count: 40490
Case D7 Count: 33641
Case D8 Count: 28272
Case D9 Count: 23881
Case D10 Count: 20361
Case D11 Count: 17508
Case D12 Count: 15817
Case D13 Count: 14064
Case D14 Count: 12281
Case D15 Count: 11224
Case D16 Count: 10069
Case D17 Count: 9149
Case D18 Count: 8424
Case D19 Count: 7633
Case D20 Count: 7125
Case D21 Count: 6716
Case D22 Count: 6242
Case D23 Count: 5596
Case D24 Count: 5379
Case D25 Count: 4893
Case D26 Count: 4620
Case D27 Count: 4425
Case D28 Count: 4134
Case D29 Count: 3826
Case D30 Count: 3701
Case D31 Count: 3487
Case D32 Count: 3246
Case D33 Count: 3180
Case D34 Count: 2951
Case D35 Count: 2848
Case D36 Count: 2677
Case D37 Count: 2555
Case D38 Count: 2355
Case D39 Count: 2374
Case D40 Count: 2234
Case D41 Count: 2173
Case D42 Count: 2029
Case D43 Count: 2034
Case D44 Count: 1898
Case D45 Count: 1838
Case D46 Count: 1746
Case D47 Count: 1762
Case D48 Count: 1640
Case D49 Count: 1564
Case D50 Count: 1545
Case D51 Count: 1523
Case D52 Count: 1463
Case D53 Count: 1380
Case D54 Count: 1364
Case D55 Count: 1297
Case D56 Count: 1277
Case D57 Count: 1198
Case D58 Count: 1191
Case D59 Count: 1189
Case D60 Count: 1209
Case D61 Count: 1071
Case D62 Count: 1064
Case D63 Count: 1039
Case D64 Count: 1017
Case D65 Count: 959
Case D66 Count: 941
Case D67 Count: 938
Case D68 Count: 901
Case D69 Count: 953
Case D70 Count: 816
Case D71 Count: 836
Case D72 Count: 833
Case D73 Count: 853
Case D74 Count: 739
Case D75 Count: 730
Case D76 Count: 758
Case D77 Count: 738
Case D78 Count: 711
Case D79 Count: 689
Case D80 Count: 677
Case D81 Count: 661
Case D82 Count: 654
Case D83 Count: 649
Case D84 Count: 616
Case D85 Count: 619
Case D86 Count: 597
Case D87 Count: 589
Case D88 Count: 586
Case D89 Count: 565
Case D90 Count: 527
Case D91 Count: 544
Case D92 Count: 541
Case D93 Count: 552
Case D94 Count: 508
Case D95 Count: 477
Case D96 Count: 520
Case D97 Count: 500
Case D98 Count: 493
Case D99 Count: 451
Case D100 Count: 408
Case D101 Count: 454
Case D102 Count: 404
Case D103 Count: 449
Case D104 Count: 402
Case D105 Count: 414
Case D106 Count: 377
Case D107 Count: 434
Case D108 Count: 396
Case D109 Count: 390
Case D110 Count: 389
Case D111 Count: 375
Case D112 Count: 383
Case D113 Count: 369
Case D114 Count: 334
Case D115 Count: 347
Case D116 Count: 327
Case D117 Count: 328
Case D118 Count: 333
Case D119 Count: 338
Case D120 Count: 335
Case D121 Count: 361
Case D122 Count: 337
Case D123 Count: 303
Case D124 Count: 341
Case D125 Count: 332
Case D126 Count: 314
Case D127 Count: 333
Case D128 Count: 287
Case D129 Count: 278
Case D130 Count: 291
Case D131 Count: 269
Case D132 Count: 295
Case D133 Count: 261
Case D134 Count: 275
Case D135 Count: 283
Case D136 Count: 260
Case D137 Count: 274
Case D138 Count: 273
Case D139 Count: 233
Case D140 Count: 257
Case D141 Count: 261
Case D142 Count: 221
Case D143 Count: 247
Case D144 Count: 239
Case D145 Count: 203
Case D146 Count: 228
Case D147 Count: 220
Case D148 Count: 229
Case D149 Count: 229
Case D150 Count: 222
Case D151 Count: 239
Case D152 Count: 227
Case D153 Count: 224
Case D154 Count: 195
Case D155 Count: 177
Case D156 Count: 202
Case D157 Count: 210
Case D158 Count: 220
Case D159 Count: 218
Case D160 Count: 187
Case D161 Count: 184
Case D162 Count: 165
Case D163 Count: 195
Case D164 Count: 186
Case D165 Count: 189
Case D166 Count: 180
Case D167 Count: 202
Case D168 Count: 215
Case D169 Count: 178
Case D170 Count: 196
Case D171 Count: 180
Case D172 Count: 179
Case D173 Count: 163
Case D174 Count: 182
Case D175 Count: 174
Case D176 Count: 177
Case D177 Count: 166
Case D178 Count: 162
Case D179 Count: 155
Case D180 Count: 142
Case D181 Count: 152
Case D182 Count: 139
Case D183 Count: 150
Case D184 Count: 173
Case D185 Count: 164
Case D186 Count: 144
Case D187 Count: 143
Case D188 Count: 180
Case D189 Count: 166
Case D190 Count: 160
Case D191 Count: 145
Case D192 Count: 147
Case D193 Count: 145
Case D194 Count: 146
Case D195 Count: 140
Case D196 Count: 136
Case D197 Count: 135
Case D198 Count: 166
Case D199 Count: 125
Case D200 Count: 137
Case D201 Count: 136
Case D202 Count: 134
Case D203 Count: 119
Case D204 Count: 123
Case D205 Count: 134
Case D206 Count: 142
Case D207 Count: 126
Case D208 Count: 127
Case D209 Count: 124
Case D210 Count: 118
Case D211 Count: 129
Case D212 Count: 118
Case D213 Count: 128
Case D214 Count: 110
Case D215 Count: 101
Case D216 Count: 118
Case D217 Count: 103
Case D218 Count: 113
Case D219 Count: 142
Case D220 Count: 127
Case D221 Count: 100
Case D222 Count: 101
Case D223 Count: 125
Case D224 Count: 105
Case D225 Count: 90
Case D226 Count: 88
Case D227 Count: 105
Case D228 Count: 128
Case D229 Count: 91
Case D230 Count: 97
Case D231 Count: 90
Case D232 Count: 96
Case D233 Count: 101
Case D234 Count: 86
Case D235 Count: 94
Case D236 Count: 97
Case D237 Count: 99
Case D238 Count: 88
Case D239 Count: 92
Case D240 Count: 79
Case D241 Count: 105
Case D242 Count: 83
Case D243 Count: 98
Case D244 Count: 90
Case D245 Count: 79
Case D246 Count: 69
Case D247 Count: 98
Case D248 Count: 106
Case D249 Count: 87
Case D250 Count: 85
Case D251 Count: 84
Case D252 Count: 82
Case D253 Count: 70
Case D254 Count: 95
Case D255 Count: 83
Case D256 Count: 83
Case D257 Count: 87
Case D258 Count: 99
Case D259 Count: 77
Case D260 Count: 108
Case D261 Count: 75
Case D262 Count: 67
Case D263 Count: 92
Case D264 Count: 99
Case D265 Count: 74
Case D266 Count: 103
Case D267 Count: 71
Case D268 Count: 76
Case D269 Count: 76
Case D270 Count: 74
Case D271 Count: 87
Case D272 Count: 76
Case D273 Count: 92
Case D274 Count: 89
Case D275 Count: 73
Case D276 Count: 77
Case D277 Count: 76
Case D278 Count: 81
Case D279 Count: 68
Case D280 Count: 64
Case D281 Count: 73
Case D282 Count: 82
Case D283 Count: 64
Case D284 Count: 81
Case D285 Count: 74
Case D286 Count: 62
Case D287 Count: 65
Case D288 Count: 58
Case D289 Count: 81
Case D290 Count: 80
Case D291 Count: 72
Case D292 Count: 73
Case D293 Count: 66
Case D294 Count: 66
Case D295 Count: 55
Case D296 Count: 60
Case D297 Count: 62
Case D298 Count: 62
Case D299 Count: 64
Case D300 Count: 58
Case D301 Count: 60
Case D302 Count: 70
Case D303 Count: 66
Case D304 Count: 60
Case D305 Count: 57
Case D306 Count: 65
Case D307 Count: 62
Case D308 Count: 65
Case D309 Count: 57
Case D310 Count: 56
Case D311 Count: 59
Case D312 Count: 57
Case D313 Count: 45
Case D314 Count: 57
Case D315 Count: 51
Case D316 Count: 52
Case D317 Count: 62
Case D318 Count: 56
Case D319 Count: 52
Case D320 Count: 53
Case D321 Count: 58
Case D322 Count: 60
Case D323 Count: 59
Case D324 Count: 60
Case D325 Count: 51
Case D326 Count: 54
Case D327 Count: 49
Case D328 Count: 45
Case D329 Count: 44
Case D330 Count: 60
Case D331 Count: 57
Case D332 Count: 49
Case D333 Count: 48
Case D334 Count: 48
Case D335 Count: 66
Case D336 Count: 51
Case D337 Count: 57
Case D338 Count: 56
Case D339 Count: 58
Case D340 Count: 44
Case D341 Count: 60
Case D342 Count: 38
Case D343 Count: 43
Case D344 Count: 43
Case D345 Count: 60
Case D346 Count: 49
Case D347 Count: 32
Case D348 Count: 55
Case D349 Count: 55
Case D350 Count: 40
Case D351 Count: 52
Case D352 Count: 46
Case D353 Count: 46
Case D354 Count: 39
Case D355 Count: 53
Case D356 Count: 45
Case D357 Count: 41
Case D358 Count: 55
Case D359 Count: 39
Case D360 Count: 44
Case D361 Count: 27
Case D362 Count: 48
Case D363 Count: 40
Case D364 Count: 48
Case D365 Count: 43
Case D366 Count: 34
Case D367 Count: 53
Case D368 Count: 36
Case D369 Count: 45
Case D370 Count: 47
Case D371 Count: 48
Case D372 Count: 48
Case D373 Count: 46
Case D374 Count: 39
Case D375 Count: 36
Case D376 Count: 26
Case D377 Count: 40
Case D378 Count: 40
Case D379 Count: 27
Case D380 Count: 40
Case D381 Count: 48
Case D382 Count: 44
Case D383 Count: 39
Case D384 Count: 38
Case D385 Count: 41
Case D386 Count: 36
Case D387 Count: 39
Case D388 Count: 37
Case D389 Count: 39
Case D390 Count: 34
Case D391 Count: 35
Case D392 Count: 37
Case D393 Count: 43
Case D394 Count: 40
Case D395 Count: 40
Case D396 Count: 42
Case D397 Count: 37
Case D398 Count: 44
Case D399 Count: 34
Case D400 Count: 28
Case D401 Count: 42
Case D402 Count: 34
Case D403 Count: 39
Case D404 Count: 33
Case D405 Count: 28
Case D406 Count: 37
Case D407 Count: 39
Case D408 Count: 30
Case D409 Count: 34
Case D410 Count: 43
Case D411 Count: 40
Case D412 Count: 31
Case D413 Count: 46
Case D414 Count: 39
Case D415 Count: 46
Case D416 Count: 31
Case D417 Count: 36
Case D418 Count: 35
Case D419 Count: 29
Case D420 Count: 33
Case D421 Count: 31
Case D422 Count: 31
Case D423 Count: 29
Case D424 Count: 40
Case D425 Count: 47
Case D426 Count: 30
Case D427 Count: 26
Case D428 Count: 24
Case D429 Count: 29
Case D430 Count: 29
Case D431 Count: 27
Case D432 Count: 42
Case D433 Count: 35
Case D434 Count: 28
Case D435 Count: 35
Case D436 Count: 25
Case D437 Count: 29
Case D438 Count: 48
Case D439 Count: 31
Case D440 Count: 29
Case D441 Count: 36
Case D442 Count: 25
Case D443 Count: 29
Case D444 Count: 27
Case D445 Count: 24
Case D446 Count: 22
Case D447 Count: 30
Case D448 Count: 23
Case D449 Count: 28
Case D450 Count: 29
Case D451 Count: 32
Case D452 Count: 34
Case D453 Count: 32
Case D454 Count: 20
Case D455 Count: 32
Case D456 Count: 25
Case D457 Count: 26
Case D458 Count: 30
Case D459 Count: 38
Case D460 Count: 24
Case D461 Count: 28
Case D462 Count: 21
Case D463 Count: 29
Case D464 Count: 35
Case D465 Count: 19
Case D466 Count: 30
Case D467 Count: 25
Case D468 Count: 25
Case D469 Count: 30
Case D470 Count: 33
Case D471 Count: 34
Case D472 Count: 32
Case D473 Count: 33
Case D474 Count: 25
Case D475 Count: 24
Case D476 Count: 21
Case D477 Count: 28
Case D478 Count: 31
Case D479 Count: 28
Case D480 Count: 23
Case D481 Count: 31
Case D482 Count: 28
Case D483 Count: 28
Case D484 Count: 24
Case D485 Count: 39
Case D486 Count: 24
Case D487 Count: 22
Case D488 Count: 35
Case D489 Count: 23
Case D490 Count: 28
Case D491 Count: 33
Case D492 Count: 24
Case D493 Count: 34
Case D494 Count: 26
Case D495 Count: 40
Case D496 Count: 20
Case D497 Count: 24
Case D498 Count: 25
Case D499 Count: 26
Case D500 Count: 27
Case D501 Count: 21
Case D502 Count: 20
Case D503 Count: 24
Case D504 Count: 22
Case D505 Count: 25
Case D506 Count: 18
Case D507 Count: 18
Case D508 Count: 29
Case D509 Count: 16
Case D510 Count: 22
Case D511 Count: 26
Case D512 Count: 34
Case D513 Count: 23
Case D514 Count: 23
Case D515 Count: 26
Case D516 Count: 27
Case D517 Count: 26
Case D518 Count: 30
Case D519 Count: 19
Case D520 Count: 17
Case D521 Count: 25
Case D522 Count: 23
Case D523 Count: 21
Case D524 Count: 18
Case D525 Count: 25
Case D526 Count: 22
Case D527 Count: 24
Case D528 Count: 25
Case D529 Count: 22
Case D530 Count: 22
Case D531 Count: 19
Case D532 Count: 21
Case D533 Count: 22
Case D534 Count: 19
Case D535 Count: 25
Case D536 Count: 21
Case D537 Count: 24
Case D538 Count: 18
Case D539 Count: 20
Case D540 Count: 22
Case D541 Count: 20
Case D542 Count: 35
Case D543 Count: 18
Case D544 Count: 21
Case D545 Count: 18
Case D546 Count: 15
Case D547 Count: 20
Case D548 Count: 26
Case D549 Count: 13
Case D550 Count: 20
Case D551 Count: 18
Case D552 Count: 16
Case D553 Count: 23
Case D554 Count: 15
Case D555 Count: 19
Case D556 Count: 14
Case D557 Count: 15
Case D558 Count: 24
Case D559 Count: 23
Case D560 Count: 21
Case D561 Count: 16
Case D562 Count: 25
Case D563 Count: 21
Case D564 Count: 22
Case D565 Count: 27
Case D566 Count: 27
Case D567 Count: 24
Case D568 Count: 16
Case D569 Count: 16
Case D570 Count: 26
Case D571 Count: 23
Case D572 Count: 21
Case D573 Count: 20
Case D574 Count: 20
Case D575 Count: 23
Case D576 Count: 26
Case D577 Count: 16
Case D578 Count: 12
Case D579 Count: 18
Case D580 Count: 19
Case D581 Count: 18
Case D582 Count: 23
Case D583 Count: 14
Case D584 Count: 18
Case D585 Count: 18
Case D586 Count: 15
Case D587 Count: 19
Case D588 Count: 23
Case D589 Count: 17
Case D590 Count: 21
Case D591 Count: 15
Case D592 Count: 25
Case D593 Count: 14
Case D594 Count: 24
Case D595 Count: 23
Case D596 Count: 21
Case D597 Count: 25
Case D598 Count: 13
Case D599 Count: 19
Case D600 Count: 18
Case D601 Count: 21
Case D602 Count: 22
Case D603 Count: 16
Case D604 Count: 13
Case D605 Count: 17
Case D606 Count: 18
Case D607 Count: 18
Case D608 Count: 15
Case D609 Count: 12
Case D610 Count: 17
Case D611 Count: 19
Case D612 Count: 18
Case D613 Count: 18
Case D614 Count: 19
Case D615 Count: 18
Case D616 Count: 20
Case D617 Count: 14
Case D618 Count: 23
Case D619 Count: 19
Case D620 Count: 10
Case D621 Count: 15
Case D622 Count: 15
Case D623 Count: 16
Case D624 Count: 18
Case D625 Count: 9
Case D626 Count: 11
Case D627 Count: 16
Case D628 Count: 19
Case D629 Count: 16
Case D630 Count: 19
Case D631 Count: 8
Case D632 Count: 13
Case D633 Count: 21
Case D634 Count: 12
Case D635 Count: 19
Case D636 Count: 21
Case D637 Count: 10
Case D638 Count: 15
Case D639 Count: 14
Case D640 Count: 19
Case D641 Count: 16
Case D642 Count: 22
Case D643 Count: 13
Case D644 Count: 18
Case D645 Count: 14
Case D646 Count: 16
Case D647 Count: 9
Case D648 Count: 11
Case D649 Count: 18
Case D650 Count: 16
Case D651 Count: 16
Case D652 Count: 9
Case D653 Count: 18
Case D654 Count: 18
Case D655 Count: 13
Case D656 Count: 13
Case D657 Count: 17
Case D658 Count: 12
Case D659 Count: 13
Case D660 Count: 22
Case D661 Count: 18
Case D662 Count: 10
Case D663 Count: 15
Case D664 Count: 14
Case D665 Count: 21
Case D666 Count: 19
Case D667 Count: 16
Case D668 Count: 20
Case D669 Count: 22
Case D670 Count: 20
Case D671 Count: 18
Case D672 Count: 5
Case D673 Count: 13
Case D674 Count: 17
Case D675 Count: 20
Case D676 Count: 19
Case D677 Count: 18
Case D678 Count: 15
Case D679 Count: 18
Case D680 Count: 14
Case D681 Count: 14
Case D682 Count: 11
Case D683 Count: 23
Case D684 Count: 17
Case D685 Count: 14
Case D686 Count: 13
Case D687 Count: 17
Case D688 Count: 15
Case D689 Count: 9
Case D690 Count: 12
Case D691 Count: 17
Case D692 Count: 14
Case D693 Count: 25
Case D694 Count: 14
Case D695 Count: 16
Case D696 Count: 10
Case D697 Count: 12
Case D698 Count: 11
Case D699 Count: 13
Case D700 Count: 10
Case D701 Count: 14
Case D702 Count: 16
Case D703 Count: 19
Case D704 Count: 15
Case D705 Count: 12
Case D706 Count: 10
Case D707 Count: 11
Case D708 Count: 14
Case D709 Count: 20
Case D710 Count: 11
Case D711 Count: 12
Case D712 Count: 10
Case D713 Count: 13
Case D714 Count: 9
Case D715 Count: 5
Case D716 Count: 14
Case D717 Count: 9
Case D718 Count: 11
Case D719 Count: 12
Case D720 Count: 11
Case D721 Count: 8
Case D722 Count: 15
Case D723 Count: 14
Case D724 Count: 14
Case D725 Count: 16
Case D726 Count: 14
Case D727 Count: 11
Case D728 Count: 16
Case D729 Count: 12
Case D730 Count: 11
Case D731 Count: 8
Case D732 Count: 13
Case D733 Count: 6
Case D734 Count: 11
Case D735 Count: 11
Case D736 Count: 9
Case D737 Count: 11
Case D738 Count: 10
Case D739 Count: 19
Case D740 Count: 14
Case D741 Count: 10
Case D742 Count: 9
Case D743 Count: 18
Case D744 Count: 8
Case D745 Count: 13
Case D746 Count: 13
Case D747 Count: 14
Case D748 Count: 7
Case D749 Count: 12
Case D750 Count: 11
Case D751 Count: 14
Case D752 Count: 18
Case D753 Count: 13
Case D754 Count: 7
Case D755 Count: 11
Case D756 Count: 15
Case D757 Count: 5
Case D758 Count: 10
Case D759 Count: 8
Case D760 Count: 8
Case D761 Count: 14
Case D762 Count: 10
Case D763 Count: 11
Case D764 Count: 10
Case D765 Count: 7
Case D766 Count: 15
Case D767 Count: 12
Case D768 Count: 10
Case D769 Count: 8
Case D770 Count: 9
Case D771 Count: 8
Case D772 Count: 16
Case D773 Count: 15
Case D774 Count: 6
Case D775 Count: 15
Case D776 Count: 14
Case D777 Count: 11
Case D778 Count: 8
Case D779 Count: 6
Case D780 Count: 13
Case D781 Count: 13
Case D782 Count: 12
Case D783 Count: 10
Case D784 Count: 11
Case D785 Count: 14
Case D786 Count: 7
Case D787 Count: 8
Case D788 Count: 10
Case D789 Count: 14
Case D790 Count: 13
Case D791 Count: 8
Case D792 Count: 10
Case D793 Count: 11
Case D794 Count: 12
Case D795 Count: 8
Case D796 Count: 14
Case D797 Count: 12
Case D798 Count: 9
Case D799 Count: 9
Case D800 Count: 12
Case D801 Count: 12
Case D802 Count: 9
Case D803 Count: 12
Case D804 Count: 7
Case D805 Count: 6
Case D806 Count: 8
Case D807 Count: 6
Case D808 Count: 6
Case D809 Count: 17
Case D810 Count: 9
Case D811 Count: 7
Case D812 Count: 8
Case D813 Count: 8
Case D814 Count: 8
Case D815 Count: 10
Case D816 Count: 11
Case D817 Count: 11
Case D818 Count: 11
Case D819 Count: 11
Case D820 Count: 9
Case D821 Count: 10
Case D822 Count: 8
Case D823 Count: 9
Case D824 Count: 5
Case D825 Count: 7
Case D826 Count: 11
Case D827 Count: 11
Case D828 Count: 6
Case D829 Count: 9
Case D830 Count: 9
Case D831 Count: 9
Case D832 Count: 9
Case D833 Count: 11
Case D834 Count: 9
Case D835 Count: 12
Case D836 Count: 7
Case D837 Count: 11
Case D838 Count: 11
Case D839 Count: 14
Case D840 Count: 13
Case D841 Count: 12
Case D842 Count: 13
Case D843 Count: 6
Case D844 Count: 6
Case D845 Count: 9
Case D846 Count: 14
Case D847 Count: 7
Case D848 Count: 5
Case D849 Count: 9
Case D850 Count: 9
Case D851 Count: 13
Case D852 Count: 11
Case D853 Count: 4
Case D854 Count: 5
Case D855 Count: 13
Case D856 Count: 7
Case D857 Count: 9
Case D858 Count: 10
Case D859 Count: 9
Case D860 Count: 7
Case D861 Count: 8
Case D862 Count: 9
Case D863 Count: 17
Case D864 Count: 12
Case D865 Count: 6
Case D866 Count: 13
Case D867 Count: 7
Case D868 Count: 9
Case D869 Count: 6
Case D870 Count: 6
Case D871 Count: 8
Case D872 Count: 6
Case D873 Count: 7
Case D874 Count: 6
Case D875 Count: 7
Case D876 Count: 10
Case D877 Count: 5
Case D878 Count: 13
Case D879 Count: 9
Case D880 Count: 9
Case D881 Count: 4
Case D882 Count: 11
Case D883 Count: 7
Case D884 Count: 9
Case D885 Count: 9
Case D886 Count: 9
Case D887 Count: 6
Case D888 Count: 7
Case D889 Count: 4
Case D890 Count: 10
Case D891 Count: 13
Case D892 Count: 3
Case D893 Count: 11
Case D894 Count: 5
Case D895 Count: 6
Case D896 Count: 5
Case D897 Count: 5
Case D898 Count: 10
Case D899 Count: 8
Case D900 Count: 4
Case D901 Count: 13
Case D902 Count: 13
Case D903 Count: 8
Case D904 Count: 11
Case D905 Count: 8
Case D906 Count: 11
Case D907 Count: 8
Case D908 Count: 4
Case D909 Count: 4
Case D910 Count: 6
Case D911 Count: 5
Case D912 Count: 11
Case D913 Count: 6
Case D914 Count: 9
Case D915 Count: 4
Case D916 Count: 7
Case D917 Count: 9
Case D918 Count: 5
Case D919 Count: 6
Case D920 Count: 6
Case D921 Count: 11
Case D922 Count: 7
Case D923 Count: 9
Case D924 Count: 6
Case D925 Count: 7
Case D926 Count: 6
Case D927 Count: 12
Case D928 Count: 11
Case D929 Count: 10
Case D930 Count: 12
Case D931 Count: 6
Case D932 Count: 11
Case D933 Count: 7
Case D934 Count: 8
Case D935 Count: 8
Case D936 Count: 7
Case D937 Count: 8
Case D938 Count: 9
Case D939 Count: 15
Case D940 Count: 10
Case D941 Count: 5
Case D942 Count: 6
Case D943 Count: 3
Case D944 Count: 8
Case D945 Count: 5
Case D946 Count: 8
Case D947 Count: 10
Case D948 Count: 6
Case D949 Count: 7
Case D950 Count: 18
Case D951 Count: 9
Case D952 Count: 9
Case D953 Count: 5
Case D954 Count: 10
Case D955 Count: 1
Case D956 Count: 10
Case D957 Count: 14
Case D958 Count: 11
Case D959 Count: 10
Case D960 Count: 6
Case D961 Count: 7
Case D962 Count: 5
Case D963 Count: 8
Case D964 Count: 11
Case D965 Count: 6
Case D966 Count: 14
Case D967 Count: 8
Case D968 Count: 8
Case D969 Count: 6
Case D970 Count: 8
Case D971 Count: 9
Case D972 Count: 10
Case D973 Count: 11
Case D974 Count: 4
Case D975 Count: 8
Case D976 Count: 10
Case D977 Count: 7
Case D978 Count: 12
Case D979 Count: 7
Case D980 Count: 4
Case D981 Count: 6
Case D982 Count: 6
Case D983 Count: 3
Case D984 Count: 6
Case D985 Count: 3
Case D986 Count: 6
Case D987 Count: 5
Case D988 Count: 7
Case D989 Count: 10
Case D990 Count: 10
Case D991 Count: 4
Case D992 Count: 5
Case D993 Count: 7
Case D994 Count: 7
Case D995 Count: 6
Case D996 Count: 6
Case D997 Count: 4
Case D998 Count: 8
Case D999 Count: 8
Case D1000 Count: 6
Case D1001 Count: 5
Case D1002 Count: 6
Case D1003 Count: 5
Case D1004 Count: 5
Case D1005 Count: 5
Case D1006 Count: 11
Case D1007 Count: 5
Case D1008 Count: 4
Case D1009 Count: 4
Case D1010 Count: 7
Case D1011 Count: 5
Case D1012 Count: 5
Case D1013 Count: 7
Case D1014 Count: 7
Case D1015 Count: 10
Case D1016 Count: 5
Case D1017 Count: 12
Case D1018 Count: 6
Case D1019 Count: 7
Case D1020 Count: 6
Case D1021 Count: 6
Case D1022 Count: 4
Case D1023 Count: 4
Case D1024 Count: 10
Case D1025 Count: 3
Case D1026 Count: 7
Case D1027 Count: 3
Case D1028 Count: 4
Case D1029 Count: 6
Case D1030 Count: 3
Case D1031 Count: 7
Case D1032 Count: 5
Case D1033 Count: 7
Case D1034 Count: 3
Case D1035 Count: 6
Case D1036 Count: 8
Case D1037 Count: 10
Case D1038 Count: 4
Case D1039 Count: 7
Case D1040 Count: 8
Case D1041 Count: 3
Case D1042 Count: 3
Case D1043 Count: 8
Case D1044 Count: 12
Case D1045 Count: 5
Case D1046 Count: 6
Case D1047 Count: 10
Case D1048 Count: 6
Case D1049 Count: 7
Case D1050 Count: 10
Case D1051 Count: 2
Case D1052 Count: 4
Case D1053 Count: 8
Case D1054 Count: 2
Case D1055 Count: 3
Case D1056 Count: 7
Case D1057 Count: 4
Case D1058 Count: 9
Case D1059 Count: 5
Case D1060 Count: 5
Case D1061 Count: 9
Case D1062 Count: 6
Case D1063 Count: 3
Case D1064 Count: 7
Case D1065 Count: 4
Case D1066 Count: 7
Case D1067 Count: 7
Case D1068 Count: 1
Case D1069 Count: 4
Case D1070 Count: 3
Case D1071 Count: 9
Case D1072 Count: 7
Case D1073 Count: 3
Case D1074 Count: 4
Case D1075 Count: 6
Case D1076 Count: 6
Case D1077 Count: 10
Case D1078 Count: 6
Case D1079 Count: 7
Case D1080 Count: 6
Case D1081 Count: 9
Case D1082 Count: 4
Case D1083 Count: 7
Case D1084 Count: 5
Case D1085 Count: 4
Case D1086 Count: 3
Case D1087 Count: 6
Case D1088 Count: 2
Case D1089 Count: 6
Case D1090 Count: 6
Case D1091 Count: 7
Case D1092 Count: 5
Case D1093 Count: 5
Case D1094 Count: 8
Case D1095 Count: 2
Case D1096 Count: 5
Case D1097 Count: 8
Case D1098 Count: 5
Case D1099 Count: 3
Case D1100 Count: 3
Case D1101 Count: 12
Case D1102 Count: 9
Case D1103 Count: 6
Case D1104 Count: 7
Case D1105 Count: 6
Case D1106 Count: 10
Case D1107 Count: 6
Case D1108 Count: 8
Case D1109 Count: 8
Case D1110 Count: 6
Case D1111 Count: 4
Case D1112 Count: 2
Case D1113 Count: 8
Case D1114 Count: 5
Case D1115 Count: 5
Case D1116 Count: 1
Case D1117 Count: 2
Case D1118 Count: 6
Case D1119 Count: 6
Case D1120 Count: 5
Case D1121 Count: 5
Case D1122 Count: 1
Case D1123 Count: 3
Case D1124 Count: 4
Case D1125 Count: 4
Case D1126 Count: 4
Case D1127 Count: 2
Case D1128 Count: 4
Case D1129 Count: 3
Case D1130 Count: 5
Case D1131 Count: 6
Case D1132 Count: 5
Case D1133 Count: 5
Case D1134 Count: 9
Case D1135 Count: 6
Case D1136 Count: 4
Case D1137 Count: 6
Case D1138 Count: 8
Case D1139 Count: 6
Case D1140 Count: 8
Case D1141 Count: 6
Case D1142 Count: 7
Case D1143 Count: 5
Case D1144 Count: 6
Case D1145 Count: 2
Case D1146 Count: 7
Case D1147 Count: 7
Case D1148 Count: 5
Case D1149 Count: 5
Case D1150 Count: 7
Case D1151 Count: 1
Case D1152 Count: 4
Case D1153 Count: 1
Case D1154 Count: 8
Case D1155 Count: 2
Case D1156 Count: 5
Case D1157 Count: 5
Case D1158 Count: 4
Case D1159 Count: 5
Case D1160 Count: 3
Case D1161 Count: 4
Case D1162 Count: 6
Case D1163 Count: 5
Case D1164 Count: 4
Case D1165 Count: 5
Case D1166 Count: 3
Case D1167 Count: 5
Case D1168 Count: 3
Case D1169 Count: 7
Case D1170 Count: 6
Case D1171 Count: 2
Case D1172 Count: 3
Case D1173 Count: 6
Case D1174 Count: 5
Case D1175 Count: 9
Case D1176 Count: 2
Case D1177 Count: 11
Case D1178 Count: 4
Case D1179 Count: 4
Case D1180 Count: 5
Case D1181 Count: 6
Case D1182 Count: 6
Case D1183 Count: 2
Case D1184 Count: 4
Case D1185 Count: 9
Case D1186 Count: 7
Case D1187 Count: 4
Case D1188 Count: 9
Case D1189 Count: 8
Case D1190 Count: 6
Case D1191 Count: 7
Case D1192 Count: 6
Case D1193 Count: 2
Case D1194 Count: 3
Case D1195 Count: 5
Case D1196 Count: 6
Case D1197 Count: 3
Case D1198 Count: 7
Case D1199 Count: 4
Case D1200 Count: 4
Case D1201 Count: 4
Case D1202 Count: 3
Case D1203 Count: 3
Case D1204 Count: 3
Case D1205 Count: 3
Case D1206 Count: 3
Case D1207 Count: 4
Case D1208 Count: 6
Case D1209 Count: 9
Case D1211 Count: 4
Case D1212 Count: 6
Case D1213 Count: 5
Case D1214 Count: 7
Case D1215 Count: 3
Case D1216 Count: 3
Case D1217 Count: 5
Case D1218 Count: 7
Case D1219 Count: 3
Case D1220 Count: 4
Case D1221 Count: 2
Case D1222 Count: 4
Case D1223 Count: 6
Case D1224 Count: 4
Case D1225 Count: 8
Case D1226 Count: 5
Case D1227 Count: 3
Case D1228 Count: 8
Case D1229 Count: 4
Case D1230 Count: 3
Case D1231 Count: 2
Case D1232 Count: 6
Case D1233 Count: 2
Case D1234 Count: 2
Case D1235 Count: 4
Case D1236 Count: 6
Case D1237 Count: 4
Case D1238 Count: 5
Case D1239 Count: 5
Case D1240 Count: 2
Case D1241 Count: 4
Case D1242 Count: 2
Case D1243 Count: 6
Case D1244 Count: 4
Case D1245 Count: 2
Case D1246 Count: 6
Case D1247 Count: 7
Case D1248 Count: 6
Case D1249 Count: 12
Case D1250 Count: 1
Case D1251 Count: 4
Case D1252 Count: 5
Case D1253 Count: 7
Case D1254 Count: 9
Case D1255 Count: 5
Case D1256 Count: 5
Case D1257 Count: 6
Case D1258 Count: 5
Case D1259 Count: 2
Case D1260 Count: 7
Case D1261 Count: 3
Case D1262 Count: 3
Case D1264 Count: 7
Case D1265 Count: 1
Case D1266 Count: 6
Case D1267 Count: 4
Case D1268 Count: 3
Case D1269 Count: 1
Case D1270 Count: 5
Case D1271 Count: 6
Case D1272 Count: 7
Case D1273 Count: 5
Case D1274 Count: 2
Case D1275 Count: 6
Case D1276 Count: 3
Case D1277 Count: 6
Case D1278 Count: 3
Case D1279 Count: 2
Case D1280 Count: 2
Case D1281 Count: 4
Case D1282 Count: 7
Case D1283 Count: 3
Case D1284 Count: 7
Case D1285 Count: 7
Case D1286 Count: 5
Case D1287 Count: 4
Case D1288 Count: 6
Case D1289 Count: 2
Case D1290 Count: 3
Case D1291 Count: 3
Case D1292 Count: 4
Case D1293 Count: 3
Case D1294 Count: 5
Case D1295 Count: 8
Case D1296 Count: 1
Case D1297 Count: 1
Case D1298 Count: 5
Case D1299 Count: 5
Case D1300 Count: 3
Case D1301 Count: 4
Case D1302 Count: 4
Case D1303 Count: 3
Case D1304 Count: 2
Case D1305 Count: 7
Case D1306 Count: 6
Case D1307 Count: 7
Case D1308 Count: 4
Case D1309 Count: 8
Case D1310 Count: 4
Case D1311 Count: 5
Case D1312 Count: 3
Case D1313 Count: 7
Case D1314 Count: 4
Case D1315 Count: 3
Case D1316 Count: 4
Case D1317 Count: 5
Case D1318 Count: 3
Case D1319 Count: 7
Case D1320 Count: 1
Case D1321 Count: 4
Case D1322 Count: 4
Case D1323 Count: 2
Case D1324 Count: 2
Case D1325 Count: 4
Case D1326 Count: 7
Case D1327 Count: 4
Case D1328 Count: 9
Case D1329 Count: 1
Case D1330 Count: 4
Case D1331 Count: 5
Case D1332 Count: 6
Case D1333 Count: 4
Case D1334 Count: 4
Case D1335 Count: 3
Case D1336 Count: 8
Case D1337 Count: 2
Case D1338 Count: 4
Case D1339 Count: 2
Case D1340 Count: 4
Case D1341 Count: 6
Case D1342 Count: 3
Case D1343 Count: 1
Case D1344 Count: 4
Case D1345 Count: 7
Case D1346 Count: 4
Case D1347 Count: 8
Case D1348 Count: 6
Case D1349 Count: 2
Case D1350 Count: 5
Case D1351 Count: 5
Case D1352 Count: 4
Case D1353 Count: 2
Case D1354 Count: 3
Case D1355 Count: 4
Case D1356 Count: 5
Case D1357 Count: 4
Case D1358 Count: 4
Case D1359 Count: 6
Case D1360 Count: 4
Case D1361 Count: 2
Case D1362 Count: 6
Case D1363 Count: 2
Case D1364 Count: 9
Case D1365 Count: 4
Case D1366 Count: 7
Case D1367 Count: 3
Case D1368 Count: 4
Case D1369 Count: 6
Case D1370 Count: 2
Case D1371 Count: 5
Case D1372 Count: 3
Case D1373 Count: 3
Case D1374 Count: 5
Case D1375 Count: 4
Case D1376 Count: 6
Case D1377 Count: 7
Case D1378 Count: 4
Case D1379 Count: 5
Case D1380 Count: 6
Case D1381 Count: 6
Case D1382 Count: 6
Case D1383 Count: 2
Case D1384 Count: 1
Case D1385 Count: 5
Case D1386 Count: 1
Case D1387 Count: 4
Case D1388 Count: 2
Case D1389 Count: 2
Case D1390 Count: 6
Case D1391 Count: 7
Case D1393 Count: 4
Case D1394 Count: 4
Case D1395 Count: 6
Case D1396 Count: 4
Case D1397 Count: 7
Case D1398 Count: 3
Case D1399 Count: 4
Case D1400 Count: 3
Case D1401 Count: 5
Case D1402 Count: 2
Case D1403 Count: 2
Case D1404 Count: 2
Case D1405 Count: 5
Case D1406 Count: 1
Case D1407 Count: 3
Case D1408 Count: 2
Case D1409 Count: 2
Case D1410 Count: 9
Case D1411 Count: 6
Case D1412 Count: 4
Case D1413 Count: 1
Case D1414 Count: 6
Case D1415 Count: 3
Case D1416 Count: 8
Case D1417 Count: 2
Case D1418 Count: 5
Case D1419 Count: 5
Case D1420 Count: 3
Case D1421 Count: 8
Case D1422 Count: 3
Case D1423 Count: 2
Case D1424 Count: 2
Case D1425 Count: 2
Case D1426 Count: 1
Case D1427 Count: 1
Case D1428 Count: 3
Case D1429 Count: 4
Case D1430 Count: 2
Case D1431 Count: 4
Case D1432 Count: 2
Case D1433 Count: 1
Case D1434 Count: 2
Case D1435 Count: 4
Case D1436 Count: 1
Case D1437 Count: 3
Case D1438 Count: 2
Case D1439 Count: 8
Case D1440 Count: 1
Case D1441 Count: 2
Case D1442 Count: 4
Case D1443 Count: 2
Case D1444 Count: 3
Case D1445 Count: 2
Case D1447 Count: 7
Case D1448 Count: 3
Case D1449 Count: 4
Case D1450 Count: 4
Case D1451 Count: 7
Case D1452 Count: 3
Case D1453 Count: 2
Case D1454 Count: 2
Case D1455 Count: 3
Case D1456 Count: 4
Case D1457 Count: 1
Case D1458 Count: 3
Case D1459 Count: 1
Case D1460 Count: 4
Case D1461 Count: 1
Case D1462 Count: 6
Case D1463 Count: 5
Case D1465 Count: 3
Case D1466 Count: 4
Case D1467 Count: 2
Case D1468 Count: 1
Case D1469 Count: 4
Case D1470 Count: 5
Case D1471 Count: 4
Case D1472 Count: 2
Case D1473 Count: 2
Case D1474 Count: 4
Case D1475 Count: 2
Case D1476 Count: 7
Case D1477 Count: 3
Case D1478 Count: 3
Case D1479 Count: 4
Case D1480 Count: 5
Case D1481 Count: 1
Case D1482 Count: 3
Case D1483 Count: 1
Case D1484 Count: 4
Case D1486 Count: 6
Case D1487 Count: 4
Case D1488 Count: 2
Case D1489 Count: 3
Case D1490 Count: 4
Case D1491 Count: 3
Case D1492 Count: 2
Case D1493 Count: 4
Case D1494 Count: 2
Case D1495 Count: 3
Case D1496 Count: 2
Case D1497 Count: 6
Case D1498 Count: 3
Case D1499 Count: 5
Case D1500 Count: 2
Case D1501 Count: 3
Case D1502 Count: 5
Case D1503 Count: 1
Case D1504 Count: 2
Case D1505 Count: 4
Case D1506 Count: 2
Case D1507 Count: 4
Case D1509 Count: 2
Case D1510 Count: 6
Case D1511 Count: 2
Case D1512 Count: 2
Case D1513 Count: 2
Case D1514 Count: 2
Case D1515 Count: 2
Case D1516 Count: 3
Case D1517 Count: 3
Case D1518 Count: 2
Case D1519 Count: 2
Case D1520 Count: 2
Case D1521 Count: 5
Case D1522 Count: 6
Case D1523 Count: 1
Case D1524 Count: 1
Case D1525 Count: 2
Case D1526 Count: 3
Case D1527 Count: 5
Case D1529 Count: 2
Case D1530 Count: 3
Case D1531 Count: 7
Case D1532 Count: 4
Case D1533 Count: 4
Case D1534 Count: 4
Case D1535 Count: 8
Case D1536 Count: 1
Case D1537 Count: 3
Case D1538 Count: 3
Case D1539 Count: 1
Case D1540 Count: 6
Case D1541 Count: 8
Case D1542 Count: 3
Case D1543 Count: 3
Case D1544 Count: 1
Case D1545 Count: 3
Case D1546 Count: 5
Case D1547 Count: 7
Case D1548 Count: 3
Case D1549 Count: 2
Case D1550 Count: 6
Case D1551 Count: 5
Case D1552 Count: 2
Case D1553 Count: 3
Case D1554 Count: 3
Case D1555 Count: 4
Case D1556 Count: 3
Case D1557 Count: 2
Case D1558 Count: 2
Case D1559 Count: 2
Case D1560 Count: 3
Case D1561 Count: 2
Case D1562 Count: 4
Case D1563 Count: 3
Case D1564 Count: 1
Case D1565 Count: 4
Case D1566 Count: 4
Case D1569 Count: 2
Case D1570 Count: 1
Case D1571 Count: 4
Case D1573 Count: 3
Case D1574 Count: 5
Case D1575 Count: 5
Case D1576 Count: 4
Case D1577 Count: 4
Case D1578 Count: 5
Case D1579 Count: 1
Case D1580 Count: 1
Case D1581 Count: 2
Case D1582 Count: 7
Case D1583 Count: 4
Case D1584 Count: 3
Case D1585 Count: 5
Case D1586 Count: 4
Case D1587 Count: 3
Case D1588 Count: 2
Case D1589 Count: 3
Case D1590 Count: 2
Case D1591 Count: 5
Case D1592 Count: 4
Case D1593 Count: 4
Case D1595 Count: 2
Case D1596 Count: 3
Case D1597 Count: 1
Case D1598 Count: 7
Case D1599 Count: 5
Case D1600 Count: 1
Case D1601 Count: 2
Case D1602 Count: 4
Case D1603 Count: 5
Case D1604 Count: 4
Case D1605 Count: 2
Case D1606 Count: 1
Case D1607 Count: 5
Case D1608 Count: 2
Case D1610 Count: 6
Case D1611 Count: 6
Case D1612 Count: 1
Case D1613 Count: 1
Case D1614 Count: 4
Case D1615 Count: 3
Case D1616 Count: 3
Case D1618 Count: 5
Case D1619 Count: 1
Case D1620 Count: 2
Case D1621 Count: 2
Case D1622 Count: 3
Case D1623 Count: 4
Case D1624 Count: 2
Case D1625 Count: 7
Case D1626 Count: 3
Case D1627 Count: 3
Case D1628 Count: 3
Case D1629 Count: 4
Case D1630 Count: 3
Case D1631 Count: 3
Case D1633 Count: 1
Case D1634 Count: 4
Case D1635 Count: 2
Case D1636 Count: 5
Case D1637 Count: 1
Case D1639 Count: 6
Case D1640 Count: 1
Case D1642 Count: 2
Case D1643 Count: 2
Case D1644 Count: 1
Case D1645 Count: 4
Case D1646 Count: 2
Case D1647 Count: 1
Case D1648 Count: 1
Case D1649 Count: 4
Case D1650 Count: 3
Case D1651 Count: 1
Case D1654 Count: 1
Case D1655 Count: 2
Case D1656 Count: 1
Case D1657 Count: 4
Case D1658 Count: 5
Case D1659 Count: 2
Case D1660 Count: 3
Case D1661 Count: 2
Case D1662 Count: 3
Case D1663 Count: 2
Case D1664 Count: 1
Case D1665 Count: 3
Case D1666 Count: 1
Case D1667 Count: 1
Case D1668 Count: 1
Case D1669 Count: 6
Case D1670 Count: 3
Case D1671 Count: 3
Case D1672 Count: 6
Case D1673 Count: 2
Case D1674 Count: 1
Case D1675 Count: 2
Case D1676 Count: 4
Case D1677 Count: 5
Case D1678 Count: 1
Case D1679 Count: 1
Case D1680 Count: 1
Case D1681 Count: 2
Case D1682 Count: 2
Case D1683 Count: 5
Case D1684 Count: 1
Case D1685 Count: 5
Case D1686 Count: 4
Case D1687 Count: 7
Case D1688 Count: 4
Case D1689 Count: 4
Case D1690 Count: 4
Case D1691 Count: 2
Case D1692 Count: 1
Case D1694 Count: 3
Case D1696 Count: 2
Case D1697 Count: 3
Case D1698 Count: 5
Case D1699 Count: 1
Case D1700 Count: 4
Case D1702 Count: 3
Case D1703 Count: 1
Case D1704 Count: 1
Case D1705 Count: 2
Case D1706 Count: 1
Case D1707 Count: 4
Case D1708 Count: 3
Case D1709 Count: 3
Case D1710 Count: 2
Case D1711 Count: 4
Case D1712 Count: 2
Case D1713 Count: 2
Case D1714 Count: 3
Case D1715 Count: 2
Case D1716 Count: 2
Case D1717 Count: 3
Case D1718 Count: 2
Case D1719 Count: 1
Case D1720 Count: 2
Case D1721 Count: 1
Case D1722 Count: 1
Case D1723 Count: 1
Case D1724 Count: 1
Case D1725 Count: 1
Case D1726 Count: 1
Case D1727 Count: 3
Case D1728 Count: 4
Case D1729 Count: 4
Case D1730 Count: 2
Case D1731 Count: 2
Case D1732 Count: 2
Case D1733 Count: 1
Case D1734 Count: 3
Case D1735 Count: 2
Case D1736 Count: 2
Case D1738 Count: 2
Case D1739 Count: 1
Case D1740 Count: 2
Case D1742 Count: 5
Case D1743 Count: 3
Case D1744 Count: 3
Case D1745 Count: 8
Case D1747 Count: 3
Case D1748 Count: 1
Case D1749 Count: 3
Case D1750 Count: 2
Case D1751 Count: 5
Case D1752 Count: 3
Case D1753 Count: 1
Case D1754 Count: 2
Case D1755 Count: 7
Case D1756 Count: 2
Case D1757 Count: 4
Case D1758 Count: 5
Case D1759 Count: 3
Case D1760 Count: 4
Case D1761 Count: 2
Case D1763 Count: 1
Case D1764 Count: 3
Case D1765 Count: 2
Case D1766 Count: 1
Case D1768 Count: 1
Case D1769 Count: 4
Case D1770 Count: 3
Case D1771 Count: 3
Case D1772 Count: 2
Case D1773 Count: 4
Case D1774 Count: 2
Case D1775 Count: 3
Case D1776 Count: 4
Case D1777 Count: 2
Case D1778 Count: 5
Case D1779 Count: 2
Case D1780 Count: 2
Case D1781 Count: 3
Case D1782 Count: 1
Case D1783 Count: 1
Case D1784 Count: 2
Case D1785 Count: 6
Case D1786 Count: 1
Case D1787 Count: 2
Case D1788 Count: 1
Case D1789 Count: 4
Case D1790 Count: 3
Case D1791 Count: 4
Case D1792 Count: 2
Case D1793 Count: 3
Case D1794 Count: 1
Case D1795 Count: 1
Case D1796 Count: 2
Case D1797 Count: 3
Case D1798 Count: 5
Case D1799 Count: 4
Case D1800 Count: 2
Case D1801 Count: 4
Case D1802 Count: 4
Case D1803 Count: 2
Case D1804 Count: 5
Case D1805 Count: 2
Case D1806 Count: 1
Case D1807 Count: 4
Case D1808 Count: 2
Case D1810 Count: 1
Case D1811 Count: 3
Case D1812 Count: 3
Case D1813 Count: 4
Case D1815 Count: 2
Case D1816 Count: 2
Case D1818 Count: 1
Case D1820 Count: 2
Case D1821 Count: 3
Case D1822 Count: 3
Case D1823 Count: 1
Case D1825 Count: 1
Case D1826 Count: 3
Case D1827 Count: 2
Case D1828 Count: 2
Case D1829 Count: 3
Case D1830 Count: 2
Case D1831 Count: 6
Case D1832 Count: 4
Case D1833 Count: 2
Case D1834 Count: 6
Case D1835 Count: 4
Case D1836 Count: 1
Case D1837 Count: 2
Case D1838 Count: 4
Case D1839 Count: 1
Case D1840 Count: 1
Case D1841 Count: 1
Case D1842 Count: 3
Case D1843 Count: 2
Case D1844 Count: 3
Case D1845 Count: 4
Case D1846 Count: 1
Case D1847 Count: 2
Case D1848 Count: 2
Case D1849 Count: 2
Case D1850 Count: 1
Case D1851 Count: 2
Case D1852 Count: 4
Case D1853 Count: 1
Case D1854 Count: 1
Case D1855 Count: 1
Case D1856 Count: 2
Case D1859 Count: 1
Case D1860 Count: 2
Case D1864 Count: 1
Case D1865 Count: 1
Case D1866 Count: 4
Case D1867 Count: 3
Case D1868 Count: 1
Case D1869 Count: 3
Case D1870 Count: 3
Case D1871 Count: 2
Case D1873 Count: 1
Case D1874 Count: 2
Case D1875 Count: 3
Case D1877 Count: 2
Case D1878 Count: 1
Case D1879 Count: 4
Case D1880 Count: 1
Case D1881 Count: 2
Case D1883 Count: 3
Case D1884 Count: 1
Case D1885 Count: 4
Case D1887 Count: 3
Case D1888 Count: 1
Case D1889 Count: 3
Case D1890 Count: 2
Case D1891 Count: 1
Case D1892 Count: 2
Case D1893 Count: 2
Case D1894 Count: 7
Case D1895 Count: 1
Case D1896 Count: 1
Case D1897 Count: 2
Case D1898 Count: 1
Case D1899 Count: 2
Case D1900 Count: 3
Case D1901 Count: 2
Case D1902 Count: 2
Case D1904 Count: 2
Case D1905 Count: 3
Case D1906 Count: 1
Case D1907 Count: 2
Case D1908 Count: 4
Case D1909 Count: 2
Case D1910 Count: 5
Case D1911 Count: 1
Case D1912 Count: 2
Case D1913 Count: 1
Case D1914 Count: 2
Case D1915 Count: 2
Case D1916 Count: 1
Case D1917 Count: 4
Case D1918 Count: 1
Case D1919 Count: 1
Case D1920 Count: 1
Case D1921 Count: 5
Case D1922 Count: 4
Case D1923 Count: 3
Case D1924 Count: 2
Case D1925 Count: 1
Case D1926 Count: 2
Case D1927 Count: 1
Case D1928 Count: 4
Case D1930 Count: 3
Case D1931 Count: 5
Case D1932 Count: 1
Case D1934 Count: 1
Case D1935 Count: 2
Case D1936 Count: 3
Case D1937 Count: 3
Case D1938 Count: 4
Case D1939 Count: 2
Case D1940 Count: 1
Case D1941 Count: 5
Case D1942 Count: 4
Case D1944 Count: 3
Case D1948 Count: 3
Case D1949 Count: 1
Case D1950 Count: 2
Case D1951 Count: 1
Case D1952 Count: 1
Case D1954 Count: 3
Case D1955 Count: 2
Case D1956 Count: 3
Case D1957 Count: 1
Case D1958 Count: 1
Case D1959 Count: 2
Case D1960 Count: 1
Case D1961 Count: 3
Case D1962 Count: 4
Case D1963 Count: 4
Case D1965 Count: 2
Case D1967 Count: 4
Case D1968 Count: 1
Case D1969 Count: 1
Case D1973 Count: 1
Case D1974 Count: 2
Case D1975 Count: 1
Case D1977 Count: 4
Case D1978 Count: 4
Case D1979 Count: 3
Case D1980 Count: 2
Case D1981 Count: 2
Case D1982 Count: 1
Case D1983 Count: 2
Case D1984 Count: 2
Case D1986 Count: 1
Case D1987 Count: 5
Case D1988 Count: 3
Case D1989 Count: 1
Case D1990 Count: 1
Case D1991 Count: 1
Case D1992 Count: 3
Case D1993 Count: 1
Case D1994 Count: 2
Case D1995 Count: 4
Case D1996 Count: 2
Case D1997 Count: 3
Case D1998 Count: 4
Case D2001 Count: 1
Case D2002 Count: 1
Case D2003 Count: 2
Case D2004 Count: 2
Case D2005 Count: 3
Case D2006 Count: 4
Case D2007 Count: 2
Case D2008 Count: 5
Case D2009 Count: 3
Case D2010 Count: 2
Case D2011 Count: 2
Case D2012 Count: 2
Case D2013 Count: 3
Case D2014 Count: 4
Case D2015 Count: 2
Case D2016 Count: 2
Case D2017 Count: 3
Case D2018 Count: 2
Case D2020 Count: 2
Case D2021 Count: 2
Case D2022 Count: 1
Case D2023 Count: 2
Case D2024 Count: 3
Case D2025 Count: 3
Case D2027 Count: 4
Case D2028 Count: 1
Case D2029 Count: 4
Case D2030 Count: 1
Case D2031 Count: 2
Case D2032 Count: 2
Case D2034 Count: 1
Case D2036 Count: 2
Case D2037 Count: 2
Case D2038 Count: 1
Case D2039 Count: 1
Case D2040 Count: 4
Case D2042 Count: 2
Case D2043 Count: 2
Case D2044 Count: 2
Case D2045 Count: 3
Case D2046 Count: 3
Case D2047 Count: 3
Case D2048 Count: 2
Case D2049 Count: 2
Case D2050 Count: 1
Case D2051 Count: 8
Case D2053 Count: 1
Case D2055 Count: 1
Case D2056 Count: 4
Case D2057 Count: 4
Case D2058 Count: 2
Case D2059 Count: 5
Case D2060 Count: 5
Case D2061 Count: 5
Case D2064 Count: 3
Case D2065 Count: 2
Case D2066 Count: 1
Case D2067 Count: 3
Case D2068 Count: 4
Case D2069 Count: 1
Case D2070 Count: 3
Case D2071 Count: 1
Case D2072 Count: 1
Case D2073 Count: 3
Case D2074 Count: 2
Case D2077 Count: 1
Case D2078 Count: 4
Case D2079 Count: 1
Case D2080 Count: 1
Case D2081 Count: 1
Case D2082 Count: 2
Case D2083 Count: 4
Case D2086 Count: 2
Case D2088 Count: 3
Case D2089 Count: 1
Case D2090 Count: 3
Case D2092 Count: 2
Case D2093 Count: 1
Case D2094 Count: 1
Case D2096 Count: 4
Case D2097 Count: 3
Case D2099 Count: 3
Case D2100 Count: 1
Case D2101 Count: 3
Case D2103 Count: 1
Case D2104 Count: 5
Case D2106 Count: 1
Case D2107 Count: 1
Case D2108 Count: 3
Case D2110 Count: 2
Case D2111 Count: 1
Case D2112 Count: 2
Case D2115 Count: 3
Case D2116 Count: 2
Case D2117 Count: 1
Case D2118 Count: 1
Case D2119 Count: 4
Case D2120 Count: 1
Case D2121 Count: 3
Case D2123 Count: 1
Case D2124 Count: 1
Case D2125 Count: 4
Case D2126 Count: 2
Case D2127 Count: 1
Case D2128 Count: 1
Case D2129 Count: 2
Case D2130 Count: 5
Case D2131 Count: 4
Case D2132 Count: 2
Case D2133 Count: 2
Case D2134 Count: 1
Case D2136 Count: 2
Case D2137 Count: 1
Case D2138 Count: 1
Case D2139 Count: 1
Case D2140 Count: 1
Case D2141 Count: 4
Case D2142 Count: 4
Case D2143 Count: 2
Case D2145 Count: 1
Case D2147 Count: 2
Case D2148 Count: 3
Case D2149 Count: 3
Case D2150 Count: 1
Case D2151 Count: 1
Case D2152 Count: 1
Case D2153 Count: 7
Case D2154 Count: 5
Case D2155 Count: 4
Case D2156 Count: 2
Case D2157 Count: 2
Case D2158 Count: 2
Case D2159 Count: 2
Case D2160 Count: 2
Case D2161 Count: 1
Case D2162 Count: 1
Case D2163 Count: 3
Case D2164 Count: 1
Case D2166 Count: 1
Case D2167 Count: 2
Case D2169 Count: 1
Case D2170 Count: 2
Case D2171 Count: 2
Case D2172 Count: 1
Case D2173 Count: 3
Case D2175 Count: 1
Case D2176 Count: 1
Case D2177 Count: 3
Case D2178 Count: 1
Case D2180 Count: 1
Case D2181 Count: 1
Case D2182 Count: 1
Case D2184 Count: 4
Case D2185 Count: 1
Case D2188 Count: 2
Case D2189 Count: 1
Case D2190 Count: 2
Case D2191 Count: 1
Case D2192 Count: 2
Case D2194 Count: 2
Case D2195 Count: 1
Case D2196 Count: 2
Case D2198 Count: 1
Case D2199 Count: 1
Case D2201 Count: 1
Case D2202 Count: 1
Case D2203 Count: 1
Case D2204 Count: 2
Case D2205 Count: 2
Case D2207 Count: 1
Case D2208 Count: 2
Case D2209 Count: 1
Case D2210 Count: 1
Case D2211 Count: 3
Case D2212 Count: 5
Case D2213 Count: 1
Case D2215 Count: 1
Case D2216 Count: 2
Case D2217 Count: 1
Case D2218 Count: 1
Case D2221 Count: 1
Case D2222 Count: 2
Case D2223 Count: 2
Case D2224 Count: 2
Case D2225 Count: 4
Case D2226 Count: 1
Case D2228 Count: 1
Case D2230 Count: 2
Case D2232 Count: 2
Case D2234 Count: 1
Case D2235 Count: 2
Case D2236 Count: 1
Case D2237 Count: 2
Case D2241 Count: 1
Case D2242 Count: 1
Case D2244 Count: 1
Case D2245 Count: 1
Case D2246 Count: 2
Case D2247 Count: 2
Case D2248 Count: 2
Case D2250 Count: 1
Case D2251 Count: 1
Case D2252 Count: 2
Case D2254 Count: 2
Case D2255 Count: 1
Case D2256 Count: 3
Case D2258 Count: 1
Case D2261 Count: 1
Case D2262 Count: 1
Case D2263 Count: 2
Case D2267 Count: 1
Case D2268 Count: 1
Case D2269 Count: 3
Case D2270 Count: 3
Case D2271 Count: 2
Case D2272 Count: 2
Case D2273 Count: 2
Case D2274 Count: 1
Case D2276 Count: 1
Case D2277 Count: 4
Case D2279 Count: 2
Case D2280 Count: 1
Case D2281 Count: 1
Case D2285 Count: 3
Case D2287 Count: 1
Case D2288 Count: 2
Case D2289 Count: 4
Case D2290 Count: 2
Case D2291 Count: 1
Case D2292 Count: 3
Case D2293 Count: 5
Case D2294 Count: 1
Case D2295 Count: 1
Case D2296 Count: 1
Case D2297 Count: 4
Case D2299 Count: 3
Case D2300 Count: 6
Case D2301 Count: 1
Case D2304 Count: 1
Case D2307 Count: 2
Case D2308 Count: 1
Case D2309 Count: 1
Case D2310 Count: 2
Case D2311 Count: 1
Case D2313 Count: 1
Case D2314 Count: 1
Case D2315 Count: 1
Case D2316 Count: 3
Case D2317 Count: 1
Case D2318 Count: 2
Case D2319 Count: 1
Case D2320 Count: 2
Case D2321 Count: 1
Case D2322 Count: 3
Case D2323 Count: 1
Case D2324 Count: 2
Case D2327 Count: 1
Case D2328 Count: 1
Case D2330 Count: 2
Case D2331 Count: 2
Case D2333 Count: 2
Case D2335 Count: 4
Case D2336 Count: 1
Case D2339 Count: 3
Case D2340 Count: 1
Case D2341 Count: 1
Case D2344 Count: 1
Case D2345 Count: 1
Case D2348 Count: 4
Case D2349 Count: 2
Case D2350 Count: 1
Case D2352 Count: 1
Case D2353 Count: 2
Case D2354 Count: 3
Case D2355 Count: 1
Case D2356 Count: 1
Case D2357 Count: 2
Case D2358 Count: 1
Case D2359 Count: 1
Case D2362 Count: 2
Case D2363 Count: 3
Case D2365 Count: 1
Case D2366 Count: 1
Case D2369 Count: 2
Case D2371 Count: 1
Case D2372 Count: 2
Case D2373 Count: 1
Case D2374 Count: 3
Case D2375 Count: 1
Case D2376 Count: 2
Case D2379 Count: 2
Case D2380 Count: 3
Case D2381 Count: 1
Case D2382 Count: 1
Case D2383 Count: 2
Case D2384 Count: 2
Case D2385 Count: 1
Case D2386 Count: 1
Case D2388 Count: 1
Case D2391 Count: 2
Case D2392 Count: 2
Case D2394 Count: 1
Case D2395 Count: 1
Case D2396 Count: 3
Case D2397 Count: 2
Case D2398 Count: 2
Case D2399 Count: 3
Case D2401 Count: 2
Case D2402 Count: 3
Case D2404 Count: 2
Case D2407 Count: 1
Case D2409 Count: 4
Case D2410 Count: 2
Case D2411 Count: 2
Case D2412 Count: 1
Case D2413 Count: 1
Case D2414 Count: 3
Case D2415 Count: 1
Case D2416 Count: 1
Case D2417 Count: 1
Case D2418 Count: 2
Case D2419 Count: 2
Case D2420 Count: 1
Case D2422 Count: 2
Case D2423 Count: 1
Case D2424 Count: 1
Case D2425 Count: 1
Case D2427 Count: 3
Case D2428 Count: 1
Case D2429 Count: 2
Case D2433 Count: 2
Case D2435 Count: 1
Case D2436 Count: 1
Case D2437 Count: 1
Case D2438 Count: 1
Case D2443 Count: 1
Case D2445 Count: 2
Case D2446 Count: 1
Case D2447 Count: 1
Case D2449 Count: 2
Case D2451 Count: 1
Case D2452 Count: 1
Case D2456 Count: 1
Case D2457 Count: 1
Case D2458 Count: 2
Case D2459 Count: 1
Case D2460 Count: 2
Case D2461 Count: 2
Case D2462 Count: 1
Case D2464 Count: 1
Case D2465 Count: 1
Case D2467 Count: 2
Case D2468 Count: 1
Case D2469 Count: 2
Case D2470 Count: 1
Case D2471 Count: 1
Case D2472 Count: 5
Case D2473 Count: 3
Case D2474 Count: 3
Case D2478 Count: 1
Case D2479 Count: 2
Case D2481 Count: 1
Case D2482 Count: 3
Case D2484 Count: 1
Case D2485 Count: 2
Case D2489 Count: 3
Case D2490 Count: 2
Case D2491 Count: 2
Case D2492 Count: 2
Case D2493 Count: 1
Case D2494 Count: 1
Case D2495 Count: 2
Case D2496 Count: 1
Case D2498 Count: 1
Case D2499 Count: 1
Case D2501 Count: 2
Case D2502 Count: 2
Case D2503 Count: 1
Case D2504 Count: 1
Case D2505 Count: 1
Case D2506 Count: 1
Case D2507 Count: 1
Case D2509 Count: 1
Case D2510 Count: 1
Case D2512 Count: 2
Case D2517 Count: 1
Case D2518 Count: 3
Case D2519 Count: 1
Case D2520 Count: 1
Case D2522 Count: 1
Case D2523 Count: 1
Case D2524 Count: 1
Case D2525 Count: 1
Case D2526 Count: 2
Case D2528 Count: 1
Case D2529 Count: 3
Case D2530 Count: 1
Case D2531 Count: 2
Case D2532 Count: 1
Case D2534 Count: 1
Case D2535 Count: 2
Case D2538 Count: 1
Case D2540 Count: 2
Case D2541 Count: 1
Case D2542 Count: 1
Case D2543 Count: 1
Case D2545 Count: 1
Case D2546 Count: 2
Case D2548 Count: 1
Case D2550 Count: 2
Case D2551 Count: 1
Case D2552 Count: 1
Case D2556 Count: 1
Case D2557 Count: 2
Case D2558 Count: 1
Case D2559 Count: 1
Case D2561 Count: 2
Case D2562 Count: 2
Case D2564 Count: 1
Case D2565 Count: 1
Case D2566 Count: 1
Case D2567 Count: 1
Case D2568 Count: 2
Case D2569 Count: 3
Case D2570 Count: 2
Case D2571 Count: 1
Case D2572 Count: 4
Case D2573 Count: 3
Case D2574 Count: 1
Case D2577 Count: 1
Case D2578 Count: 1
Case D2579 Count: 1
Case D2580 Count: 1
Case D2581 Count: 3
Case D2582 Count: 1
Case D2583 Count: 1
Case D2584 Count: 1
Case D2589 Count: 2
Case D2590 Count: 4
Case D2594 Count: 3
Case D2595 Count: 1
Case D2596 Count: 3
Case D2597 Count: 1
Case D2598 Count: 1
Case D2599 Count: 2
Case D2600 Count: 4
Case D2602 Count: 1
Case D2604 Count: 2
Case D2605 Count: 3
Case D2606 Count: 1
Case D2608 Count: 1
Case D2611 Count: 1
Case D2612 Count: 4
Case D2613 Count: 4
Case D2614 Count: 1
Case D2615 Count: 2
Case D2617 Count: 1
Case D2618 Count: 1
Case D2619 Count: 2
Case D2621 Count: 1
Case D2622 Count: 1
Case D2625 Count: 4
Case D2626 Count: 2
Case D2627 Count: 2
Case D2628 Count: 3
Case D2629 Count: 1
Case D2630 Count: 1
Case D2631 Count: 1
Case D2632 Count: 1
Case D2634 Count: 1
Case D2635 Count: 1
Case D2636 Count: 1
Case D2637 Count: 1
Case D2638 Count: 2
Case D2640 Count: 1
Case D2641 Count: 2
Case D2642 Count: 1
Case D2643 Count: 3
Case D2645 Count: 1
Case D2646 Count: 1
Case D2647 Count: 2
Case D2649 Count: 1
Case D2650 Count: 1
Case D2651 Count: 2
Case D2652 Count: 3
Case D2654 Count: 1
Case D2656 Count: 1
Case D2658 Count: 1
Case D2659 Count: 2
Case D2660 Count: 1
Case D2661 Count: 1
Case D2664 Count: 1
Case D2665 Count: 2
Case D2667 Count: 2
Case D2671 Count: 3
Case D2672 Count: 3
Case D2673 Count: 1
Case D2675 Count: 3
Case D2676 Count: 1
Case D2678 Count: 1
Case D2679 Count: 1
Case D2680 Count: 1
Case D2681 Count: 2
Case D2683 Count: 1
Case D2685 Count: 1
Case D2687 Count: 2
Case D2688 Count: 1
Case D2689 Count: 3
Case D2691 Count: 4
Case D2692 Count: 1
Case D2693 Count: 1
Case D2694 Count: 2
Case D2696 Count: 3
Case D2697 Count: 1
Case D2698 Count: 3
Case D2699 Count: 1
Case D2700 Count: 1
Case D2702 Count: 1
Case D2703 Count: 1
Case D2704 Count: 1
Case D2707 Count: 4
Case D2711 Count: 3
Case D2713 Count: 2
Case D2717 Count: 1
Case D2719 Count: 1
Case D2720 Count: 3
Case D2721 Count: 2
Case D2722 Count: 1
Case D2723 Count: 2
Case D2725 Count: 3
Case D2726 Count: 1
Case D2729 Count: 2
Case D2730 Count: 3
Case D2731 Count: 1
Case D2732 Count: 1
Case D2734 Count: 1
Case D2736 Count: 3
Case D2738 Count: 1
Case D2740 Count: 1
Case D2743 Count: 1
Case D2744 Count: 1
Case D2747 Count: 1
Case D2749 Count: 1
Case D2751 Count: 2
Case D2754 Count: 1
Case D2756 Count: 2
Case D2757 Count: 2
Case D2758 Count: 2
Case D2760 Count: 2
Case D2761 Count: 2
Case D2763 Count: 4
Case D2764 Count: 1
Case D2767 Count: 2
Case D2770 Count: 1
Case D2771 Count: 2
Case D2773 Count: 2
Case D2774 Count: 1
Case D2775 Count: 1
Case D2777 Count: 1
Case D2778 Count: 5
Case D2779 Count: 2
Case D2780 Count: 1
Case D2782 Count: 3
Case D2783 Count: 3
Case D2784 Count: 2
Case D2785 Count: 1
Case D2790 Count: 1
Case D2791 Count: 1
Case D2792 Count: 1
Case D2794 Count: 1
Case D2795 Count: 1
Case D2796 Count: 1
Case D2800 Count: 1
Case D2801 Count: 2
Case D2802 Count: 2
Case D2803 Count: 2
Case D2805 Count: 1
Case D2808 Count: 2
Case D2811 Count: 1
Case D2817 Count: 2
Case D2819 Count: 1
Case D2820 Count: 1
Case D2823 Count: 1
Case D2827 Count: 2
Case D2828 Count: 3
Case D2830 Count: 1
Case D2831 Count: 1
Case D2832 Count: 3
Case D2834 Count: 1
Case D2836 Count: 2
Case D2837 Count: 1
Case D2839 Count: 2
Case D2840 Count: 1
Case D2843 Count: 2
Case D2844 Count: 2
Case D2845 Count: 1
Case D2849 Count: 2
Case D2850 Count: 1
Case D2853 Count: 1
Case D2855 Count: 2
Case D2856 Count: 1
Case D2857 Count: 1
Case D2858 Count: 2
Case D2860 Count: 4
Case D2862 Count: 3
Case D2863 Count: 1
Case D2865 Count: 4
Case D2867 Count: 1
Case D2868 Count: 1
Case D2869 Count: 1
Case D2870 Count: 1
Case D2871 Count: 2
Case D2872 Count: 2
Case D2873 Count: 3
Case D2878 Count: 2
Case D2879 Count: 1
Case D2880 Count: 2
Case D2882 Count: 1
Case D2883 Count: 2
Case D2885 Count: 2
Case D2886 Count: 1
Case D2887 Count: 1
Case D2891 Count: 1
Case D2892 Count: 1
Case D2893 Count: 1
Case D2894 Count: 1
Case D2896 Count: 2
Case D2898 Count: 1
Case D2899 Count: 3
Case D2900 Count: 1
Case D2902 Count: 3
Case D2903 Count: 1
Case D2904 Count: 2
Case D2905 Count: 1
Case D2906 Count: 1
Case D2907 Count: 3
Case D2908 Count: 1
Case D2910 Count: 2
Case D2911 Count: 1
Case D2913 Count: 1
Case D2914 Count: 1
Case D2916 Count: 2
Case D2918 Count: 1
Case D2921 Count: 1
Case D2924 Count: 2
Case D2926 Count: 2
Case D2927 Count: 1
Case D2933 Count: 1
Case D2934 Count: 2
Case D2937 Count: 1
Case D2939 Count: 1
Case D2940 Count: 2
Case D2941 Count: 1
Case D2942 Count: 2
Case D2943 Count: 1
Case D2944 Count: 1
Case D2946 Count: 1
Case D2947 Count: 1
Case D2948 Count: 2
Case D2953 Count: 2
Case D2954 Count: 2
Case D2955 Count: 1
Case D2957 Count: 1
Case D2959 Count: 1
Case D2960 Count: 2
Case D2965 Count: 2
Case D2966 Count: 1
Case D2967 Count: 1
Case D2969 Count: 1
Case D2970 Count: 1
Case D2971 Count: 1
Case D2973 Count: 1
Case D2974 Count: 1
Case D2975 Count: 2
Case D2976 Count: 1
Case D2977 Count: 1
Case D2984 Count: 1
Case D2985 Count: 2
Case D2986 Count: 1
Case D2987 Count: 1
Case D2991 Count: 1
Case D2992 Count: 2
Case D2996 Count: 1
Case D2997 Count: 1
Case D2998 Count: 1
Case D3000 Count: 1
Case D3001 Count: 1
Case D3003 Count: 1
Case D3004 Count: 1
Case D3005 Count: 2
Case D3006 Count: 1
Case D3008 Count: 1
Case D3010 Count: 1
Case D3011 Count: 1
Case D3014 Count: 2
Case D3015 Count: 3
Case D3016 Count: 1
Case D3017 Count: 1
Case D3018 Count: 1
Case D3019 Count: 1
Case D3020 Count: 1
Case D3022 Count: 1
Case D3028 Count: 1
Case D3029 Count: 1
Case D3030 Count: 1
Case D3031 Count: 2
Case D3034 Count: 2
Case D3035 Count: 1
Case D3036 Count: 1
Case D3037 Count: 2
Case D3038 Count: 1
Case D3040 Count: 1
Case D3042 Count: 2
Case D3044 Count: 1
Case D3045 Count: 1
Case D3046 Count: 1
Case D3048 Count: 3
Case D3049 Count: 1
Case D3052 Count: 3
Case D3056 Count: 1
Case D3062 Count: 3
Case D3065 Count: 2
Case D3067 Count: 3
Case D3069 Count: 2
Case D3070 Count: 1
Case D3072 Count: 2
Case D3073 Count: 1
Case D3075 Count: 3
Case D3077 Count: 1
Case D3078 Count: 1
Case D3079 Count: 1
Case D3082 Count: 2
Case D3085 Count: 2
Case D3086 Count: 1
Case D3087 Count: 1
Case D3089 Count: 2
Case D3090 Count: 1
Case D3092 Count: 2
Case D3093 Count: 1
Case D3096 Count: 2
Case D3098 Count: 1
Case D3100 Count: 1
Case D3101 Count: 1
Case D3102 Count: 2
Case D3103 Count: 2
Case D3106 Count: 1
Case D3107 Count: 1
Case D3109 Count: 2
Case D3110 Count: 1
Case D3112 Count: 2
Case D3113 Count: 1
Case D3114 Count: 1
Case D3115 Count: 1
Case D3116 Count: 1
Case D3117 Count: 1
Case D3118 Count: 1
Case D3120 Count: 1
Case D3121 Count: 1
Case D3122 Count: 1
Case D3123 Count: 1
Case D3125 Count: 1
Case D3126 Count: 1
Case D3127 Count: 1
Case D3129 Count: 1
Case D3130 Count: 2
Case D3136 Count: 2
Case D3137 Count: 1
Case D3139 Count: 2
Case D3142 Count: 2
Case D3143 Count: 1
Case D3144 Count: 1
Case D3145 Count: 1
Case D3146 Count: 1
Case D3147 Count: 1
Case D3148 Count: 2
Case D3150 Count: 3
Case D3153 Count: 2
Case D3154 Count: 2
Case D3156 Count: 2
Case D3160 Count: 1
Case D3163 Count: 1
Case D3164 Count: 1
Case D3169 Count: 1
Case D3170 Count: 1
Case D3177 Count: 1
Case D3178 Count: 1
Case D3180 Count: 1
Case D3181 Count: 1
Case D3182 Count: 2
Case D3184 Count: 1
Case D3185 Count: 1
Case D3186 Count: 1
Case D3188 Count: 1
Case D3189 Count: 1
Case D3190 Count: 1
Case D3191 Count: 2
Case D3193 Count: 1
Case D3196 Count: 1
Case D3197 Count: 1
Case D3200 Count: 2
Case D3201 Count: 1
Case D3202 Count: 2
Case D3203 Count: 1
Case D3204 Count: 1
Case D3207 Count: 2
Case D3209 Count: 1
Case D3210 Count: 1
Case D3211 Count: 2
Case D3212 Count: 2
Case D3213 Count: 1
Case D3214 Count: 1
Case D3216 Count: 1
Case D3221 Count: 1
Case D3222 Count: 1
Case D3223 Count: 1
Case D3225 Count: 1
Case D3226 Count: 3
Case D3227 Count: 1
Case D3228 Count: 1
Case D3229 Count: 1
Case D3230 Count: 2
Case D3232 Count: 1
Case D3234 Count: 1
Case D3240 Count: 1
Case D3243 Count: 1
Case D3246 Count: 4
Case D3247 Count: 2
Case D3251 Count: 4
Case D3256 Count: 1
Case D3257 Count: 4
Case D3258 Count: 1
Case D3260 Count: 1
Case D3261 Count: 1
Case D3262 Count: 1
Case D3263 Count: 1
Case D3264 Count: 1
Case D3265 Count: 2
Case D3273 Count: 1
Case D3275 Count: 1
Case D3276 Count: 1
Case D3277 Count: 1
Case D3282 Count: 1
Case D3283 Count: 2
Case D3284 Count: 1
Case D3285 Count: 1
Case D3287 Count: 2
Case D3288 Count: 1
Case D3291 Count: 1
Case D3293 Count: 2
Case D3299 Count: 1
Case D3303 Count: 1
Case D3306 Count: 2
Case D3308 Count: 1
Case D3309 Count: 2
Case D3310 Count: 1
Case D3313 Count: 2
Case D3316 Count: 1
Case D3317 Count: 1
Case D3319 Count: 1
Case D3324 Count: 1
Case D3325 Count: 2
Case D3326 Count: 2
Case D3329 Count: 1
Case D3332 Count: 1
Case D3334 Count: 1
Case D3336 Count: 2
Case D3337 Count: 1
Case D3338 Count: 1
Case D3339 Count: 1
Case D3340 Count: 3
Case D3341 Count: 1
Case D3343 Count: 1
Case D3344 Count: 1
Case D3345 Count: 1
Case D3346 Count: 1
Case D3347 Count: 2
Case D3348 Count: 1
Case D3349 Count: 1
Case D3351 Count: 2
Case D3355 Count: 3
Case D3359 Count: 1
Case D3361 Count: 1
Case D3362 Count: 1
Case D3365 Count: 1
Case D3367 Count: 1
Case D3369 Count: 1
Case D3372 Count: 1
Case D3373 Count: 1
Case D3377 Count: 1
Case D3378 Count: 2
Case D3379 Count: 1
Case D3381 Count: 1
Case D3388 Count: 1
Case D3392 Count: 1
Case D3393 Count: 1
Case D3395 Count: 1
Case D3398 Count: 1
Case D3399 Count: 1
Case D3400 Count: 3
Case D3401 Count: 1
Case D3404 Count: 1
Case D3406 Count: 1
Case D3409 Count: 1
Case D3412 Count: 1
Case D3414 Count: 3
Case D3416 Count: 2
Case D3418 Count: 1
Case D3421 Count: 1
Case D3425 Count: 2
Case D3426 Count: 3
Case D3429 Count: 1
Case D3430 Count: 1
Case D3433 Count: 1
Case D3438 Count: 1
Case D3439 Count: 1
Case D3440 Count: 1
Case D3442 Count: 1
Case D3444 Count: 1
Case D3446 Count: 1
Case D3447 Count: 1
Case D3448 Count: 1
Case D3449 Count: 1
Case D3450 Count: 2
Case D3451 Count: 1
Case D3455 Count: 2
Case D3456 Count: 3
Case D3459 Count: 1
Case D3461 Count: 1
Case D3463 Count: 1
Case D3464 Count: 1
Case D3465 Count: 1
Case D3468 Count: 2
Case D3472 Count: 1
Case D3474 Count: 3
Case D3476 Count: 1
Case D3478 Count: 1
Case D3480 Count: 2
Case D3481 Count: 1
Case D3485 Count: 1
Case D3486 Count: 1
Case D3492 Count: 1
Case D3495 Count: 1
Case D3496 Count: 2
Case D3497 Count: 1
Case D3498 Count: 1
Case D3504 Count: 1
Case D3505 Count: 1
Case D3506 Count: 1
Case D3507 Count: 1
Case D3509 Count: 1
Case D3510 Count: 2
Case D3512 Count: 1
Case D3515 Count: 3
Case D3518 Count: 1
Case D3519 Count: 1
Case D3521 Count: 1
Case D3529 Count: 1
Case D3531 Count: 1
Case D3532 Count: 1
Case D3533 Count: 2
Case D3534 Count: 1
Case D3543 Count: 1
Case D3550 Count: 1
Case D3554 Count: 2
Case D3557 Count: 2
Case D3558 Count: 1
Case D3560 Count: 2
Case D3563 Count: 2
Case D3564 Count: 1
Case D3565 Count: 1
Case D3570 Count: 1
Case D3576 Count: 2
Case D3577 Count: 1
Case D3580 Count: 1
Case D3581 Count: 2
Case D3588 Count: 1
Case D3589 Count: 1
Case D3590 Count: 1
Case D3591 Count: 3
Case D3592 Count: 1
Case D3593 Count: 1
Case D3594 Count: 1
Case D3596 Count: 1
Case D3599 Count: 1
Case D3600 Count: 1
Case D3606 Count: 2
Case D3607 Count: 3
Case D3608 Count: 1
Case D3610 Count: 1
Case D3616 Count: 1
Case D3617 Count: 1
Case D3618 Count: 1
Case D3621 Count: 1
Case D3625 Count: 1
Case D3626 Count: 1
Case D3637 Count: 1
Case D3640 Count: 1
Case D3641 Count: 2
Case D3644 Count: 1
Case D3647 Count: 2
Case D3650 Count: 1
Case D3651 Count: 3
Case D3654 Count: 3
Case D3658 Count: 1
Case D3661 Count: 1
Case D3662 Count: 1
Case D3664 Count: 1
Case D3665 Count: 1
Case D3666 Count: 1
Case D3675 Count: 3
Case D3680 Count: 2
Case D3685 Count: 1
Case D3686 Count: 1
Case D3689 Count: 1
Case D3692 Count: 1
Case D3696 Count: 1
Case D3697 Count: 1
Case D3701 Count: 2
Case D3702 Count: 2
Case D3705 Count: 1
Case D3707 Count: 1
Case D3710 Count: 1
Case D3711 Count: 1
Case D3715 Count: 2
Case D3716 Count: 1
Case D3718 Count: 1
Case D3719 Count: 1
Case D3721 Count: 1
Case D3722 Count: 2
Case D3723 Count: 1
Case D3726 Count: 1
Case D3727 Count: 1
Case D3728 Count: 1
Case D3729 Count: 2
Case D3731 Count: 1
Case D3735 Count: 1
Case D3739 Count: 2
Case D3740 Count: 1
Case D3741 Count: 1
Case D3742 Count: 1
Case D3744 Count: 1
Case D3748 Count: 2
Case D3754 Count: 1
Case D3755 Count: 1
Case D3758 Count: 1
Case D3762 Count: 1
Case D3763 Count: 1
Case D3766 Count: 1
Case D3767 Count: 1
Case D3769 Count: 1
Case D3771 Count: 1
Case D3773 Count: 1
Case D3775 Count: 1
Case D3778 Count: 1
Case D3779 Count: 1
Case D3781 Count: 1
Case D3785 Count: 2
Case D3794 Count: 2
Case D3795 Count: 2
Case D3798 Count: 1
Case D3799 Count: 2
Case D3806 Count: 1
Case D3815 Count: 1
Case D3821 Count: 1
Case D3823 Count: 1
Case D3824 Count: 1
Case D3825 Count: 1
Case D3826 Count: 2
Case D3827 Count: 3
Case D3832 Count: 1
Case D3835 Count: 1
Case D3837 Count: 1
Case D3838 Count: 1
Case D3839 Count: 1
Case D3845 Count: 1
Case D3848 Count: 1
Case D3849 Count: 1
Case D3850 Count: 2
Case D3852 Count: 1
Case D3854 Count: 1
Case D3855 Count: 1
Case D3862 Count: 2
Case D3863 Count: 1
Case D3864 Count: 1
Case D3869 Count: 1
Case D3876 Count: 1
Case D3877 Count: 1
Case D3880 Count: 1
Case D3883 Count: 1
Case D3887 Count: 1
Case D3888 Count: 2
Case D3894 Count: 1
Case D3898 Count: 1
Case D3902 Count: 1
Case D3903 Count: 1
Case D3904 Count: 1
Case D3907 Count: 1
Case D3910 Count: 1
Case D3911 Count: 1
Case D3917 Count: 2
Case D3918 Count: 1
Case D3919 Count: 1
Case D3920 Count: 1
Case D3926 Count: 1
Case D3934 Count: 2
Case D3936 Count: 1
Case D3947 Count: 2
Case D3950 Count: 1
Case D3951 Count: 1
Case D3958 Count: 1
Case D3965 Count: 1
Case D3967 Count: 2
Case D3968 Count: 1
Case D3969 Count: 1
Case D3975 Count: 1
Case D3977 Count: 1
Case D3978 Count: 1
Case D3979 Count: 1
Case D3980 Count: 2
Case D3982 Count: 1
Case D3983 Count: 1
Case D3991 Count: 1
Case D3997 Count: 2
Case D4007 Count: 1
Case D4009 Count: 1
Case D4020 Count: 2
Case D4026 Count: 1
Case D4029 Count: 1
Case D4033 Count: 1
Case D4035 Count: 4
Case D4037 Count: 1
Case D4039 Count: 1
Case D4045 Count: 1
Case D4049 Count: 2
Case D4050 Count: 1
Case D4051 Count: 1
Case D4056 Count: 1
Case D4057 Count: 2
Case D4059 Count: 2
Case D4070 Count: 1
Case D4080 Count: 1
Case D4082 Count: 2
Case D4084 Count: 1
Case D4088 Count: 1
Case D4090 Count: 1
Case D4091 Count: 4
Case D4093 Count: 1
Case D4095 Count: 2
Case D4096 Count: 2
Case D4102 Count: 1
Case D4105 Count: 1
Case D4109 Count: 1
Case D4114 Count: 1
Case D4115 Count: 1
Case D4116 Count: 1
Case D4120 Count: 1
Case D4122 Count: 2
Case D4123 Count: 1
Case D4124 Count: 1
Case D4126 Count: 1
Case D4133 Count: 2
Case D4134 Count: 1
Case D4135 Count: 1
Case D4139 Count: 1
Case D4140 Count: 2
Case D4141 Count: 1
Case D4143 Count: 1
Case D4145 Count: 1
Case D4147 Count: 1
Case D4150 Count: 3
Case D4153 Count: 1
Case D4158 Count: 1
Case D4159 Count: 2
Case D4160 Count: 1
Case D4162 Count: 1
Case D4164 Count: 1
Case D4177 Count: 1
Case D4179 Count: 2
Case D4182 Count: 1
Case D4183 Count: 2
Case D4188 Count: 1
Case D4190 Count: 1
Case D4192 Count: 1
Case D4198 Count: 1
Case D4201 Count: 1
Case D4203 Count: 1
Case D4206 Count: 1
Case D4207 Count: 1
Case D4211 Count: 1
Case D4213 Count: 1
Case D4214 Count: 1
Case D4215 Count: 1
Case D4219 Count: 1
Case D4227 Count: 1
Case D4228 Count: 1
Case D4238 Count: 3
Case D4239 Count: 1
Case D4245 Count: 1
Case D4246 Count: 1
Case D4247 Count: 2
Case D4250 Count: 1
Case D4253 Count: 1
Case D4254 Count: 1
Case D4258 Count: 1
Case D4259 Count: 1
Case D4262 Count: 1
Case D4266 Count: 1
Case D4267 Count: 1
Case D4269 Count: 1
Case D4271 Count: 1
Case D4273 Count: 1
Case D4275 Count: 1
Case D4279 Count: 1
Case D4282 Count: 1
Case D4283 Count: 2
Case D4287 Count: 1
Case D4288 Count: 1
Case D4293 Count: 1
Case D4295 Count: 1
Case D4302 Count: 1
Case D4311 Count: 1
Case D4315 Count: 1
Case D4317 Count: 1
Case D4319 Count: 1
Case D4321 Count: 2
Case D4326 Count: 1
Case D4328 Count: 1
Case D4331 Count: 2
Case D4333 Count: 1
Case D4336 Count: 1
Case D4338 Count: 1
Case D4354 Count: 1
Case D4356 Count: 3
Case D4360 Count: 1
Case D4368 Count: 1
Case D4370 Count: 1
Case D4372 Count: 1
Case D4373 Count: 1
Case D4374 Count: 1
Case D4380 Count: 1
Case D4381 Count: 1
Case D4382 Count: 1
Case D4383 Count: 2
Case D4384 Count: 1
Case D4387 Count: 1
Case D4388 Count: 1
Case D4389 Count: 1
Case D4392 Count: 1
Case D4393 Count: 1
Case D4394 Count: 1
Case D4395 Count: 1
Case D4396 Count: 1
Case D4400 Count: 1
Case D4401 Count: 1
Case D4402 Count: 1
Case D4403 Count: 1
Case D4404 Count: 1
Case D4406 Count: 2
Case D4407 Count: 1
Case D4412 Count: 1
Case D4413 Count: 3
Case D4416 Count: 1
Case D4419 Count: 1
Case D4421 Count: 1
Case D4423 Count: 1
Case D4424 Count: 2
Case D4426 Count: 1
Case D4430 Count: 1
Case D4437 Count: 1
Case D4440 Count: 1
Case D4441 Count: 1
Case D4444 Count: 1
Case D4446 Count: 1
Case D4448 Count: 1
Case D4456 Count: 1
Case D4459 Count: 1
Case D4464 Count: 1
Case D4467 Count: 1
Case D4471 Count: 2
Case D4476 Count: 1
Case D4479 Count: 1
Case D4484 Count: 1
Case D4485 Count: 1
Case D4487 Count: 1
Case D4489 Count: 1
Case D4494 Count: 2
Case D4496 Count: 1
Case D4500 Count: 1
Case D4502 Count: 1
Case D4503 Count: 1
Case D4504 Count: 1
Case D4507 Count: 1
Case D4520 Count: 1
Case D4522 Count: 2
Case D4525 Count: 1
Case D4527 Count: 1
Case D4529 Count: 1
Case D4532 Count: 1
Case D4535 Count: 1
Case D4540 Count: 1
Case D4541 Count: 1
Case D4542 Count: 1
Case D4545 Count: 1
Case D4547 Count: 1
Case D4549 Count: 1
Case D4551 Count: 1
Case D4553 Count: 1
Case D4554 Count: 1
Case D4556 Count: 1
Case D4559 Count: 1
Case D4562 Count: 1
Case D4574 Count: 1
Case D4575 Count: 1
Case D4581 Count: 1
Case D4585 Count: 1
Case D4586 Count: 1
Case D4587 Count: 1
Case D4588 Count: 1
Case D4592 Count: 1
Case D4594 Count: 1
Case D4601 Count: 1
Case D4602 Count: 1
Case D4608 Count: 2
Case D4609 Count: 1
Case D4616 Count: 1
Case D4617 Count: 1
Case D4619 Count: 1
Case D4620 Count: 1
Case D4623 Count: 1
Case D4627 Count: 2
Case D4632 Count: 1
Case D4643 Count: 1
Case D4647 Count: 1
Case D4652 Count: 1
Case D4665 Count: 1
Case D4668 Count: 1
Case D4670 Count: 1
Case D4671 Count: 1
Case D4672 Count: 1
Case D4673 Count: 2
Case D4674 Count: 1
Case D4675 Count: 1
Case D4679 Count: 1
Case D4680 Count: 1
Case D4684 Count: 2
Case D4688 Count: 2
Case D4690 Count: 1
Case D4697 Count: 1
Case D4698 Count: 1
Case D4699 Count: 1
Case D4700 Count: 1
Case D4702 Count: 2
Case D4705 Count: 1
Case D4706 Count: 1
Case D4707 Count: 1
Case D4711 Count: 1
Case D4713 Count: 1
Case D4716 Count: 1
Case D4719 Count: 1
Case D4722 Count: 1
Case D4723 Count: 1
Case D4725 Count: 1
Case D4728 Count: 1
Case D4731 Count: 1
Case D4738 Count: 2
Case D4739 Count: 1
Case D4742 Count: 1
Case D4744 Count: 2
Case D4749 Count: 1
Case D4752 Count: 1
Case D4753 Count: 1
Case D4757 Count: 2
Case D4758 Count: 1
Case D4762 Count: 1
Case D4765 Count: 1
Case D4773 Count: 1
Case D4775 Count: 1
Case D4781 Count: 2
Case D4789 Count: 1
Case D4791 Count: 1
Case D4800 Count: 1
Case D4801 Count: 1
Case D4805 Count: 1
Case D4806 Count: 1
Case D4807 Count: 1
Case D4808 Count: 1
Case D4812 Count: 1
Case D4813 Count: 1
Case D4817 Count: 2
Case D4819 Count: 1
Case D4820 Count: 1
Case D4823 Count: 1
Case D4825 Count: 1
Case D4827 Count: 2
Case D4829 Count: 1
Case D4830 Count: 3
Case D4833 Count: 1
Case D4835 Count: 1
Case D4840 Count: 1
Case D4843 Count: 2
Case D4846 Count: 1
Case D4850 Count: 1
Case D4852 Count: 1
Case D4856 Count: 1
Case D4858 Count: 1
Case D4866 Count: 2
Case D4867 Count: 2
Case D4868 Count: 1
Case D4869 Count: 1
Case D4875 Count: 1
Case D4876 Count: 1
Case D4883 Count: 3
Case D4891 Count: 1
Case D4893 Count: 2
Case D4895 Count: 1
Case D4896 Count: 1
Case D4898 Count: 1
Case D4900 Count: 1
Case D4901 Count: 1
Case D4904 Count: 1
Case D4907 Count: 1
Case D4909 Count: 1
Case D4914 Count: 1
Case D4925 Count: 1
Case D4927 Count: 2
Case D4930 Count: 1
Case D4931 Count: 1
Case D4932 Count: 2
Case D4934 Count: 1
Case D4936 Count: 1
Case D4940 Count: 2
Case D4941 Count: 1
Case D4942 Count: 1
Case D4948 Count: 1
Case D4955 Count: 1
Case D4957 Count: 1
Case D4962 Count: 1
Case D4963 Count: 1
Case D4966 Count: 2
Case D4967 Count: 1
Case D4969 Count: 1
Case D4972 Count: 3
Case D4974 Count: 1
Case D4975 Count: 2
Case D4978 Count: 1
Case D4980 Count: 1
Case D4983 Count: 1
Case D4989 Count: 1
Case D4990 Count: 1
Case D4994 Count: 2
Case D4995 Count: 1
Case D4998 Count: 1
Case D5006 Count: 1
Case D5016 Count: 2
Case D5020 Count: 1
Case D5021 Count: 2
Case D5031 Count: 1
Case D5034 Count: 1
Case D5037 Count: 1
Case D5039 Count: 1
Case D5040 Count: 1
Case D5042 Count: 1
Case D5044 Count: 1
Case D5047 Count: 1
Case D5048 Count: 1
Case D5049 Count: 1
Case D5068 Count: 1
Case D5069 Count: 1
Case D5072 Count: 1
Case D5073 Count: 1
Case D5078 Count: 1
Case D5079 Count: 1
Case D5082 Count: 1
Case D5083 Count: 1
Case D5086 Count: 1
Case D5090 Count: 1
Case D5091 Count: 1
Case D5092 Count: 1
Case D5094 Count: 1
Case D5100 Count: 1
Case D5105 Count: 1
Case D5107 Count: 1
Case D5109 Count: 1
Case D5118 Count: 1
Case D5130 Count: 1
Case D5133 Count: 1
Case D5135 Count: 1
Case D5137 Count: 1
Case D5138 Count: 1
Case D5140 Count: 2
Case D5142 Count: 1
Case D5144 Count: 1
Case D5146 Count: 2
Case D5149 Count: 1
Case D5150 Count: 2
Case D5151 Count: 2
Case D5153 Count: 1
Case D5154 Count: 1
Case D5155 Count: 1
Case D5158 Count: 1
Case D5168 Count: 1
Case D5177 Count: 1
Case D5185 Count: 1
Case D5187 Count: 1
Case D5189 Count: 1
Case D5190 Count: 1
Case D5191 Count: 1
Case D5193 Count: 1
Case D5197 Count: 1
Case D5209 Count: 2
Case D5212 Count: 1
Case D5221 Count: 1
Case D5224 Count: 1
Case D5225 Count: 3
Case D5229 Count: 1
Case D5233 Count: 1
Case D5236 Count: 1
Case D5240 Count: 1
Case D5243 Count: 1
Case D5245 Count: 1
Case D5256 Count: 1
Case D5259 Count: 1
Case D5268 Count: 1
Case D5269 Count: 2
Case D5274 Count: 1
Case D5285 Count: 2
Case D5286 Count: 1
Case D5289 Count: 2
Case D5290 Count: 1
Case D5291 Count: 2
Case D5294 Count: 1
Case D5296 Count: 1
Case D5297 Count: 1
Case D5300 Count: 1
Case D5302 Count: 1
Case D5306 Count: 1
Case D5312 Count: 1
Case D5317 Count: 1
Case D5318 Count: 1
Case D5319 Count: 1
Case D5322 Count: 1
Case D5328 Count: 1
Case D5330 Count: 1
Case D5334 Count: 1
Case D5335 Count: 2
Case D5337 Count: 1
Case D5348 Count: 1
Case D5356 Count: 1
Case D5357 Count: 1
Case D5376 Count: 1
Case D5384 Count: 1
Case D5387 Count: 2
Case D5393 Count: 1
Case D5411 Count: 1
Case D5415 Count: 1
Case D5416 Count: 1
Case D5418 Count: 1
Case D5420 Count: 1
Case D5422 Count: 1
Case D5424 Count: 1
Case D5428 Count: 1
Case D5431 Count: 2
Case D5433 Count: 1
Case D5434 Count: 1
Case D5436 Count: 1
Case D5440 Count: 3
Case D5448 Count: 1
Case D5456 Count: 1
Case D5458 Count: 1
Case D5460 Count: 1
Case D5461 Count: 3
Case D5466 Count: 1
Case D5469 Count: 1
Case D5480 Count: 1
Case D5501 Count: 3
Case D5505 Count: 1
Case D5507 Count: 2
Case D5509 Count: 2
Case D5510 Count: 1
Case D5513 Count: 1
Case D5520 Count: 2
Case D5522 Count: 1
Case D5525 Count: 1
Case D5531 Count: 1
Case D5532 Count: 1
Case D5536 Count: 1
Case D5537 Count: 1
Case D5542 Count: 1
Case D5548 Count: 1
Case D5549 Count: 1
Case D5555 Count: 1
Case D5564 Count: 1
Case D5571 Count: 1
Case D5574 Count: 1
Case D5579 Count: 1
Case D5582 Count: 1
Case D5583 Count: 1
Case D5585 Count: 1
Case D5587 Count: 1
Case D5588 Count: 1
Case D5594 Count: 1
Case D5595 Count: 1
Case D5598 Count: 1
Case D5603 Count: 1
Case D5605 Count: 1
Case D5608 Count: 1
Case D5609 Count: 1
Case D5616 Count: 1
Case D5619 Count: 1
Case D5621 Count: 1
Case D5631 Count: 1
Case D5659 Count: 1
Case D5689 Count: 2
Case D5691 Count: 1
Case D5692 Count: 1
Case D5693 Count: 1
Case D5716 Count: 1
Case D5718 Count: 1
Case D5721 Count: 1
Case D5722 Count: 1
Case D5723 Count: 1
Case D5728 Count: 1
Case D5739 Count: 1
Case D5740 Count: 1
Case D5742 Count: 1
Case D5744 Count: 1
Case D5745 Count: 1
Case D5757 Count: 1
Case D5764 Count: 1
Case D5768 Count: 1
Case D5776 Count: 1
Case D5779 Count: 1
Case D5780 Count: 1
Case D5793 Count: 1
Case D5798 Count: 2
Case D5809 Count: 2
Case D5810 Count: 1
Case D5819 Count: 2
Case D5830 Count: 2
Case D5831 Count: 1
Case D5832 Count: 1
Case D5833 Count: 1
Case D5836 Count: 3
Case D5841 Count: 1
Case D5843 Count: 1
Case D5847 Count: 1
Case D5850 Count: 1
Case D5852 Count: 1
Case D5859 Count: 1
Case D5863 Count: 1
Case D5864 Count: 1
Case D5865 Count: 1
Case D5871 Count: 1
Case D5874 Count: 1
Case D5887 Count: 1
Case D5889 Count: 1
Case D5894 Count: 1
Case D5896 Count: 1
Case D5897 Count: 1
Case D5901 Count: 1
Case D5902 Count: 1
Case D5903 Count: 1
Case D5911 Count: 1
Case D5912 Count: 1
Case D5933 Count: 1
Case D5939 Count: 1
Case D5943 Count: 1
Case D5945 Count: 1
Case D5961 Count: 1
Case D5971 Count: 1
Case D5975 Count: 1
Case D5978 Count: 1
Case D5993 Count: 1
Case D5997 Count: 1
Case D5998 Count: 1
Case D6008 Count: 1
Case D6011 Count: 1
Case D6013 Count: 1
Case D6018 Count: 1
Case D6023 Count: 1
Case D6038 Count: 1
Case D6044 Count: 1
Case D6047 Count: 2
Case D6052 Count: 1
Case D6053 Count: 1
Case D6054 Count: 1
Case D6064 Count: 1
Case D6072 Count: 1
Case D6073 Count: 1
Case D6074 Count: 1
Case D6075 Count: 1
Case D6076 Count: 1
Case D6079 Count: 1
Case D6080 Count: 1
Case D6081 Count: 2
Case D6086 Count: 1
Case D6090 Count: 1
Case D6093 Count: 1
Case D6099 Count: 1
Case D6103 Count: 1
Case D6105 Count: 1
Case D6116 Count: 1
Case D6117 Count: 1
Case D6119 Count: 1
Case D6123 Count: 1
Case D6124 Count: 1
Case D6127 Count: 2
Case D6128 Count: 1
Case D6144 Count: 1
Case D6151 Count: 1
Case D6157 Count: 1
Case D6159 Count: 2
Case D6161 Count: 1
Case D6162 Count: 1
Case D6166 Count: 1
Case D6173 Count: 1
Case D6174 Count: 1
Case D6177 Count: 1
Case D6179 Count: 1
Case D6182 Count: 1
Case D6191 Count: 2
Case D6193 Count: 1
Case D6198 Count: 1
Case D6205 Count: 1
Case D6206 Count: 1
Case D6207 Count: 1
Case D6211 Count: 1
Case D6213 Count: 1
Case D6218 Count: 1
Case D6222 Count: 1
Case D6225 Count: 1
Case D6227 Count: 1
Case D6228 Count: 1
Case D6230 Count: 1
Case D6236 Count: 1
Case D6242 Count: 1
Case D6244 Count: 2
Case D6262 Count: 1
Case D6264 Count: 2
Case D6266 Count: 1
Case D6268 Count: 1
Case D6273 Count: 1
Case D6275 Count: 1
Case D6278 Count: 1
Case D6280 Count: 1
Case D6281 Count: 1
Case D6282 Count: 1
Case D6292 Count: 1
Case D6307 Count: 1
Case D6309 Count: 1
Case D6320 Count: 1
Case D6336 Count: 1
Case D6339 Count: 1
Case D6342 Count: 1
Case D6345 Count: 1
Case D6347 Count: 2
Case D6349 Count: 1
Case D6355 Count: 1
Case D6361 Count: 1
Case D6364 Count: 1
Case D6369 Count: 1
Case D6370 Count: 1
Case D6372 Count: 1
Case D6376 Count: 1
Case D6381 Count: 1
Case D6383 Count: 3
Case D6391 Count: 1
Case D6395 Count: 1
Case D6400 Count: 1
Case D6402 Count: 1
Case D6403 Count: 1
Case D6408 Count: 1
Case D6411 Count: 1
Case D6417 Count: 1
Case D6429 Count: 1
Case D6431 Count: 1
Case D6436 Count: 1
Case D6439 Count: 1
Case D6449 Count: 1
Case D6450 Count: 1
Case D6452 Count: 1
Case D6453 Count: 1
Case D6459 Count: 1
Case D6473 Count: 1
Case D6474 Count: 1
Case D6480 Count: 1
Case D6504 Count: 1
Case D6515 Count: 1
Case D6517 Count: 1
Case D6519 Count: 1
Case D6520 Count: 1
Case D6526 Count: 1
Case D6529 Count: 1
Case D6535 Count: 1
Case D6540 Count: 2
Case D6543 Count: 1
Case D6544 Count: 1
Case D6561 Count: 1
Case D6567 Count: 1
Case D6568 Count: 1
Case D6573 Count: 1
Case D6575 Count: 1
Case D6587 Count: 1
Case D6597 Count: 1
Case D6599 Count: 1
Case D6606 Count: 1
Case D6614 Count: 1
Case D6615 Count: 1
Case D6619 Count: 1
Case D6633 Count: 2
Case D6639 Count: 1
Case D6642 Count: 1
Case D6644 Count: 1
Case D6648 Count: 1
Case D6652 Count: 1
Case D6657 Count: 1
Case D6659 Count: 1
Case D6661 Count: 1
Case D6682 Count: 1
Case D6683 Count: 1
Case D6690 Count: 2
Case D6693 Count: 1
Case D6694 Count: 1
Case D6698 Count: 1
Case D6699 Count: 1
Case D6704 Count: 1
Case D6705 Count: 1
Case D6715 Count: 1
Case D6725 Count: 1
Case D6728 Count: 1
Case D6736 Count: 1
Case D6738 Count: 1
Case D6740 Count: 1
Case D6741 Count: 1
Case D6764 Count: 2
Case D6770 Count: 1
Case D6772 Count: 1
Case D6777 Count: 1
Case D6783 Count: 1
Case D6785 Count: 1
Case D6786 Count: 1
Case D6787 Count: 1
Case D6799 Count: 1
Case D6804 Count: 1
Case D6812 Count: 1
Case D6814 Count: 1
Case D6824 Count: 2
Case D6827 Count: 1
Case D6838 Count: 1
Case D6839 Count: 1
Case D6844 Count: 1
Case D6845 Count: 1
Case D6853 Count: 1
Case D6863 Count: 1
Case D6872 Count: 1
Case D6883 Count: 2
Case D6885 Count: 2
Case D6887 Count: 1
Case D6894 Count: 1
Case D6896 Count: 1
Case D6898 Count: 1
Case D6920 Count: 1
Case D6926 Count: 1
Case D6933 Count: 1
Case D6934 Count: 1
Case D6950 Count: 1
Case D6957 Count: 1
Case D6960 Count: 2
Case D6962 Count: 1
Case D6965 Count: 1
Case D6969 Count: 1
Case D6978 Count: 2
Case D6980 Count: 1
Case D6987 Count: 1
Case D6989 Count: 1
Case D6995 Count: 1
Case D6997 Count: 1
Case D6998 Count: 1
Case D6999 Count: 1
Case D7004 Count: 1
Case D7028 Count: 1
Case D7037 Count: 1
Case D7038 Count: 1
Case D7040 Count: 1
Case D7042 Count: 1
Case D7051 Count: 1
Case D7053 Count: 1
Case D7058 Count: 1
Case D7061 Count: 1
Case D7069 Count: 1
Case D7073 Count: 2
Case D7079 Count: 1
Case D7081 Count: 1
Case D7083 Count: 1
Case D7094 Count: 1
Case D7111 Count: 1
Case D7113 Count: 1
Case D7117 Count: 1
Case D7118 Count: 1
Case D7126 Count: 1
Case D7129 Count: 1
Case D7136 Count: 1
Case D7142 Count: 3
Case D7147 Count: 1
Case D7148 Count: 1
Case D7159 Count: 1
Case D7162 Count: 1
Case D7186 Count: 1
Case D7187 Count: 1
Case D7194 Count: 2
Case D7210 Count: 2
Case D7213 Count: 1
Case D7215 Count: 1
Case D7227 Count: 1
Case D7229 Count: 1
Case D7233 Count: 1
Case D7234 Count: 2
Case D7238 Count: 1
Case D7242 Count: 1
Case D7245 Count: 1
Case D7252 Count: 1
Case D7255 Count: 1
Case D7263 Count: 1
Case D7266 Count: 1
Case D7272 Count: 1
Case D7273 Count: 1
Case D7276 Count: 1
Case D7277 Count: 1
Case D7294 Count: 1
Case D7314 Count: 1
Case D7315 Count: 1
Case D7320 Count: 1
Case D7335 Count: 1
Case D7354 Count: 1
Case D7380 Count: 1
Case D7388 Count: 1
Case D7411 Count: 1
Case D7416 Count: 1
Case D7420 Count: 1
Case D7442 Count: 1
Case D7452 Count: 1
Case D7453 Count: 1
Case D7469 Count: 1
Case D7477 Count: 1
Case D7485 Count: 1
Case D7496 Count: 1
Case D7510 Count: 2
Case D7513 Count: 1
Case D7557 Count: 2
Case D7571 Count: 2
Case D7599 Count: 1
Case D7604 Count: 1
Case D7605 Count: 1
Case D7612 Count: 1
Case D7613 Count: 1
Case D7616 Count: 1
Case D7651 Count: 1
Case D7654 Count: 1
Case D7667 Count: 1
Case D7670 Count: 1
Case D7671 Count: 1
Case D7673 Count: 1
Case D7680 Count: 1
Case D7690 Count: 1
Case D7711 Count: 1
Case D7756 Count: 1
Case D7759 Count: 1
Case D7768 Count: 1
Case D7777 Count: 1
Case D7781 Count: 2
Case D7787 Count: 1
Case D7792 Count: 1
Case D7805 Count: 1
Case D7808 Count: 1
Case D7815 Count: 1
Case D7818 Count: 2
Case D7843 Count: 1
Case D7852 Count: 1
Case D7857 Count: 1
Case D7882 Count: 1
Case D7906 Count: 1
Case D7909 Count: 1
Case D7916 Count: 1
Case D7918 Count: 1
Case D7921 Count: 2
Case D7924 Count: 1
Case D7934 Count: 1
Case D7950 Count: 1
Case D7963 Count: 2
Case D7965 Count: 1
Case D7967 Count: 1
Case D7980 Count: 1
Case D7983 Count: 1
Case D7989 Count: 1
Case D8003 Count: 1
Case D8010 Count: 1
Case D8022 Count: 1
Case D8054 Count: 1
Case D8056 Count: 1
Case D8060 Count: 1
Case D8066 Count: 1
Case D8073 Count: 1
Case D8126 Count: 1
Case D8138 Count: 1
Case D8152 Count: 1
Case D8170 Count: 2
Case D8206 Count: 1
Case D8210 Count: 1
Case D8236 Count: 1
Case D8237 Count: 1
Case D8240 Count: 1
Case D8260 Count: 1
Case D8267 Count: 1
Case D8272 Count: 1
Case D8301 Count: 1
Case D8311 Count: 1
Case D8316 Count: 1
Case D8320 Count: 1
Case D8327 Count: 1
Case D8353 Count: 1
Case D8359 Count: 2
Case D8372 Count: 1
Case D8376 Count: 1
Case D8387 Count: 1
Case D8388 Count: 1
Case D8409 Count: 1
Case D8413 Count: 1
Case D8414 Count: 1
Case D8416 Count: 1
Case D8425 Count: 1
Case D8431 Count: 1
Case D8434 Count: 1
Case D8462 Count: 1
Case D8466 Count: 1
Case D8470 Count: 1
Case D8479 Count: 1
Case D8498 Count: 1
Case D8504 Count: 1
Case D8514 Count: 2
Case D8520 Count: 1
Case D8524 Count: 1
Case D8532 Count: 1
Case D8536 Count: 1
Case D8556 Count: 1
Case D8559 Count: 1
Case D8561 Count: 1
Case D8572 Count: 1
Case D8587 Count: 1
Case D8588 Count: 1
Case D8601 Count: 1
Case D8613 Count: 1
Case D8637 Count: 1
Case D8643 Count: 1
Case D8648 Count: 1
Case D8652 Count: 1
Case D8669 Count: 1
Case D8673 Count: 1
Case D8681 Count: 1
Case D8693 Count: 1
Case D8700 Count: 1
Case D8708 Count: 1
Case D8712 Count: 1
Case D8717 Count: 1
Case D8718 Count: 1
Case D8730 Count: 1
Case D8738 Count: 1
Case D8739 Count: 1
Case D8755 Count: 1
Case D8767 Count: 1
Case D8770 Count: 1
Case D8775 Count: 1
Case D8788 Count: 1
Case D8794 Count: 1
Case D8822 Count: 1
Case D8830 Count: 1
Case D8834 Count: 1
Case D8836 Count: 1
Case D8843 Count: 1
Case D8852 Count: 1
Case D8862 Count: 1
Case D8872 Count: 1
Case D8895 Count: 1
Case D8904 Count: 1
Case D8950 Count: 1
Case D8954 Count: 1
Case D8960 Count: 1
Case D8962 Count: 1
Case D8997 Count: 1
Case D9014 Count: 1
Case D9020 Count: 1
Case D9039 Count: 1
Case D9076 Count: 1
Case D9090 Count: 1
Case D9140 Count: 1
Case D9146 Count: 1
Case D9154 Count: 1
Case D9202 Count: 1
Case D9206 Count: 1
Case D9218 Count: 2
Case D9219 Count: 1
Case D9234 Count: 1
Case D9252 Count: 1
Case D9266 Count: 1
Case D9272 Count: 1
Case D9295 Count: 1
Case D9298 Count: 1
Case D9301 Count: 1
Case D9309 Count: 2
Case D9317 Count: 1
Case D9336 Count: 1
Case D9338 Count: 1
Case D9356 Count: 1
Case D9405 Count: 1
Case D9415 Count: 1
Case D9417 Count: 1
Case D9427 Count: 1
Case D9434 Count: 1
Case D9445 Count: 2
Case D9451 Count: 1
Case D9454 Count: 1
Case D9456 Count: 1
Case D9466 Count: 1
Case D9475 Count: 1
Case D9477 Count: 1
Case D9478 Count: 1
Case D9484 Count: 1
Case D9488 Count: 1
Case D9494 Count: 1
Case D9518 Count: 1
Case D9529 Count: 1
Case D9571 Count: 1
Case D9575 Count: 1
Case D9598 Count: 2
Case D9599 Count: 1
Case D9646 Count: 1
Case D9657 Count: 1
Case D9662 Count: 1
Case D9667 Count: 1
Case D9668 Count: 1
Case D9693 Count: 1
Case D9714 Count: 1
Case D9722 Count: 1
Case D9733 Count: 1
Case D9739 Count: 1
Case D9745 Count: 1
Case D9774 Count: 1
Case D9782 Count: 1
Case D9811 Count: 1
Case D9815 Count: 1
Case D9846 Count: 1
Case D9852 Count: 1
Case D9861 Count: 1
Case D9877 Count: 1
Case D9927 Count: 1
Case D9947 Count: 2
Case D9986 Count: 1
Case D9995 Count: 1
Case D10007 Count: 1
Case D10023 Count: 1
Case D10030 Count: 1
Case D10086 Count: 1
Case D10093 Count: 1
Case D10112 Count: 1
Case D10160 Count: 1
Case D10176 Count: 1
Case D10205 Count: 1
Case D10217 Count: 1
Case D10262 Count: 1
Case D10288 Count: 1
Case D10291 Count: 1
Case D10303 Count: 1
Case D10327 Count: 1
Case D10359 Count: 1
Case D10368 Count: 1
Case D10396 Count: 1
Case D10415 Count: 1
Case D10423 Count: 1
Case D10427 Count: 1
Case D10443 Count: 1
Case D10447 Count: 1
Case D10486 Count: 1
Case D10512 Count: 1
Case D10545 Count: 1
Case D10548 Count: 1
Case D10561 Count: 1
Case D10584 Count: 1
Case D10595 Count: 1
Case D10619 Count: 1
Case D10658 Count: 1
Case D10668 Count: 1
Case D10683 Count: 1
Case D10701 Count: 1
Case D10705 Count: 1
Case D10734 Count: 1
Case D10737 Count: 1
Case D10779 Count: 1
Case D10794 Count: 1
Case D10805 Count: 1
Case D10810 Count: 1
Case D10824 Count: 1
Case D10826 Count: 1
Case D10842 Count: 1
Case D10886 Count: 1
Case D10896 Count: 1
Case D10954 Count: 1
Case D10957 Count: 1
Case D10958 Count: 1
Case D10965 Count: 1
Case D10980 Count: 1
Case D10992 Count: 1
Case D10998 Count: 1
Case D11006 Count: 1
Case D11016 Count: 1
Case D11074 Count: 1
Case D11086 Count: 1
Case D11115 Count: 1
Case D11120 Count: 1
Case D11130 Count: 1
Case D11132 Count: 1
Case D11157 Count: 1
Case D11165 Count: 1
Case D11235 Count: 1
Case D11249 Count: 1
Case D11253 Count: 1
Case D11256 Count: 1
Case D11260 Count: 1
Case D11312 Count: 1
Case D11341 Count: 1
Case D11354 Count: 1
Case D11357 Count: 1
Case D11376 Count: 1
Case D11387 Count: 1
Case D11392 Count: 1
Case D11396 Count: 1
Case D11401 Count: 1
Case D11421 Count: 1
Case D11441 Count: 1
Case D11459 Count: 1
Case D11513 Count: 1
Case D11530 Count: 1
Case D11547 Count: 1
Case D11564 Count: 1
Case D11593 Count: 1
Case D11594 Count: 1
Case D11612 Count: 1
Case D11618 Count: 1
Case D11646 Count: 1
Case D11654 Count: 1
Case D11664 Count: 2
Case D11683 Count: 1
Case D11714 Count: 1
Case D11727 Count: 1
Case D11780 Count: 1
Case D11813 Count: 1
Case D11871 Count: 1
Case D11924 Count: 1
Case D11957 Count: 1
Case D11981 Count: 1
Case D11997 Count: 1
Case D12001 Count: 1
Case D12009 Count: 1
Case D12017 Count: 1
Case D12036 Count: 1
Case D12045 Count: 1
Case D12052 Count: 1
Case D12060 Count: 1
Case D12081 Count: 1
Case D12112 Count: 1
Case D12138 Count: 1
Case D12157 Count: 1
Case D12163 Count: 1
Case D12181 Count: 1
Case D12212 Count: 1
Case D12215 Count: 1
Case D12242 Count: 1
Case D12262 Count: 1
Case D12269 Count: 1
Case D12277 Count: 1
Case D12290 Count: 1
Case D12336 Count: 1
Case D12341 Count: 1
Case D12374 Count: 1
Case D12387 Count: 1
Case D12391 Count: 1
Case D12395 Count: 1
Case D12441 Count: 1
Case D12456 Count: 1
Case D12479 Count: 1
Case D12495 Count: 1
Case D12507 Count: 1
Case D12549 Count: 1
Case D12615 Count: 1
Case D12642 Count: 1
Case D12675 Count: 1
Case D12684 Count: 1
Case D12713 Count: 1
Case D12763 Count: 1
Case D12764 Count: 1
Case D12774 Count: 1
Case D12802 Count: 1
Case D12872 Count: 1
Case D12883 Count: 1
Case D12885 Count: 1
Case D12917 Count: 1
Case D12927 Count: 1
Case D12953 Count: 1
Case D12986 Count: 1
Case D13003 Count: 1
Case D13039 Count: 1
Case D13100 Count: 1
Case D13141 Count: 1
Case D13229 Count: 1
Case D13321 Count: 1
Case D13379 Count: 1
Case D13388 Count: 1
Case D13391 Count: 1
Case D13400 Count: 1
Case D13430 Count: 1
Case D13439 Count: 1
Case D13453 Count: 1
Case D13488 Count: 1
Case D13501 Count: 1
Case D13523 Count: 1
Case D13540 Count: 1
Case D13550 Count: 1
Case D13649 Count: 1
Case D13668 Count: 1
Case D13714 Count: 1
Case D13762 Count: 1
Case D13828 Count: 1
Case D13856 Count: 1
Case D13867 Count: 1
Case D13871 Count: 1
Case D13878 Count: 1
Case D13883 Count: 1
Case D13919 Count: 1
Case D13941 Count: 1
Case D13960 Count: 1
Case D13970 Count: 1
Case D14018 Count: 1
Case D14038 Count: 1
Case D14040 Count: 1
Case D14066 Count: 1
Case D14083 Count: 1
Case D14090 Count: 1
Case D14096 Count: 1
Case D14103 Count: 1
Case D14165 Count: 1
Case D14176 Count: 1
Case D14233 Count: 1
Case D14307 Count: 1
Case D14318 Count: 1
Case D14488 Count: 1
Case D14554 Count: 1
Case D14565 Count: 1
Case D14584 Count: 1
Case D14646 Count: 1
Case D14658 Count: 1
Case D14669 Count: 1
Case D14679 Count: 2
Case D14714 Count: 1
Case D14719 Count: 1
Case D14747 Count: 1
Case D14757 Count: 1
Case D14788 Count: 1
Case D14815 Count: 1
Case D14844 Count: 1
Case D14846 Count: 1
Case D14848 Count: 1
Case D14916 Count: 1
Case D14935 Count: 1
Case D14944 Count: 1
Case D14946 Count: 1
Case D14959 Count: 1
Case D15014 Count: 1
Case D15019 Count: 1
Case D15031 Count: 1
Case D15050 Count: 1
Case D15056 Count: 1
Case D15094 Count: 1
Case D15096 Count: 1
Case D15198 Count: 1
Case D15316 Count: 1
Case D15385 Count: 1
Case D15396 Count: 1
Case D15401 Count: 1
Case D15425 Count: 1
Case D15461 Count: 1
Case D15495 Count: 1
Case D15535 Count: 1
Case D15556 Count: 1
Case D15566 Count: 1
Case D15645 Count: 1
Case D15689 Count: 1
Case D15745 Count: 1
Case D15781 Count: 1
Case D15865 Count: 1
Case D15888 Count: 1
Case D15918 Count: 1
Case D15933 Count: 1
Case D15945 Count: 1
Case D15967 Count: 1
Case D15982 Count: 1
Case D15992 Count: 1
Case D16008 Count: 1
Case D16062 Count: 1
Case D16083 Count: 1
Case D16084 Count: 1
Case D16132 Count: 1
Case D16259 Count: 1
Case D16266 Count: 1
Case D16267 Count: 1
Case D16274 Count: 1
Case D16286 Count: 1
Case D16329 Count: 1
Case D16347 Count: 1
Case D16396 Count: 1
Case D16456 Count: 1
Case D16472 Count: 1
Case D16485 Count: 1
Case D16490 Count: 1
Case D16527 Count: 1
Case D16628 Count: 1
Case D16652 Count: 1
Case D16765 Count: 1
Case D16831 Count: 1
Case D16841 Count: 1
Case D16912 Count: 1
Case D16920 Count: 1
Case D16983 Count: 1
Case D17334 Count: 1
Case D17345 Count: 1
Case D17381 Count: 1
Case D17444 Count: 1
Case D17466 Count: 1
Case D17506 Count: 1
Case D17587 Count: 1
Case D17683 Count: 1
Case D17794 Count: 1
Case D17799 Count: 1
Case D17804 Count: 1
Case D17816 Count: 1
Case D17839 Count: 1
Case D17926 Count: 1
Case D18023 Count: 1
Case D18030 Count: 1
Case D18047 Count: 1
Case D18203 Count: 1
Case D18244 Count: 1
Case D18288 Count: 1
Case D18304 Count: 1
Case D18309 Count: 1
Case D18351 Count: 1
Case D18367 Count: 1
Case D18385 Count: 1
Case D18390 Count: 1
Case D18409 Count: 1
Case D18439 Count: 1
Case D18454 Count: 1
Case D18496 Count: 1
Case D18569 Count: 1
Case D18664 Count: 1
Case D18668 Count: 1
Case D18692 Count: 1
Case D18712 Count: 1
Case D18715 Count: 1
Case D18752 Count: 1
Case D18806 Count: 1
Case D18832 Count: 1
Case D18846 Count: 1
Case D18881 Count: 1
Case D18884 Count: 1
Case D19055 Count: 1
Case D19155 Count: 1
Case D19175 Count: 1
Case D19187 Count: 1
Case D19237 Count: 1
Case D19282 Count: 1
Case D19369 Count: 1
Case D19415 Count: 1
Case D19471 Count: 1
Case D19558 Count: 1
Case D19603 Count: 1
Case D19721 Count: 1
Case D19737 Count: 1
Case D19917 Count: 1
Case D19984 Count: 1
Case D20043 Count: 1
Case D20117 Count: 1
Case D20122 Count: 1
Case D20126 Count: 1
Case D20244 Count: 1
Case D20421 Count: 1
Case D20432 Count: 1
Case D20511 Count: 1
Case D20512 Count: 1
Case D20713 Count: 1
Case D20729 Count: 1
Case D20845 Count: 1
Case D20893 Count: 1
Case D20929 Count: 1
Case D21058 Count: 1
Case D21149 Count: 1
Case D21225 Count: 1
Case D21293 Count: 1
Case D21634 Count: 1
Case D21738 Count: 1
Case D21752 Count: 1
Case D21806 Count: 1
Case D22013 Count: 1
Case D22125 Count: 1
Case D22249 Count: 1
Case D22294 Count: 1
Case D22369 Count: 1
Case D22407 Count: 1
Case D22411 Count: 1
Case D22530 Count: 1
Case D22537 Count: 1
Case D22834 Count: 1
Case D22853 Count: 1
Case D22997 Count: 1
Case D23057 Count: 1
Case D23204 Count: 1
Case D23250 Count: 1
Case D23386 Count: 1
Case D23456 Count: 1
Case D23500 Count: 1
Case D23507 Count: 1
Case D23573 Count: 1
Case D23635 Count: 1
Case D23644 Count: 1
Case D23736 Count: 1
Case D23858 Count: 1
Case D23908 Count: 1
Case D23944 Count: 1
Case D24061 Count: 1
Case D24065 Count: 1
Case D24068 Count: 1
Case D24102 Count: 1
Case D24285 Count: 1
Case D24308 Count: 1
Case D24330 Count: 1
Case D24648 Count: 1
Case D24657 Count: 1
Case D24680 Count: 1
Case D24740 Count: 1
Case D24878 Count: 1
Case D25579 Count: 1
Case D25778 Count: 1
Case D25787 Count: 1
Case D25999 Count: 1
Case D26038 Count: 1
Case D26138 Count: 1
Case D26225 Count: 1
Case D26377 Count: 1
Case D26703 Count: 1
Case D26903 Count: 1
Case D27456 Count: 1
Case D27491 Count: 1
Case D27582 Count: 1
Case D27612 Count: 1
Case D27698 Count: 1
Case D27703 Count: 1
Case D28354 Count: 1
Case D29647 Count: 1
Case D29753 Count: 1
Case D29795 Count: 1
Case D29819 Count: 1
Case D29862 Count: 1
Case D30005 Count: 1
Case D30090 Count: 1
Case D30271 Count: 1
Case D30319 Count: 1
Case D30336 Count: 1
Case D30432 Count: 1
Case D30889 Count: 1
Case D30999 Count: 1
Case D31033 Count: 1
Case D31077 Count: 1
Case D31347 Count: 1
Case D31780 Count: 1
Case D31791 Count: 1
Case D32207 Count: 1
Case D32263 Count: 1
Case D32280 Count: 1
Case D32355 Count: 1
Case D32665 Count: 1
Case D32711 Count: 1
Case D32821 Count: 1
Case D32884 Count: 1
Case D32938 Count: 1
Case D32984 Count: 1
Case D33404 Count: 1
Case D34949 Count: 1
Case D35822 Count: 1
Case D36846 Count: 1
Case D37558 Count: 1
Case D37830 Count: 1
Case D37837 Count: 1
Case D38231 Count: 1
Case D38409 Count: 1
Case D38803 Count: 1
Case D40294 Count: 1
Case D40447 Count: 1
Case D40770 Count: 1
Case D41032 Count: 1
Case D41336 Count: 1
Case D42170 Count: 1
Case D42406 Count: 1
Case D42670 Count: 1
Case D44109 Count: 1
Case D45568 Count: 1
Case D46112 Count: 1
Case D46144 Count: 1
Case D46694 Count: 1
Case D46729 Count: 1
Case D46998 Count: 1
Case D47575 Count: 1
Case D47667 Count: 1
Case D47914 Count: 1
Spent time: 50.997 sec.
