Elliptic curve parameters:
name = secp256k1
mode = test
p = 10007
a = 48
b = 22
g = (4, 1668)
n = 9967

--------------------------------------------------------------------------------------------------------------------------------------------------------------------------------------
case         s           s_zk        s_rxk       s_zr        z           r           x           k^{-1}      a           m1          m2          f                        x_recovered 
--------------------------------------------------------------------------------------------------------------------------------------------------------------------------------------
D9           3405        3763        9609        4906        5612        658         1           5604        403         -           -           9.337468982630272952     -           
C            8849        9015        9801        9117        6237        2993        1           8535        5           1803        -           -                        -           
D0           4961        1669        3292        8096        5839        2625        1           567         1826        -           -           0.914019715224534501     -           
D2           7299        4612        2687        9909        3979        263         1           4520        2079        -           -           2.218374218374218374     -           
D3           6576        2821        3755        9461        579         7625        1           2105        806         -           -           3.5                      -           
D2           5067        5425        9609        7833        330         658         1           5604        2301        -           -           2.357670578009561060     -           
D27          3694        8389        5272        7086        6767        4539        1           829         302         -           -           27.77814569536423841     -           
D284         5713        3697        2016        5743        3502        7706        1           2406        13          -           -           284.3846153846153846     -           
D4           4416        1030        3386        8578        2403        8635        1           2796        254         -           -           4.055118110236220472     -           
D13          4345        2093        2252        4811        8622        8096        1           2103        151         -           -           13.86092715231788079     -           
D47          6854        3076        3778        9117        5535        5366        1           4596        65          -           -           47.32307692307692307     -           
D71          9192        1072        8120        9325        2500        8077        1           734         15          -           -           71.46666666666666666     -           
D0           5681        90          5591        7003        2254        264         1           5722        393         -           -           0.229007633587786259     -           
D2           5293        2722        2571        9425        447         7134        1           1723        1161        -           -           2.344530577088716623     -           
D3           4955        6843        8079        8099        3782        1839        1           1923        1811        -           -           3.778575372722252899     -           
D0           6587        35          6552        7640        8999        6170        1           1946        269         -           -           0.130111524163568773     -           
D1           3012        1908        1104        5006        3059        7349        1           9228        1018        -           -           1.874263261296660117     -           
D16          4222        4008        214         5019        3588        8010        1           6468        237         -           -           16.91139240506329113     -           
D4           3548        3643        9872        4904        8449        7495        1           1383        836         -           -           4.357655502392344497     -           
D3           6513        1885        4628        9503        6962        9463        1           7031        533         -           -           3.536585365853658536     -           
D4           3025        1437        1588        3705        1013        7993        1           5836        305         -           -           4.711475409836065573     -           
D16          2213        4239        7941        2492        3529        848         1           6274        260         -           -           16.30384615384615384     -           
D16          5737        6609        9095        6404        8539        5328        1           2529        401         -           -           16.48129675810473815     -           
D0           2599        605         1994        4500        9173        4187        1           7418        698         -           -           0.866762177650429799     -           
D3           4216        8319        5864        6350        2843        8318        1           4578        2082        -           -           3.995677233429394812     -           
D20          5352        9553        5766        5841        4773        7193        1           8075        462         -           -           20.67748917748917748     -           
D9           5063        3330        1733        6238        2324        5741        1           7318        363         -           -           9.173553719008264462     -           
D14          6892        5578        1314        9060        3117        6881        1           3759        388         -           -           14.37628865979381443     -           
D2           7379        2830        4549        8984        24          7019        1           5932        959         -           -           2.950990615224191866     -           
D38          7483        2336        5147        8054        4244        3736        1           8333        60          -           -           38.93333333333333333     -           
D0           6450        108         6342        8322        3255        3429        1           7597        834         -           -           0.129496402877697841     -           
D2           4234        3856        378         6953        3522        3995        1           9770        1515        -           -           2.545214521452145214     -           
D0           3861        438         3423        6062        9724        7317        1           9473        1660        -           -           0.263855421686746987     -           
D0           5283        472         4811        7946        6833        9233        1           5330        2620        -           -           0.180152671755725190     -           
D3           916         405         511         1702        3404        4984        1           1022        130         -           -           3.115384615384615384     -           
D14          2509        3600        8876        2761        7476        359         1           4800        241         -           -           14.93775933609958506     -           
D16          7053        8651        8369        9232        5149        9812        1           7791        516         -           -           16.76550387596899224     -           
D1           2216        515         1701        3138        1187        2740        1           1663        372         -           -           1.384408602150537634     -           
D6           2964        5839        7092        3963        5144        8315        1           6029        966         -           -           6.044513457556935817     -           
D18          4326        6431        7862        6316        4707        3690        1           175         346         -           -           18.58670520231213872     -           
D9           8346        6608        1738        9199        5343        1897        1           5896        669         -           -           9.877428998505231689     -           
D81          8422        2203        6219        8495        1842        3354        1           6911        27          -           -           81.59259259259259259     -           
D2           6275        1916        4359        7065        6664        6380        1           3536        745         -           -           2.571812080536912751     -           
D10          4599        3160        1439        6747        1281        3810        1           3566        303         -           -           10.42904290429042904     -           
D45          2237        7927        4277        4301        5593        9786        1           5483        173         -           -           45.82080924855491329     -           
D6           2744        3510        9201        3295        510         7726        1           8215        540         -           -           6.5                      -           
D1           5284        1918        3366        7083        7071        4365        1           3145        1686        -           -           1.137603795966785290     -           
D2           5037        5846        9158        7638        4942        5580        1           3942        2436        -           -           2.399835796387520525     -           
D159         7255        8752        8470        7615        1584        4831        1           1415        55          -           -           159.1272727272727272     -           
D61          647         7561        3053        822         3368        18          1           7368        122         -           -           61.97540983606557377     -           
D37          9532        605         8927        9654        142         7087        1           4707        16          -           -           37.8125                  -           
D17          5944        5998        9913        6344        421         6786        1           1269        344         -           -           17.43604651162790697     -           
D101         7376        8462        8881        8039        452         6611        1           4473        83          -           -           101.9518072289156626     -           
D2           5746        4919        827         9387        7131        8702        1           6862        2105        -           -           2.336817102137767220     -           
D3           5314        3658        1656        7391        677         4884        1           7396        1160        -           -           3.153448275862068965     -           
D9           4304        7981        6290        5449        94          164         1           403         869         -           -           9.184119677790563866     -           
D40          2787        8131        4623        5375        8998        8254        1           7346        199         -           -           40.85929648241206030     -           
D3           2957        888         2069        3630        754         9681        1           1561        265         -           -           3.350943396226415094     -           
D16          8966        5411        3555        9752        4699        6552        1           1575        320         -           -           16.909375                -           
D4           3518        5215        8270        5924        6057        3088        1           1184        1112        -           -           4.689748201438848920     -           
D31          698         3589        7076        1283        1024        2055        1           4257        113         -           -           31.76106194690265486     -           
D283         9541        5951        3590        9681        577         6339        1           6488        21          -           -           283.3809523809523809     -           
D261         6658        5743        915         7132        9963        8184        1           1056        22          -           -           261.0454545454545454     -           
D4           5866        8499        7334        9811        7827        2571        1           1193        1921        -           -           4.424258198854763144     -           
D10          3774        7877        5864        6820        9276        8558        1           9595        728         -           -           10.82005494505494505     -           
D6           4758        1183        3575        7041        4146        6067        1           4152        192         -           -           6.161458333333333333     -           
D11          3370        3240        130         3651        7261        76          1           264         279         -           -           11.61290322580645161     -           
D3           4718        5202        9483        7757        7102        6141        1           4559        1679        -           -           3.098272781417510422     -           
D35          4432        8237        6162        6531        7216        4867        1           9743        234         -           -           35.20085470085470085     -           
D7           8667        2587        6080        9424        1862        3463        1           5381        340         -           -           7.608823529411764705     -           
D78          7377        9203        8141        8587        7158        4010        1           7998        117         -           -           78.65811965811965812     -           
D3           6797        4159        2638        8676        7016        9883        1           2579        1160        -           -           3.585344827586206896     -           
D5           6368        2797        3571        8329        5809        6041        1           3698        485         -           -           5.767010309278350515     -           
D6           3553        6999        6521        6074        7822        6140        1           9671        1032        -           -           6.781976744186046511     -           
D6           7340        7495        9812        9385        5896        9240        1           1947        1205        -           -           6.219917012448132780     -           
D0           6400        1215        5185        8784        7961        7846        1           5599        1632        -           -           0.744485294117647058     -           
D3           4318        6183        8102        6697        2012        5933        1           1940        1939        -           -           3.188757091284167096     -           
D2           5717        1756        3961        8260        657         6369        1           7952        631         -           -           2.782884310618066561     -           
D10          1614        8666        2915        2431        3191        8203        1           5044        797         -           -           10.87327478042659974     -           
D115         2519        8066        4420        2598        9306        8033        1           410         70          -           -           115.2285714285714285     -           
D1           4829        4681        148         7307        3926        7519        1           4218        2351        -           -           1.991067630795406210     -           
D7           5234        7869        7332        9460        9273        3347        1           836         1008        -           -           7.806547619047619047     -           
D8           1904        2443        9428        2714        7895        143         1           3063        284         -           -           8.602112676056338028     -           
D31          5612        7921        7658        7398        6507        9141        1           9282        254         -           -           31.18503937007874015     -           
D0           7313        897         6416        9310        7210        2614        1           5943        1322        -           -           0.678517397881996974     -           
D0           6511        1172        5339        8898        4225        665         1           6273        1737        -           -           0.674726540011514104     -           
D11          6980        7304        9643        9098        4316        4339        1           9202        626         -           -           11.66773162939297124     -           
D205         487         8028        2426        551         9255        2253        1           7212        39          -           -           205.8461538461538461     -           
D7           6727        8917        7777        8597        6679        831         1           4711        1117        -           -           7.982990152193375111     -           
D5           5295        9883        5379        8686        5939        7337        1           8324        1904        -           -           5.190651260504201680     -           
D1           5182        4080        1102        8220        1000        3397        1           7579        2144        -           -           1.902985074626865671     -           
D1           5779        1860        3919        8053        1276        4982        1           4032        1231        -           -           1.510966693744922827     -           
D186         5328        6515        8780        5407        7530        3057        1           4124        35          -           -           186.1428571428571428     -           
D20          7717        644         7073        8266        8211        7953        1           4495        31          -           -           20.77419354838709677     -           
D2           2366        2129        237         3799        1173        683         1           9442        933         -           -           2.281886387995712754     -           
D32          6519        8560        7926        7770        1922        7513        1           606         264         -           -           32.42424242424242424     -           
D3           4158        6371        7754        6321        368         2211        1           3132        1995        -           -           3.193483709273182957     -           
D26          2445        9463        2949        3489        15          2226        1           7940        357         -           -           26.50700280112044817     -           
D7           3254        3438        9783        3945        4790        3611        1           5777        490         -           -           7.016326530612244898     -           
D2           4988        553         4435        9741        2148        5169        1           803         235         -           -           2.353191489361702127     -           
D3           3941        3024        917         7114        5093        8166        1           7537        768         -           -           3.9375                   -           
D25          1849        6078        5738        3460        5274        6445        1           5013        238         -           -           25.53781512605042016     -           
D0           5824        743         5081        8057        1284        7466        1           3222        1358        -           -           0.547128129602356406     -           
D36          1740        3095        8612        1878        6969        6449        1           3267        84          -           -           36.84523809523809523     -           
D2           3323        1839        1484        6022        1722        7308        1           7485        624         -           -           2.947115384615384615     -           
D2           4433        2889        1544        7646        303         7262        1           799         1220        -           -           2.368032786885245901     -           
D4           3779        8820        4926        5723        8789        4251        1           1837        1835        -           -           4.806539509536784741     -           
D26          7491        8870        8588        9878        5105        6808        1           7538        330         -           -           26.87878787878787878     -           
D7           9240        3246        5994        9871        5384        933         1           7698        406         -           -           7.995073891625615763     -           
D76          2353        5788        6532        2606        3682        7434        1           7332        76          -           -           76.15789473684210526     -           
D3           5055        2589        2466        6129        8378        1420        1           2683        759         -           -           3.411067193675889328     -           
D2           4438        4927        9478        7161        7501        1149        1           8223        1715        -           -           2.872886297376093294     -           
D1           5393        2348        3045        9448        9226        6336        1           4866        1338        -           -           1.754857997010463378     -           
D15          6274        6430        9811        8225        907         4064        1           7073        421         -           -           15.27315914489311163     -           
D16          1663        7358        4272        2266        1621        1846        1           3663        457         -           -           16.10065645514223194     -           
D7           4414        8858        5523        6005        8837        5331        1           8936        1232        -           -           7.189935064935064935     -           
D10          2813        6833        5947        3526        918         1133        1           8943        674         -           -           10.13798219584569732     -           
D7           2882        5637        7212        4980        6083        4043        1           4030        784         -           -           7.190051020408163265     -           
D56          4406        7419        6954        4631        4343        3035        1           6104        131         -           -           56.63358778625954198     -           
D2           4027        4921        9073        6064        9777        73          1           6951        1990        -           -           2.472864321608040201     -           
D4           7292        7030        262         9149        482         2397        1           1917        1721        -           -           4.084834398605461940     -           
D54          4029        3673        356         4312        4598        7965        1           5058        67          -           -           54.82089552238805970     -           
D4           4068        5366        8669        6858        1399        3161        1           9522        1278        -           -           4.198748043818466353     -           
D40          1847        8061        3753        3495        871         1114        1           4289        199         -           -           40.50753768844221105     -           
D0           4108        541         3567        7484        1084        4310        1           8763        732         -           -           0.739071038251366120     -           
D3           7259        6019        1240        9907        3033        138         1           7087        1963        -           -           3.066225165562913907     -           
D6           3926        5448        8445        7014        8984        1676        1           3817        838         -           -           6.501193317422434367     -           
D44          5449        9315        6101        6031        5898        4704        1           2724        211         -           -           44.14691943127962085     -           
D0           4677        1219        3458        6401        5556        46          1           4842        1229        -           -           0.991863303498779495     -           
D5           4839        1568        3271        7105        3988        7582        1           4629        307         -           -           5.107491856677524430     -           
D6           4753        7958        6762        6538        1673        7010        1           7130        1183        -           -           6.726965342349957734     -           
D4           4581        5477        9071        7944        3455        8925        1           2220        1218        -           -           4.496715927750410509     -           
D68          5740        8474        7233        5884        4188        1020        1           9593        124         -           -           68.33870967741935483     -           
D16          3076        6121        6922        5783        9759        6537        1           306         369         -           -           16.58807588075880758     -           
D282         7410        5088        2322        7746        9412        6505        1           3385        18          -           -           282.6666666666666666     -           
D2           8247        899         7348        8968        4409        8043        1           3208        316         -           -           2.844936708860759493     -           
D0           6361        1690        4671        9802        9447        5463        1           7472        2920        -           -           0.578767123287671232     -           
D28          3935        2389        1546        4898        992         9349        1           7126        83          -           -           28.78313253012048192     -           
D4           3508        1177        2331        4315        8167        5784        1           171         280         -           -           4.203571428571428571     -           
D0           6596        1938        4658        8859        3406        3640        1           182         2070        -           -           0.936231884057971014     -           
D1           4252        2533        1719        6646        5237        2228        1           6635        1858        -           -           1.363293864370290635     -           
D8           7453        8151        9269        9628        393         3499        1           1162        928         -           -           8.783405172413793103     -           
D15          3971        8772        5166        5103        1547        9835        1           1320        575         -           -           15.25565217391304347     -           
D34          3954        6692        7229        5207        634         527         1           6236        195         -           -           34.31794871794871794     -           
D28          7772        9422        8317        8144        4355        7607        1           9841        332         -           -           28.37951807228915662     -           
D2           5575        4910        665         8791        4310        1822        1           8835        2359        -           -           2.081390419669351420     -           
D5           5699        9318        6348        9706        8054        8253        1           8149        1692        -           -           5.507092198581560283     -           
D16          3423        5112        8278        6527        6829        7389        1           2533        319         -           -           16.02507836990595611     -           
D9           2894        1913        981         4236        5026        1155        1           3211        210         -           -           9.109523809523809523     -           
D1           3029        1317        1712        4040        2054        3389        1           9594        1007        -           -           1.307845084409136047     -           
D1           4703        1014        3689        5516        4784        5393        1           8613        638         -           -           1.589341692789968652     -           
D34          3723        7632        6058        4599        3784        9502        1           5860        219         -           -           34.84931506849315068     -           
D5           5879        9277        6569        8042        9589        3512        1           9336        1553        -           -           5.973599484867997424     -           
D10          3190        6368        6789        4058        5688        7504        1           6043        586         -           -           10.86689419795221843     -           
D1           4018        2591        1427        6323        8554        3861        1           5091        1713        -           -           1.512551079976649153     -           
D9           6438        5807        631         7605        941         2476        1           1542        603         -           -           9.630182421227197346     -           
D7           2354        1214        1140        4552        1467        4990        1           8609        156         -           -           7.782051282051282051     -           
D0           2135        8           2127        3114        1428        5907        1           1033        177         -           -           0.045197740112994350     -           
D1           1607        758         849         2765        975         8232        1           11          449         -           -           1.688195991091314031     -           
D362         8297        6161        2136        8504        8125        201         1           1647        17          -           -           362.4117647058823529     -           
D7           2855        4006        8816        5143        1644        7345        1           7508        567         -           -           7.065255731922398589     -           
D0           5135        510         4625        6253        3772        3915        1           7626        663         -           -           0.769230769230769230     -           
D8           2429        2472        9924        4552        9102        640         1           6058        306         -           -           8.078431372549019607     -           
D7           4198        6855        7310        5842        410         8863        1           6945        910         -           -           7.532967032967032967     -           
D2           6127        1511        4616        7957        1939        3628        1           9243        637         -           -           2.372056514913657770     -           
D6           2943        3572        9338        5343        2608        2811        1           6804        543         -           -           6.578268876611418047     -           
D4           4219        9180        5006        6338        2744        9192        1           9549        2100        -           -           4.371428571428571428     -           
D14          3431        9778        3620        4343        8700        5810        1           2368        695         -           -           14.06906474820143884     -           
D1           8761        725         8036        9396        3399        3416        1           6293        506         -           -           1.432806324110671936     -           
D12          3242        9106        4103        5765        3677        3604        1           9899        719         -           -           12.66481223922114047     -           
D33          2771        5374        7364        3144        4451        8080        1           5315        160         -           -           33.5875                  -           
D46          5444        6078        9333        7215        149         8410        1           1780        131         -           -           46.39694656488549618     -           
D6           2496        1514        982         4773        7145        5003        1           2606        219         -           -           6.913242009132420091     -           
D69          768         6403        4332        1106        9745        5203        1           5673        92          -           -           69.59782608695652173     -           
D64          6782        4995        1787        8123        2082        3714        1           7571        77          -           -           64.87012987012987013     -           
D20          3327        4902        8392        6419        9066        15          1           9862        235         -           -           20.85957446808510638     -           
D14          4442        7191        7218        6411        1353        3828        1           1486        504         -           -           14.26785714285714285     -           
D141         3242        6649        6560        3313        9943        2769        1           2630        47          -           -           141.4680851063829787     -           
D7           5800        1514        4286        7666        4494        9707        1           4507        202         -           -           7.495049504950495049     -           
D7           4026        6326        7667        5073        7008        1413        1           1261        885         -           -           7.148022598870056497     -           
D1           5103        2857        2246        8540        5080        9694        1           4884        1666        -           -           1.714885954381752701     -           
D6           5127        3195        1932        7456        7558        5450        1           2568        469         -           -           6.812366737739872068     -           
D1           5748        1191        4557        7328        2506        3312        1           9526        1008        -           -           1.181547619047619047     -           
D1           3662        1818        1844        5902        4656        545         1           8105        1422        -           -           1.278481012658227848     -           
D0           3836        547         3289        6218        6503        3169        1           3467        1454        -           -           0.376203576341127922     -           
D6           1683        3248        8402        2864        3644        515         1           1642        502         -           -           6.470119521912350597     -           
D0           5317        394         4923        8072        8911        1427        1           7456        2562        -           -           0.153786104605776736     -           
D89          8855        8641        214         9157        8959        8010        1           6468        97          -           -           89.08247422680412371     -           
D1           4714        2021        2693        7953        2744        6719        1           7545        1475        -           -           1.370169491525423728     -           
D3           6604        1619        4985        7482        6654        7209        1           4801        458         -           -           3.534934497816593886     -           
D5           4778        3259        1519        8984        6493        1277        1           329         572         -           -           5.697552447552447552     -           
D187         9125        9393        9699        9950        1077        2656        1           5839        50          -           -           187.86                   -           
D3           4532        5947        8552        7577        5884        1724        1           3150        1487        -           -           3.999327505043712172     -           
D38          6277        7056        9188        6785        2116        3795        1           399         181         -           -           38.98342541436464088     -           
D13          2759        5109        7617        5135        4932        2513        1           1062        383         -           -           13.33942558746736292     -           
D40          2170        2227        9910        2311        7191        6207        1           448         55          -           -           40.49090909090909090     -           
D35          2074        4844        7197        2316        1962        4878        1           2766        138         -           -           35.10144927536231884     -           
D16          2376        4505        7838        2726        2638        9696        1           1479        276         -           -           16.32246376811594202     -           
D4           2955        3229        9693        5135        885         3666        1           1952        775         -           -           4.166451612903225806     -           
D8           7029        5498        1531        9165        7568        7836        1           1510        621         -           -           8.853462157809983896     -           
D21          2725        5299        7393        3550        8723        8538        1           5484        250         -           -           21.196                   -           
D0           3953        469         3484        5277        3387        955         1           4888        1305        -           -           0.359386973180076628     -           
D243         8425        1217        7208        9267        3237        9508        1           9213        5           -           -           243.4                    -           
D5           3631        7035        6563        6028        3501        5166        1           3777        1234        -           -           5.700972447325769854     -           
D3           2450        1535        915         4421        9808        8184        1           1056        479         -           -           3.204592901878914405     -           
D3           7201        2478        4723        8008        2600        7578        1           1404        745         -           -           3.326174496644295302     -           
D4           3569        4441        9095        4816        2126        5328        1           2529        1075        -           -           4.131162790697674418     -           
D0           4967        798         4169        8148        8036        2814        1           6338        1786        -           -           0.446808510638297872     -           
D4           4202        9374        4795        6448        5070        8486        1           4775        1956        -           -           4.792433537832310838     -           
D2           6159        5960        199         9900        5424        3111        1           5014        2418        -           -           2.464846980976013234     -           
D1           5145        2222        2923        7144        7794        2735        1           2829        1147        -           -           1.937227550130775937     -           
D19          5143        4894        249         7591        6111        1262        1           6042        247         -           -           19.81376518218623481     -           
D1           4110        2040        2070        6198        7129        8553        1           210         2022        -           -           1.008902077151335311     -           
D2           4297        1019        3278        5079        5450        3408        1           3645        387         -           -           2.633074935400516795     -           
D7           4521        8556        5932        7937        3710        8462        1           7718        1105        -           -           7.742986425339366515     -           
D24          2790        8044        4713        4024        3378        8965        1           3248        322         -           -           24.98136645962732919     -           
D107         1694        8531        3130        1779        3805        5352        1           3714        79          -           -           107.9873417721518987     -           
D4           6012        4850        1162        7644        5764        859         1           4016        1116        -           -           4.345878136200716845     -           
D80          2985        7601        5351        3563        2232        7910        1           2580        95          -           -           80.01052631578947368     -           
D40          5701        8288        7380        5930        3865        2619        1           7264        205         -           -           40.42926829268292682     -           
D1           5199        983         4216        6110        701         5369        1           6229        644         -           -           1.526397515527950310     -           
D5           7629        8562        9034        9689        3731        6812        1           6606        1449        -           -           5.908902691511387163     -           
D11          8297        5417        2880        9599        1929        7125        1           504         485         -           -           11.16907216494845360     -           
D3           4427        2160        2267        8158        9560        9849        1           8174        696         -           -           3.103448275862068965     -           
D5           8880        793         8087        9045        9201        3098        1           38          135         -           -           5.874074074074074074     -           
D7           2918        3709        9176        3519        1465        397         1           2132        514         -           -           7.215953307392996108     -           
D8           3143        7142        5968        4307        827         9924        1           93          815         -           -           8.763190184049079754     -           
D10          7095        2539        4556        8809        94          1048        1           3314        239         -           -           10.62343096234309623     -           
D4           7984        2220        5764        9235        9542        3027        1           9610        478         -           -           4.644351464435146443     -           
D11          3795        9801        3961        6708        8972        2187        1           5179        882         -           -           11.11224489795918367     -           
D16          7356        6288        1068        7990        1394        3166        1           1077        382         -           -           16.46073298429319371     -           
D27          1563        3722        7808        2278        6935        4608        1           1386        133         -           -           27.98496240601503759     -           
D11          7860        8288        9539        9289        3250        8231        1           1493        715         -           -           11.59160839160839160     -           
D3           2822        2667        155         4912        7232        9240        1           8020        732         -           -           3.643442622950819672     -           
D4           7275        8668        8574        9109        7272        41          1           2397        1773        -           -           4.888888888888888888     -           
D9           8066        5409        2657        9316        4585        3028        1           149         566         -           -           9.556537102473498233     -           
D14          5038        7836        7169        5935        9019        5177        1           4029        553         -           -           14.16998191681735985     -           
D11          8191        9257        8901        9661        488         3063        1           9843        841         -           -           11.00713436385255648     -           
D21          7745        6651        1094        9232        9160        4336        1           7995        310         -           -           21.45483870967741935     -           
D17          4792        7929        6830        6236        7172        4359        1           1609        460         -           -           17.23695652173913043     -           
D9           5468        8197        7238        6395        5145        8186        1           7148        833         -           -           9.840336134453781512     -           
D5           3203        4269        8901        4022        8542        3956        1           2494        746         -           -           5.722520107238605898     -           
D24          4516        6601        7882        5577        1280        4435        1           449         272         -           -           24.26838235294117647     -           
D9           4055        1842        2213        7922        9069        2211        1           6835        188         -           -           9.797872340425531914     -           
D20          3831        5523        8275        4128        7232        3220        1           49          267         -           -           20.68539325842696629     -           
D4           2712        2369        343         4844        39          7280        1           1083        580         -           -           4.084482758620689655     -           
D10          4112        4058        54          4525        8283        6786        1           8698        395         -           -           10.27341772151898734     -           
D3           5281        6420        8828        8618        6725        8999        1           8434        1944        -           -           3.302469135802469135     -           
D38          6657        9699        6925        7938        9412        4188        1           8010        252         -           -           38.48809523809523809     -           
D2           2562        2166        396         4318        6955        8450        1           5499        806         -           -           2.687344913151364764     -           
D18          7405        6217        1188        7821        9825        3665        1           5782        333         -           -           18.66966966966966967     -           
D14          1600        5878        5689        2204        879         320         1           7275        392         -           -           14.99489795918367346     -           
D10          6771        9374        7364        7946        84          2705        1           2722        896         -           -           10.46205357142857142     -           
D3           3720        6368        7319        5687        3261        6570        1           4663        1753        -           -           3.632629777524244152     -           
D2           3644        4353        9258        5672        3225        1034        1           8318        1616        -           -           2.693688118811881188     -           
D63          4616        3642        974         4713        1914        1924        1           3720        57          -           -           63.89473684210526315     -           
D25          986         9766        1187        1592        4058        3606        1           1761        380         -           -           25.7                     -           
D2           7783        1301        6482        8986        7797        5085        1           2126        565         -           -           2.302654867256637168     -           
D9           2402        8650        3719        3883        5197        415         1           8607        921         -           -           9.391965255157437567     -           
D4           3759        2606        1153        6965        797         6124        1           4943        553         -           -           4.712477396021699819     -           
D25          5237        4413        824         6250        9188        1361        1           5061        172         -           -           25.65697674418604651     -           
D25          5862        5660        202         7272        9444        6599        1           6907        222         -           -           25.49549549549549549     -           
D3           4949        6067        8849        8152        7914        1870        1           2206        1746        -           -           3.474799541809851088     -           
D1           5611        1670        3941        7774        5518        6970        1           7518        1285        -           -           1.299610894941634241     -           
D82          1394        2137        9224        1430        5769        8922        1           8022        26          -           -           82.19230769230769230     -           
D2           6362        2557        3805        7458        9133        4867        1           224         882         -           -           2.899092970521541950     -           
D42          9741        1652        8089        9807        5312        8586        1           4541        39          -           -           42.35897435897435897     -           
D3           5620        9134        6453        8693        4385        993         1           2566        2547        -           -           3.586179819395367098     -           
D9           3117        4951        8133        3639        9536        5426        1           8938        507         -           -           9.765285996055226824     -           
D5           3425        2625        800         6349        5357        2392        1           9934        501         -           -           5.239520958083832335     -           
D5           6788        9242        7513        9278        1886        8006        1           1770        1808        -           -           5.111725663716814159     -           
D208         3642        6882        6727        4043        1202        277         1           6573        33          -           -           208.5454545454545454     -           
D32          959         9303        1623        1634        8905        1425        1           2666        284         -           -           32.75704225352112676     -           
D5           5915        7515        8367        8155        8356        4103        1           3726        1435        -           -           5.236933797909407665     -           
D24          4816        6809        7974        5165        9672        3699        1           3761        279         -           -           24.40501792114695340     -           
D9           3576        7145        6398        6396        3958        5592        1           1067        756         -           -           9.451058201058201058     -           
D8           5058        4018        1040        9624        1907        7087        1           5260        492         -           -           8.166666666666666666     -           
D4           5519        8500        6986        9132        2656        3651        1           9685        1906        -           -           4.459601259181532004     -           
D1           5882        1756        4126        8082        6887        664         1           6821        1482        -           -           1.184885290148448043     -           
D39          969         8473        2463        1721        6445        3885        1           7828        217         -           -           39.04608294930875576     -           
D0           4903        916         3987        8113        6574        2565        1           3184        1693        -           -           0.541051388068517424     -           
D3           3756        5776        7947        6035        9106        1440        1           8166        1477        -           -           3.910629654705484089     -           
D25          5438        1133        4305        5612        2833        9005        1           9890        44          -           -           25.75                    -           
D1           7258        1339        5919        9335        7587        3116        1           1662        1027        -           -           1.303797468354430379     -           
D23          4477        5617        8827        4948        3828        4990        1           1358        238         -           -           23.60084033613445378     -           
D6           2371        4650        7688        4044        4683        965         1           1361        698         -           -           6.661891117478510028     -           
D36          6695        8935        7727        9921        4744        21          1           6538        243         -           -           36.76954732510288065     -           
D2           6449        8272        8144        9898        4930        7919        1           6459        3000        -           -           2.757333333333333333     -           
D18          9123        5789        3334        9490        7030        2525        1           5421        315         -           -           18.37777777777777777     -           
D21          743         3006        7704        1046        4987        8842        1           9402        137         -           -           21.94160583941605839     -           
D10          7494        8991        8470        9714        334         7191        1           952         834         -           -           10.78057553956834532     -           
D11          5110        8726        6351        9478        1117        3078        1           5549        742         -           -           11.76010781671159029     -           
D18          8808        7353        1455        9368        2818        7735        1           5934        408         -           -           18.02205882352941176     -           
D2           5775        805         4970        6543        3029        5267        1           6170        399         -           -           2.017543859649122807     -           
D5           7873        5682        2191        9013        6963        3869        1           3535        1033        -           -           5.500484027105517909     -           
D61          7398        4224        3174        8445        6673        6161        1           2377        69          -           -           61.21739130434782608     -           
D18          8524        7652        872         9031        7289        5129        1           280         412         -           -           18.57281553398058252     -           
D4           6787        5059        1728        9564        9212        2654        1           2990        1233        -           -           4.103000811030008110     -           
D35          4287        4359        9895        4532        6148        9008        1           5550        122         -           -           35.72950819672131147     -           
D36          1724        7004        4687        1943        3549        1958        1           3021        191         -           -           36.67015706806282722     -           
D5           4044        3361        683         5756        6952        2851        1           4108        620         -           -           5.420967741935483871     -           
D8           5188        8661        6494        6237        8399        5202        1           2607        992         -           -           8.730846774193548387     -           
D4           5545        7356        8156        7472        6034        9476        1           9585        1691        -           -           4.350088704908338261     -           
D2           4012        3820        192         6735        9269        4317        1           9219        1289        -           -           2.963537626066718386     -           
D5           5159        3861        1298        6641        4757        3161        1           445         713         -           -           5.415147265077138849     -           
D6           2237        2420        9784        2698        2479        2329        1           6064        393         -           -           6.157760814249363867     -           
D0           8528        684         7844        9393        5492        8192        1           6352        743         -           -           0.920592193808882907     -           
D0           3631        257         3374        5658        2409        6767        1           9723        1604        -           -           0.160224438902743142     -           
D1           5528        4785        743         8626        8509        8922        1           1945        2430        -           -           1.969135802469135802     -           
D67          714         9865        816         998         3310        3421        1           8359        146         -           -           67.56849315068493150     -           
D17          2721        8130        4558        3283        5216        6916        1           678         473         -           -           17.18816067653276955     -           
D8           4487        5336        9118        5769        6525        9308        1           4342        641         -           -           8.324492979719188767     -           
D11          5272        7169        8070        9942        2539        9861        1           3685        602         -           -           11.90863787375415282     -           
D29          6581        7395        9153        8163        5566        630         1           1296        253         -           -           29.22924901185770751     -           
D39          2368        3086        9249        2826        5714        5059        1           5073        78          -           -           39.56410256410256410     -           
D2           5736        5454        282         9262        2939        4812        1           6798        2210        -           -           2.467873303167420814     -           
D23          6091        4994        1097        7266        4741        6464        1           5713        216         -           -           23.12037037037037037     -           
D0           8596        70          8526        9201        5978        8503        1           8123        126         -           -           0.555555555555555555     -           
D2           5596        2863        2733        7019        3813        7713        1           4319        1327        -           -           2.157498116051243406     -           
D500         3829        4508        9288        5739        9938        3239        1           1563        9           -           -           500.8888888888888888     -           
D3           4004        1933        2071        5711        3075        2650        1           328         590         -           -           3.276271186440677966     -           
D2           6471        6214        257         9960        3813        6033        1           3818        2982        -           -           2.083836351441985244     -           
D5           6998        8164        8801        9706        4404        1256        1           7760        1582        -           -           5.160556257901390644     -           
D6           5235        9155        6047        7133        1932        5890        1           5922        1439        -           -           6.362056984016678248     -           
D2           6694        4784        1910        8948        7321        1202        1           1859        2186        -           -           2.188472095150960658     -           
D28          4103        8721        5349        5052        2287        669         1           6310        307         -           -           28.40716612377850162     -           
D55          2430        3426        8971        2726        405         179         1           5841        62          -           -           55.25806451612903225     -           
D6           4023        5795        8195        7128        6067        4813        1           1238        918         -           -           6.312636165577342047     -           
D3           4924        2436        2488        7008        2717        1613        1           8053        756         -           -           3.222222222222222222     -           
D3           4020        4559        9428        6772        27          3204        1           538         1268        -           -           3.595425867507886435     -           
D4           7990        4774        3216        9704        1315        5980        1           3854        1134        -           -           4.209876543209876543     -           
D28          7658        2020        5638        9555        1044        3131        1           422         70          -           -           28.85714285714285714     -           
D20          9151        3326        5825        9750        833         6784        1           7219        166         -           -           20.03614457831325301     -           
D27          5695        6540        9122        6474        3254        7733        1           9142        242         -           -           27.02479338842975206     -           
D4           2679        3318        9328        4569        3034        9617        1           6637        789         -           -           4.205323193916349809     -           
D5           2656        2879        9744        4799        8643        4340        1           9069        513         -           -           5.612085769980506822     -           
D34          5242        5984        9225        5423        4332        1315        1           5919        174         -           -           34.39080459770114942     -           
D4           4475        2694        1781        6405        1054        8148        1           9440        615         -           -           4.380487804878048780     -           
D1           6226        3491        2735        9391        392         6711        1           492         3061        -           -           1.140476968311009474     -           
D7           3483        4944        8506        4420        1819        5964        1           7104        672         -           -           7.357142857142857142     -           
D56          6759        2205        4554        8999        2703        538         1           6085        39          -           -           56.53846153846153846     -           
D0           6169        2679        3490        9432        6572        9380        1           6684        2906        -           -           0.921885753613214039     -           
D15          6286        9474        6779        8180        5920        5692        1           2591        604         -           -           15.68543046357615894     -           
D6           4450        9745        4672        5967        9091        1734        1           1980        1416        -           -           6.882062146892655367     -           
D23          1547        9287        2227        2703        2664        9216        1           5956        391         -           -           23.75191815856777493     -           
D5           5516        6602        8881        7643        7865        6611        1           4473        1262        -           -           5.231378763866877971     -           
D8           2875        7354        5488        3874        5882        8263        1           6969        877         -           -           8.385404789053591790     -           
D3           3104        5036        8035        4744        2777        5450        1           7399        1464        -           -           3.439890710382513661     -           
D183         3339        1650        1689        3450        9927        7389        1           7434        9           -           -           183.3333333333333333     -           
D0           5665        170         5495        9653        831         7220        1           408         1677        -           -           0.101371496720333929     -           
D0           3526        281         3245        4442        7972        4699        1           3562        778         -           -           0.361182519280205655     -           
D0           4753        655         4098        7138        3332        4519        1           8660        2368        -           -           0.276604729729729729     -           
D73          1754        2922        8799        2611        3514        1331        1           2650        40          -           -           73.05                    -           
D39          6523        4300        2223        9730        3469        1652        1           6825        109         -           -           39.44954128440366972     -           
D6           8164        5299        2865        9088        2132        6250        1           1045        772         -           -           6.863989637305699481     -           
D3           5815        8423        7359        9389        1960        7597        1           6671        2241        -           -           3.758589915216421240     -           
D3           3275        4527        8715        5248        6897        7868        1           6430        1302        -           -           3.476958525345622119     -           
D38          4707        6680        7994        6218        5391        5971        1           6498        174         -           -           38.39080459770114942     -           
D38          7046        8312        8701        7615        5295        4472        1           6842        218         -           -           38.12844036697247706     -           
D2           5402        5376        26          8548        768         7123        1           7           2256        -           -           2.382978723404255319     -           
D11          5282        3127        2155        6954        4089        7870        1           7618        266         -           -           11.75563909774436090     -           
D1           5569        1704        3865        7072        7410        1190        1           8337        1060        -           -           1.607547169811320754     -           
D3           3021        4607        8381        4708        2502        2161        1           6770        1334        -           -           3.453523238380809595     -           
D0           4909        428         4481        7920        637         4550        1           4726        1898        -           -           0.225500526870389884     -           
D74          1342        5630        5679        1553        758         1409        1           1822        76          -           -           74.07894736842105263     -           
D15          2489        4072        8384        3044        7380        9438        1           7596        269         -           -           15.13754646840148698     -           
D0           5613        1172        4441        9537        5970        9032        1           3012        1689        -           -           0.693901716992303137     -           
D2           3326        1421        1905        4658        8001        170         1           5581        662         -           -           2.146525679758308157     -           
D21          5671        7026        8612        8341        1921        8778        1           3262        331         -           -           21.22658610271903323     -           
D5           5885        4321        1564        7569        8485        580         1           2546        833         -           -           5.187274909963985594     -           
D6           3968        9851        4084        6503        7154        9334        1           8323        1433        -           -           6.874389392882065596     -           
D0           1448        196         1252        2417        2601        7868        1           3537        479         -           -           0.409185803757828810     -           
D29          6317        8236        8048        7525        3571        3170        1           4549        277         -           -           29.73285198555956678     -           
D1           6862        1082        5780        9862        9241        2183        1           5792        862         -           -           1.255220417633410672     -           
D784         4334        7848        6453        4381        3126        993         1           2566        10          -           -           784.8                    -           
D1           5321        4532        789         8160        7744        3090        1           397         2482        -           -           1.825946817082997582     -           
D4           4918        6265        8620        8531        7529        66          1           4057        1305        -           -           4.800766283524904214     -           
D24          6390        7181        9176        7915        2988        2401        1           4649        290         -           -           24.76206896551724137     -           
D1           2983        1357        1626        4914        6744        1588        1           114         1052        -           -           1.289923954372623574     -           
D1           5815        3879        1936        9602        4743        4726        1           9495        2028        -           -           1.912721893491124260     -           
D22          842         1049        9760        1001        7153        8603        1           2185        47          -           -           22.31914893617021276     -           
D10          4751        2618        2133        9262        8051        609         1           6730        240         -           -           10.90833333333333333     -           
D2           5192        1692        3500        6113        5691        5693        1           904         587         -           -           2.882453151618398637     -           
D18          3860        3087        773         7556        8928        434         1           6501        164         -           -           18.82317073170731707     -           
D6           5022        6728        8261        8996        9014        7071        1           861         1048        -           -           6.419847328244274809     -           
D0           3936        373         3563        6513        8009        7617        1           7162        1359        -           -           0.274466519499632082     -           
D9           8568        4587        3981        9188        582         8510        1           9718        508         -           -           9.029527559055118110     -           
D84          8181        8086        95          8566        1850        7558        1           8312        96          -           -           84.22916666666666666     -           
D79          6718        4204        2514        6933        9175        29          1           9710        53          -           -           79.32075471698113207     -           
D30          2177        7880        4264        4097        5374        3252        1           7639        257         -           -           30.66147859922178988     -           
D1           5162        2313        2849        8708        5611        1499        1           6651        1616        -           -           1.431311881188118811     -           
D94          2688        8489        4166        3554        2106        4422        1           1173        90          -           -           94.32222222222222222     -           
D3           4478        7317        7128        6905        4838        8207        1           1491        2051        -           -           3.567528035104826913     -           
D7           4835        5159        9643        6216        8032        4339        1           9202        692         -           -           7.455202312138728323     -           
D79          4284        8900        5351        4880        4562        7910        1           2580        112         -           -           79.46428571428571428     -           
D733         2905        5136        7736        2926        7914        3630        1           1051        7           -           -           733.7142857142857142     -           
D0           1248        472         776         1919        2729        3642        1           44          577         -           -           0.818024263431542461     -           
D4           4333        5812        8488        5838        4237        6668        1           79          1323        -           -           4.393046107331821617     -           
D13          7071        6163        908         8176        5559        4647        1           1656        441         -           -           13.97505668934240362     -           
D3           4543        4810        9700        7786        6582        4011        1           5755        1300        -           -           3.7                      -           
D16          7831        7588        243         8398        8216        8801        1           8847        460         -           -           16.49565217391304347     -           
D9           8755        4536        4219        9672        7537        5927        1           2656        502         -           -           9.035856573705179282     -           
D14          2001        9914        2054        2671        2815        5620        1           9751        661         -           -           14.99848714069591528     -           
D23          8036        8910        9093        8583        6198        8661        1           947         378         -           -           23.57142857142857142     -           
D4           7126        5791        1335        8592        4802        4236        1           3565        1262        -           -           4.588748019017432646     -           
D31          6616        8804        7779        7672        761         1346        1           339         280         -           -           31.44285714285714285     -           
D3           4704        3968        736         8323        3359        2311        1           9894        1085        -           -           3.657142857142857142     -           
D2           4664        3995        669         7471        3876        5060        1           7826        1857        -           -           2.151319332256327409     -           
D14          7360        7114        246         9644        4199        2300        1           6769        508         -           -           14.00393700787401574     -           
D2           7846        2566        5280        9495        7882        7883        1           2714        1250        -           -           2.0528                   -           
D57          6591        5492        1099        7055        5818        7527        1           7340        95          -           -           57.81052631578947368     -           
D2           6627        1442        5185        9613        1565        7846        1           5599        655         -           -           2.201526717557251908     -           
D9           2846        7132        5681        3912        178         9765        1           712         714         -           -           9.988795518207282913     -           
D25          3677        1189        2488        7307        1260        7750        1           5641        47          -           -           25.29787234042553191     -           
D3           2121        2729        9359        3556        397         4528        1           986         686         -           -           3.978134110787172011     -           
D0           3197        918         2279        5259        966         965         1           8606        1135        -           -           0.808810572687224669     -           
D10          2254        4401        7820        4098        4253        9593        1           9040        410         -           -           10.73414634146341463     -           
D3           4204        3016        1188        7552        9640        3665        1           5782        856         -           -           3.523364485981308411     -           
D32          2409        9267        3109        2940        1497        741         1           5519        285         -           -           32.51578947368421052     -           
D4           4879        8446        6400        7872        7310        6783        1           8212        1886        -           -           4.478260869565217391     -           
D8           2805        419         2386        2857        4859        7022        1           517         49          -           -           8.551020408163265306     -           
D6           5160        2923        2237        7524        5030        4020        1           9494        432         -           -           6.766203703703703703     -           
D12          4419        8140        6246        5666        2505        8326        1           9453        678         -           -           12.00589970501474926     -           
D5           6165        7664        8468        8537        6309        8932        1           7638        1421        -           -           5.393384940182969739     -           
D30          5682        5679        3           6369        3743        4430        1           4997        186         -           -           30.53225806451612903     -           
D16          5007        5877        9097        7330        7850        4521        1           9484        361         -           -           16.27977839335180055     -           
D1           4192        1159        3033        5257        2529        5827        1           1971        997         -           -           1.162487462387161484     -           
D15          5496        8791        6672        6730        6943        2918        1           2769        560         -           -           15.69821428571428571     -           
D3           3224        2084        1140        4536        1010        6636        1           6002        600         -           -           3.473333333333333333     -           
D7           6493        4848        1645        9412        5837        157         1           1915        655         -           -           7.401526717557251908     -           
D14          1223        3966        7224        2171        3880        3358        1           8586        275         -           -           14.42181818181818181     -           
D3           5178        7178        7967        8086        2670        4938        1           4206        2270        -           -           3.162114537444933920     -           
D54          6139        9612        6494        9121        6656        5202        1           2607        175         -           -           54.92571428571428571     -           
D138         2024        6114        5877        2204        7629        8150        1           4610        44          -           -           138.9545454545454545     -           
D2           5534        5293        241         8773        8857        3934        1           3129        2295        -           -           2.306318082788671024     -           
D0           6254        2786        3468        9441        6786        2394        1           4298        3067        -           -           0.908379523964786436     -           
D169         1974        6113        5828        2620        6732        30          1           5510        36          -           -           169.8055555555555555     -           
D140         1335        7592        3710        1518        3710        4906        1           7347        54          -           -           140.5925925925925925     -           
D34          8108        8652        9423        9230        9154        7516        1           8853        254         -           -           34.06299212598425196     -           
D22          2813        8781        3999        3417        8265        9924        1           9874        397         -           -           22.11838790931989924     -           
D0           6536        282         6254        7649        4609        778         1           3672        971         -           -           0.290422245108135942     -           
D2           5159        1020        4139        5750        845         2012        1           3009        431         -           -           2.366589327146171693     -           
D11          6640        8904        7703        8104        3746        5728        1           5526        784         -           -           11.35714285714285714     -           
D2           5284        6011        9240        8399        3032        2603        1           643         2169        -           -           2.771323190410327339     -           
D22          4540        6943        7564        6656        3851        4751        1           9270        308         -           -           22.54220779220779220     -           
D6           4207        6395        7779        7390        9008        6779        1           9555        1024        -           -           6.2451171875             -           
D4           5244        8883        6328        8413        1910        3819        1           1471        2075        -           -           4.280963855421686747     -           
D4           7120        8892        8195        9582        266         1310        1           4305        2196        -           -           4.049180327868852459     -           
D5           3262        3376        9853        4584        2040        6686        1           158         618         -           -           5.462783171521035598     -           
D23          7923        3150        4773        8113        161         8284        1           3053        133         -           -           23.68421052631578947     -           
D10          4477        4776        9668        8507        1123        1330        1           6572        447         -           -           10.68456375838926174     -           
D14          1554        8881        2640        2508        8820        5872        1           4563        600         -           -           14.80166666666666666     -           
D7           5787        2788        2999        6390        501         4668        1           7446        360         -           -           7.744444444444444444     -           
D19          1199        9669        1497        1895        6638        7191        1           9015        503         -           -           19.22266401590457256     -           
D19          692         6749        3910        1046        5217        1968        1           4084        338         -           -           19.96745562130177514     -           
D6           7343        2266        5077        9673        651         9002        1           9404        353         -           -           6.419263456090651558     -           
D12          7158        7039        119         8806        4994        4161        1           1145        566         -           -           12.43639575971731448     -           
D33          2520        9731        2756        4748        5461        83          1           5437        292         -           -           33.32534246575342465     -           
D16          8515        5889        2626        9874        2551        5802        1           3632        361         -           -           16.31301939058171745     -           
D95          5360        6882        8445        8004        6475        1676        1           3817        72          -           -           95.58333333333333333     -           
D14          8947        4128        4819        9341        3037        1283        1           6506        279         -           -           14.79569892473118279     -           
D37          7460        2111        5349        9311        9236        669         1           6310        56          -           -           37.69642857142857142     -           
D2           6804        3088        3716        8582        9415        3054        1           1150        1470        -           -           2.100680272108843537     -           
D4           5723        4259        1464        6909        2365        3661        1           9265        979         -           -           4.350357507660878447     -           
D717         1024        5738        5253        1532        5530        3468        1           3959        8           -           -           717.25                   -           
D26          2063        3862        8168        3982        6926        6462        1           8540        144         -           -           26.81944444444444444     -           
D8           6062        8672        7357        7761        6056        5625        1           5900        965         -           -           8.986528497409326424     -           
D32          7502        9813        7656        9902        7608        7639        1           1538        302         -           -           32.49337748344370860     -           
D9           3066        9439        3594        5124        8956        7448        1           2337        1008        -           -           9.364087301587301587     -           
D4           3680        5135        8512        6205        6850        6745        1           1012        1155        -           -           4.445887445887445887     -           
D240         2082        5772        6277        4140        4956        5286        1           4683        24          -           -           240.5                    -           
D13          5023        3675        1348        5550        4047        622         1           1220        280         -           -           13.125                   -           
D5           6920        1542        5378        7658        5552        5764        1           3027        278         -           -           5.546762589928057554     -           
D5           1186        1564        9589        2104        9943        6557        1           1596        268         -           -           5.835820895522388059     -           
D10          1720        7071        4616        2775        8701        7910        1           7387        665         -           -           10.63308270676691729     -           
D25          1744        7785        3926        2462        2059        5568        1           1243        308         -           -           25.27597402597402597     -           
D3           7092        1837        5255        9302        8930        6892        1           7745        462         -           -           3.976190476190476190     -           
D50          6169        8579        7557        9168        6763        8023        1           8748        171         -           -           50.16959064327485380     -           
D2           5157        1775        3382        7357        6178        7908        1           1954        757         -           -           2.344782034346103038     -           
D43          1665        4496        7136        3226        3181        6042        1           5986        104         -           -           43.23076923076923076     -           
D33          7231        3227        4004        8420        2992        3907        1           2223        97          -           -           33.26804123711340206     -           
D11          7251        9378        7840        9396        825         6499        1           3527        816         -           -           11.49264705882352941     -           
D84          3906        4652        9221        7757        532         7902        1           2182        55          -           -           84.58181818181818181     -           
D3           5434        9202        6199        8337        1155        9793        1           5177        2531        -           -           3.635717107862504938     -           
D0           6774        933         5841        8660        7573        4626        1           137         1116        -           -           0.836021505376344086     -           
D9           7857        4869        2988        9697        2859        4518        1           6235        497         -           -           9.796780684104627766     -           
D8           3687        9399        4255        6246        7244        6729        1           5487        1128        -           -           8.332446808510638297     -           
D9           3431        3339        92          3869        745         2119        1           2921        365         -           -           9.147945205479452054     -           
C            8277        1824        6453        8868        6377        8643        1           3059        3           608         -           -                        -           
D5           5106        6461        8612        6384        1356        2298        1           2129        1272        -           -           5.079402515723270440     -           
D5           3617        5314        8270        4970        4062        3088        1           1184        911         -           -           5.833150384193194292     -           
D7           3083        8252        4798        5012        5842        6368        1           9013        1154        -           -           7.150779896013864818     -           
D2           5555        4043        1512        9690        582         4024        1           7114        1420        -           -           2.847183098591549295     -           
D25          5109        4106        1003        5439        9091        1325        1           9712        159         -           -           25.82389937106918239     -           
D19          4907        4915        9959        9562        5458        3402        1           8549        252         -           -           19.50396825396825396     -           
D0           3054        629         2425        4960        2855        5762        1           6731        1148        -           -           0.547909407665505226     -           
D79          6027        4513        1514        6226        7967        2379        1           7169        57          -           -           79.17543859649122807     -           
D22          2314        8129        4152        4261        2065        7493        1           2480        367         -           -           22.14986376021798365     -           
D12          4463        8560        5870        8223        1654        3952        1           8309        703         -           -           12.17638691322901849     -           
D34          5301        2096        3205        5432        5253        7010        1           2837        61          -           -           34.36065573770491803     -           
D4           5063        7401        7629        6755        7103        4219        1           857         1679        -           -           4.407980941036331149     -           
D29          7531        9691        7807        9930        3975        341         1           8470        334         -           -           29.01497005988023952     -           
D8           5519        9844        5642        9895        6719        5720        1           3127        1143        -           -           8.612423447069116360     -           
D86          1812        8413        3366        2057        9171        6496        1           4134        97          -           -           86.73195876288659793     -           
D22          4677        9234        5410        8937        6530        3312        1           441         417         -           -           22.14388489208633093     -           
D16          5755        7999        7723        7069        36          4903        1           6590        499         -           -           16.03006012024048096     -           
D1           6645        3349        3296        8955        9869        1841        1           6780        2025        -           -           1.653827160493827160     -           
D5           7543        1463        6080        7972        7006        2192        1           9024        250         -           -           5.852                    -           
D120         8468        5283        3185        8520        9941        439         1           5547        44          -           -           120.0681818181818181     -           
D0           8141        911         7230        9339        4717        5631        1           8131        953         -           -           0.955928646379853095     -           
D40          5196        8524        6639        6858        212         2195        1           2673        210         -           -           40.59047619047619047     -           
D17          5235        7644        7558        6033        1292        3129        1           5838        447         -           -           17.10067114093959731     -           
C            6241        6732        9476        7131        9433        6426        1           3907        11          612         -           -                        -           
D0           5629        82          5547        6367        5980        8033        1           9557        463         -           -           0.177105831533477321     -           
D10          4367        4182        185         8323        7478        7557        1           4239        411         -           -           10.17518248175182481     -           
D36          2159        8687        3439        4078        8006        2956        1           8697        240         -           -           36.19583333333333333     -           
D234         3600        2348        1252        7190        3292        7868        1           3537        10          -           -           234.8                    -           
D33          3739        6711        6995        4181        9850        7546        1           7354        203         -           -           33.05911330049261083     -           
D833         7590        5003        2587        7602        7207        2619        1           2703        6           -           -           833.8333333333333333     -           
D1           8296        1099        7197        9344        3434        4368        1           8757        960         -           -           1.144791666666666666     -           
D394         4665        3549        1116        6993        4872        1591        1           9667        9           -           -           394.3333333333333333     -           
D57          3647        3357        290         3744        4620        6447        1           1444        58          -           -           57.87931034482758620     -           
D51          8144        9775        8336        8756        923         625         1           7062        188         -           -           51.99468085106382978     -           
D4           4266        3710        556         7767        2535        1159        1           1987        765         -           -           4.849673202614379085     -           
D16          3316        7564        5719        4739        8516        3445        1           8849        470         -           -           16.09361702127659574     -           
D6           8129        2524        5605        9232        8765        324         1           2386        408         -           -           6.186274509803921568     -           
D26          5320        4186        1134        7041        9229        7567        1           1669        157         -           -           26.66242038216560509     -           
D12          4324        1498        2826        5376        7028        9253        1           2760        116         -           -           12.91379310344827586     -           
D0           4204        822         3382        7296        603         4227        1           2927        1112        -           -           0.739208633093525179     -           
D1           7150        1952        5198        8343        4849        1383        1           7470        1185        -           -           1.647257383966244725     -           
D57          6112        7790        8289        6278        3807        7238        1           3704        136         -           -           57.27941176470588235     -           
D8           6844        7434        9377        8817        3019        4823        1           5189        925         -           -           8.036756756756756756     -           
D1           3786        657         3129        7040        2284        2185        1           9640        532         -           -           1.234962406015037594     -           
D47          4598        6842        7723        6083        9340        9083        1           3836        143         -           -           47.84615384615384615     -           
D3           4098        2651        1447        5177        4032        4216        1           6277        861         -           -           3.078977932636469221     -           
D4           4032        7414        6585        6578        4944        7908        1           8013        1486        -           -           4.989232839838492597     -           
D265         2275        8234        4008        2836        7019        7951        1           3439        31          -           -           265.6129032258064516     -           
D20          8278        8659        9586        8993        2155        6137        1           8528        413         -           -           20.96610169491525423     -           
D1           4928        2441        2487        7506        762         7387        1           9120        2350        -           -           1.038723404255319148     -           
D0           5226        54          5172        6285        2008        8486        1           5192        990         -           -           0.054545454545454545     -           
D3           6608        2894        3714        8042        9378        8295        1           4564        872         -           -           3.318807339449541284     -           
D14          4995        6885        8077        9501        9270        6836        1           2178        489         -           -           14.07975460122699386     -           
D11          8760        5295        3465        9943        7773        3816        1           5290        479         -           -           11.05427974947807933     -           
D3           3901        5282        8586        6435        8071        107         1           8650        1367        -           -           3.863935625457205559     -           
D13          5113        8172        6908        5866        8078        18          1           5921        595         -           -           13.73445378151260504     -           
D7           2715        6469        6213        4521        7924        1637        1           2080        909         -           -           7.116611661166116611     -           
D93          438         4202        6203        831         9771        4725        1           8420        45          -           -           93.37777777777777777     -           
D9           4843        9543        5267        6132        4226        959         1           3165        976         -           -           9.777663934426229508     -           
D12          7022        2934        4088        7991        6623        4078        1           2318        239         -           -           12.27615062761506276     -           
D7           4023        1509        2514        5298        9806        29          1           9710        198         -           -           7.621212121212121212     -           
D13          936         2387        8516        1701        3633        5128        1           6991        171         -           -           13.95906432748538011     -           
D33          1773        7729        4011        2159        3262        2277        1           4112        229         -           -           33.75109170305676855     -           
D56          1391        6071        5287        1712        5327        34          1           5139        107         -           -           56.73831775700934579     -           
D30          4843        6013        8797        5359        8488        9121        1           8696        199         -           -           30.21608040201005025     -           
D11          4488        4808        9647        5502        4313        9000        1           3278        432         -           -           11.12962962962962963     -           
D2           4448        5367        9048        6986        5134        510         1           135         1910        -           -           2.809947643979057591     -           
D57          2017        8740        3244        3882        5687        3087        1           6565        152         -           -           57.5                     -           
D4           5606        6558        9015        9754        8430        3664        1           4548        1458        -           -           4.497942386831275720     -           
D24          1395        966         429         1847        6504        4498        1           9535        39          -           -           24.76923076923076923     -           
D8           1742        4552        7157        2955        2621        9238        1           8672        529         -           -           8.604914933837429111     -           
D8           1984        3566        8385        2769        9344        5531        1           2746        414         -           -           8.613526570048309178     -           
D0           4333        781         3552        7286        6380        98          1           3901        1380        -           -           0.565942028985507246     -           
D3           4162        6806        7323        6493        4564        3786        1           7955        1831        -           -           3.717094483888585472     -           
D14          8162        6853        1309        8932        9267        2778        1           3678        462         -           -           14.83333333333333333     -           
D0           3901        1446        2455        6249        9269        1062        1           5624        1553        -           -           0.931101094655505473     -           
D4           7729        4996        2733        9055        6207        7168        1           7071        1099        -           -           4.545950864422202001     -           
D5           7127        7962        9132        9939        7582        3431        1           7544        1503        -           -           5.297405189620758483     -           
D1           7013        2963        4050        9454        3240        3073        1           650         2131        -           -           1.390427029563585171     -           
D9           4245        3445        800         6190        1567        3286        1           4550        355         -           -           9.704225352112676056     -           
D0           4390        764         3626        6049        9149        3319        1           2899        1072        -           -           0.712686567164179104     -           
D9           6251        9597        6621        8890        2509        2971        1           123         973         -           -           9.863309352517985611     -           
D18          9543        830         8713        9956        5072        7996        1           122         44          -           -           18.86363636363636363     -           
D6           3743        7803        5907        4995        8143        9161        1           6930        1239        -           -           6.297820823244552058     -           
D4           6497        3003        3494        7949        7727        5990        1           7069        689         -           -           4.358490566037735849     -           
D0           5862        2449        3413        8974        7243        648         1           4635        2750        -           -           0.890545454545454545     -           
D2           7119        4187        2932        9924        5449        8072        1           3028        1509        -           -           2.774685222001325381     -           
D4           4971        8818        6120        7761        4105        8869        1           648         2181        -           -           4.043099495644199908     -           
D15          8639        4993        3646        9678        7108        6460        1           4478        327         -           -           15.26911314984709480     -           
D2           8253        3123        5130        9631        5161        8449        1           6812        1363        -           -           2.291269258987527512     -           
D2           4295        3365        930         7018        2938        1434        1           5005        1572        -           -           2.140585241730279898     -           
D51          5693        7688        7972        5924        2419        7077        1           6950        149         -           -           51.59731543624161073     -           
D2           5408        2803        2605        9567        149         8292        1           7377        1249        -           -           2.244195356285028022     -           
D4           4778        3446        1332        8779        917         6868        1           482         777         -           -           4.435006435006435006     -           
D14          8066        2689        5377        9642        3334        1396        1           7065        186         -           -           14.45698924731182795     -           
D11          1240        7152        4055        1861        6483        2434        1           3511        619         -           -           11.55411954765751211     -           
D55          3983        5316        8634        4415        5265        6920        1           3772        95          -           -           55.95789473684210526     -           
D3           4579        2513        2066        5832        2450        3680        1           656         820         -           -           3.064634146341463414     -           
D6           6589        8164        8392        8339        1975        5722        1           423         1339        -           -           6.097087378640776699     -           
D2           3886        3293        593         6584        3186        9212        1           9821        1188        -           -           2.771885521885521885     -           
D1           5407        5117        290         8124        2453        4806        1           6877        2690        -           -           1.902230483271375464     -           
D1           6133        3188        2945        8255        2656        2341        1           9683        1889        -           -           1.687665431445209105     -           
D44          1179        5677        5469        1354        8963        1726        1           9872        129         -           -           44.00775193798449612     -           
D120         9612        6863        2749        9807        2135        3828        1           8481        57          -           -           120.4035087719298245     -           
D4           6558        1900        4658        8099        8225        3640        1           182         394         -           -           4.822335025380710659     -           
D110         2294        5978        6283        2350        3052        360         1           322         54          -           -           110.7037037037037037     -           
D71          7814        8512        9269        8219        968         3499        1           1162        119         -           -           71.52941176470588235     -           
D30          4840        6568        8239        9464        2518        1025        1           3003        216         -           -           30.40740740740740740     -           
D25          644         876         9735        731         7582        4045        1           9415        35          -           -           25.02857142857142857     -           
D120         9834        8930        904         9914        2646        4652        1           3951        74          -           -           120.6756756756756756     -           
D13          3377        9878        3466        6020        8886        4918        1           9838        734         -           -           13.45776566757493188     -           
D2           3811        3258        553         6265        6645        8828        1           9774        1357        -           -           2.400884303610906411     -           
D9           2421        5676        6712        3337        8245        2157        1           7498        589         -           -           9.636672325976230899     -           
D7           5000        2572        2428        9656        3469        7677        1           6632        344         -           -           7.476744186046511627     -           
D56          6349        6279        70          6538        4765        9709        1           1545        112         -           -           56.0625                  -           
D13          4727        9793        4901        8733        4745        4226        1           5329        721         -           -           13.58252427184466019     -           
D231         5745        7648        8064        6561        8953        2559        1           4455        33          -           -           231.7575757575757575     -           
D4           6331        7284        9014        8606        4566        6258        1           1403        1781        -           -           4.089837170129140932     -           
D12          4905        8521        6351        7027        7285        3591        1           7604        661         -           -           12.89107413010590015     -           
D179         7894        7909        9952        7944        7131        5297        1           1526        44          -           -           179.75                   -           
D39          5914        5398        516         8803        9339        5398        1           4594        136         -           -           39.69117647058823529     -           
D35          7380        3971        3409        9197        5479        7964        1           1929        112         -           -           35.45535714285714285     -           
D13          6184        947         5237        6948        6136        9052        1           2565        72          -           -           13.15277777777777777     -           
D17          6364        8739        7592        9300        3560        6106        1           8522        492         -           -           17.76219512195121951     -           
C            8492        2064        6428        8521        7279        7854        1           2313        24          86          -           -                        -           
D32          3423        7639        5751        3878        9017        6123        1           8039        238         -           -           32.09663865546218487     -           
D98          4829        9755        5041        5302        6551        9201        1           6174        99          -           -           98.53535353535353535     -           
D4           5797        6181        9583        8058        8699        9096        1           7942        1275        -           -           4.847843137254901960     -           
D5           8358        2894        5464        9923        464         7647        1           5806        533         -           -           5.429643527204502814     -           
D2           4319        4933        9353        6907        8166        3859        1           36          1731        -           -           2.849797804737146158     -           
D727         965         9454        1478        1203        4634        5087        1           6033        13          -           -           727.2307692307692307     -           
D5           5149        8788        6328        6912        3200        5185        1           8836        1623        -           -           5.414664202094886013     -           
D733         3695        3668        27          4310        9563        3986        1           2458        5           -           -           733.6                    -           
D1086        7605        3259        4346        7619        3675        2763        1           8403        3           -           -           1086.333333333333333     -           
D21          8556        2992        5564        9321        5796        9819        1           7505        141         -           -           21.21985815602836879     -           
D2           6273        1461        4812        7426        1687        9097        1           6937        508         -           -           2.875984251968503937     -           
D27          1789        8318        3438        3276        1572        9893        1           6688        302         -           -           27.54304635761589404     -           
D3           1801        710         1091        2584        4838        359         1           5167        235         -           -           3.021276595744680851     -           
D213         5155        1492        3663        5199        2776        2727        1           2600        7           -           -           213.1428571428571428     -           
D12          4979        9039        5907        9235        9498        9161        1           6930        723         -           -           12.50207468879668049     -           
D0           7624        609         7015        8940        1755        4946        1           8451        1044        -           -           0.583333333333333333     -           
D356         5912        5698        214         6649        8690        7792        1           1338        16          -           -           356.125                  -           
D23          2056        4017        8006        2370        3852        8027        1           6048        172         -           -           23.35465116279069767     -           
D1           5940        1914        4026        8048        902         2241        1           2190        1724        -           -           1.110208816705336426     -           
D259         7906        4666        3240        7935        7738        144         1           5006        18          -           -           259.2222222222222222     -           
D73          4255        5492        8730        8435        7855        1492        1           9719        75          -           -           73.22666666666666666     -           
D5           6798        518         6280        6932        9117        4049        1           9427        98          -           -           5.285714285714285714     -           
D16          4017        6317        7667        5227        5595        1068        1           5112        387         -           -           16.32299741602067183     -           
D8           6869        9604        7232        9754        7089        6542        1           59          1099        -           -           8.738853503184713375     -           
D3           5800        7888        7879        9525        718         3914        1           5286        2075        -           -           3.801445783132530120     -           
D33          9191        4921        4270        9457        4048        3314        1           1481        147         -           -           33.47619047619047619     -           
D7           2345        5894        6418        3949        485         8290        1           7883        741         -           -           7.954116059379217274     -           
D28          4015        5469        8513        7839        5410        5405        1           3378        191         -           -           28.63350785340314136     -           
C            984         8700        2251        1065        441         4613        1           6800        12          725         -           -                        -           
D10          5261        7190        8038        6792        2340        9561        1           3368        668         -           -           10.76347305389221556     -           
D3           4439        3034        1405        5593        8589        3258        1           2457        977         -           -           3.105424769703172978     -           
D8           6108        8419        7656        7372        1658        7639        1           1538        1052        -           -           8.002851711026615969     -           
D1           3570        1275        2295        4857        9080        6377        1           7898        996         -           -           1.280120481927710843     -           
D12          8378        6676        1702        9358        7868        8557        1           7110        538         -           -           12.40892193308550185     -           
D14          4003        2410        1593        4243        8499        9129        1           1913        163         -           -           14.78527607361963190     -           
D2           3916        2861        1055        5336        2687        9101        1           7123        1076        -           -           2.658921933085501858     -           
D7           2267        808         1459        2537        4842        5758        1           5735        107         -           -           7.551401869158878504     -           
D330         7948        9262        8653        8028        1257        6881        1           6208        28          -           -           330.7857142857142857     -           
D1           5956        2841        3115        9110        5609        5743        1           9374        2802        -           -           1.013918629550321199     -           
D5           5762        191         5571        7670        9890        7408        1           3363        38          -           -           5.026315789473684210     -           
D0           5568        80          5488        9055        2387        8263        1           6969        2081        -           -           0.038443056222969726     -           
D10          6446        2980        3466        7988        6518        2350        1           6796        278         -           -           10.71942446043165467     -           
D19          6164        5432        732         7636        7794        3487        1           1901        276         -           -           19.68115942028985507     -           
D22          4484        9275        5176        8554        2350        801         1           3503        414         -           -           22.40338164251207729     -           
D9           4157        5850        8274        4860        775         585         1           9010        642         -           -           9.112149532710280373     -           
D14          2939        8898        4008        5247        3033        889         1           1462        631         -           -           14.10142630744849445     -           
D7           3262        1703        1559        3766        2327        3728        1           1003        238         -           -           7.155462184873949579     -           
D8           5083        4036        1047        5853        433         9336        1           3347        463         -           -           8.717062634989200863     -           
D28          2876        8057        4786        3741        391         5898        1           8866        281         -           -           28.67259786476868327     -           
D12          9289        1341        7948        9945        9501        7101        1           7975        105         -           -           12.77142857142857142     -           
D0           6981        569         6412        8796        1626        6552        1           8392        1536        -           -           0.370442708333333333     -           
D3           4103        4606        9464        6920        2157        3917        1           150         1286        -           -           3.581648522550544323     -           
D4           1991        4445        7513        2987        3353        8006        1           1770        995         -           -           4.467336683417085427     -           
D19          1671        4340        7298        3120        1379        1708        1           2887        222         -           -           19.54954954954954955     -           
D179         4018        3408        610         4049        3122        7028        1           2255        19          -           -           179.3684210526315789     -           
D19          8763        1625        7138        9073        2493        5265        1           1300        83          -           -           19.57831325301204819     -           
D17          3312        8279        5000        4258        945         2019        1           3310        474         -           -           17.46624472573839662     -           
D70          9090        8407        683         9389        7191        2851        1           4108        120         -           -           70.05833333333333333     -           
D8           6404        270         6134        6935        6523        9910        1           2865        32          -           -           8.4375                   -           
D220         8902        4858        4044        9142        6107        7398        1           4786        22          -           -           220.8181818181818181     -           
D6           3976        8343        5600        6675        4048        5288        1           7465        1277        -           -           6.533281127642913077     -           
D32          2274        3172        9069        2410        3212        2899        1           3675        98          -           -           32.36734693877551020     -           
D25          7156        9112        8011        9420        2802        9138        1           4535        364         -           -           25.03296703296703296     -           
D2           4441        2576        1865        7846        9590        9814        1           3245        1036        -           -           2.486486486486486486     -           
D37          7352        9718        7601        7825        7726        8607        1           2215        257         -           -           37.81322957198443579     -           
D5           2321        4546        7742        3860        5151        9395        1           1485        782         -           -           5.813299232736572890     -           
D4           6581        3626        2955        8484        9611        1656        1           8109        872         -           -           4.158256880733944954     -           
D874         3872        6997        6842        5804        7395        5113        1           1900        8           -           -           874.625                  -           
D70          1309        4497        6779        1724        7803        5692        1           2591        64          -           -           70.265625                -           
D9           1663        5136        6494        2759        1343        7943        1           5325        567         -           -           9.058201058201058201     -           
D8           6041        8260        7748        8602        205         4126        1           9278        919         -           -           8.988030467899891186     -           
D32          6740        8051        8656        7461        3853        4816        1           5631        251         -           -           32.07569721115537848     -           
D6           2844        8907        3904        4331        2763        2386        1           6702        1357        -           -           6.563743551952837140     -           
D19          6177        9400        6744        9025        2460        2698        1           5433        481         -           -           19.54261954261954262     -           
D6           4072        7381        6658        6969        8008        8605        1           3054        1175        -           -           6.281702127659574468     -           
D116         9267        6538        2729        9418        364         9500        1           1168        56          -           -           116.75                   -           
D61          1664        9141        2490        2422        2315        8177        1           3952        148         -           -           61.76351351351351351     -           
D45          9078        1909        7169        9580        9965        5177        1           4029        42          -           -           45.45238095238095238     -           
D2           6033        6111        9889        9299        7954        7967        1           1824        2767        -           -           2.208529092880375858     -           
D4           4839        4945        9861        8454        7270        4742        1           2064        1224        -           -           4.040032679738562091     -           
D1           6245        4225        2020        9765        1385        6088        1           6084        2725        -           -           1.550458715596330275     -           
D12          2859        5233        7593        5302        9253        1221        1           1598        416         -           -           12.57932692307692307     -           
D26          3393        6861        6499        3678        8145        2394        1           5669        258         -           -           26.59302325581395348     -           
D2           4385        2141        2244        7727        3385        9083        1           6131        1043        -           -           2.052732502396931927     -           
D1           5644        393         5251        6244        9854        1356        1           1937        244         -           -           1.610655737704918032     -           
D4           4450        3491        959         8186        8855        5496        1           7499        714         -           -           4.889355742296918767     -           
D13          6056        6701        9322        8828        9005        2581        1           3008        512         -           -           13.087890625             -           
D6           2192        1151        1041        4212        1350        6382        1           717         172         -           -           6.691860465116279069     -           
D1           7277        770         6507        9546        4190        459         1           7636        470         -           -           1.638297872340425531     -           
D4           2328        4149        8146        3715        4638        321         1           5397        941         -           -           4.409139213602550478     -           
D3           5647        6720        8894        9092        7583        9612        1           733         2202        -           -           3.051771117166212534     -           
D14          3588        9278        4277        6550        6826        6522        1           3459        626         -           -           14.82108626198083067     -           
D50          5075        3371        1704        7579        6781        4637        1           2023        67          -           -           50.31343283582089552     -           
D2           5369        4926        443         7227        5249        3068        1           9704        1653        -           -           2.980036297640653357     -           
D6           7316        2297        5019        8091        8459        953         1           1208        341         -           -           6.736070381231671554     -           
D27          2630        3817        8780        5123        9835        3057        1           4124        137         -           -           27.86131386861313868     -           
D2           3311        2016        1295        4617        7846        2479        1           9670        699         -           -           2.884120171673819742     -           
D6           7929        1715        6214        9847        6015        1715        1           9959        257         -           -           6.673151750972762645     -           
D4           5333        4542        791         7485        1952        397         1           7835        1029        -           -           4.413994169096209912     -           
D108         7043        8968        8042        8203        487         4151        1           571         83          -           -           108.0481927710843373     -           
D4           5072        5895        9144        8928        5536        9911        1           6956        1216        -           -           4.847861842105263157     -           
D2           4866        1263        3603        9250        2817        626         1           8906        482         -           -           2.620331950207468879     -           
D13          5201        9720        5448        9686        5752        1329        1           1984        716         -           -           13.57541899441340782     -           
D3           6693        8002        8658        8957        3494        5026        1           3956        2165        -           -           3.696073903002309468     -           
D6           2784        4349        8402        4915        6880        515         1           1642        653         -           -           6.660030627871362940     -           
D9           4628        1503        3125        9103        9297        2798        1           4892        153         -           -           9.823529411764705882     -           
D3           5729        8839        6857        8650        8164        8442        1           8956        2808        -           -           3.147792022792022792     -           
D2           6310        186         6124        8385        3249        8267        1           3350        85          -           -           2.188235294117647058     -           
D3           5477        3472        2005        7717        1763        5149        1           4830        997         -           -           3.482447342026078234     -           
D4           6460        8955        7472        8787        2525        5585        1           1918        1806        -           -           4.958471760797342192     -           
D11          8122        9074        9015        9344        4442        3664        1           4548        790         -           -           11.48607594936708860     -           
D51          5975        6537        9405        6319        3939        1244        1           4951        127         -           -           51.47244094488188976     -           
D1           5373        2150        3223        9178        3994        721         1           7497        1568        -           -           1.371173469387755102     -           
D1           5578        2340        3238        9587        1141        3223        1           2710        1569        -           -           1.491395793499043977     -           
D2           6754        2763        3991        9486        4331        4041        1           1508        1290        -           -           2.141860465116279069     -           
D4           6364        8708        7623        8595        138         1579        1           352         1902        -           -           4.578338590956887486     -           
D84          7719        9915        7771        8986        65          2745        1           3986        117         -           -           84.74358974358974359     -           
D1           4026        848         3178        7487        9143        7067        1           8708        565         -           -           1.500884955752212389     -           
D3           4656        8636        5987        7083        8871        9715        1           174         2229        -           -           3.874383131449080305     -           
D5           4233        7362        6838        7130        1577        2185        1           327         1336        -           -           5.510479041916167664     -           
D11          3766        6198        7535        4411        4793        8662        1           3813        541         -           -           11.45656192236598890     -           
D7           7737        5842        1895        8611        6970        4530        1           5798        745         -           -           7.841610738255033557     -           
D167         5299        8211        7055        5369        3497        3892        1           6381        49          -           -           167.5714285714285714     -           
D6           5132        9082        6017        8755        6832        29          1           2957        1509        -           -           6.018555334658714380     -           
D76          4170        6449        7688        6213        7350        965         1           1361        84          -           -           76.77380952380952381     -           
D4           7988        4238        3750        9175        1533        6046        1           2935        866         -           -           4.893764434180138568     -           
D17          5775        6443        9299        6451        6451        1           1           9299        367         -           -           17.55585831062670299     -           
D12          7736        9520        8183        9127        2659        1604        1           8400        781         -           -           12.18950064020486555     -           
D13          3499        7321        6145        4240        3737        3183        1           6227        535         -           -           13.68411214953271028     -           
D8           6207        6506        9668        7110        2928        1330        1           6572        789         -           -           8.245880861850443599     -           
D17          4981        1967        3014        5468        133         6411        1           4736        111         -           -           17.72072072072072072     -           
D15          8345        3994        4351        9019        1975        4385        1           1733        257         -           -           15.54085603112840466     -           
D5           6890        2452        4438        7535        5715        385         1           8710        440         -           -           5.572727272727272727     -           
D1           3575        891         2684        4500        5977        6069        1           5328        800         -           -           1.11375                  -           
D6           6742        7699        9010        9546        7654        2465        1           5159        1134        -           -           6.789241622574955908     -           
D9           7567        6627        940         8547        1198        1513        1           330         707         -           -           9.373408769448373408     -           
D12          4060        4140        9887        7790        3833        6378        1           997         330         -           -           12.54545454545454545     -           
D0           5033        928         4105        8488        5989        5495        1           5542        1578        -           -           0.588086185044359949     -           
D72          512         1878        8601        755         6413        7956        1           8912        26          -           -           72.23076923076923076     -           
D4           7395        4217        3178        9568        6313        7504        1           3924        876         -           -           4.813926940639269406     -           
D0           3891        643         3248        6424        9096        9582        1           354         1358        -           -           0.473490427098674521     -           
D8           6081        7974        8074        7099        7537        8024        1           7675        991         -           -           8.046417759838546922     -           
D16          5624        1458        4166        6316        4846        8870        1           823         88          -           -           16.56818181818181818     -           
D14          5478        8907        6538        6696        5565        560         1           4746        606         -           -           14.69801980198019802     -           
D17          8292        6445        1847        9613        4822        6544        1           3447        366         -           -           17.60928961748633879     -           
D59          2833        3395        9405        4221        3729        1244        1           4951        57          -           -           59.56140350877192982     -           
D7           3215        6083        7099        5588        7627        6063        1           2421        842         -           -           7.224465558194774346     -           
D34          1441        4677        6731        1604        6097        82          1           3607        137         -           -           34.13868613138686131     -           
D0           1495        251         1244        2477        8139        9524        1           3822        513         -           -           0.489278752436647173     -           
D4           4752        8396        6323        7659        6323        2517        1           9724        1845        -           -           4.550677506775067750     -           
D21          5384        4344        1040        6679        4071        7087        1           5260        204         -           -           21.29411764705882352     -           
D247         5152        3964        1188        6436        9947        3665        1           5782        16          -           -           247.75                   -           
D11          1919        8764        3122        3045        9061        3594        1           6701        793         -           -           11.05170239596469104     -           
D25          5418        9020        6365        6051        8437        8810        1           2665        354         -           -           25.48022598870056497     -           
D6           5001        5229        9739        7080        4485        2635        1           5008        843         -           -           6.202846975088967971     -           
D201         4117        6662        7422        8201        4848        3507        1           2415        33          -           -           201.8787878787878787     -           
D51          2392        3102        9257        4724        9332        1829        1           7231        60          -           -           51.7                     -           
D6           3063        1007        2056        5979        9765        5546        1           3893        147         -           -           6.850340136054421768     -           
D3           8184        2173        6011        8871        6292        8915        1           6560        627         -           -           3.465709728867623604     -           
D76          6579        7620        8926        8199        6078        6382        1           9250        99          -           -           76.96969696969696969     -           
D12          3164        7803        5328        3803        1582        7380        1           4182        608         -           -           12.83388157894736842     -           
D7           1964        3590        8341        3432        1026        5832        1           5055        496         -           -           7.237903225806451612     -           
D7           4917        6837        8047        5923        9773        6186        1           4640        893         -           -           7.656215005599104143     -           
D0           5403        270         5133        6370        4670        6831        1           7534        568         -           -           0.475352112676056338     -           
D65          7272        3758        3514        7827        2260        8643        1           6908        57          -           -           65.92982456140350877     -           
D34          6034        9250        6751        8917        1669        6652        1           4998        268         -           -           34.51492537313432835     -           
D2           3761        4150        9578        6043        6591        816         1           8342        1479        -           -           2.805949966193373901     -           
D2           6546        2771        3775        7897        9669        4957        1           1362        1142        -           -           2.426444833625218914     -           
D5           6271        2442        3829        9175        3821        1171        1           7187        463         -           -           5.274298056155507559     -           
D36          9096        873         8223        9264        4079        4684        1           3966        24          -           -           36.375                   -           
D2           6929        2542        4387        8424        5409        6602        1           2934        949         -           -           2.678609062170706006     -           
D11          3966        6316        7617        7397        295         3201        1           7522        535         -           -           11.80560747663551401     -           
D3           7405        2787        4618        9037        7842        2158        1           6265        877         -           -           3.177879133409350057     -           
C            6371        5239        1132        6397        5850        1635        1           909         1           5239        -           -                        -           
D17          6872        5648        1224        8507        5757        6937        1           1618        332         -           -           17.01204819277108433     -           
D2           1844        2359        9452        2781        5433        749         1           6746        907         -           -           2.600882028665931642     -           
D21          7898        4163        3735        9438        226         1012        1           2003        198         -           -           21.02525252525252525     -           
D1           5020        2638        2382        8483        7214        9801        1           1907        1557        -           -           1.694283879254977520     -           
D23          6231        9743        6455        9138        9284        4598        1           7326        417         -           -           23.36450839328537170     -           
D2           2900        939         1961        3406        1221        8027        1           3919        370         -           -           2.537837837837837837     -           
D9           7934        9033        8868        8934        1470        7044        1           6861        934         -           -           9.671306209850107066     -           
D9           5500        8249        7218        7795        5311        3828        1           1486        910         -           -           9.064835164835164835     -           
D22          8078        4932        3146        8340        307         8728        1           2451        218         -           -           22.62385321100917431     -           
D11          1526        4604        6889        2086        4105        5954        1           2400        406         -           -           11.33990147783251231     -           
D7           5129        6679        8417        9392        5345        7291        1           6608        866         -           -           7.712471131639722863     -           
D45          968         7757        3178        1367        3347        1537        1           7453        170         -           -           45.62941176470588235     -           
D12          6182        6744        9405        8056        5006        1244        1           4951        560         -           -           12.04285714285714285     -           
D0           2259        11          2248        2350        9688        7315        1           8538        75          -           -           0.146666666666666666     -           
D4           5250        2908        2342        9839        4952        8389        1           7818        661         -           -           4.399394856278366112     -           
D8           5763        7110        8620        8218        4957        66          1           4057        853         -           -           8.335287221570926143     -           
D5           7322        6020        1302        8375        4958        9834        1           5236        1004        -           -           5.996015936254980079     -           
D4           4922        2871        2051        5765        950         3206        1           5637        707         -           -           4.060820367751060820     -           
D2           4180        2621        1559        7347        9592        3728        1           1003        1013        -           -           2.587364264560710760     -           
D1           5749        4386        1363        9109        3641        602         1           1244        2389        -           -           1.835914608622854750     -           
D2           8014        1187        6827        8460        9196        8715        1           4174        432         -           -           2.747685185185185185     -           
D2           5335        2927        2408        9344        8233        6007        1           8718        1326        -           -           2.207390648567119155     -           
D1           5045        1233        3812        9124        4940        9299        1           5127        966         -           -           1.276397515527950310     -           
D1           4501        372         4129        5929        3166        5615        1           1719        217         -           -           1.714285714285714285     -           
D4           3565        3225        340         4497        7050        2134        1           1803        769         -           -           4.193758127438231469     -           
D28          4309        5276        9000        5134        4689        7039        1           5634        184         -           -           28.67391304347826087     -           
D40          8514        6627        1887        9273        3264        7359        1           6607        165         -           -           40.16363636363636363     -           
D1           4355        3708        647         6774        6475        2584        1           2465        1936        -           -           1.915289256198347107     -           
C            8450        6168        2282        8472        1593        5505        1           5222        2           3084        -           -                        -           
D2           4871        5444        9394        7405        6986        5852        1           7608        2337        -           -           2.329482242190842961     -           
D3           4687        4429        258         8199        7210        420         1           143         1175        -           -           3.769361702127659574     -           
D11          7905        9391        8481        9677        259         5271        1           5039        817         -           -           11.49449204406364749     -           
D2           4600        5499        9068        7201        2539        3422        1           591         1999        -           -           2.750875437718859429     -           
D47          3262        8708        4521        3775        7713        6954        1           8725        184         -           -           47.32608695652173913     -           
D820         237         4924        5280        244         6906        7883        1           2714        6           -           -           820.6666666666666666     -           
D18          8321        8816        9472        9889        5887        2653        1           3242        481         -           -           18.32848232848232848     -           
D39          9726        5937        3789        9897        6492        3700        1           6555        150         -           -           39.58                    -           
D10          6938        9026        7879        8452        1655        6172        1           2577        882         -           -           10.23356009070294784     -           
D3           5815        1300        4515        7617        6324        9850        1           4306        409         -           -           3.178484107579462102     -           
D11          1929        5139        6757        3406        9744        5661        1           3195        452         -           -           11.36946902654867256     -           
D11          4630        547         4083        9213        4614        5815        1           2642        47          -           -           11.63829787234042553     -           
D6           4707        7002        7672        5901        9585        6377        1           2069        1125        -           -           6.224                    -           
D12          6938        4124        2814        7351        9611        3479        1           4132        330         -           -           12.49696969696969697     -           
D13          3971        7423        6515        5691        9058        224         1           5858        531         -           -           13.97928436911487758     -           
D58          3849        7215        6601        7575        584         4365        1           6822        123         -           -           58.65853658536585365     -           
D462         6575        9258        7284        6920        2342        4097        1           5945        20          -           -           462.9                    -           
D173         6860        9537        7290        8221        7520        6253        1           6004        55          -           -           173.4                    -           
D2           5399        2222        3177        7721        78          7127        1           2073        755         -           -           2.943046357615894039     -           
D3           4104        5582        8489        6387        2084        5087        1           3934        1821        -           -           3.065348709500274574     -           
D9           1953        1972        9948        3700        9329        9680        1           903         206         -           -           9.572815533980582524     -           
D13          1627        4081        7513        2947        3188        4875        1           9071        307         -           -           13.29315960912052117     -           
D7           6501        5425        1076        8415        448         5336        1           3594        759         -           -           7.147562582345191040     -           
D8           5152        1778        3374        6386        8464        4525        1           3036        216         -           -           8.231481481481481481     -           
D3           2179        3535        8611        3395        5185        8401        1           1452        963         -           -           3.670820353063343717     -           
D1           4594        2357        2237        6940        5853        4020        1           9494        2248        -           -           1.048487544483985765     -           
D131         241         9746        462         408         7971        7510        1           85          74          -           -           131.7027027027027027     -           
C            6209        2093        4116        9307        4255        7601        1           647         13          161         -           -                        -           
D7           8100        5745        2355        9141        7205        5738        1           4303        813         -           -           7.066420664206642066     -           
D22          4732        5083        9616        9241        1972        5064        1           5072        223         -           -           22.79372197309417040     -           
D1           4581        1669        2912        7585        41          185         1           770         1577        -           -           1.058338617628408370     -           
D3           1439        1954        9452        2312        216         749         1           6746        566         -           -           3.452296819787985865     -           
D37          4383        8128        6222        8549        6908        903         1           7954        217         -           -           37.45622119815668202     -           
D12          3058        6765        6260        3689        7269        4428        1           3954        534         -           -           12.66853932584269662     -           
D16          2475        8547        3895        4432        7117        8028        1           3113        518         -           -           16.5                     -           
D37          5581        5139        442         6670        1054        6361        1           1603        136         -           -           37.78676470588235294     -           
D22          6053        9537        6483        6522        3583        2931        1           2420        425         -           -           22.44                    -           
D1           7248        948         6300        8364        8039        7626        1           6141        552         -           -           1.717391304347826087     -           
D11          1616        9229        2354        2441        6633        9473        1           6613        791         -           -           11.66750948166877370     -           
D131         570         8147        2390        1078        6951        9656        1           8421        62          -           -           131.4032258064516129     -           
D4           4202        6975        7194        6760        8326        9149        1           3476        1644        -           -           4.242700729927007299     -           
D7           7256        8959        8264        9276        5512        5911        1           9041        1196        -           -           7.490802675585284280     -           
D3           801         280         521         1166        4504        2970        1           3346        71          -           -           3.943661971830985915     -           
D10          8650        7003        1647        9646        6209        3440        1           9501        682         -           -           10.26832844574780058     -           
D3           9227        543         8684        9398        5440        9540        1           7239        164         -           -           3.310975609756097561     -           
D31          7555        8963        8559        7959        3586        383         1           5175        283         -           -           31.67137809187279151     -           
D3           4075        3181        894         7210        8568        1092        1           9694        940         -           -           3.384042553191489361     -           
D29          4724        9555        5136        5353        5892        2222        1           3214        321         -           -           29.76635514018691588     -           
D3           5573        1706        3867        8129        5223        1761        1           5979        461         -           -           3.700650759219088937     -           
D4           4731        3075        1656        6737        3098        9078        1           7095        719         -           -           4.276773296244784422     -           
D5           4610        8270        6307        7740        8655        8776        1           4020        1480        -           -           5.587837837837837837     -           
D17          8349        4720        3629        9695        5437        1395        1           417         273         -           -           17.28937728937728937     -           
D8           5485        9063        6389        9887        2448        2280        1           5830        1083        -           -           8.368421052631578947     -           
D2           1845        720         1125        2111        5500        6102        1           7865        249         -           -           2.891566265060240963     -           
D11          7026        5203        1823        7850        4931        7919        1           3508        434         -           -           11.98847926267281106     -           
D7           8147        5282        2865        9380        4807        5368        1           2483        749         -           -           7.052069425901201602     -           
D7           4516        4856        9627        8360        3292        2134        1           8164        672         -           -           7.226190476190476190     -           
D4           5701        8335        7333        9662        6234        5591        1           8806        1740        -           -           4.790229885057471264     -           
D8           3520        8652        4835        6020        4345        2215        1           3647        1020        -           -           8.482352941176470588     -           
D2           6583        4648        1935        8238        9951        731         1           4693        1618        -           -           2.872682323856613102     -           
D7           5399        3985        1414        7827        7180        3248        1           1590        543         -           -           7.338858195211786372     -           
D14          2806        5019        7754        4030        6083        2211        1           3132        358         -           -           14.01955307262569832     -           
D56          6462        4839        1623        8056        7049        1425        1           2666        86          -           -           56.26744186046511627     -           
D13          8311        3870        4441        9041        1489        5013        1           1502        281         -           -           13.77224199288256227     -           
D25          7928        6977        951         8624        9786        2981        1           7891        272         -           -           25.65073529411764705     -           
D27          4379        8667        5679        5395        8358        1409        1           1822        315         -           -           27.51428571428571428     -           
D77          2550        5613        6904        2727        1710        6349        1           2224        72          -           -           77.95833333333333333     -           
D77          7988        8864        9091        8115        7017        3359        1           4869        114         -           -           77.75438596491228070     -           
D19          2540        4559        7948        3307        7528        7101        1           7975        239         -           -           19.07531380753138075     -           
D0           4121        223         3898        5578        7233        1777        1           4422        1207        -           -           0.184755592377796188     -           
D85          4152        7979        6140        8211        4342        6303        1           6886        93          -           -           85.79569892473118279     -           
D2           5203        3630        1573        7018        9781        7893        1           302         1573        -           -           2.307692307692307692     -           
D2           6140        3199        2941        8490        544         2544        1           867         1440        -           -           2.221527777777777777     -           
D26          7548        1322        6226        7711        1891        5317        1           6489        50          -           -           26.44                    -           
D0           5298        473         4825        9508        9072        2818        1           3719        1088        -           -           0.434742647058823529     -           
D2           6263        2666        3597        7544        6692        19          1           8058        1139        -           -           2.340649692712906057     -           
D43          7263        9600        7630        7850        8335        1693        1           1753        219         -           -           43.83561643835616438     -           
D6           4236        5106        9097        7737        4261        4521        1           9484        735         -           -           6.946938775510204081     -           
D6           7818        4698        3120        8605        9050        4610        1           9038        735         -           -           6.391836734693877551     -           
D3           1742        482         1260        2545        7146        6811        1           4282        136         -           -           3.544117647058823529     -           
D9           9121        4287        4834        9603        1157        6831        1           2433        445         -           -           9.633707865168539325     -           
D2           5625        4915        710         9576        5587        3930        1           4971        1674        -           -           2.936081242532855436     -           
D1           6176        2193        3983        8285        2320        6727        1           1380        1958        -           -           1.120020429009193054     -           
D10          4857        6224        8600        9096        6915        9337        1           1252        618         -           -           10.07119741100323624     -           
D399         9299        9598        9668        9670        7954        8660        1           6833        24          -           -           399.9166666666666666     -           
D11          5409        6225        9151        6382        7944        3421        1           1608        544         -           -           11.44301470588235294     -           
D431         4344        9932        4379        4493        9086        1443        1           8485        23          -           -           431.8260869565217391     -           
D7           6243        8506        7704        8822        8329        8842        1           9402        1085        -           -           7.839631336405529953     -           
D19          5626        6118        9475        6955        1565        705         1           9627        310         -           -           19.73548387096774193     -           
D8           4959        2832        2127        7275        679         7130        1           4584        327         -           -           8.660550458715596330     -           
D22          6578        6055        523         6910        3216        2872        1           4536        270         -           -           22.42592592592592592     -           
D62          833         4464        6336        1595        6700        5973        1           9087        71          -           -           62.87323943661971831     -           
D40          1438        8182        3223        2055        1842        5569        1           7385        204         -           -           40.10784313725490196     -           
D402         5339        8052        7254        5930        9904        3070        1           5093        20          -           -           402.6                    -           
D68          1196        4249        6914        1259        4343        3227        1           7455        62          -           -           68.53225806451612903     -           
D3           5542        4303        1239        9937        6242        4241        1           9321        1147        -           -           3.751525719267654751     -           
D0           5401        1061        4340        8572        7592        4470        1           5174        2230        -           -           0.475784753363228699     -           
D9           6425        8762        7630        7525        6870        6624        1           3489        925         -           -           9.472432432432432432     -           
D3           4130        2307        1823        4722        5828        7919        1           3508        578         -           -           3.991349480968858131     -           
D1           2037        493         1544        2395        6949        5630        1           5591        247         -           -           1.995951417004048583     -           
D3           4920        1223        3697        5837        5807        6446        1           1938        335         -           -           3.650746268656716417     -           
D34          4372        4351        21          4565        6689        5049        1           1522        126         -           -           34.53174603174603174     -           
D85          9465        6151        3314        9558        7046        9312        1           5123        72          -           -           85.43055555555555555     -           
D15          3763        6946        6784        4872        3040        9785        1           1058        436         -           -           15.93119266055045871     -           
D1           6621        1982        4639        9241        3252        7521        1           8380        1381        -           -           1.435191889934829833     -           
D4           6737        1528        5209        7229        134         9054        1           4623        341         -           -           4.480938416422287390     -           
D100         4515        7720        6762        4832        4352        2273        1           3318        77          -           -           100.2597402597402597     -           
D11          2557        9940        2584        4240        5120        5763        1           8762        874         -           -           11.37299771167048054     -           
D6           702         760         9909        1289        6954        466         1           9368        115         -           -           6.608695652173913043     -           
D12          3542        7461        6048        6488        8964        4982        1           5935        596         -           -           12.51845637583892617     -           
D5           1963        4621        7309        3087        8823        1400        1           9780        839         -           -           5.507747318235995232     -           
D5           5665        2799        2866        7384        9514        2976        1           1776        508         -           -           5.509842519685039370     -           
D24          2837        7547        5257        4102        288         7974        1           8159        307         -           -           24.58306188925081433     -           
D2           3942        1830        2112        7027        8979        8598        1           5022        857         -           -           2.135355892648774795     -           
D4           3040        6492        6515        4706        110         224         1           5858        1374        -           -           4.724890829694323144     -           
D6           2858        6866        5959        4622        2618        7951        1           6528        1094        -           -           6.276051188299817184     -           
D13          7050        6585        465         8360        9206        9550        1           214         500         -           -           13.17                    -           
D355         1071        3198        7840        1425        3457        6499        1           3527        9           -           -           355.3333333333333333     -           
D277         927         7489        3405        1152        4531        2112        1           5424        27          -           -           277.3703703703703703     -           
D6           2875        6273        6569        4717        8030        3512        1           9336        1033        -           -           6.072604065827686350     -           
D2           4310        2731        1579        7366        3192        1320        1           1534        1254        -           -           2.177830940988835725     -           
C            840         7685        3122        1675        3675        3594        1           6701        5           1537        -           -                        -           
D5           1640        1430        210         1914        5747        7326        1           3755        270         -           -           5.296296296296296296     -           
D29          4043        4888        9122        5983        5759        9210        1           6953        163         -           -           29.98773006134969325     -           
D10          5536        7032        8471        7984        7018        9846        1           6355        640         -           -           10.9875                  -           
D0           8275        36          8239        8575        360         2654        1           6977        175         -           -           0.205714285714285714     -           
D2           8284        469         7815        9016        395         7517        1           3231        232         -           -           2.021551724137931034     -           
D0           2421        132         2289        2669        9653        4975        1           317         189         -           -           0.698412698412698412     -           
D5           3600        7705        5862        5739        6500        5495        1           4425        1461        -           -           5.273785078713210130     -           
D26          7142        1807        5335        7425        7620        1394        1           7690        67          -           -           26.97014925373134328     -           
D29          1452        6493        4926        2068        5202        9201        1           3793        220         -           -           29.51363636363636363     -           
D4           4653        7090        7530        6263        5969        7450        1           8978        1433        -           -           4.947662247034193998     -           
D1           7429        1101        6328        9599        5736        5185        1           8836        919         -           -           1.198041349292709466     -           
D41          8521        9599        8889        9557        4305        2373        1           1352        233         -           -           41.19742489270386266     -           
D3           6436        1898        4538        7601        6860        9092        1           3002        611         -           -           3.106382978723404255     -           
D5           8983        1890        7093        9770        7312        6885        1           3209        326         -           -           5.797546012269938650     -           
D146         1638        8656        2949        3217        3554        3341        1           9947        59          -           -           146.7118644067796610     -           
D1074        8395        7520        875         8407        3416        2147        1           2173        7           -           -           1074.285714285714285     -           
D4           4880        3079        1801        9131        769         4289        1           1002        629         -           -           4.895071542130365659     -           
D5           4440        1405        3035        8606        1997        3498        1           944         274         -           -           5.127737226277372262     -           
D5           2643        6484        6126        4159        4360        7003        1           6192        1127        -           -           5.753327417923691215     -           
D7           5214        983         4231        5605        9670        6458        1           5299        131         -           -           7.503816793893129771     -           
D1           5309        4770        539         8052        8439        3204        1           9429        2566        -           -           1.858924395946999220     -           
D189         4200        8696        5471        4267        9836        8641        1           5716        46          -           -           189.0434782608695652     -           
D15          2701        5334        7334        3174        606         2571        1           1193        336         -           -           15.875                   -           
D6           6300        3544        2756        7253        3810        83          1           5437        582         -           -           6.089347079037800687     -           
D12          2286        4052        8201        3262        9086        6558        1           8684        334         -           -           12.13173652694610778     -           
D21          8227        3589        4638        9033        7230        7888        1           8469        167         -           -           21.49101796407185628     -           
D0           3730        625         3105        6003        946         8846        1           833         1457        -           -           0.428963623884694577     -           
D22          3260        5779        7448        6261        6826        5586        1           6646        259         -           -           22.31274131274131274     -           
D27          3487        3620        9834        6841        5537        4100        1           3644        133         -           -           27.21804511278195488     -           
D62          4836        7496        7307        6015        1344        7235        1           2438        120         -           -           62.46666666666666666     -           
D5           5588        6518        9037        7753        624         1434        1           4962        1258        -           -           5.181240063593004769     -           
D0           5687        1194        4493        9761        4865        969         1           5415        1613        -           -           0.740235585864848109     -           
D11          3576        2949        627         4241        230         6822        1           5343        251         -           -           11.74900398406374502     -           
D38          3155        6078        7044        6152        6868        2735        1           7138        158         -           -           38.46835443037974683     -           
D11          5187        3558        1629        7622        5430        1881        1           287         317         -           -           11.22397476340694006     -           
D4           4134        5655        8446        5555        2729        6346        1           4666        1292        -           -           4.376934984520123839     -           
D114         7794        3907        3887        8279        7213        3750        1           5952        34          -           -           114.9117647058823529     -           
D109         3516        4279        9204        3577        2256        4424        1           8374        39          -           -           109.7179487179487179     -           
D1           4117        1266        2851        7514        1214        5080        1           6175        720         -           -           1.758333333333333333     -           
D5           8831        5002        3829        9719        4491        2854        1           4007        839         -           -           5.961859356376638855     -           
D0           4193        1261        2932        6719        2479        8072        1           3028        1667        -           -           0.756448710257948410     -           
D0           6448        788         5660        9023        7037        6933        1           5320        1298        -           -           0.607087827426810477     -           
D2           4020        4830        9157        6148        4736        7687        1           5115        1892        -           -           2.552854122621564482     -           
D3           6540        4668        1872        9188        4424        5310        1           6859        1244        -           -           3.752411575562700964     -           
D21          7377        6358        1019        9738        708         3139        1           375         294         -           -           21.62585034013605442     -           
D4           7940        4753        3187        9640        8523        2561        1           4076        1140        -           -           4.169298245614035087     -           
D29          3565        7732        5800        5216        5505        1969        1           7115        263         -           -           29.39923954372623574     -           
D4           5530        7312        8185        9446        8422        1497        1           4453        1614        -           -           4.530359355638166047     -           
D4           5702        8663        7006        9351        1657        4932        1           1509        2053        -           -           4.219678519240136385     -           
D22          6856        8846        7977        7443        2555        748         1           8925        399         -           -           22.17042606516290726     -           
D3           5653        8991        6629        8552        3679        1533        1           4692        2754        -           -           3.264705882352941176     -           
D3           7021        1051        5970        8694        4066        2375        1           5626        329         -           -           3.194528875379939209     -           
D13          6192        7471        8688        8077        7426        9803        1           2378        537         -           -           13.91247672253258845     -           
D21          3310        2878        432         3663        6593        5845        1           2002        133         -           -           21.63909774436090225     -           
D1           5451        1826        3625        9909        7537        3429        1           2370        993         -           -           1.838872104733131923     -           
C            9570        3216        6354        9644        4771        4387        1           5754        24          134         -           -                        -           
D999         1731        2998        8700        2307        5584        1091        1           3781        3           -           -           999.3333333333333333     -           
D223         697         895         9769        704         4446        453         1           4356        4           -           -           223.75                   -           
D7           3093        407         2686        3262        1537        54          1           8171        51          -           -           7.980392156862745098     -           
D2           4491        3771        720         7656        7550        7436        1           6584        1326        -           -           2.843891402714932126     -           
D0           6201        315         5886        9394        4311        5944        1           333         3008        -           -           0.104720744680851063     -           
D19          5094        7608        7453        5766        6453        2466        1           775         390         -           -           19.50769230769230769     -           
D153         950         7511        3406        1851        919         1477        1           6548        49          -           -           153.2857142857142857     -           
D504         591         3027        7531        708         9417        4058        1           7805        6           -           -           504.5                    -           
D7           5643        6627        8983        8008        7725        5260        1           5025        913         -           -           7.258488499452354874     -           
D21          3011        3475        9503        3230        9049        6272        1           4958        164         -           -           21.18902439024390243     -           
D63          9486        3579        5907        9568        7383        9161        1           6930        56          -           -           63.91071428571428571     -           
D2           3983        3285        698         6637        2802        3499        1           8805        1329        -           -           2.471783295711060948     -           
D9           5430        1994        3436        6734        5789        8076        1           6808        214         -           -           9.317757009345794392     -           
D11          3922        6729        7160        4753        4341        171         1           9018        598         -           -           11.25250836120401337     -           
D1           5445        4171        1274        8647        1403        6890        1           6695        2243        -           -           1.859563085153811859     -           
C            4518        5472        9013        5976        6606        8094        1           2608        144         38          -           -                        -           
C            1705        4293        7379        3409        2304        3605        1           508         1           4293        -           -                        -           
C            3243        9150        4060        3351        8887        9161        1           3037        3           3050        -           -                        -           
C            5400        8210        7157        6478        7905        2114        1           4704        10          821         -           -                        -           
C            7452        1248        6204        7962        2994        5875        1           320         312         4           -           -                        -           
C            5513        6752        8728        5539        8342        4241        1           646         1           6752        -           -                        -           
C            8699        3888        4811        9368        4930        9233        1           5330        2           1944        -           -                        -           
C            6196        6048        148         6803        5189        5829        1           2794        126         48          -           -                        -           
C            7271        1180        6091        7740        6517        7278        1           3582        236         5           -           -                        -           
C            7087        4650        2437        7223        4056        7450        1           989         15          310         -           -                        -           
C            3018        3672        9313        5900        1652        5699        1           3405        136         27          -           -                        -           
C            4109        6337        7739        4113        1676        3077        1           2555        1           6337        -           -                        -           
C            5311        4760        551         5898        3005        5279        1           9952        28          170         -           -                        -           
C            2215        3306        8876        3879        3978        2504        1           6420        551         6           -           -                        -           
C            3611        8897        4681        3968        7983        9965        1           2643        41          217         -           -                        -           
E1           8734        2183        6551        -           2383        7069        1           5731        -           -           -           -                        6107, 1     
C            2973        3387        9553        3039        8978        783         1           4582        3           1129        -           -                        -           
C            5552        6408        9111        5816        4321        6167        1           9002        8           801         -           -                        -           
C            1748        8384        3331        1792        5299        290         1           9188        32          262         -           -                        -           
C            2871        1760        1111        2885        3985        2827        1           3452        1           1760        -           -                        -           
C            9144        3925        5219        9353        3027        1577        1           9155        157         25          -           -                        -           
C            1127        4095        6999        1245        6853        2717        1           2332        65          63          -           -                        -           
C            4606        1702        2904        5746        4051        400         1           2200        46          37          -           -                        -           
C            1484        9254        2197        1729        3028        1755        1           8344        14          661         -           -                        -           
C            3511        4300        9178        4089        7803        6239        2           5525        43          100         -           -                        -           
C            3237        2195        1042        6469        7683        307         2           1138        5           439         -           -                        -           
C            7855        1383        6472        7888        9577        82          2           6360        1           1383        -           -                        -           
C            2715        6753        5929        2721        552         7101        2           7975        3           2251        -           -                        -           
C            4027        7910        6084        5346        8983        4188        2           1957        70          113         -           -                        -           
C            2697        9256        3408        4001        7802        58          2           9309        89          104         -           -                        -           
C            1620        3888        7699        1751        3957        7567        2           8298        48          81          -           -                        -           
C            4174        7915        6226        6765        2010        6772        2           3599        1583        5           -           -                        -           
C            6193        342         5851        6236        6591        4403        2           9713        1           342         -           -                        -           
C            6268        4921        1347        8313        8890        3074        2           9583        133         37          -           -                        -           
C            4579        6198        8348        4585        2389        4854        2           2777        1           6198        -           -                        -           
C            3914        6650        7231        4236        9806        6412        2           9059        50          133         -           -                        -           
C            8529        5123        3406        8581        8950        5911        2           926         1           5123        -           -                        -           
C            2996        5244        7719        4475        74          7199        2           879         38          138         -           -                        -           
C            6092        1960        4132        7309        851         8535        2           96          7           280         -           -                        -           
C            2829        4634        8162        4996        9164        9576        2           168         662         7           -           -                        -           
C            5726        9398        6295        6871        6830        55          2           7759        1           9398        -           -                        -           
C            5143        132         5011        5153        2489        6281        2           9919        3           44          -           -                        -           
C            3362        7680        5649        3399        6003        4608        2           1386        32          240         -           -                        -           
C            1574        9936        1605        1715        9074        4630        2           759         23          432         -           -                        -           
C            6777        9200        7544        6779        425         2666        2           4712        1           9200        -           -                        -           
C            2547        7476        5038        3182        7633        4901        2           9272        7           1068        -           -                        -           
C            4557        9750        4774        5063        5329        1183        2           2538        3           3250        -           -                        -           
C            7898        2424        5474        7992        320         5756        2           7732        2           1212        -           -                        -           
C            849         6999        3817        857         172         3308        2           8559        1           6999        -           -                        -           
C            8114        9904        8177        8140        7785        5231        2           9460        2           4952        -           -                        -           
C            1011        9735        1243        1347        8956        324         2           2386        3           3245        -           -                        -           
C            1188        1984        9171        1751        7144        3470        2           6072        62          32          -           -                        -           
C            2018        1296        722         2031        1389        2025        2           453         3           432         -           -                        -           
A            4403        716         3687        8090        3629        8585        2           9926        716         1           -           -                        2           
C            6923        1421        5502        8603        5886        1263        3           6291        203         7           -           -                        -           
C            4107        8645        5429        6113        5182        2215        3           6320        95          91          -           -                        -           
C            7471        6775        696         7544        9508        483         3           3199        25          271         -           -                        -           
C            3727        9300        4394        7361        8792        4727        3           6354        93          100         -           -                        -           
C            7904        3111        4793        8621        3574        5460        3           4382        17          183         -           -                        -           
C            1697        2576        9088        1850        5837        2799        3           2432        14          184         -           -                        -           
C            1558        6570        4955        3110        4793        1344        3           2006        6           1095        -           -                        -           
C            7325        8115        9177        8057        7646        18          3           4046        5           1623        -           -                        -           
C            4597        9358        5206        4609        2862        1419        3           8828        1           9358        -           -                        -           
C            8933        887         8046        8947        6120        1661        3           3842        1           887         -           -                        -           
C            4280        810         3470        8558        7368        7076        3           4732        2           405         -           -                        -           
E1           2098        524         1574        -           2220        3288        3           4436        -           -           -           -                        4400, 3     
C            5239        9789        5417        5243        8255        9341        3           9513        3           3263        -           -                        -           
C            2000        4384        7583        2003        2171        5657        3           8555        2           2192        -           -                        -           
C            710         6045        4632        1265        133         5630        3           5591        155         39          -           -                        -           
C            7529        8104        9392        7704        881         993         3           2566        4           2026        -           -                        -           
C            2092        6063        5996        2501        332         3520        3           1069        47          129         -           -                        -           
C            6447        4386        2061        7521        8747        3613        3           1614        3           1462        -           -                        -           
C            2237        3187        9017        2239        852         5185        3           8836        1           3187        -           -                        -           
C            6056        9856        6167        9068        5637        1112        3           4827        32          308         -           -                        -           
C            2102        3460        8609        3858        5120        4957        3           8605        346         10          -           -                        -           
C            7189        8783        8373        8387        8755        8817        3           2797        1           8783        -           -                        -           
C            3747        5940        7774        5616        2262        2752        3           9811        9           660         -           -                        -           
C            377         3906        6438        565         749         7985        3           2986        1           3906        -           -                        -           
C            4774        7736        7005        4933        65          3296        3           9626        4           1934        -           -                        -           
C            2337        3964        8340        4673        3           4880        3           7966        1           3964        -           -                        -           
C            4548        2324        2224        5000        9197        7760        3           4165        28          83          -           -                        -           
C            4328        1130        3198        4721        6882        8909        3           7592        5           226         -           -                        -           
C            7628        2426        5202        7631        2878        3684        3           6380        2           1213        -           -                        -           
C            5125        6377        8715        5247        4497        7508        3           5795        1           6377        -           -                        -           
C            8775        6235        2540        9631        4909        2814        3           6338        215         29          -           -                        -           
C            7326        4675        2651        7475        7940        8380        3           5141        25          187         -           -                        -           
C            5790        5724        66          7237        4429        3510        3           8303        2           2862        -           -                        -           
C            824         9615        1176        845         2636        9351        4           9740        5           1923        -           -                        -           
C            2078        4764        7281        3114        3451        8287        4           3652        6           794         -           -                        -           
C            7356        8587        8736        7649        5419        6071        4           1473        31          277         -           -                        -           
C            2523        3750        8740        2558        9029        3015        4           3290        3           1250        -           -                        -           
C            1912        2141        9738        2549        8154        7959        4           1813        1           2141        -           -                        -           
C            1969        2835        9101        3623        3946        5823        4           3888        315         9           -           -                        -           
C            3169        3715        9421        3235        1027        2837        4           7787        1           3715        -           -                        -           
C            2764        8231        4500        2773        4458        6102        4           7865        1           8231        -           -                        -           
C            1211        7246        3932        2421        7088        7432        4           4183        1           7246        -           -                        -           
C            281         6048        4200        454         3520        2826        4           4804        108         56          -           -                        -           
C            2633        4466        8134        3059        9721        4809        4           7842        77          58          -           -                        -           
C            7261        1024        6237        7283        8475        9087        4           3767        1           1024        -           -                        -           
C            6182        2758        3424        6507        2756        5192        4           5621        7           394         -           -                        -           
C            4037        4521        9483        4323        8945        5896        4           688         33          137         -           -                        -           
C            5028        7044        7951        7541        6940        5684        4           7021        2           3522        -           -                        -           
C            496         7543        2920        507         9904        6162        4           8107        1           7543        -           -                        -           
C            7202        750         6452        7528        3477        7438        4           5375        30          25          -           -                        -           
C            3071        4194        8844        6136        1937        6960        4           7772        6           699         -           -                        -           
C            4075        2913        1162        4078        6897        9654        4           2658        1           2913        -           -                        -           
C            1361        8694        2634        1584        8606        4012        4           7976        23          378         -           -                        -           
C            3767        6432        7302        3850        528         9559        4           8167        32          201         -           -                        -           
C            8198        2664        5534        8680        2701        6317        4           2049        4           666         -           -                        -           
C            1730        2805        8892        2059        1950        1652        4           6825        85          33          -           -                        -           
C            353         503         9817        375         8689        5030        5           2893        1           503         -           -                        -           
C            9885        392         9493        9887        6335        8079        5           3271        1           392         -           -                        -           
C            4904        2552        2352        4994        6977        105         5           5586        44          58          -           -                        -           
C            914         3618        7263        970         4659        6140        5           296         18          201         -           -                        -           
C            3832        820         3012        4749        5011        1260        5           1842        164         5           -           -                        -           
E2           51          2504        7514        -           6441        6109        5           7100        -           -           -           -                        1550, 5     
C            4539        5390        9116        4951        2312        9482        5           9133        7           770         -           -                        -           
C            7923        732         7191        8568        8666        5540        5           1953        183         4           -           -                        -           
C            3429        4897        8499        6775        998         9045        5           6067        83          59          -           -                        -           
C            3090        2816        274         3208        6830        1308        5           1521        22          128         -           -                        -           
C            1039        9424        1582        1111        1541        7898        5           2949        31          304         -           -                        -           
C            2348        8920        3395        2361        5912        3239        5           8404        8           1115        -           -                        -           
C            3000        5304        7663        3414        6920        9907        5           9576        102         52          -           -                        -           
C            859         6021        4805        865         3781        2921        5           2092        1           6021        -           -                        -           
C            3010        2982        28          3198        7609        6060        5           5071        2           1491        -           -                        -           
E2           2847        9611        3203        -           9340        5591        5           1161        -           -           -           -                        5, 1132     
C            4340        7548        6759        8676        6767        5068        5           6987        4           1887        -           -                        -           
C            7009        7482        9494        7056        7570        3914        5           5286        6           1247        -           -                        -           
C            5444        5696        9715        5464        1070        5296        5           676         4           1424        -           -                        -           
C            2398        6750        5615        2517        9195        6026        5           895         18          375         -           -                        -           
C            3873        512         3361        4040        5749        4328        5           7930        32          16          -           -                        -           
C            8040        8680        9327        9431        6006        7242        5           7831        1085        8           -           -                        -           
C            6341        1865        4476        6345        6893        4106        5           2817        1           1865        -           -                        -           
C            8006        2584        5422        8093        6195        7267        5           3223        2           1292        -           -                        -           
C            3147        8706        4408        3389        7256        8315        5           3938        1           8706        -           -                        -           
C            5815        2298        3517        6461        1700        7139        5           2968        1           2298        -           -                        -           
C            3794        2654        1140        3806        8028        2635        5           4959        2           1327        -           -                        -           
C            5821        7686        8102        6053        4311        1273        5           2145        21          366         -           -                        -           
C            469         2118        8318        478         9820        1285        5           189         1           2118        -           -                        -           
C            7322        1026        6296        7353        92          2355        5           5428        6           171         -           -                        -           
C            3125        728         2397        4687        2964        2379        5           2798        1           728         -           -                        -           
C            9172        4273        4899        9181        5178        739         5           3071        1           4273        -           -                        -           
C            1894        5112        6749        2012        9142        5567        5           3147        6           852         -           -                        -           
C            3515        6650        6832        3905        2851        6822        5           4624        5           1330        -           -                        -           
C            3847        2800        1047        3857        6645        1604        5           8400        7           400         -           -                        -           
C            996         8064        2899        1032        9773        2769        5           2630        24          336         -           -                        -           
C            4956        6384        8539        5191        8993        3873        5           4189        21          304         -           -                        -           
C            6454        2850        3604        7150        9532        9836        5           8242        190         15          -           -                        -           
C            1059        4887        6139        1587        2016        9508        5           9213        3           1629        -           -                        -           
C            9102        1080        8022        9210        9905        816         5           8342        30          36          -           -                        -           
C            7643        5544        2099        8404        6750        7145        5           8001        33          168         -           -                        -           
C            3674        5944        7697        3692        3241        118         5           2868        2           2972        -           -                        -           
C            2292        9570        2689        2350        6558        3423        5           2573        30          319         -           -                        -           
C            2655        8584        4038        2857        7977        254         5           3111        29          296         -           -                        -           
C            8911        2905        6006        9010        6848        2822        5           4671        1           2905        -           -                        -           
C            7550        2540        5010        7627        620         5462        6           8042        4           635         -           -                        -           
C            4898        4260        638         4904        3387        6652        6           4998        2           2130        -           -                        -           
C            4607        2460        2147        6908        6786        7101        6           1992        5           492         -           -                        -           
C            3429        6017        7379        3431        5201        2055        6           5710        1           6017        -           -                        -           
C            3118        5106        7979        4654        4441        8112        6           4501        46          111         -           -                        -           
C            3137        1950        1187        3480        3267        6902        6           8851        50          39          -           -                        -           
E1           1006        755         251         -           8321        5911        6           926         -           -           -           -                        6, 7827     
C            1181        5474        5674        1184        8085        7043        6           3789        2           2737        -           -                        -           
C            6223        4340        1883        9331        5260        4828        6           1782        7           620         -           -                        -           
C            2603        1007        1596        2705        3903        4416        6           1106        53          19          -           -                        -           
C            577         2185        8359        603         9288        2656        6           5839        5           437         -           -                        -           
C            4665        9261        5371        6777        2879        7726        6           8215        441         21          -           -                        -           
C            5548        3839        1709        5661        2784        8068        6           7158        11          349         -           -                        -           
C            5888        3782        2106        6869        7660        226         6           3662        2           1891        -           -                        -           
C            2005        5967        6005        2477        1263        4437        6           2822        117         51          -           -                        -           
C            1104        4040        7031        1159        7427        7051        6           7611        4           1010        -           -                        -           
C            1864        6764        5067        1913        4063        3766        6           8460        2           3382        -           -                        -           
C            1018        4479        6506        1047        4537        3067        6           269         3           1493        -           -                        -           
C            1412        7744        3635        1488        8434        9849        6           8174        44          176         -           -                        -           
C            5858        9570        6255        7315        9918        6970        6           2449        30          319         -           -                        -           
C            4991        9050        5908        6653        8918        5590        6           837         5           1810        -           -                        -           
C            4842        258         4584        4853        5716        1551        6           2089        2           129         -           -                        -           
C            5255        9856        5366        5732        6933        6726        6           8630        8           1232        -           -                        -           
C            1347        6870        4444        1353        2959        8930        6           7022        3           2290        -           -                        -           
C            3038        8041        4964        3091        5249        5211        6           1851        17          473         -           -                        -           
C            7132        1845        5287        7135        5676        6595        6           7307        1           1845        -           -                        -           
C            7500        5775        1725        8071        4630        964         6           7977        77          75          -           -                        -           
C            841         5601        5207        981         3731        3425        6           7241        1           5601        -           -                        -           
C            7982        9804        8145        8311        912         7080        6           7486        86          114         -           -                        -           
C            4659        8759        5867        4679        9109        2980        6           7436        19          461         -           -                        -           
C            3958        9900        4025        4865        7551        1380        6           5953        330         30          -           -                        -           
C            3054        9576        3445        3088        632         3159        6           9099        28          342         -           -                        -           
C            5928        1936        3992        6512        283         8863        6           6945        88          22          -           -                        -           
C            2843        5103        7707        3411        6922        6637        6           6116        3           1701        -           -                        -           
C            7069        5859        1210        7207        1364        4090        6           2043        31          189         -           -                        -           
C            5298        3010        2288        6515        77          2544        6           9100        430         7           -           -                        -           
C            907         9536        1338        1516        6027        7103        6           8467        298         32          -           -                        -           
C            8495        1904        6591        8786        7846        5024        6           4703        56          34          -           -                        -           
C            2009        5446        6530        2100        7101        6426        7           3907        7           778         -           -                        -           
C            4557        1482        3075        4566        7502        8461        7           428         3           494         -           -                        -           
C            3277        8177        5067        3316        159         9361        7           9705        1           8177        -           -                        -           
C            2679        9208        3438        5354        8622        6532        7           3728        4           2302        -           -                        -           
C            7709        1764        5945        7873        6265        6446        7           1938        1           1764        -           -                        -           
C            9312        1374        7938        9359        2836        295         7           612         6           229         -           -                        -           
C            5141        8544        6564        5220        5759        1202        7           8108        6           1424        -           -                        -           
C            8792        2262        6530        9279        1001        9807        7           1685        26          87          -           -                        -           
C            1178        4662        6483        2314        1516        2513        7           8905        42          111         -           -                        -           
C            4551        5027        9491        4642        3819        2966        7           5007        1           5027        -           -                        -           
C            2814        1024        1790        2818        2530        2940        7           6020        2           512         -           -                        -           
C            1091        7743        3315        1159        4885        5250        7           4829        3           2581        -           -                        -           
C            255         728         9494        502         4402        8115        7           213         8           91          -           -                        -           
C            1838        3760        8045        1991        4602        8969        7           5359        2           1880        -           -                        -           
C            7681        217         7464        8106        1989        876         7           3122        31          7           -           -                        -           
C            5429        2000        3429        5741        297         7805        7           443         125         16          -           -                        -           
C            7141        6916        225         8564        3942        8174        7           6075        26          266         -           -                        -           
E1           8998        2249        6749        -           4494        3522        7           2225        -           -           -           -                        7946, 7     
C            8746        4460        4286        8830        6276        1472        7           6963        10          446         -           -                        -           
C            4741        9590        5118        8523        2092        7870        7           7618        959         10          -           -                        -           
C            4173        8154        5986        6258        3890        965         7           8606        3           2718        -           -                        -           
C            183         2331        7819        241         4847        1057        7           2283        9           259         -           -                        -           
C            4494        2462        2032        8986        6621        4674        7           3967        2           1231        -           -                        -           
C            3987        9317        4637        4555        9808        3231        7           819         11          847         -           -                        -           
C            7868        3116        4752        8742        4563        4222        7           3548        2           1558        -           -                        -           
C            410         332         78          413         131         1677        7           5861        2           166         -           -                        -           
C            8742        4124        4618        8834        4601        8628        7           6686        2           2062        -           -                        -           
C            8444        424         8020        8453        199         8557        7           2857        2           212         -           -                        -           
C            5741        3630        2111        7146        6109        7020        7           8788        121         30          -           -                        -           
C            1466        8536        2897        1478        6475        8568        7           1105        2           4268        -           -                        -           
C            8325        4437        3888        9333        9611        7785        8           5335        261         17          -           -                        -           
C            9635        3130        6505        9648        5745        5451        8           6411        2           1565        -           -                        -           
C            9164        6734        2430        9239        8354        6779        8           9555        14          481         -           -                        -           
C            4555        8996        5526        6826        6864        4848        8           1889        13          692         -           -                        -           
C            6064        9590        6441        6089        4003        3206        8           5637        14          685         -           -                        -           
C            9665        3815        5850        9679        3685        5569        8           7385        5           763         -           -                        -           
C            3157        6875        6249        3439        2412        4956        8           3007        55          125         -           -                        -           
C            7657        6630        1027        9516        982         3014        8           5041        221         30          -           -                        -           
C            6345        6543        9769        6389        4093        8488        8           1582        9           727         -           -                        -           
C            6439        8266        8140        7512        8937        9921        8           3553        1           8266        -           -                        -           
E1           4262        3197        1065        -           6664        2173        8           7211        -           -           -           -                        8, 3804     
C            2026        6692        5301        2161        7333        4907        8           6294        1           6692        -           -                        -           
C            4786        2214        2572        4954        9374        2059        8           719         82          27          -           -                        -           
C            4739        351         4388        4849        9894        3620        8           1224        9           39          -           -                        -           
C            9618        6750        2868        9938        763         5199        8           6893        18          375         -           -                        -           
C            7186        670         6516        8982        4636        935         8           6093        2           335         -           -                        -           
C            1425        1020        405         1628        141         2627        8           2552        4           255         -           -                        -           
C            7121        1515        5606        7123        1403        6690        8           5457        1           1515        -           -                        -           
C            4868        6258        8577        7650        7578        1966        8           3844        2086        3           -           -                        -           
C            3529        198         3331        3592        6951        554         8           2994        1           198         -           -                        -           
C            8816        1657        7159        9021        9610        226         8           6305        1           1657        -           -                        -           
C            7228        6576        652         7244        3001        3865        8           4901        12          548         -           -                        -           
C            7024        3692        3332        7564        7888        6991        8           3776        4           923         -           -                        -           
C            6982        6684        298         6995        2301        3425        8           7241        1           6684        -           -                        -           
C            7465        6187        1278        8398        5864        6824        8           6397        1           6187        -           -                        -           
C            4781        5443        9305        4791        4426        3129        8           4129        1           5443        -           -                        -           
C            1379        4134        7212        1551        3189        6442        8           5102        3           1378        -           -                        -           
C            6792        4071        2721        7011        2266        4969        8           578         3           1357        -           -                        -           
C            5782        1360        4422        5893        3631        2936        8           478         10          136         -           -                        -           
C            2993        8478        4482        3741        1211        1929        8           1686        1           8478        -           -                        -           
C            9368        6732        2636        9670        3095        8843        8           2221        6           1122        -           -                        -           
C            2565        6698        5834        5113        4097        1186        8           8852        17          394         -           -                        -           
C            2906        7378        5495        2933        6902        8158        8           8937        17          434         -           -                        -           
C            6879        9856        6990        7178        185         6019        8           7973        2           4928        -           -                        -           
C            7472        9350        8089        7486        3683        1163        8           3250        10          935         -           -                        -           
C            1402        6746        4623        1406        5992        2991        8           4795        2           3373        -           -                        -           
C            6299        1736        4563        6351        9744        6497        8           6473        7           248         -           -                        -           
C            1552        2496        9023        1738        1001        5040        8           2203        64          39          -           -                        -           
C            3809        8084        5692        3923        893         1846        8           6304        47          172         -           -                        -           
C            3425        3307        118         3853        8154        828         9           8140        1           3307        -           -                        -           
C            5454        3038        2416        5539        8911        5554        9           16          14          217         -           -                        -           
C            581         8410        2138        1157        483         3366        9           3835        5           1682        -           -                        -           
C            4228        5960        8235        6322        8538        8184        9           1056        40          149         -           -                        -           
C            5515        6216        9266        5519        7002        5938        9           3067        3           2072        -           -                        -           
C            398         6032        4333        521         976         6138        9           9483        29          208         -           -                        -           
C            7065        770         6295        7150        278         1173        9           433         10          77          -           -                        -           
C            4470        3528        942         8926        7365        3942        9           9935        14          252         -           -                        -           
C            1665        771         894         3327        4257        2410        9           3758        3           257         -           -                        -           
C            4497        8042        6422        4652        8429        321         9           4570        2           4021        -           -                        -           
C            4054        6752        7269        4247        4569        1168        9           9578        1           6752        -           -                        -           
E2           3091        3264        9794        -           6292        8756        9           4588        -           -           -           -                        8569, 9     
C            4180        5096        9051        4242        3535        3988        9           6929        26          196         -           -                        -           
C            3718        4554        9131        3850        6747        5849        9           3843        22          207         -           -                        -           
C            3041        7200        5808        3043        6668        6253        9           6004        1           7200        -           -                        -           
C            4321        6554        7734        4481        2482        3885        9           2139        1           6554        -           -                        -           
C            5267        8997        6237        6019        1445        8164        9           5207        3           2999        -           -                        -           
C            5851        1803        4048        5981        7056        9715        9           174         1           1803        -           -                        -           
C            9476        6069        3407        9507        7972        5271        9           4928        21          289         -           -                        -           
C            3426        6076        7317        6845        6190        5838        9           3611        7           868         -           -                        -           
C            993         931         62          997         6634        218         9           2093        1           931         -           -                        -           
C            5292        1820        3472        5660        2311        5993        9           307         140         13          -           -                        -           
C            5567        5418        149         6176        8294        7199        9           9088        86          63          -           -                        -           
C            3371        2835        536         6553        224         7549        9           1570        189         15          -           -                        -           
C            2534        5104        7397        3713        6892        7094        9           6925        176         29          -           -                        -           
C            2753        9054        3666        2863        4537        2237        9           3875        3           3018        -           -                        -           
C            7009        7452        9524        7359        2742        6382        10          9250        9           828         -           -                        -           
C            5762        8098        7631        5777        417         9216        10          4011        2           4049        -           -                        -           
C            7814        8424        9357        7878        6435        1753        10          8881        6           1404        -           -                        -           
C            8527        4909        3618        8933        2046        3429        10          7597        1           4909        -           -                        -           
C            3294        3654        9607        3546        3323        5319        10          5481        18          203         -           -                        -           
C            6334        2436        3898        7104        7718        19          10          1909        174         14          -           -                        -           
C            2869        9230        3606        3107        7872        146         10          1518        13          710         -           -                        -           
C            1572        5232        6307        1796        3225        7764        10          2950        4           1308        -           -                        -           
C            8101        5394        2707        8104        118         1758        10          6803        1           5394        -           -                        -           
C            835         8519        2283        853         8444        6210        10          4438        7           1217        -           -                        -           
C            4442        1710        2732        5921        312         2351        10          5564        5           342         -           -                        -           
C            5458        521         4937        5565        2462        3917        10          150         1           521         -           -                        -           
C            1591        7001        4557        3181        7661        7100        10          4384        1           7001        -           -                        -           
C            6567        3569        2998        6634        5795        2612        10          4383        1           3569        -           -                        -           
C            781         1040        9708        932         2423        3937        10          9227        26          40          -           -                        -           
C            3959        2835        1124        5916        791         3019        10          5384        45          63          -           -                        -           
C            5661        3424        2237        6094        3047        2           10          4597        32          107         -           -                        -           
C            6204        8262        7909        9153        7225        989         10          2745        306         27          -           -                        -           
C            8906        6973        1933        8911        834         2365        10          9820        1           6973        -           -                        -           
C            7408        6300        1108        8017        4590        9706        10          3910        100         63          -           -                        -           
C            2371        6636        5702        2845        6155        3312        10          9526        1           6636        -           -                        -           
C            7784        6509        1275        7823        6003        2354        10          6493        23          283         -           -                        -           
C            9160        2172        6988        9202        7200        1931        10          9253        4           543         -           -                        -           
C            7457        2177        5280        7473        1595        9603        10          7775        1           2177        -           -                        -           
C            5988        9675        6280        7981        3545        9033        10          6146        9           1075        -           -                        -           
C            9764        2128        7636        9894        1823        6610        10          783         14          152         -           -                        -           
C            9540        4840        4700        9689        8567        1182        10          9394        4           1210        -           -                        -           
C            3522        8207        5282        7015        3092        9850        10          4306        29          283         -           -                        -           
C            3333        447         2886        3452        5175        2204        10          4062        1           447         -           -                        -           
C            663         8991        1639        678         366         1309        10          6642        3           2997        -           -                        -           
C            5527        4986        541         5558        1564        5140        10          5522        9           554         -           -                        -           
C            7701        2656        5045        8287        7144        7076        10          5235        83          32          -           -                        -           
C            8223        6036        2187        8283        801         85          10          8668        3           2012        -           -                        -           
C            3130        4680        8417        3348        8161        9336        11          6620        78          60          -           -                        -           
C            3491        1104        2387        3494        3788        564         11          937         2           552         -           -                        -           
C            2805        2160        645         3596        3008        6827        11          7582        432         5           -           -                        -           
C            8788        4064        4724        8917        8652        1403        11          6682        16          254         -           -                        -           
C            7283        4200        3083        9692        4259        8743        11          572         56          75          -           -                        -           
C            7147        7420        9694        9441        8991        7823        11          1177        265         28          -           -                        -           
C            3104        9932        3139        3142        4457        2597        11          7118        26          382         -           -                        -           
C            4856        592         4264        5296        2614        879         11          3531        16          37          -           -                        -           
C            4458        5994        8431        4472        7677        6074        11          1660        6           999         -           -                        -           
C            2010        9000        2977        2232        7956        8028        11          3113        12          750         -           -                        -           
C            6693        3132        3561        6768        6466        5020        11          8685        18          174         -           -                        -           
C            6644        1694        4950        6651        3265        985         11          3795        1           1694        -           -                        -           
C            7918        1352        6566        9237        2693        244         11          2743        4           338         -           -                        -           
C            2324        1240        1084        2764        4644        1357        11          378         124         10          -           -                        -           
C            839         885         9921        877         6348        6414        11          165         3           295         -           -                        -           
C            2541        8553        3955        2561        9523        7245        11          3550        1           8553        -           -                        -           
C            1504        5280        6191        1515        1866        6106        11          1445        8           660         -           -                        -           
C            5114        7344        7737        6379        5233        8894        11          4963        54          136         -           -                        -           
C            6273        1979        4294        6289        8320        1382        11          7527        1           1979        -           -                        -           
C            5681        6824        8824        5684        3551        8568        11          1105        2           3412        -           -                        -           
C            4616        1680        2936        4644        7596        7653        11          2614        24          70          -           -                        -           
C            7318        8727        8558        7983        7833        85          11          1299        3           2909        -           -                        -           
C            1257        6898        4326        1571        2736        4791        11          3507        1           6898        -           -                        -           
C            995         4897        6065        1151        6896        2265        11          7541        59          83          -           -                        -           
C            4409        301         4108        4561        155         9482        11          9133        1           301         -           -                        -           
C            7032        7410        9589        9350        6125        5819        11          6136        78          95          -           -                        -           
C            8393        2390        6003        8396        8198        8210        11          1734        2           1195        -           -                        -           
C            6579        8868        7678        7176        8575        9790        11          1798        12          739         -           -                        -           
C            6590        2926        3664        6642        679         5852        11          7608        38          77          -           -                        -           
C            5883        639         5244        5953        7779        8994        11          8714        3           213         -           -                        -           
C            3802        4352        9417        3823        5910        6647        11          5674        1           4352        -           -                        -           
C            5293        8875        6385        7762        5423        29          11          2957        355         25          -           -                        -           
C            1998        5670        6295        3961        5495        4811        11          128         35          162         -           -                        -           
C            4008        3200        808         8015        2938        2754        11          6596        1           3200        -           -                        -           
C            229         5192        5004        274         6249        1855        11          6486        4           1298        -           -                        -           
C            8589        3128        5461        9041        6862        3634        12          6496        1           3128        -           -                        -           
C            3789        6525        7231        3877        2097        2635        12          5008        5           1305        -           -                        -           
A            7736        920         6816        9440        4664        7473        12          855         920         1           -           -                        12          
C            6208        6560        9615        8656        3272        9531        12          3170        1312        5           -           -                        -           
C            3587        656         2931        4178        909         3305        12          5209        41          16          -           -                        -           
C            6399        4365        2034        6425        6070        1914        12          5132        3           1455        -           -                        -           
C            8051        3825        4226        8281        8872        5026        12          3956        1           3825        -           -                        -           
C            8619        9046        9540        8897        3805        2462        12          6255        1           9046        -           -                        -           
C            6578        2718        3860        7803        1856        5906        12          4115        453         6           -           -                        -           
C            4540        5211        9296        4807        1287        2389        12          4883        1           5211        -           -                        -           
C            4909        8410        6466        9673        2776        5206        12          8857        145         58          -           -                        -           
C            3660        8140        5487        5692        9560        3341        12          9947        1628        5           -           -                        -           
C            3412        7380        5999        3503        1730        3695        12          2424        45          164         -           -                        -           
C            6131        9375        6723        6153        5968        5868        12          3153        15          625         -           -                        -           
C            9759        4098        5661        9761        7557        9934        12          7914        1           4098        -           -                        -           
C            5302        3186        2116        5307        7477        8728        12          7516        2           1593        -           -                        -           
C            5919        6540        9346        5941        7746        6639        12          742         1           6540        -           -                        -           
C            7221        7061        160         7316        5922        8026        12          2790        1           7061        -           -                        -           
C            6607        7210        9364        9550        3702        4628        12          6792        721         10          -           -                        -           
C            2543        4030        8480        2576        2152        9116        12          5254        2           2015        -           -                        -           
C            6709        6500        209         6720        8691        9868        12          2307        10          650         -           -                        -           
C            2298        504         1794        4582        9372        9306        12          1289        14          36          -           -                        -           
C            5206        7360        7813        5252        4840        8576        12          3873        8           920         -           -                        -           
C            1449        1167        282         2897        7771        212         12          1293        1           1167        -           -                        -           
C            3075        8330        4712        6140        9815        7566        12          6109        10          833         -           -                        -           
C            1084        6236        4815        1104        7953        7591        12          5213        4           1559        -           -                        -           
C            9205        4949        4256        9226        9030        7851        12          3856        7           707         -           -                        -           
C            5485        5427        58          5633        488         9182        12          9876        9           603         -           -                        -           
C            9177        5701        3476        9208        7451        8046        12          3464        1           5701        -           -                        -           
C            9071        5640        3431        9637        5482        7767        12          7699        15          376         -           -                        -           
C            6273        5450        823         7054        9201        2437        12          2335        25          218         -           -                        -           
C            3918        2920        998         4219        3570        8106        12          1313        5           584         -           -                        -           
C            1352        2008        9311        1384        9102        7972        12          8340        8           251         -           -                        -           
C            7279        9359        7887        7481        6170        2371        12          2801        7           1337        -           -                        -           
C            6059        4802        1257        6415        8951        5968        12          6568        7           686         -           -                        -           
C            7094        8190        8871        7105        6735        5669        12          201         10          819         -           -                        -           
C            3509        9840        3636        3516        2597        1809        12          9587        2           4920        -           -                        -           
C            2347        8218        4096        2816        2657        3651        12          9685        2           4109        -           -                        -           
C            7044        3064        3980        7064        2612        2048        12          2367        4           766         -           -                        -           
C            6007        3281        2726        6073        7366        2841        12          8272        1           3281        -           -                        -           
C            1661        1488        173         1690        8703        8499        12          9335        8           186         -           -                        -           
C            9571        590         8981        9708        8434        1320        12          1534        118         5           -           -                        -           
C            2105        5602        6470        2113        1697        8218        12          4514        1           5602        -           -                        -           
C            698         4558        6107        710         8050        5906        12          5852        2           2279        -           -                        -           
C            3162        4845        8284        3279        444         1691        13          4523        3           1615        -           -                        -           
C            6746        8652        8061        8994        2117        9943        13          70          2           4326        -           -                        -           
C            941         8282        2626        1091        4569        4001        13          7314        41          202         -           -                        -           
C            7915        4720        3195        8706        5123        8529        13          2213        5           944         -           -                        -           
C            3866        6930        6903        3918        9251        1136        13          5642        18          385         -           -                        -           
C            1086        3098        7955        1628        6249        3892        13          3586        2           1549        -           -                        -           
C            1690        3915        7742        2205        5777        5316        13          4150        145         27          -           -                        -           
C            4736        636         4100        9470        2535        7651        13          8599        2           318         -           -                        -           
C            3305        1050        2255        4956        2149        6463        13          3312        3           350         -           -                        -           
C            8939        7304        1635        9021        7326        2544        13          9100        1           7304        -           -                        -           
C            501         2145        8323        532         7176        4428        13          6013        5           429         -           -                        -           
C            5890        7310        8547        6135        2427        2676        13          118         10          731         -           -                        -           
C            5955        6981        8941        7927        2365        252         13          2245        39          179         -           -                        -           
C            9332        7728        1604        9354        3358        2591        13          4781        4           1932        -           -                        -           
C            9176        102         9074        9454        7651        3499        13          8805        2           51          -           -                        -           
C            732         3948        6751        1460        3249        9041        13          2302        4           987         -           -                        -           
C            4231        7079        7119        6346        9940        2349        13          2691        1           7079        -           -                        -           
C            1635        8280        3322        3260        9693        5881        13          8700        10          828         -           -                        -           
C            3881        110         3771        3967        7076        8428        13          8550        11          10          -           -                        -           
C            3677        7776        5868        3868        4997        3978        13          576         48          162         -           -                        -           
C            796         2379        8384        1061        869         2341        13          9683        1           2379        -           -                        -           
C            5109        9269        5807        6208        2189        9000        13          3278        713         13          -           -                        -           
E2           1747        2928        8786        -           2708        2701        13          5360        -           -           -           -                        3107, 13    
C            2567        289         2278        3850        7112        9634        13          6605        1           289         -           -                        -           
C            7626        486         7140        7747        300         1986        13          1397        3           162         -           -                        -           
C            5114        4404        710         7670        5021        869         13          6895        2           2202        -           -                        -           
C            7570        870         6700        7830        5480        347         13          1146        30          29          -           -                        -           
C            2528        8492        4003        4670        1556        2783        13          2952        386         22          -           -                        -           
C            4421        7210        7178        6614        9842        3296        14          341         35          206         -           -                        -           
C            9521        3304        6217        9801        8858        7226        14          7843        1           3304        -           -                        -           
C            1291        795         496         2423        7382        3234        14          6458        159         5           -           -                        -           
C            7807        3140        4667        7973        9920        1951        14          9264        5           628         -           -                        -           
C            4177        1356        2821        5193        29          9115        14          8639        113         12          -           -                        -           
C            7761        1053        6708        8058        5883        9638        14          8295        39          27          -           -                        -           
C            4498        9534        4931        4643        9400        818         14          6997        3           3178        -           -                        -           
C            4285        6860        7392        4289        4831        4841        14          5347        1           6860        -           -                        -           
C            6084        8280        7771        6787        9891        1091        14          6186        460         18          -           -                        -           
C            5873        2979        2894        5875        8867        8376        14          4863        1           2979        -           -                        -           
C            7167        3589        3578        7369        9305        8375        14          1455        97          37          -           -                        -           
C            5900        5780        120         5922        7239        8613        14          8255        4           1445        -           -                        -           
C            9285        3414        5871        9311        3032        8310        14          2151        3           1138        -           -                        -           
C            880         2334        8513        1371        7995        3138        14          3183        389         6           -           -                        -           
C            4728        4368        360         4748        4157        1773        14          8189        8           546         -           -                        -           
C            5075        7884        7158        6766        8633        6271        14          2116        2           3942        -           -                        -           
C            3289        3564        9692        3508        3563        1257        14          2334        4           891         -           -                        -           
C            6679        9122        7524        6693        1550        3033        14          9870        1           9122        -           -                        -           
C            8247        609         7638        8278        7986        9027        14          2782        1           609         -           -                        -           
C            6286        2232        4054        9243        6587        2029        14          1344        372         6           -           -                        -           
C            2338        6075        6230        4675        18          9673        14          5321        1           6075        -           -                        -           
C            6816        1284        5532        7572        9556        6893        14          4944        12          107         -           -                        -           
C            4811        8342        6436        5036        7280        3522        14          7742        86          97          -           -                        -           
C            7462        7764        9665        7484        3467        2532        14          3820        4           1941        -           -                        -           
C            6498        8322        8143        6931        1013        7396        14          2773        3           2774        -           -                        -           
C            1853        870         983         3648        42          8630        14          7140        58          15          -           -                        -           
C            7941        2964        4977        8284        582         665         14          6273        52          57          -           -                        -           
C            2064        324         1740        2198        2089        1566        14          3006        54          6           -           -                        -           
C            8185        4900        3285        8865        6888        5293        14          9441        25          196         -           -                        -           
C            464         2158        8273        683         6281        4502        14          259         26          83          -           -                        -           
C            8564        2436        6128        8696        4347        7213        14          2071        116         21          -           -                        -           
C            6482        182         6300        6498        9200        3799        14          4392        2           91          -           -                        -           
C            5307        5110        197         6632        7102        1758        14          3164        7           730         -           -                        -           
C            9556        4681        4875        9571        7921        6109        14          2867        1           4681        -           -                        -           
C            9546        2484        7062        9736        8623        4205        14          1511        46          54          -           -                        -           
C            2847        3300        9514        3309        4197        4710        14          414         75          44          -           -                        -           
C            6419        291         6128        6423        4446        9612        15          9234        3           97          -           -                        -           
C            3956        8404        5519        3969        8972        2921        15          7875        4           2101        -           -                        -           
C            6409        4048        2361        7272        7701        8178        15          5901        368         11          -           -                        -           
C            3088        3256        9799        3396        7284        8933        15          7696        8           407         -           -                        -           
A            3061        810         2251        5312        4784        6668        15          9888        810         1           -           -                        15          
C            2306        8384        3889        2434        5419        8279        15          1278        2           4192        -           -                        -           
C            6048        3144        2904        9060        8189        6733        15          3485        24          131         -           -                        -           
C            2648        3246        9369        2675        920         7749        15          4142        2           1623        -           -                        -           
C            4230        675         3555        8459        8984        2800        15          9216        1           675         -           -                        -           
C            7601        9766        7802        7604        5846        8826        15          6968        2           4883        -           -                        -           
C            3802        7980        5789        7602        1820        4681        15          8438        2           3990        -           -                        -           
C            1209        2268        8908        1236        2781        8860        15          5323        21          108         -           -                        -           
C            1475        5123        6319        1609        386         8551        15          3086        1           5123        -           -                        -           
C            8250        7710        540         8524        7898        5319        15          4486        30          257         -           -                        -           
C            7362        3280        4082        8282        5439        3005        15          598         2           1640        -           -                        -           
C            8862        2376        6486        9444        2126        2236        15          1867        132         18          -           -                        -           
C            1390        9282        2075        2507        7968        2756        15          3326        273         34          -           -                        -           
C            1915        3722        8160        2002        1222        7848        15          2662        1           3722        -           -                        -           
C            4134        3396        738         4158        3962        8031        15          8544        6           566         -           -                        -           
C            3612        6912        6667        3973        3420        4667        15          2520        2           3456        -           -                        -           
C            4339        6973        7333        4359        4383        6441        15          6030        19          367         -           -                        -           
C            6896        1682        5214        7005        28          2030        15          772         29          58          -           -                        -           
C            4398        2037        2361        5767        2164        8178        15          5901        291         7           -           -                        -           
C            7771        4405        3366        7776        4060        5825        15          5316        1           4405        -           -                        -           
C            5595        6583        8979        6083        2496        845         15          5653        227         29          -           -                        -           
C            1682        9502        2147        1922        5296        4280        15          8610        2           4751        -           -                        -           
C            1742        2926        8783        2606        3591        628         15          2954        14          209         -           -                        -           
C            4662        880         3782        4778        7466        2716        15          713         22          40          -           -                        -           
C            3338        7590        5715        3371        3696        4259        15          536         5           1518        -           -                        -           
C            6795        891         5904        6848        1822        6973        15          7566        11          81          -           -                        -           
C            2944        5100        7811        3045        2323        9063        15          5507        15          340         -           -                        -           
C            4944        3928        1016        5009        3420        5460        16          5585        4           982         -           -                        -           
C            7646        2558        5088        9175        5069        8384        16          5742        1           2558        -           -                        -           
C            1811        2794        8984        1931        9749        4426        16          4102        11          254         -           -                        -           
C            1059        4707        6319        1587        7108        2635        16          5008        3           1569        -           -                        -           
C            5865        969         4896        7327        2569        2385        16          6883        17          57          -           -                        -           
C            2183        1596        587         2728        7646        6612        16          9451        3           532         -           -                        -           
C            758         9480        1245        855         9766        6690        16          5457        79          120         -           -                        -           
C            5135        920         4215        5437        3212        2450        16          5201        1           920         -           -                        -           
C            6818        360         6458        6966        8066        7583        16          5311        10          36          -           -                        -           
C            3580        290         3290        7102        1310        7416        16          3424        58          5           -           -                        -           
C            5761        1220        4541        5951        8782        5992        16          1555        61          20          -           -                        -           
C            7302        7704        9565        8517        6106        3839        16          3785        12          642         -           -                        -           
C            2263        7498        4732        2298        5578        2745        16          3986        23          326         -           -                        -           
C            2736        6381        6322        3039        3067        3202        16          7717        9           709         -           -                        -           
C            6731        9936        6762        6814        3144        4079        16          764         8           1242        -           -                        -           
C            1951        7390        4528        1966        1629        3244        16          6019        1           7390        -           -                        -           
C            1490        9716        1741        2976        3880        1316        16          6815        4           2429        -           -                        -           
C            4361        7579        6749        6250        4602        4216        16          3690        583         13          -           -                        -           
C            3433        8106        5294        5139        8232        7850        16          4120        21          386         -           -                        -           
C            4491        7650        6808        4524        7045        6916        16          9289        3           2550        -           -                        -           
C            4321        5113        9175        4336        2699        6357        16          722         1           5113        -           -                        -           
C            5342        5124        218         7999        8179        8162        16          7556        28          183         -           -                        -           
C            3085        6685        6367        3113        3489        5660        16          6718        5           1337        -           -                        -           
C            5337        6510        8794        5344        7599        5520        16          3979        3           2170        -           -                        -           
C            3722        5828        7861        7413        7181        6834        16          9600        31          188         -           -                        -           
C            5249        9430        5786        5313        4263        4862        16          561         1           9430        -           -                        -           
C            2202        1269        933         4377        7156        158         16          9924        27          47          -           -                        -           
C            9484        3696        5788        9604        806         927         16          5965        4           924         -           -                        -           
C            6621        3882        2739        6866        6007        1000        16          8773        6           647         -           -                        -           
C            1876        2576        9267        2121        6853        2179        16          4653        161         16          -           -                        -           
C            1038        5376        5629        1515        2728        9657        16          5117        84          64          -           -                        -           
C            2811        6237        6541        2867        3856        9686        16          821         11          567         -           -                        -           
C            7216        9880        7303        7768        7041        8922        17          8022        40          247         -           -                        -           
C            8572        9936        8603        9072        7858        5681        17          52          72          138         -           -                        -           
C            4278        1680        2598        8346        8762        4319        17          4796        210         8           -           -                        -           
C            7565        6060        1505        7960        5880        1154        17          1730        60          101         -           -                        -           
C            2476        738         1738        2501        1625        5810        17          2368        1           738         -           -                        -           
C            346         1705        8608        637         4613        348         17          3654        55          31          -           -                        -           
C            7229        1242        5987        9034        3411        3699        17          3761        9           138         -           -                        -           
C            5963        4143        1820        5968        8443        8969        17          4608        3           1381        -           -                        -           
C            8185        4672        3513        8247        4676        6002        17          1962        1           4672        -           -                        -           
C            5149        1824        3325        7695        8455        9072        17          157         57          32          -           -                        -           
C            3990        759         3231        7979        7052        876         17          6845        1           759         -           -                        -           
C            5052        7599        7420        5239        6288        5211        17          1851        3           2533        -           -                        -           
C            3065        1440        1625        3268        6597        3974        17          8961        20          72          -           -                        -           
C            2004        6080        5891        4003        2490        3408        17          3645        5           1216        -           -                        -           
C            4110        7860        6217        4450        2444        3664        17          5419        30          262         -           -                        -           
C            2417        8211        4173        2492        7018        4741        17          8930        17          483         -           -                        -           
C            3793        119         3674        4741        5610        4828        17          1782        1           119         -           -                        -           
C            2590        6517        6040        2653        2696        4722        17          7681        7           931         -           -                        -           
C            4350        3534        816         4531        4839        6073        17          7218        6           589         -           -                        -           
C            462         1036        9393        508         3904        2931        17          7547        2           518         -           -                        -           
C            1357        84          1273        2672        252         4915        17          6645        42          2           -           -                        -           
C            3543        3434        109         3865        5314        1987        17          2619        1           3434        -           -                        -           
C            6838        9460        7345        7941        2111        8153        17          4013        220         43          -           -                        -           
C            8269        2646        5623        8505        5736        2561        17          5891        9           294         -           -                        -           
C            1085        7746        3306        1356        5305        5631        17          8131        1           7746        -           -                        -           
C            6845        1267        5578        7041        2792        1177        17          5523        181         7           -           -                        -           
C            6908        9580        7295        6917        6440        1346        17          9628        5           1916        -           -                        -           
C            1950        7482        4435        3857        300         7621        17          1819        43          174         -           -                        -           
C            8290        3856        4434        8304        7622        7188        17          5239        2           1928        -           -                        -           
C            4945        3990        955         4949        5867        4975        17          9650        1           3990        -           -                        -           
C            1986        930         1056        2050        7241        321         17          4570        2           465         -           -                        -           
C            1780        7611        4136        2373        7696        7280        17          8884        1           7611        -           -                        -           
C            7904        9420        8451        8299        6703        9198        17          6996        4           2355        -           -                        -           
C            7162        7560        9569        8180        9725        5238        17          6888        36          210         -           -                        -           
C            6745        5823        922         9147        4303        880         17          6392        1941        3           -           -                        -           
C            1110        5574        5503        2214        7609        2662        17          6972        6           929         -           -                        -           
C            894         2620        8241        920         8410        9019        17          9434        10          262         -           -                        -           
C            4933        8325        6575        4962        7753        8074        18          5628        3           2775        -           -                        -           
C            6001        7770        8198        7307        6928        5150        18          4366        777         10          -           -                        -           
C            4299        9498        4768        8592        5954        2335        18          1920        6           1583        -           -                        -           
C            5163        5790        9340        5507        9239        499         18          4291        3           1930        -           -                        -           
C            6424        4708        1716        6462        8330        5354        18          1982        2           2354        -           -                        -           
C            5781        9451        6297        6121        7460        5154        18          5916        1           9451        -           -                        -           
C            3534        7360        6141        5285        9686        3138        18          6784        32          230         -           -                        -           
C            194         940         9221        210         7524        771         18          4875        2           470         -           -                        -           
C            2364        8734        3597        2503        4152        2706        18          439         1           8734        -           -                        -           
C            859         38          821         1699        2860        4890        18          2321        19          2           -           -                        -           
C            3109        3442        9634        3331        8482        6629        18          6045        1           3442        -           -                        -           
C            9768        8358        1410        9799        1356        3087        18          3402        3           2786        -           -                        -           
C            9902        2636        7266        9962        6627        9027        18          7185        2           1318        -           -                        -           
C            3591        5546        8012        3860        1633        7235        18          7529        94          59          -           -                        -           
C            2024        5496        6495        4036        5593        2852        18          6452        12          458         -           -                        -           
C            7081        3528        3553        7671        4720        1030        18          119         1           3528        -           -                        -           
C            7358        5776        1582        8306        7287        7130        18          5383        722         8           -           -                        -           
C            214         968         9213        417         2922        6580        18          9060        11          88          -           -                        -           
C            2677        9835        2809        3211        2799        51          18          5790        7           1405        -           -                        -           
C            6346        8164        8149        6648        3908        6847        18          3185        4           2041        -           -                        -           
C            4061        8416        5612        4641        1548        370         18          366         1           8416        -           -                        -           
C            2201        2451        9717        2209        2683        7464        18          6892        1           2451        -           -                        -           
C            8118        3432        4686        9196        5286        8004        18          555         572         6           -           -                        -           
C            1679        6725        4921        1710        3813        4188        18          1957        5           1345        -           -                        -           
C            487         1092        9362        551         405         6080        18          7238        39          28          -           -                        -           
C            4005        7371        6601        4153        2036        9269        18          6069        9           819         -           -                        -           
C            3898        2123        1775        3901        1814        5634        18          1666        1           2123        -           -                        -           
C            3063        5510        7520        3104        1712        2610        18          9912        29          190         -           -                        -           
C            3693        6816        6844        7354        6162        9525        18          1748        32          213         -           -                        -           
C            1473        7061        4379        2209        7309        8350        18          1861        1           7061        -           -                        -           
C            6970        2152        4818        7037        2848        9679        18          7532        2           1076        -           -                        -           
C            893         9250        1610        1776        170         714         18          1227        10          925         -           -                        -           
C            6579        730         5849        9866        327         7193        18          1892        5           146         -           -                        -           
C            6698        9856        6809        6884        947         9648        18          4715        2           4928        -           -                        -           
C            2337        7738        4566        2650        2391        6775        18          9816        146         53          -           -                        -           
C            5192        5892        9267        5207        8267        5983        18          2201        2           2946        -           -                        -           
C            782         9248        1501        1105        7482        902         18          6169        136         68          -           -                        -           
C            2973        9481        3459        5945        5994        9820        19          6465        1           9481        -           -                        -           
C            1001        5511        5457        1023        4723        3210        19          5718        11          501         -           -                        -           
C            5995        2517        3478        6051        2613        7818        19          7645        3           839         -           -                        -           
C            4233        4531        9669        6349        6616        358         19          885         1           4531        -           -                        -           
E1           1526        1145        381         -           8272        5885        19          1881        -           -           -           -                        19, 4593    
C            865         7154        3678        892         1270        6389        19          5719        1           7154        -           -                        -           
C            7447        9367        8047        7995        361         6041        19          3698        323         29          -           -                        -           
C            221         2848        7340        224         9173        3389        19          373         2           1424        -           -                        -           
C            9166        5823        3343        9169        9430        6906        19          4388        1           5823        -           -                        -           
C            3050        6626        6391        6099        6547        6809        19          3606        1           6626        -           -                        -           
C            4179        3081        1098        4639        4977        53          19          9493        39          79          -           -                        -           
C            1690        7357        4300        1877        8285        787         19          1720        7           1051        -           -                        -           
C            3460        6880        6547        6910        9317        8883        19          7503        10          688         -           -                        -           
C            3577        8034        5510        4471        3089        1960        19          51          1           8034        -           -                        -           
C            9638        3599        6039        9947        9176        9337        19          8715        59          61          -           -                        -           
C            1673        5899        5741        1745        6883        2168        19          1126        17          347         -           -                        -           
C            2201        4368        7800        2330        5880        6323        19          3418        8           546         -           -                        -           
C            3525        9222        4270        4112        130         1105        19          1911        3           3074        -           -                        -           
C            5012        5980        8999        5408        7489        9273        19          1341        260         23          -           -                        -           
C            5590        5572        18          6098        4059        5772        19          8360        2           2786        -           -                        -           
C            5869        8980        6856        6124        9150        2591        19          5186        4           2245        -           -                        -           
C            7413        150         7263        7423        9934        9138        19          5432        3           50          -           -                        -           
C            2199        5970        6196        4395        4685        3341        19          9947        3           1990        -           -                        -           
C            6419        9590        6796        7117        996         8343        19          6234        137         70          -           -                        -           
C            2104        6051        6020        4207        1046        1824        19          2569        1           6051        -           -                        -           
C            900         3375        7492        1195        4992        8935        19          6260        15          225         -           -                        -           
C            3579        9504        4042        3966        3696        8884        19          5698        96          99          -           -                        -           
C            4219        4193        26          4276        6239        2127        19          4060        1           4193        -           -                        -           
C            1896        5112        6751        2001        7686        3521        19          911         6           852         -           -                        -           
C            6554        2374        4180        6575        798         4667        19          7447        2           1187        -           -                        -           
C            6847        429         6418        6853        2625        3006        19          1948        1           429         -           -                        -           
C            5545        1801        3744        5776        4685        7026        19          7440        1           1801        -           -                        -           
C            6214        1554        4660        7767        9423        6893        19          4944        2           777         -           -                        -           
C            7297        3468        3829        8753        9632        5002        19          7993        17          204         -           -                        -           
C            833         8325        2475        971         2773        4637        19          2023        5           1665        -           -                        -           
C            7519        4780        2739        8354        2840        3716        19          3441        4           1195        -           -                        -           
C            5116        1824        3292        5157        554         2618        19          4573        32          57          -           -                        -           
C            3589        3269        320         3987        2027        6704        19          9649        7           467         -           -                        -           
C            8988        8077        911         9377        2024        9622        19          3456        41          197         -           -                        -           
C            4385        2838        1547        4521        5514        7674        20          4599        33          86          -           -                        -           
C            7709        7428        281         7803        5313        1521        20          1172        1           7428        -           -                        -           
C            2921        8905        3983        3269        5066        9765        20          712         137         65          -           -                        -           
C            8596        6811        1785        9003        8441        7760        20          5802        49          139         -           -                        -           
C            1386        756         630         1498        3345        3877        20          5310        42          18          -           -                        -           
C            7707        4005        3702        7814        9961        2020        20          4316        3           1335        -           -                        -           
C            1230        6456        4741        1272        9959        9808        20          9160        12          538         -           -                        -           
C            4925        4985        9907        5045        7752        4430        20          4970        5           997         -           -                        -           
C            5853        5074        779         5855        3965        4212        20          7814        1           5074        -           -                        -           
C            6853        672         6181        6902        2307        111         20          1426        42          16          -           -                        -           
C            6494        656         5838        6516        5781        5251        20          1838        4           164         -           -                        -           
C            2154        705         1449        4167        1701        7069        20          5731        141         5           -           -                        -           
C            3508        1548        1960        3714        5478        8614        20          6070        6           258         -           -                        -           
C            1051        1230        9788        1058        852         7418        20          3160        1           1230        -           -                        -           
C            454         4972        5449        567         6873        6652        20          4998        2           2486        -           -                        -           
C            4717        2457        2260        5011        6948        137         20          6985        13          189         -           -                        -           
C            2233        6361        5839        2295        8446        3714        20          7571        1           6361        -           -                        -           
C            5346        1382        3964        6415        6079        2708        20          9295        1           1382        -           -                        -           
C            5025        3433        1592        5339        5338        1702        20          8838        1           3433        -           -                        -           
C            7401        8810        8558        7444        6466        479         20          4897        5           1762        -           -                        -           
C            2811        7236        5542        4215        7712        3070        20          5093        3           2412        -           -                        -           
C            2602        1428        1174        3121        7637        7198        20          2412        7           204         -           -                        -           
C            800         9160        1607        860         8910        3837        20          3782        20          458         -           -                        -           
C            2630        9488        3109        2643        257         8426        20          3760        4           2372        -           -                        -           
C            7599        7756        9810        8684        2673        969         20          4552        4           1939        -           -                        -           
C            6621        6009        612         6623        4099        6224        20          5650        1           6009        -           -                        -           
C            8677        2072        6605        8737        8634        1773        20          1778        37          56          -           -                        -           
A            2415        75          2340        2883        3033        346         20          4811        75          1           -           -                        20          
C            1984        9891        2060        2245        1553        8518        20          7188        157         63          -           -                        -           
C            8669        3133        5536        8713        8243        6788        20          7855        1           3133        -           -                        -           
C            6522        5808        714         7022        2913        2921        20          7875        22          264         -           -                        -           
C            2869        9405        3431        5733        9789        7863        20          1571        5           1881        -           -                        -           
C            2157        6370        5754        2189        6258        1034        20          8318        13          490         -           -                        -           
E1           9270        6953        2317        -           6344        1235        20          2441        -           -           -           -                        20, 491     
C            7689        9802        7854        7691        3998        7628        20          2655        1           9802        -           -                        -           
C            7127        6753        374         7636        406         3603        20          9419        1           6753        -           -                        -           
C            7567        9590        7944        7600        2706        7502        20          7709        10          959         -           -                        -           
C            8998        3920        5078        9067        2328        462         20          2639        28          140         -           -                        -           
C            3524        5250        8241        4911        6763        1333        20          6923        750         7           -           -                        -           
C            8211        844         7367        8240        8106        9427        20          3138        4           211         -           -                        -           
C            6191        5535        656         6266        453         1686        20          7801        41          135         -           -                        -           
C            2611        4607        7971        2640        4920        3647        20          7697        1           4607        -           -                        -           
C            9784        9200        584         9895        2905        8375        20          8512        16          575         -           -                        -           
C            9697        9108        589         9742        1232        2710        20          3923        22          414         -           -                        -           
C            7667        4610        3057        7686        4035        4626        21          137         10          461         -           -                        -           
C            3268        4426        8809        3410        1570        6668        21          79          2           2213        -           -                        -           
C            2397        9415        2949        2420        6324        4489        21          9948        5           1883        -           -                        -           
C            9442        9380        62          9627        2789        8348        21          107         7           1340        -           -                        -           
C            184         3753        6398        359         2653        4978        21          3871        9           417         -           -                        -           
E2           2151        9089        3029        -           7350        904         21          385         -           -           -           -                        21, 9954    
C            3116        7491        5592        3143        9945        8465        21          4643        11          681         -           -                        -           
C            3004        6928        6043        3054        8001        1712        21          6364        4           1732        -           -                        -           
C            1074        1940        9101        1288        5295        1348        21          2278        4           485         -           -                        -           
C            4347        4572        9742        8682        9505        9301        21          4650        12          381         -           -                        -           
C            7553        9615        7905        8811        6717        5312        21          8722        5           1923        -           -                        -           
C            4722        1224        3498        9426        5075        5495        21          4425        18          68          -           -                        -           
C            7324        6020        1304        7361        2911        6371        21          2570        35          172         -           -                        -           
C            1861        9576        2252        2126        6771        6118        21          2916        6           1596        -           -                        -           
C            3157        3272        9852        3615        3351        242         21          3591        409         8           -           -                        -           
C            9197        4747        4450        9319        9946        8574        21          5944        47          101         -           -                        -           
C            6976        2754        4222        6979        3636        6907        21          9425        1           2754        -           -                        -           
C            7758        2862        4896        9306        5932        9898        21          7054        18          159         -           -                        -           
C            6059        8413        7613        9088        1103        1942        21          848         1           8413        -           -                        -           
C            9312        2322        6990        9345        9306        2504        21          6420        6           387         -           -                        -           
C            3972        4398        9541        5957        9901        2477        21          6276        2           2199        -           -                        -           
C            9905        1380        8525        9948        164         5895        21          1467        15          92          -           -                        -           
C            3167        901         2266        3272        7225        3910        21          5652        17          53          -           -                        -           
C            6217        3416        2801        6228        785         4528        21          8981        2           1708        -           -                        -           
C            3066        1872        1194        5924        5882        5725        21          4528        208         9           -           -                        -           
C            3909        486         3423        7656        979         8183        21          1324        162         3           -           -                        -           
C            5403        4922        481         6727        7253        6876        21          7938        107         46          -           -                        -           
C            1097        9938        1126        1100        4031        8684        21          4374        2           4969        -           -                        -           
C            5176        7506        7637        5201        2917        9405        21          8719        1           7506        -           -                        -           
C            1711        9704        1974        1901        799         5778        21          3243        1           9704        -           -                        -           
C            4480        1300        3180        4645        4916        6945        22          8102        25          52          -           -                        -           
C            7013        7574        9406        7044        6853        2091        22          3768        7           1082        -           -                        -           
C            6762        4578        2184        7438        8063        9136        22          8279        2           2289        -           -                        -           
C            1289        6336        4920        2567        5362        6906        22          4388        11          576         -           -                        -           
C            1942        7040        4869        3876        4688        7323        22          6975        8           880         -           -                        -           
C            2421        6248        6140        4838        5985        6822        22          4624        4           1562        -           -                        -           
C            6008        6312        9663        6041        4268        2694        22          8997        2           3156        -           -                        -           
C            7916        6183        1733        9499        7486        1579        22          9615        1           6183        -           -                        -           
C            3537        8100        5404        3979        9591        6908        22          1781        1           8100        -           -                        -           
C            2975        6041        6901        3003        6898        6215        22          2791        7           863         -           -                        -           
C            2050        8118        3899        4099        7638        3914        22          5286        1           8118        -           -                        -           
C            1988        600         1388        2168        3821        4748        22          321         8           75          -           -                        -           
C            7599        7575        24          9423        8379        3716        22          3441        303         25          -           -                        -           
C            8723        6466        2257        8740        2161        7236        22          5367        2           3233        -           -                        -           
E1           4598        1149        3449        -           690         6477        22          45          -           -           -           -                        8078, 22    
C            7530        1900        5630        7573        7577        7666        22          7047        5           380         -           -                        -           
C            7246        2538        4708        7729        5853        8010        22          6468        1           2538        -           -                        -           
C            7553        9516        8004        7618        9840        5983        22          2201        13          732         -           -                        -           
C            2643        1845        798         3942        6249        1661        22          6125        45          41          -           -                        -           
C            4886        9380        5473        4914        8418        29          22          9710        14          670         -           -                        -           
C            3533        1548        1985        4231        6718        103         22          4914        43          36          -           -                        -           
C            2092        8868        3191        2352        8298        548         22          2473        12          739         -           -                        -           
C            2207        8330        3844        2452        5815        3581        22          6369        2           4165        -           -                        -           
C            5512        4666        846         6013        9290        8692        22          582         1           4666        -           -                        -           
C            5646        6390        9223        6114        462         531         22          7392        30          213         -           -                        -           
C            8646        9000        9613        8953        670         177         22          906         50          180         -           -                        -           
C            7351        6231        1120        7637        646         2465        22          4808        201         31          -           -                        -           
C            1366        4630        6703        1397        5541        4767        22          53          2           2315        -           -                        -           
C            7306        6426        880         8215        8891        3114        22          1754        34          189         -           -                        -           
C            1086        1210        9843        1091        4357        6863        22          5081        1           1210        -           -                        -           
C            6246        4968        1278        7218        8707        4693        22          2559        414         12          -           -                        -           
C            5020        2592        2428        7482        941         993         22          2566        96          27          -           -                        -           
C            8997        8448        549         9596        9715        6923        22          8035        12          704         -           -                        -           
C            6020        6804        9183        7336        186         7863        22          8396        756         9           -           -                        -           
E1           9490        7118        2372        -           528         8880        22          2694        -           -           -           -                        22, 68      
C            7445        7473        9939        8358        7653        4631        22          9210        141         53          -           -                        -           
C            7071        6576        495         7185        9379        9192        22          9549        3           2192        -           -                        -           
C            230         3666        6531        421         9512        4884        22          7396        39          94          -           -                        -           
C            5866        2869        2997        6121        2344        279         22          7030        1           2869        -           -                        -           
C            2836        220         2616        3763        5927        8360        22          2319        55          4           -           -                        -           
C            5385        9951        5401        6229        2478        3715        22          2357        321         31          -           -                        -           
C            4555        228         4327        4583        9193        1681        22          5949        19          12          -           -                        -           
C            2929        5696        7200        2933        1638        8478        22          758         1           5696        -           -                        -           
C            9077        6606        2471        9440        9384        18          22          5921        2           3303        -           -                        -           
C            7209        7967        9209        7841        1754        6920        23          3772        257         31          -           -                        -           
C            8554        4892        3662        8573        2790        7080        23          2481        4           1223        -           -                        -           
C            4457        2379        2078        6289        5851        7280        23          8884        793         3           -           -                        -           
C            5757        6149        9575        7196        8643        9540        23          2728        1           6149        -           -                        -           
C            2311        9696        2582        4590        1598        427         23          2713        32          303         -           -                        -           
C            4241        9612        4596        8473        3075        6991        23          3776        9           1068        -           -                        -           
C            8619        6006        2613        8635        7670        6544        23          3447        11          546         -           -                        -           
C            3676        4965        8678        3921        2253        161         23          2484        1           4965        -           -                        -           
C            8019        7848        171         8060        6371        8590        23          9477        24          327         -           -                        -           
C            5262        2440        2822        5272        7132        6910        23          9263        2           1220        -           -                        -           
C            4211        9282        4896        8401        1255        2286        23          198         21          442         -           -                        -           
C            4027        2766        1261        4088        4906        6892        23          7745        1           2766        -           -                        -           
C            180         5430        4717        350         3108        2649        23          6640        10          543         -           -                        -           
C            6729        5565        1164        8406        7350        1604        23          1567        21          265         -           -                        -           
C            3271        772         2499        3298        5423        6312        23          1816        4           193         -           -                        -           
C            8329        3815        4514        8402        1066        8161        23          2874        7           545         -           -                        -           
C            5884        580         5304        5944        4730        4675        23          7586        4           145         -           -                        -           
C            8332        8082        250         8417        6010        6169        23          8499        2           4041        -           -                        -           
C            2465        1995        470         2535        789         3035        23          6104        15          133         -           -                        -           
C            8492        6808        1684        8792        1083        4352        23          6789        92          74          -           -                        -           
C            1321        416         905         1387        8479        2176        23          8895        1           416         -           -                        -           
C            8417        764         7653        8912        5685        5426        23          8938        2           382         -           -                        -           
C            5971        3010        2961        5976        6816        4107        23          6882        1           3010        -           -                        -           
C            7832        8636        9163        9773        9832        5391        23          3849        68          127         -           -                        -           
C            4628        5820        8775        4653        8253        6609        23          613         3           1940        -           -                        -           
C            8321        470         7851        8783        879         7335        23          2257        5           94          -           -                        -           
C            9291        1824        7467        9386        1782        2511        23          1981        76          24          -           -                        -           
C            1528        8328        3167        3053        7654        3976        23          5051        3           2776        -           -                        -           
C            253         8738        1482        260         1614        7954        23          660         1           8738        -           -                        -           
C            4691        1320        3371        4876        3881        2554        23          9898        66          20          -           -                        -           
C            5362        7669        7660        7149        4256        7039        23          5634        1           7669        -           -                        -           
C            6124        750         5374        9061        4076        1286        23          4612        250         3           -           -                        -           
C            1555        783         772         3081        3484        5691        23          272         29          27          -           -                        -           
C            5153        8474        6646        5314        3085        6053        24          2904        1           8474        -           -                        -           
C            9943        8700        1243        9957        2575        5148        24          6390        3           2900        -           -                        -           
C            4199        3224        975         5590        6427        6446        24          8029        26          124         -           -                        -           
C            9438        1204        8234        9500        6863        8641        24          4251        14          86          -           -                        -           
C            3403        5200        8170        3758        2246        2043        24          1591        208         25          -           -                        -           
C            707         8946        1728        1201        2940        9008        24          4417        213         42          -           -                        -           
C            7431        8           7423        7822        9233        4742        24          2064        2           4           -           -                        -           
C            7736        8041        9662        7751        9320        4286        24          1944        11          731         -           -                        -           
C            8919        3862        5057        8933        5027        3184        24          5015        1           3862        -           -                        -           
C            6010        1408        4602        6339        5396        3531        24          4256        88          16          -           -                        -           
C            3594        2970        624         3610        3272        7123        24          7           10          297         -           -                        -           
C            6916        6800        116         7008        3021        1388        24          4123        16          425         -           -                        -           
C            6486        1375        5111        6577        4172        4610        24          9038        25          55          -           -                        -           
C            3072        8684        4355        4274        447         567         24          2985        668         13          -           -                        -           
C            9251        8568        683         9413        160         1367        24          3542        17          504         -           -                        -           
C            2331        2187        144         2781        3881        5042        24          3578        81          27          -           -                        -           
C            7633        2208        5425        8587        775         7586        24          5803        1           2208        -           -                        -           
C            8665        1258        7407        9624        5570        8301        24          8958        34          37          -           -                        -           
C            3522        1380        2142        3567        2979        7760        24          5802        12          115         -           -                        -           
C            4456        2852        1604        5547        2062        2144        24          9224        92          31          -           -                        -           
C            2027        405         1622        2701        1935        7429        24          232         5           81          -           -                        -           
C            6389        6258        131         9649        5295        9758        24          916         3129        2           -           -                        -           
C            4582        3230        1352        4781        9474        9836        24          8242        5           646         -           -                        -           
C            4551        7787        6731        9101        9734        7233        24          1036        1           7787        -           -                        -           
C            3627        5454        8140        3654        8852        2741        24          8952        9           606         -           -                        -           
C            6677        9200        7444        6680        5648        1060        24          6891        2           4600        -           -                        -           
C            26          4152        5841        38          944         8510        24          9718        2           2076        -           -                        -           
C            9151        7268        1883        9181        2304        4490        24          7911        1           7268        -           -                        -           
C            6795        4998        1797        6838        379         2043        24          8376        1           4998        -           -                        -           
C            4788        120         4668        9575        7269        4182        24          3805        1           120         -           -                        -           
E1           1234        308         926         -           3166        402         24          6246        -           -           -           -                        4267, 24    
C            4737        8244        6460        5033        5494        4803        24          4370        1           8244        -           -                        -           
C            2288        2067        221         2463        2442        6111        25          9074        13          159         -           -                        -           
C            9505        7560        1945        9509        9536        4973        25          3220        1           7560        -           -                        -           
C            3573        1224        2349        3611        8489        7139        25          6999        1           1224        -           -                        -           
C            9647        2231        7416        9671        570         4336        25          7995        23          97          -           -                        -           
C            2560        9594        2933        5003        4172        5398        25          4594        117         82          -           -                        -           
C            5793        7371        8389        5801        3725        8422        25          4449        1           7371        -           -                        -           
C            9013        3416        5597        9759        9538        5135        25          387         61          56          -           -                        -           
C            8036        9424        8579        8220        844         9032        25          6955        124         76          -           -                        -           
C            9502        4020        5482        9957        3892        2986        25          5635        402         10          -           -                        -           
C            9585        9756        9796        9718        3092        9319        25          2453        9           1084        -           -                        -           
C            8845        4455        4390        8853        4834        6441        25          3937        5           891         -           -                        -           
C            3456        4420        9003        3764        8230        3280        25          7061        68          65          -           -                        -           
C            6609        7692        8884        8810        1960        6361        25          8364        6           1282        -           -                        -           
C            3842        5696        8113        4482        1238        7974        25          1808        2           2848        -           -                        -           
C            3510        7144        6333        3613        2925        5150        25          5601        8           893         -           -                        -           
C            6337        6336        1           6381        6252        5238        25          6888        1           6336        -           -                        -           
C            5431        531         4900        5510        3017        9579        25          205         59          9           -           -                        -           
E2           2235        3050        9152        -           4312        848         25          6274        -           -           -           -                        8252, 25    
C            6329        1595        4734        7911        6744        4528        25          986         1           1595        -           -                        -           
C            750         4524        6193        931         8924        66          25          4057        26          174         -           -                        -           
C            1008        1638        9337        1075        9744        7057        25          6831        3           546         -           -                        -           
C            7469        148         7321        8962        6999        2435        25          9658        4           37          -           -                        -           
C            7567        108         7459        7619        912         216         25          1705        27          4           -           -                        -           
C            8865        8628        237         8881        6112        264         25          5722        1           8628        -           -                        -           
C            2709        6267        6409        2742        1424        9227        25          4001        3           2089        -           -                        -           
C            8025        5715        2310        8139        9788        6692        25          5926        45          127         -           -                        -           
C            7702        3712        3990        7769        1456        286         25          7779        64          58          -           -                        -           
C            7565        8026        9506        7569        1825        2287        25          7907        1           8026        -           -                        -           
C            648         4504        6111        809         3948        8970        25          3172        4           1126        -           -                        -           
C            3479        5982        7464        3498        4732        8784        25          5465        2           2991        -           -                        -           
C            5012        4048        964         5429        3975        6804        25          2022        8           506         -           -                        -           
C            5636        1972        3664        5685        6349        4453        25          5151        1           1972        -           -                        -           
C            5688        710         4978        5705        3291        6710        25          5491        10          71          -           -                        -           
C            3870        3360        510         4560        9038        5971        25          6498        420         8           -           -                        -           
C            5528        2184        3344        5534        8680        8863        25          6945        2           1092        -           -                        -           
C            154         90          64          216         9184        4124        25          8363        30          3           -           -                        -           
C            1124        6520        4571        1142        8610        2019        25          6657        8           815         -           -                        -           
C            3217        2535        682         6431        9691        2324        25          5516        3           845         -           -                        -           
C            9099        6364        2735        9101        7808        896         25          3958        1           6364        -           -                        -           
C            3191        1520        1671        4223        6815        6832        25          4300        95          16          -           -                        -           
C            5123        3059        2064        6777        8893        6759        25          1714        161         19          -           -                        -           
C            6426        6230        196         6884        9467        7003        26          3775        14          445         -           -                        -           
C            4144        5170        8941        8178        6379        8348        26          9860        110         47          -           -                        -           
C            4819        2312        2507        4906        626         2619        26          7264        34          68          -           -                        -           
C            193         2237        7923        199         8153        3379        26          9235        1           2237        -           -                        -           
C            6957        1810        5147        6970        4368        2361        26          2086        2           905         -           -                        -           
C            1562        8316        3213        1672        8925        9028        26          5559        22          378         -           -                        -           
C            50          9905        112         57          3610        6872        26          8962        1           9905        -           -                        -           
C            8538        5676        2862        9684        5301        831         26          4711        516         11          -           -                        -           
C            3466        4644        8789        4331        9530        6764        26          3000        6           774         -           -                        -           
C            3133        2994        139         3136        1260        9748        26          1094        1           2994        -           -                        -           
C            6166        8356        7777        7707        2588        3342        26          6766        2           4178        -           -                        -           
C            5111        7361        7717        5121        1312        4995        26          5726        1           7361        -           -                        -           
C            7217        3409        3808        7239        1380        2627        26          2552        1           3409        -           -                        -           
C            3852        1800        2052        4171        9944        252         26          7722        24          75          -           -                        -           
C            6219        6194        25          6374        5365        7345        26          2459        19          326         -           -                        -           
C            8281        3090        5191        8971        6427        203         26          9037        1           3090        -           -                        -           
C            3824        2949        875         6665        4417        7712        26          3496        983         3           -           -                        -           
C            6540        6132        408         6593        4696        7916        26          9807        21          292         -           -                        -           
C            4106        7098        6975        4172        808         3015        26          3290        14          507         -           -                        -           
C            17          6232        3752        21          6703        9170        26          3638        1           6232        -           -                        -           
C            1266        8604        2629        1287        6732        6596        26          7783        6           1434        -           -                        -           
C            2894        5544        7317        2897        1450        2126        26          1846        2           2772        -           -                        -           
C            3727        9525        4169        3741        9475        7103        26          1500        3           3175        -           -                        -           
C            5987        1076        4911        7982        7756        5185        26          1131        2           538         -           -                        -           
C            9813        9267        546         9819        1139        5049        26          1522        3           3089        -           -                        -           
C            3594        54          3540        4488        2503        9037        26          5985        18          3           -           -                        -           
C            7690        6544        1146        7723        8946        9198        26          2971        1           6544        -           -                        -           
C            7605        9306        8266        8678        7991        2790        26          8096        94          99          -           -                        -           
C            5277        2948        2329        5488        9083        9149        26          6491        2           1474        -           -                        -           
C            3055        9828        3194        3211        7           7578        26          1404        91          108         -           -                        -           
C            3897        4095        9769        5189        3878        960         26          2106        21          195         -           -                        -           
E1           3190        2393        797         -           787         5305        26          4233        -           -           -           -                        26, 662     
C            4789        140         4649        4865        1840        8155        26          7692        1           140         -           -                        -           
C            3428        5789        7606        6849        176         4626        26          9830        7           827         -           -                        -           
C            8560        5250        3310        8901        6881        1092        26          9694        35          150         -           -                        -           
C            2463        6698        5732        4892        7424        2530        27          2592        34          197         -           -                        -           
C            8404        2040        6364        9093        9003        1924        27          3720        136         15          -           -                        -           
C            4293        3852        441         4412        2151        1647        27          8676        9           428         -           -                        -           
C            4726        5838        8855        9438        6461        3892        27          3586        14          417         -           -                        -           
E1           8714        2178        6536        -           6922        4251        27          8130        -           -           -           -                        9320, 27    
C            8003        3950        4053        8384        7795        7632        27          3862        2           1975        -           -                        -           
C            601         4266        6302        1044        3629        7847        27          2679        158         27          -           -                        -           
C            3198        7163        6002        3247        9013        5398        27          5373        13          551         -           -                        -           
C            1613        1140        473         2656        3141        5262        27          67          570         2           -           -                        -           
C            5513        2604        2909        6891        7228        1897        27          4071        1           2604        -           -                        -           
C            3869        9464        4372        4296        4056        5132        27          6647        26          364         -           -                        -           
C            296         4970        5293        393         9340        2050        27          310         5           994         -           -                        -           
C            6025        1179        4846        6446        2284        5894        27          642         131         9           -           -                        -           
C            5530        3612        1918        5586        6795        5761        27          2676        42          86          -           -                        -           
C            4329        2448        1881        4637        6019        4692        27          6331        17          144         -           -                        -           
C            4563        1800        2763        4652        2156        9211        27          1850        24          75          -           -                        -           
C            3166        2178        988         3173        5611        2880        27          4983        2           1089        -           -                        -           
C            5381        9305        6043        5388        9558        7127        27          2073        5           1861        -           -                        -           
C            5858        2880        2978        6270        3603        7977        27          9196        90          32          -           -                        -           
C            3260        2830        430         3622        805         735         27          1675        2           1415        -           -                        -           
C            6991        2249        4742        7457        4860        5024        27          4703        1           2249        -           -                        -           
C            1621        9267        2321        1627        5747        8977        27          6944        1           9267        -           -                        -           
C            3653        6393        7227        3736        8016        9679        27          7532        1           6393        -           -                        -           
C            367         1779        8555        381         9268        470         27          468         3           593         -           -                        -           
C            8433        6900        1533        9572        980         8797        27          8957        460         15          -           -                        -           
C            407         4247        6127        414         8088        6869        27          9917        1           4247        -           -                        -           
C            5289        3627        1662        5528        7469        3501        27          8988        31          117         -           -                        -           
C            3537        4238        9266        3544        4230        9916        27          7673        2           2119        -           -                        -           
C            2959        5852        7074        3287        915         4132        27          9200        7           836         -           -                        -           
C            2296        8760        3503        3060        6479        6800        27          2855        4           2190        -           -                        -           
C            3399        5219        8147        4945        5083        7262        27          9168        307         17          -           -                        -           
C            5154        5335        9786        9241        6697        494         27          7847        1067        5           -           -                        -           
C            4873        5100        9740        5076        5858        6092        27          7511        1           5100        -           -                        -           
C            3319        4632        8654        6635        6180        7057        27          3136        3           1544        -           -                        -           
C            6916        1738        5178        7377        2320        9837        28          8361        1           1738        -           -                        -           
C            5418        144         5274        5458        5477        3293        28          7574        18          8           -           -                        -           
C            9291        1524        7767        9399        8343        8298        28          3706        3           508         -           -                        -           
C            8938        1305        7633        9105        788         5033        28          2544        87          15          -           -                        -           
C            8206        4370        3836        8326        4070        5419        28          6809        46          95          -           -                        -           
C            4706        6846        7827        7058        4031        8458        28          8814        2           3423        -           -                        -           
C            1359        4590        6736        2716        5181        1124        28          4439        2           2295        -           -                        -           
C            3920        747         3173        7591        1780        4635        28          8170        249         3           -           -                        -           
C            9745        3917        5828        9759        4777        1087        28          4687        1           3917        -           -                        -           
C            5588        6932        8623        5637        9190        6073        28          2749        2           3466        -           -                        -           
C            2685        7790        4862        3925        5437        8635        28          7171        205         38          -           -                        -           
C            3980        2312        1668        4122        4879        199         28          5939        4           578         -           -                        -           
C            7835        2163        5672        7873        7783        2657        28          4695        7           309         -           -                        -           
C            8545        6748        1797        8634        3560        8228        28          6934        1           6748        -           -                        -           
C            1367        2268        9066        1380        2594        2621        28          7601        2           1134        -           -                        -           
C            8979        4896        4083        9792        8517        5671        28          7819        36          136         -           -                        -           
C            1571        165         1406        1581        4007        473         28          995         1           165         -           -                        -           
C            1081        4520        6528        2160        9069        9898        28          7054        2           2260        -           -                        -           
C            1814        5523        6258        2839        9630        9929        28          1699        789         7           -           -                        -           
C            3369        3969        9367        6689        3519        7788        28          3213        49          81          -           -                        -           
C            9061        8631        430         9965        8180        1835        28          9806        21          411         -           -                        -           
C            9742        5192        4550        9747        5143        686         28          1751        2           2596        -           -                        -           
C            2795        6564        6198        2803        678         4135        28          7948        3           2188        -           -                        -           
C            7448        6608        840         9306        358         8768        28          798         16          413         -           -                        -           
C            3042        4446        8563        3133        487         8725        28          7336        39          114         -           -                        -           
C            2878        6864        5981        4315        9707        7842        28          1967        4           1716        -           -                        -           
C            1819        4975        6811        1920        5338        6711        28          492         1           4975        -           -                        -           
C            1583        1251        332         3027        8096        8868        28          4554        139         9           -           -                        -           
C            8276        5474        2802        8283        5387        6764        28          6967        2           2737        -           -                        -           
C            2789        8928        3828        2791        2429        2894        28          3233        1           8928        -           -                        -           
C            556         9327        1196        563         3715        7354        29          3112        3           3109        -           -                        -           
C            6081        2500        3581        7601        8438        2433        29          8264        1           2500        -           -                        -           
C            4006        6120        7853        4035        8486        5785        29          2883        4           1530        -           -                        -           
C            3582        7200        6349        3960        5212        628         29          2954        180         40          -           -                        -           
C            8336        7584        752         8341        9744        8991        29          2603        1           7584        -           -                        -           
C            8241        1338        6903        8546        8422        6723        29          1799        6           223         -           -                        -           
C            6695        8330        8332        6886        9688        2476        29          1542        10          833         -           -                        -           
C            9272        7116        2156        9287        4666        4554        29          9097        2           3558        -           -                        -           
C            6817        170         6647        9089        2731        8047        29          3573        1           170         -           -                        -           
C            2861        7258        5570        5721        267         4277        29          8501        1           7258        -           -                        -           
C            5489        3087        2402        5569        948         6619        29          7857        49          63          -           -                        -           
C            9724        3224        6500        9817        9331        2539        29          5762        52          62          -           -                        -           
C            6681        2860        3821        6736        2010        6410        29          5456        26          110         -           -                        -           
C            4970        8774        6163        5177        4355        2093        29          4918        2           4387        -           -                        -           
C            5480        1806        3674        5978        2343        9106        29          1864        2           903         -           -                        -           
C            2997        3017        9947        3043        7080        7280        29          1083        7           431         -           -                        -           
C            4103        4356        9714        4689        8400        7159        29          1581        1           4356        -           -                        -           
C            4493        1761        2732        5795        7216        4668        29          2521        587         3           -           -                        -           
C            2591        6624        5934        3882        2016        5905        29          2851        9           736         -           -                        -           
C            2950        965         1985        3045        8931        7607        29          9841        5           193         -           -                        -           
C            8012        3008        5004        9346        3763        4198        29          4832        8           376         -           -                        -           
C            7439        8913        8493        7452        3319        5738        29          4303        3           2971        -           -                        -           
C            2908        8753        4122        3061        4976        6901        29          7471        1           8753        -           -                        -           
C            147         3346        6768        166         9544        2780        29          5600        14          239         -           -                        -           
C            5129        1020        4109        5522        6645        6599        29          3060        20          51          -           -                        -           
C            4967        9099        5835        5113        4567        7454        29          5530        3           3033        -           -                        -           
C            8617        5634        2983        8621        3106        9620        30          5303        1           5634        -           -                        -           
C            8613        558         8055        8631        2141        2611        30          8026        9           62          -           -                        -           
C            2501        4400        8068        4902        1864        2088        30          6205        100         44          -           -                        -           
C            7227        7914        9280        7743        4278        540         30          2560        3           2638        -           -                        -           
C            867         7272        3562        1132        8947        3673        30          5035        72          101         -           -                        -           
C            993         312         681         1189        7652        1924        30          6247        13          24          -           -                        -           
C            7205        3947        3258        7209        3615        7165        30          6836        1           3947        -           -                        -           
C            5239        6681        8525        6536        6737        3633        30          6765        51          131         -           -                        -           
C            3546        748         2798        5302        8981        3290        30          1374        34          22          -           -                        -           
C            5915        5682        233         7886        368         2134        30          1803        2           2841        -           -                        -           
C            6139        2393        3746        7162        2579        9278        30          5168        1           2393        -           -                        -           
C            6727        8093        8601        6841        7425        3930        30          4996        1           8093        -           -                        -           
C            3289        7491        5765        3363        8522        2198        30          1464        33          227         -           -                        -           
C            8868        6958        1910        8881        7393        8829        30          5217        2           3479        -           -                        -           
C            7381        6593        788         7441        1229        3915        30          2341        1           6593        -           -                        -           
C            9002        3101        5901        9259        1407        42          30          6151        7           443         -           -                        -           
C            2417        9428        2956        2438        7005        7429        30          9735        2           4714        -           -                        -           
C            87          6573        3481        94          4549        5184        30          501         3           2191        -           -                        -           
C            3098        5103        7962        5629        1204        8821        30          4698        567         9           -           -                        -           
C            7381        8628        8720        7598        7097        4387        30          4213        3           2876        -           -                        -           
A            5421        127         5294        8068        5604        8446        30          6337        127         1           -           -                        30          
C            2459        3520        8906        2522        8727        6155        30          6749        2           1760        -           -                        -           
C            3050        6765        6252        5485        3473        1161        30          8755        615         11          -           -                        -           
C            4203        4967        9203        4585        6600        3542        30          7550        1           4967        -           -                        -           
A            7378        150         7228        9185        6391        396         32          5736        150         1           -           -                        32          
A            6377        245         6132        7399        1243        4360        33          6415        245         1           -           -                        33          
E1           5766        1441        4325        -           8970        3314        34          8486        -           -           -           -                        2746, 34    
A            6262        60          6202        9363        6788        6625        35          464         60          1           -           -                        35          
E1           2022        1517        505         -           8663        9765        35          9255        -           -           -           -                        35, 7473    
E1           5130        1282        3848        -           5344        6280        37          8837        -           -           -           -                        586, 37     
A            4343        10          4333        8676        2618        8516        37          7500        10          1           -           -                        37          
E1           8570        6428        2142        -           6335        6484        37          8176        -           -           -           -                        37, 3753    
E2           2319        9215        3071        -           4580        9186        38          2472        -           -           -           -                        38, 6936    
E1           5110        1277        3833        -           4065        470         38          9499        -           -           -           -                        9841, 38    
E1           2218        1664        554         -           3637        5381        39          3215        -           -           -           -                        39, 7247    
A            4661        1553        3108        7769        6488        1244        41          5016        1553        1           -           -                        41          
E1           4794        3596        1198        -           208         1872        45          1359        -           -           -           -                        45, 3820    
E1           7254        1813        5441        -           4551        9484        45          6483        -           -           -           -                        8856, 45    
A            2622        582         2040        3302        6722        816         46          8342        582         1           -           -                        46          
E1           6778        5084        1694        -           5993        1818        47          2266        -           -           -           -                        47, 7100    
E1           2946        736         2210        -           5030        2971        47          123         -           -           -           -                        2525, 47    
E1           9906        7430        2476        -           793         3795        48          399         -           -           -           -                        48, 8638    
E2           127         7571        2523        -           4436        7425        49          8870        -           -           -           -                        49, 2241    
E1           3454        863         2591        -           4809        2687        49          8477        -           -           -           -                        796, 49     
E2           767         2683        8051        -           969         3241        54          6164        -           -           -           -                        6175, 54    
E1           3630        907         2723        -           6482        1141        54          9941        -           -           -           -                        6224, 54    
E1           26          20          6           -           6256        3166        56          1077        -           -           -           -                        56, 5052    
E1           4986        3740        1246        -           4024        2010        57          5995        -           -           -           -                        57, 643     
E2           2391        3089        9269        -           2245        9238        57          8672        -           -           -           -                        3432, 57    
E1           8990        2247        6743        -           8996        4516        58          3190        -           -           -           -                        4113, 58    
E1           2486        621         1865        -           3542        3192        60          5372        -           -           -           -                        1178, 60    
E1           7694        1923        5771        -           9205        4718        61          900         -           -           -           -                        6092, 61    
A            3496        146         3350        3831        8290        4794        64          3453        146         1           -           -                        64          
E1           2522        630         1892        -           5884        7249        65          1589        -           -           -           -                        6025, 65    
A            7218        1986        5232        9834        2485        758         66          5243        1986        1           -           -                        66          
A            9236        353         8883        9659        8930        3297        66          8227        353         1           -           -                        66          
E1           5534        4151        1383        -           5103        9592        67          3788        -           -           -           -                        67, 4318    
E1           6130        1532        4598        -           7160        4789        68          2066        -           -           -           -                        2469, 68    
E2           2499        9350        3116        -           9455        8478        68          9209        -           -           -           -                        68, 1143    
E2           3111        9809        3269        -           7294        2779        69          2118        -           -           -           -                        69, 3591    
A            6067        2482        3585        9652        6891        1280        69          9532        2482        1           -           -                        69          
A            4641        1937        2704        7345        3310        2637        69          4153        1937        1           -           -                        69          
E2           1559        2881        8645        -           182         9861        69          3685        -           -           -           -                        2460, 69    
E1           5838        1459        4379        -           3609        8876        73          4977        -           -           -           -                        3014, 73    
E1           8498        6374        2124        -           8770        9244        74          4158        -           -           -           -                        74, 5642    
E1           3106        776         2330        -           2197        7982        74          7014        -           -           -           -                        6579, 74    
E1           3334        2501        833         -           8567        3065        74          5715        -           -           -           -                        74, 4284    
A            5542        1726        3816        9358        5809        5185        75          1131        1726        1           -           -                        75          
A            7807        919         6888        8791        298         5013        77          8465        919         1           -           -                        77          
A            4365        159         4206        5767        5023        146         78          1518        159         1           -           -                        78          
A            6796        860         5936        9764        3889        4262        78          9734        860         1           -           -                        78          
E1           4646        1161        3485        -           3048        1828        79          7250        -           -           -           -                        7480, 79    
A            7327        367         6960        7791        8497        8965        81          6719        367         1           -           -                        81          
E1           2246        1685        561         -           3415        64          82          8085        -           -           -           -                        82, 9413    
E1           3234        2426        808         -           5207        2782        82          5942        -           -           -           -                        82, 1052    
E2           1779        2936        8810        -           3339        8969        82          5359        -           -           -           -                        8454, 82    
E1           3446        2585        861         -           7347        6111        83          893         -           -           -           -                        83, 4458    
E2           3075        3260        9782        -           8485        819         86          899         -           -           -           -                        7164, 86    
E1           2050        1538        512         -           5083        6124        86          5024        -           -           -           -                        86, 6342    
E2           3011        3244        9734        -           6498        2296        87          7136        -           -           -           -                        8369, 87    
E1           530         398         132         -           1622        3524        91          1856        -           -           -           -                        91, 9831    
E1           7386        5540        1846        -           9840        7217        91          5450        -           -           -           -                        91, 4751    
E1           4970        3728        1242        -           7788        4739        92          8744        -           -           -           -                        92, 9736    
E1           6014        4511        1503        -           8578        5664        95          6706        -           -           -           -                        95, 5776    
E2           163         7598        2532        -           3993        4725        96          1547        -           -           -           -                        96, 1818    
E1           9570        2392        7178        -           1601        9811        98          3936        -           -           -           -                        7043, 98    
E2           299         7700        2566        -           2657        2326        99          9516        -           -           -           -                        99, 9789    
A            4897        1369        3528        6661        3141        8776        99          5947        1369        1           -           -                        99          
E1           7946        1986        5960        -           465         7030        100         583         -           -           -           -                        3737, 100   
A            5602        841         4761        7189        7861        2273        101         6649        841         1           -           -                        101         
E1           3778        2834        944         -           7354        7382        102         8875        -           -           -           -                        102, 6742   
A            6345        440         5905        7526        1887        8360        103         2319        440         1           -           -                        103         
E2           1435        2850        8552        -           2225        2371        104         2801        -           -           -           -                        7910, 104   
A            5016        949         4067        9083        3298        719         104         9928        949         1           -           -                        104         
E1           7734        1933        5801        -           2760        210         105         7299        -           -           -           -                        1441, 105   
E2           3           2492        7478        -           9226        6223        106         3857        -           -           -           -                        6673, 106   
A            5396        1988        3408        8804        2406        5215        107         9537        1988        1           -           -                        107         
E1           2422        605         1817        -           3710        5262        107         9900        -           -           -           -                        3820, 107   
A            8072        892         7180        9508        1388        9543        109         2040        892         1           -           -                        109         
E1           9306        2326        6980        -           2873        9836        112         1725        -           -           -           -                        2455, 112   
E1           4970        1242        3728        -           8079        9052        113         2565        -           -           -           -                        1422, 113   
A            7575        99          7476        8643        6051        1558        113         9715        99          1           -           -                        113         
E2           2355        3080        9242        -           7490        5280        114         2236        -           -           -           -                        7200, 114   
A            7088        83          7005        9423        8506        628         114         7013        83          1           -           -                        114         
E1           8706        6530        2176        -           8091        7948        116         4725        -           -           -           -                        116, 2957   
E2           1887        8891        2963        -           4235        3970        116         6726        -           -           -           -                        116, 7890   
A            3060        1374        1686        4746        70          6048        119         8278        1374        1           -           -                        119         
A            3273        889         2384        4465        6782        3879        120         5498        889         1           -           -                        120         
E1           3278        2459        819         -           8710        8185        123         9410        -           -           -           -                        123, 2520   
E1           9394        2348        7046        -           6751        7277        123         3334        -           -           -           -                        9757, 123   
E1           654         163         491         -           489         4915        124         6645        -           -           -           -                        4127, 124   
A            4531        979         3552        5715        4953        5368        124         7484        979         1           -           -                        124         
E1           410         308         102         -           6299        7800        126         76          -           -           -           -                        126, 3632   
E2           1899        2966        8900        -           6993        348         126         6313        -           -           -           -                        5013, 126   
E1           2502        625         1877        -           7591        6832        127         5667        -           -           -           -                        3814, 127   
E1           6418        1604        4814        -           8722        5843        127         3257        -           -           -           -                        988, 127    
A            5547        162         5385        5906        1346        2137        127         6161        162         1           -           -                        127         
A            1743        286         1457        3200        3644        2747        127         476         286         1           -           -                        127         
E1           7770        5828        1942        -           8217        7619        128         9303        -           -           -           -                        128, 2215   
A            4817        193         4624        7129        9459        3341        130         9947        193         1           -           -                        130         
E2           91          2514        7544        -           1967        3807        132         2170        -           -           -           -                        730, 132    
A            7054        274         6780        7619        5747        8541        132         9641        274         1           -           -                        132         
E1           4250        3188        1062        -           8451        3910        133         5652        -           -           -           -                        133, 2560   
E1           9790        2447        7343        -           8561        4613        134         3167        -           -           -           -                        896, 134    
E1           2714        2036        678         -           8441        8009        134         691         -           -           -           -                        134, 3208   
E1           1538        384         1154        -           1645        6668        134         79          -           -           -           -                        4221, 134   
E2           2227        3048        9146        -           5023        3220        135         9918        -           -           -           -                        5609, 135   
E2           7           2493        7481        -           3007        6629        135         3922        -           -           -           -                        4679, 135   
E1           178         134         44          -           2715        5643        135         6050        -           -           -           -                        135, 7986   
A            3826        286         3540        4121        5471        3065        135         5715        286         1           -           -                        135         
A            1453        281         1172        1746        9299        6652        136         4998        281         1           -           -                        136         
E2           2475        9332        3110        -           5586        5304        136         2439        -           -           -           -                        136, 4370   
E1           4726        1181        3545        -           3848        1051        136         925         -           -           -           -                        9780, 136   
E1           3606        2705        901         -           6669        9011        139         5436        -           -           -           -                        139, 4746   
E1           5006        1251        3755        -           4468        7645        139         6378        -           -           -           -                        2952, 139   
A            2146        203         1943        4089        5694        6108        139         2848        203         1           -           -                        139         
E1           9022        2255        6767        -           2942        3129        142         5838        -           -           -           -                        7696, 142   
E1           734         183         551         -           4616        9465        142         447         -           -           -           -                        7158, 142   
E1           466         116         350         -           7728        6491        142         4772        -           -           -           -                        9140, 142   
A            1194        192         1002        1528        6675        4541        143         8659        192         1           -           -                        143         
A            4585        2053        2532        7117        3820        7331        145         7935        2053        1           -           -                        145         
A            6128        1844        4284        8270        1146        3173        145         8751        1844        1           -           -                        145         
E1           86          65          21          -           8500        5276        147         5048        -           -           -           -                        147, 8053   
E2           535         2625        7877        -           9369        791         152         1679        -           -           -           -                        6409, 152   
A            368         4           364         382         8476        4278        157         7507        4           1           -           -                        157         
E1           558         139         419         -           9746        1708        157         7080        -           -           -           -                        5085, 157   
E2           1779        8810        2936        -           5354        4363        157         8565        -           -           -           -                        157, 782    
A            3090        3           3087        3433        516         5898        161         8866        3           1           -           -                        161         
E2           1635        2900        8702        -           8730        6531        161         46          -           -           -           -                        9839, 161   
E1           6194        4646        1548        -           807         7872        162         3501        -           -           -           -                        162, 2567   
A            3475        26          3449        6924        9422        2127        163         5907        26          1           -           -                        163         
A            4179        1233        2946        5652        6675        8839        164         3436        1233        1           -           -                        164         
E1           1062        797         265         -           3824        2662        164         2995        -           -           -           -                        164, 4020   
A            4942        118         4824        5478        1148        5023        166         9533        118         1           -           -                        166         
E1           9646        7235        2411        -           8365        1636        169         9247        -           -           -           -                        169, 1607   
E1           2198        1649        549         -           7924        9501        169         3624        -           -           -           -                        169, 1395   
E2           3143        9833        3277        -           9855        6780        169         1959        -           -           -           -                        169, 4324   
A            450         68          382         832         94          3826        171         4242        68          1           -           -                        171         
E2           907         8156        2718        -           2305        8328        172         8509        -           -           -           -                        172, 8767   
E1           302         227         75          -           8831        5001        173         535         -           -           -           -                        173, 6190   
E1           9126        6845        2281        -           4376        5567        173         3147        -           -           -           -                        173, 2952   
E1           5710        1427        4283        -           9924        9759        175         5298        -           -           -           -                        4841, 175   
E1           5006        1251        3755        -           2578        9703        175         4868        -           -           -           -                        203, 175    
A            6075        2712        3363        9438        8855        2304        176         7670        2712        1           -           -                        176         
E1           6118        1529        4589        -           593         3074        177         9583        -           -           -           -                        4830, 177   
E1           7082        1770        5312        -           7070        1622        180         7331        -           -           -           -                        4573, 180   
E2           2551        3129        9389        -           5448        8559        180         8579        -           -           -           -                        3578, 180   
E1           4894        1223        3671        -           9235        3089        180         5295        -           -           -           -                        4155, 180   
E1           9710        2427        7283        -           3064        1725        181         8260        -           -           -           -                        9374, 181   
E1           6298        4724        1574        -           8743        3093        182         159         -           -           -           -                        182, 4901   
E1           2874        718         2156        -           6362        4794        184         3453        -           -           -           -                        4726, 184   
E1           4526        3395        1131        -           5651        6229        185         4186        -           -           -           -                        185, 8237   
E1           3874        2906        968         -           9204        494         186         7847        -           -           -           -                        186, 5538   
E1           5930        4448        1482        -           6915        415         188         8607        -           -           -           -                        188, 8365   
A            4333        1621        2712        7045        6998        3546        189         6690        1621        1           -           -                        189         
E1           3886        971         2915        -           8161        1147        191         4994        -           -           -           -                        5294, 191   
E1           1510        377         1133        -           5154        7094        194         3042        -           -           -           -                        2725, 194   
E1           3538        884         2654        -           5062        303         199         9026        -           -           -           -                        4960, 199   
E1           9310        2327        6983        -           1859        2465        201         5159        -           -           -           -                        4986, 201   
E2           239         2551        7655        -           1660        3979        203         2085        -           -           -           -                        9417, 203   
E1           6946        1736        5210        -           3863        7425        203         1097        -           -           -           -                        364, 203    
E1           9086        2271        6815        -           9134        7496        207         4903        -           -           -           -                        3115, 207   
E2           459         7820        2606        -           9192        5804        207         9764        -           -           -           -                        207, 494    
E1           8690        6518        2172        -           8105        2841        207         8272        -           -           -           -                        207, 9462   
E1           198         149         49          -           2818        4290        210         2918        -           -           -           -                        210, 6039   
E2           643         7958        2652        -           8178        499         210         4291        -           -           -           -                        210, 8991   
A            6599        1526        5073        8290        9539        1145        210         1906        1526        1           -           -                        210         
E1           2762        690         2072        -           4476        6570        210         4663        -           -           -           -                        5911, 210   
E2           1371        8504        2834        -           3313        2437        213         7632        -           -           -           -                        213, 1826   
A            5023        1093        3930        6988        6891        3562        213         463         1093        1           -           -                        213         
E2           1719        8765        2921        -           3788        3423        213         2573        -           -           -           -                        213, 8137   
E1           6322        1580        4742        -           7511        1020        217         9593        -           -           -           -                        7517, 217   
E1           4054        3041        1013        -           9936        8434        217         1831        -           -           -           -                        217, 6181   
E1           1626        1220        406         -           3373        8538        217         4483        -           -           -           -                        217, 3280   
A            2898        1096        1802        4700        5590        6384        217         5959        1096        1           -           -                        217         
E2           1019        8240        2746        -           8902        9106        217         1864        -           -           -           -                        217, 9763   
E1           5670        1417        4253        -           2593        217         218         1023        -           -           -           -                        728, 218    
A            5891        11          5880        6185        1393        584         220         4937        11          1           -           -                        220         
E1           8506        6380        2126        -           7922        8238        223         2117        -           -           -           -                        223, 6793   
A            7740        4           7736        7748        7722        8827        224         5958        4           1           -           -                        224         
E1           78          19          59          -           4989        9854        225         5440        -           -           -           -                        7359, 225   
E1           2370        1778        592         -           7899        5785        225         7084        -           -           -           -                        225, 6762   
A            3764        64          3700        7464        3013        3155        226         3093        64          1           -           -                        226         
E1           4462        1115        3347        -           3948        5728        226         4441        -           -           -           -                        5954, 226   
A            5514        1446        4068        7548        5647        6283        228         6409        1446        1           -           -                        228         
E1           2294        573         1721        -           2324        207         228         56          -           -           -           -                        8830, 228   
E2           2167        3033        9101        -           9677        7035        231         2361        -           -           -           -                        4918, 231   
E1           8718        2179        6539        -           4328        8661        232         947         -           -           -           -                        29, 232     
E1           2622        1967        655         -           4998        169         234         5291        -           -           -           -                        234, 3018   
E2           1247        8411        2803        -           972         9051        235         6479        -           -           -           -                        235, 2562   
A            4063        303         3760        7823        7901        1979        238         5350        303         1           -           -                        238         
E1           2462        1847        615         -           2538        7265        238         5212        -           -           -           -                        238, 4795   
E1           7710        1927        5783        -           8271        3873        238         4189        -           -           -           -                        5701, 238   
E1           6566        4925        1641        -           2365        5332        239         6134        -           -           -           -                        239, 8558   
E2           1107        8306        2768        -           8573        7192        240         4141        -           -           -           -                        240, 6031   
E1           9446        7085        2361        -           1449        5566        240         3623        -           -           -           -                        240, 6979   
E2           2307        3068        9206        -           9718        2244        241         1869        -           -           -           -                        1380, 241   
A            7004        2302        4702        9355        4032        8454        242         1815        2302        1           -           -                        242         
E1           8730        6548        2182        -           3078        3940        242         4406        -           -           -           -                        242, 5790   
E2           2431        3099        9299        -           4702        7148        242         9478        -           -           -           -                        446, 242    
E2           2811        9584        3194        -           5305        4905        244         3812        -           -           -           -                        244, 8818   
E1           9806        2451        7355        -           9895        1417        245         2873        -           -           -           -                        6479, 245   
A            4011        459         3552        4603        8211        2614        248         4024        459         1           -           -                        248         
E2           1475        8582        2860        -           1980        3877        249         5310        -           -           -           -                        249, 4081   
E1           4654        3491        1163        -           3792        2267        249         1691        -           -           -           -                        249, 1385   
E1           4102        1025        3077        -           1940        4957        249         1362        -           -           -           -                        4670, 249   
A            2891        95          2796        3590        773         5188        249         1109        95          1           -           -                        249         
A            1718        68          1650        2268        5074        9111        250         2699        68          1           -           -                        250         
E1           6142        1535        4607        -           4765        9102        251         6516        -           -           -           -                        5134, 251   
E1           1590        1193        397         -           4562        8280        251         4691        -           -           -           -                        251, 4099   
A            7367        1455        5912        8845        290         5014        252         2239        1455        1           -           -                        252         
E2           911         8159        2719        -           4265        113         252         6342        -           -           -           -                        252, 5840   
E1           5438        1359        4079        -           3366        8150        252         5357        -           -           -           -                        7292, 252   
E2           1991        2989        8969        -           9432        5366        253         4596        -           -           -           -                        535, 253    
A            4223        1211        3012        7235        799         2953        253         2197        1211        1           -           -                        253         
E1           2266        566         1700        -           9516        4795        254         4485        -           -           -           -                        5517, 254   
A            4081        1175        2906        6987        8139        7635        254         9950        1175        1           -           -                        254         
A            4560        1869        2691        7251        8487        8164        255         4760        1869        1           -           -                        255         
E2           2815        3195        9587        -           3517        4753        255         8089        -           -           -           -                        4800, 255   
E1           8182        2045        6137        -           7311        123         256         6435        -           -           -           -                        9563, 256   
A            1304        350         954         1781        4629        487         257         2670        350         1           -           -                        257         
E1           2626        656         1970        -           3058        1819        257         6395        -           -           -           -                        5935, 257   
A            7453        514         6939        9766        631         6697        258         7172        514         1           -           -                        258         
E2           1539        8630        2876        -           2991        6835        260         7374        -           -           -           -                        260, 8960   
E2           2751        9539        3179        -           5278        4440        261         117         -           -           -           -                        261, 9467   
E1           6414        4811        1603        -           2374        3683        261         5842        -           -           -           -                        261, 6136   
A            3847        722         3125        6972        6521        7842        262         8000        722         1           -           -                        262         
E1           6038        1509        4529        -           2502        2921        264         2092        -           -           -           -                        8056, 264   
E2           791         8069        2689        -           1151        5150        264         5601        -           -           -           -                        264, 5527   
A            4774        364         4410        5264        9657        3584        264         7458        364         1           -           -                        264         
A            8693        53          8640        9173        8927        2090        268         8999        53          1           -           -                        268         
E2           807         8081        2693        -           3846        7835        270         1684        -           -           -           -                        270, 9962   
E1           2846        2135        711         -           8956        4292        271         9748        -           -           -           -                        271, 7743   
E2           1571        8654        2884        -           7765        8628        272         6686        -           -           -           -                        272, 2333   
E2           499         7850        2616        -           7035        3245        272         9536        -           -           -           -                        272, 4147   
E1           9494        7121        2373        -           2418        156         276         2505        -           -           -           -                        276, 9688   
A            1084        282         802         1485        1231        989         277         2745        282         1           -           -                        277         
E2           667         2658        7976        -           8255        3379        277         732         -           -           -           -                        3477, 277   
E1           3806        2855        951         -           8674        5605        277         3297        -           -           -           -                        277, 77     
E1           2510        627         1883        -           4534        1191        278         4777        -           -           -           -                        5012, 278   
A            4385        1235        3150        5960        7801        1028        284         9879        1235        1           -           -                        284         
E1           7818        1954        5864        -           2728        1968        284         5883        -           -           -           -                        1023, 284   
E1           4686        3515        1171        -           2176        5681        285         52          -           -           -           -                        285, 4350   
E1           7706        1926        5780        -           8181        8795        286         5680        -           -           -           -                        7513, 286   
A            8672        923         7749        9779        9635        2042        287         1108        923         1           -           -                        287         
E1           3230        2423        807         -           8265        1005        287         5392        -           -           -           -                        287, 2022   
E1           4250        3188        1062        -           1358        3074        287         384         -           -           -           -                        287, 803    
E1           1734        1301        433         -           4393        4613        288         6800        -           -           -           -                        288, 2178   
E1           7530        1882        5648        -           4298        7306        289         3196        -           -           -           -                        7679, 289   
E2           1827        2948        8846        -           3865        7543        291         5393        -           -           -           -                        8131, 291   
E2           3059        3256        9770        -           9678        185         291         9197        -           -           -           -                        5834, 291   
E1           870         653         217         -           9213        1343        291         3555        -           -           -           -                        291, 3809   
A            1268        8           1260        1478        9629        6542        292         9908        8           1           -           -                        292         
E1           2522        1892        630         -           6179        3826        292         5725        -           -           -           -                        292, 7009   
E2           2219        9140        3046        -           5939        959         292         3165        -           -           -           -                        292, 4929   
A            3704        575         3129        6833        5449        5132        293         3320        575         1           -           -                        293         
E1           6710        5033        1677        -           1389        5461        294         1367        -           -           -           -                        294, 3577   
E1           150         37          113         -           6006        3141        294         7496        -           -           -           -                        6333, 294   
E1           1122        842         280         -           9194        715         294         1082        -           -           -           -                        294, 9187   
A            1580        344         1236        2816        4275        7466        294         6745        344         1           -           -                        294         
E1           978         244         734         -           9092        7867        294         649         -           -           -           -                        3671, 294   
E1           9346        7010        2336        -           9306        7197        296         8539        -           -           -           -                        296, 312    
E1           5558        1389        4169        -           671         4621        297         7637        -           -           -           -                        1307, 297   
A            2161        290         1871        4032        2597        9082        298         1731        290         1           -           -                        298         
E1           9062        6797        2265        -           1972        534         298         6296        -           -           -           -                        298, 8430   
E1           4562        3422        1140        -           1052        6727        300         8587        -           -           -           -                        300, 1065   
E2           2403        3092        9278        -           1488        1328        300         2601        -           -           -           -                        6235, 300   
E1           646         485         161         -           2058        2324        301         4451        -           -           -           -                        301, 5738   
E1           9478        2369        7109        -           8356        5809        302         2034        -           -           -           -                        9603, 302   
A            6745        354         6391        7326        3484        5409        302         4400        354         1           -           -                        302         
E1           2474        1856        618         -           5618        1476        303         8619        -           -           -           -                        303, 3171   
E2           447         2603        7811        -           6794        1758        305         6803        -           -           -           -                        771, 305    
A            5871        556         5315        6934        9771        1897        307         5896        556         1           -           -                        307         
E2           1023        2747        8243        -           6369        2108        307         7631        -           -           -           -                        4019, 307   
E1           206         51          155         -           8278        751         307         4355        -           -           -           -                        8218, 307   
A            6233        233         6000        8233        9607        8809        307         3294        233         1           -           -                        307         
E2           1599        8675        2891        -           4329        4644        308         8804        -           -           -           -                        308, 5974   
E1           4758        3569        1189        -           6863        9302        308         4414        -           -           -           -                        308, 9917   
E1           6562        4922        1640        -           5115        3397        309         7579        -           -           -           -                        309, 9589   
E2           459         7820        2606        -           4362        9854        309         5440        -           -           -           -                        309, 4782   
E1           6302        4727        1575        -           9897        2613        310         8618        -           -           -           -                        310, 5820   
E1           3850        2888        962         -           405         233         310         8153        -           -           -           -                        310, 2695   
A            8197        147         8050        8427        5634        6747        311         6650        147         1           -           -                        311         
E1           4062        3047        1015        -           9964        990         311         5629        -           -           -           -                        311, 7915   
E1           5346        1336        4010        -           9386        7527        312         7340        -           -           -           -                        5686, 312   
A            4370        1098        3272        6006        3187        643         314         9517        1098        1           -           -                        314         
E1           190         47          143         -           8523        5132        316         3320        -           -           -           -                        5768, 316   
A            7191        438         6753        9442        2265        2310        317         4053        438         1           -           -                        317         
E1           2438        609         1829        -           987         9137        319         1273        -           -           -           -                        6100, 319   
E1           7414        5561        1853        -           7099        1504        319         1621        -           -           -           -                        319, 964    
E1           5958        1489        4469        -           201         5651        319         2338        -           -           -           -                        8413, 319   
A            1145        146         999         2144        6473        781         322         1141        146         1           -           -                        322         
E1           4454        1113        3341        -           4509        1907        323         3369        -           -           -           -                        8802, 323   
E2           1451        2854        8564        -           5206        8155        323         2275        -           -           -           -                        164, 323    
A            5094        916         4178        9272        8220        879         324         3531        916         1           -           -                        324         
E2           3115        3270        9812        -           8383        2145        325         8115        -           -           -           -                        8098, 325   
E1           7138        1784        5354        -           7018        6291        326         3778        -           -           -           -                        8637, 326   
A            7189        374         6815        8552        2865        330         329         3646        374         1           -           -                        329         
A            2537        127         2410        4947        5933        3485        329         1391        127         1           -           -                        329         
E1           5490        1372        4118        -           8342        8183        331         1324        -           -           -           -                        9712, 331   
E2           1011        2744        8234        -           7936        434         333         6501        -           -           -           -                        9731, 333   
E1           3070        2303        767         -           6799        2157        334         2469        -           -           -           -                        334, 5226   
E1           2898        2174        724         -           7707        6380        334         3536        -           -           -           -                        334, 2071   
E1           7494        5621        1873        -           9070        350         335         1316        -           -           -           -                        335, 1820   
E2           2543        9383        3127        -           1988        5360        336         9706        -           -           -           -                        336, 9757   
E1           5854        4391        1463        -           623         6304        336         487         -           -           -           -                        336, 6860   
E1           5942        1485        4457        -           8213        9109        337         1505        -           -           -           -                        9437, 337   
A            5674        326         5348        6056        6428        8467        338         5120        326         1           -           -                        338         
E1           9922        7442        2480        -           2199        1899        339         1762        -           -           -           -                        339, 3802   
E1           5098        3824        1274        -           372         715         341         1082        -           -           -           -                        341, 9248   
E1           8054        2013        6041        -           1527        7846        341         4368        -           -           -           -                        4745, 341   
E1           42          10          32          -           793         1902        343         3381        -           -           -           -                        5601, 343   
E2           1243        2802        8408        -           9445        2792        343         8816        -           -           -           -                        8996, 343   
E1           5578        1394        4184        -           6617        7574        346         6194        -           -           -           -                        8496, 346   
A            2953        1420        1533        4486        5273        9380        346         6684        1420        1           -           -                        346         
E1           9458        2364        7094        -           1932        1042        347         6130        -           -           -           -                        4108, 347   
E2           1627        8696        2898        -           1723        4297        348         7045        -           -           -           -                        348, 8517   
E1           6866        1716        5150        -           3843        7787        350         2109        -           -           -           -                        8381, 350   
E1           7074        5306        1768        -           4066        7878        351         6762        -           -           -           -                        351, 7640   
A            4793        821         3972        5786        5614        9826        356         1756        821         1           -           -                        356         
E2           2507        3118        9356        -           9412        9253        356         2760        -           -           -           -                        3648, 356   
A            4740        810         3930        6050        397         1145        356         8061        810         1           -           -                        356         
A            3531        1623        1908        5439        8935        6340        356         3794        1623        1           -           -                        356         
E1           1942        1457        485         -           9894        3241        357         3803        -           -           -           -                        357, 8997   
E1           8786        6590        2196        -           5253        2653        358         3242        -           -           -           -                        358, 6297   
E1           1566        391         1175        -           6118        5116        360         6932        -           -           -           -                        2444, 360   
E2           635         2650        7952        -           619         8989        361         4706        -           -           -           -                        3085, 361   
E1           8706        6530        2176        -           6606        7078        364         5502        -           -           -           -                        364, 1374   
E1           2066        516         1550        -           7337        3584        364         7458        -           -           -           -                        2460, 364   
A            5358        1227        4131        6735        4369        5228        365         8562        1227        1           -           -                        365         
E2           943         2727        8183        -           529         4644        365         8804        -           -           -           -                        2408, 365   
E1           7410        5558        1852        -           1971        4660        365         8473        -           -           -           -                        365, 3047   
A            3085        457         2628        3961        6199        5858        366         7573        457         1           -           -                        366         
E1           4246        1061        3185        -           7232        9812        366         7791        -           -           -           -                        4027, 366   
E1           4266        1066        3200        -           8836        6112        366         801         -           -           -           -                        111, 366    
E1           2302        1727        575         -           3024        6380        368         6431        -           -           -           -                        368, 6376   
E1           9366        7025        2341        -           7438        1197        368         4427        -           -           -           -                        368, 3729   
A            1852        35          1817        1931        300         239         369         9801        35          1           -           -                        369         
E1           538         134         404         -           8855        4866        371         8479        -           -           -           -                        3515, 371   
E2           3035        3250        9752        -           4638        5407        375         9121        -           -           -           -                        5618, 375   
E1           7150        1787        5363        -           6144        452         375         3029        -           -           -           -                        5412, 375   
E1           4418        1104        3314        -           5001        2507        377         8891        -           -           -           -                        7168, 377   
E1           3530        882         2648        -           3124        1720        378         9259        -           -           -           -                        7789, 378   
E1           6318        4739        1579        -           5508        1803        379         3097        -           -           -           -                        379, 6096   
E1           1822        1367        455         -           6192        9619        379         7197        -           -           -           -                        379, 3709   
A            5592        81          5511        5759        8251        8529        380         7754        81          1           -           -                        380         
E1           6394        1598        4796        -           4457        5782        380         4493        -           -           -           -                        9077, 380   
E1           8062        2015        6047        -           6319        6172        380         7390        -           -           -           -                        4086, 380   
E1           5702        4277        1425        -           1374        818         380         2970        -           -           -           -                        380, 6082   
A            3675        951         2724        6399        1871        9475        382         3852        951         1           -           -                        382         
E1           5038        3779        1259        -           1003        4782        383         4555        -           -           -           -                        383, 3590   
E1           1570        1178        392         -           5189        1690        386         709         -           -           -           -                        386, 2104   
E1           2890        2168        722         -           6203        9145        386         5539        -           -           -           -                        386, 1453   
E2           2899        3216        9650        -           3838        8724        388         2229        -           -           -           -                        4049, 388   
E2           1887        8891        2963        -           7963        2043        389         8376        -           -           -           -                        389, 8415   
E1           7446        1861        5585        -           2922        9622        390         3456        -           -           -           -                        8252, 390   
A            7734        867         6867        8715        928         9579        391         205         867         1           -           -                        391         
E1           7446        5585        1861        -           9083        6910        391         704         -           -           -           -                        391, 1364   
E1           618         154         464         -           4928        3089        392         5295        -           -           -           -                        9905, 392   
E1           8578        6434        2144        -           1023        6456        394         9340        -           -           -           -                        394, 2918   
E1           154         38          116         -           608         2585        394         623         -           -           -           -                        6922, 394   
A            5711        701         5010        7381        106         1292        395         4614        701         1           -           -                        395         
E1           8830        6623        2207        -           6655        9480        397         1927        -           -           -           -                        397, 8596   
A            5982        184         5798        6205        1289        6933        399         5320        184         1           -           -                        399         
E1           8294        2073        6221        -           55          1633        401         1125        -           -           -           -                        5800, 401   
E2           2823        9593        3197        -           9167        8046        401         3464        -           -           -           -                        401, 1694   
E1           5666        4250        1416        -           2548        1157        405         1183        -           -           -           -                        405, 285    
E1           6042        1510        4532        -           1788        8350        407         8106        -           -           -           -                        4974, 407   
E1           2098        1574        524         -           8139        2081        410         817         -           -           -           -                        410, 5686   
A            4659        135         4524        5790        8837        3082        411         485         135         1           -           -                        411         
E1           6938        5204        1734        -           6188        7007        412         9781        -           -           -           -                        412, 1226   
E1           586         146         440         -           5206        117         413         2554        -           -           -           -                        3231, 413   
E1           2742        685         2057        -           637         2055        413         4257        -           -           -           -                        5154, 413   
E1           4634        3476        1158        -           9698        8757        415         4915        -           -           -           -                        415, 9214   
A            2009        329         1680        2429        115         6348        415         4163        329         1           -           -                        415         
E1           3606        901         2705        -           3973        4188        417         1957        -           -           -           -                        7163, 417   
E1           7818        5864        1954        -           2380        4182        420         3805        -           -           -           -                        420, 5407   
E1           6222        1555        4667        -           9399        7510        420         85          -           -           -           -                        5617, 420   
A            4383        187         4196        8579        9476        896         421         3958        187         1           -           -                        421         
E2           427         7796        2598        -           4138        2208        421         9333        -           -           -           -                        421, 2672   
E1           1638        1229        409         -           5735        2673        421         4133        -           -           -           -                        421, 2452   
E1           1262        315         947         -           9290        4874        424         3739        -           -           -           -                        6401, 424   
E1           7522        5642        1880        -           7860        7294        425         196         -           -           -           -                        425, 7873   
A            2392        72          2320        3552        4252        9349        427         7126        72          1           -           -                        427         
E1           9430        7073        2357        -           5715        2990        430         4581        -           -           -           -                        430, 3793   
E1           5534        1383        4151        -           7241        2812        431         6153        -           -           -           -                        1634, 431   
E1           4794        3596        1198        -           6977        5918        432         6059        -           -           -           -                        432, 6771   
E2           1651        8714        2904        -           71          9756        433         3913        -           -           -           -                        433, 7308   
E2           691         7994        2664        -           7814        8614        434         6070        -           -           -           -                        434, 5131   
E1           4002        1000        3002        -           620         8462        434         7718        -           -           -           -                        6187, 434   
A            6222        568         5654        9049        4588        1968        437         5883        568         1           -           -                        437         
A            9585        60          9525        9712        5238        3602        437         6188        60          1           -           -                        437         
E1           1290        968         322         -           7905        7898        440         7018        -           -           -           -                        440, 5556   
E2           79          7535        2511        -           6701        2652        440         2021        -           -           -           -                        440, 6532   
A            7260        360         6900        8410        9825        2608        441         7578        360         1           -           -                        441         
E2           1547        8636        2878        -           2229        295         442         612         -           -           -           -                        442, 6339   
A            5255        767         4488        9743        4509        6092        446         2456        767         1           -           -                        446         
E1           4142        3107        1035        -           3518        4343        448         746         -           -           -           -                        448, 1187   
E1           506         126         380         -           1534        4031        449         7680        -           -           -           -                        4455, 449   
A            3206        717         2489        5695        2309        896         451         6009        717         1           -           -                        451         
A            5286        1002        4284        7428        2059        8257        452         4938        1002        1           -           -                        452         
E1           2474        1856        618         -           4718        452         453         6938        -           -           -           -                        453, 5925   
E1           2102        1577        525         -           9134        9438        453         7596        -           -           -           -                        453, 422    
E1           562         140         422         -           9705        2851        453         4108        -           -           -           -                        220, 453    
E1           9230        2307        6923        -           5315        541         454         5915        -           -           -           -                        4413, 454   
A            4754        930         3824        5710        1418        1213        455         1786        930         1           -           -                        455         
A            6366        590         5776        7088        347         480         457         9107        590         1           -           -                        457         
E1           8018        6014        2004        -           9050        9343        458         1276        -           -           -           -                        458, 1325   
A            5236        792         4444        6347        5836        3094        458         3409        792         1           -           -                        458         
E1           6822        1705        5117        -           7223        658         459         5604        -           -           -           -                        9160, 459   
E1           374         281         93          -           7487        2814        459         3629        -           -           -           -                        459, 2531   
E2           1123        8318        2772        -           7889        4027        462         1339        -           -           -           -                        462, 9062   
E1           6970        1742        5228        -           2945        6984        463         7409        -           -           -           -                        2177, 463   
E1           5710        1427        4283        -           1887        5217        464         1654        -           -           -           -                        7311, 464   
E2           2979        9710        3236        -           360         6856        464         1965        -           -           -           -                        464, 8627   
E1           7066        1766        5300        -           4964        6414        466         165         -           -           -           -                        3373, 466   
E1           5638        1409        4229        -           4034        7545        468         2775        -           -           -           -                        6199, 468   
A            4454        548         3906        8360        888         189         470         8935        548         1           -           -                        470         
E1           4598        1149        3449        -           6065        6775        472         9816        -           -           -           -                        5683, 472   
E2           1379        2836        8510        -           3632        5407        472         846         -           -           -           -                        1013, 472   
A            4543        578         3965        5336        4748        3998        473         844         578         1           -           -                        473         
A            3746        395         3351        4863        8536        3904        473         8915        395         1           -           -                        473         
A            4805        340         4465        9270        7225        9920        473         2697        340         1           -           -                        473         
E1           4074        1018        3056        -           43          4753        477         1878        -           -           -           -                        581, 477    
E1           1918        1439        479         -           7877        1589        477         7806        -           -           -           -                        477, 2463   
E1           4210        3158        1052        -           418         3658        478         246         -           -           -           -                        478, 924    
A            3783        1292        2491        6274        9427        9254        478         5461        1292        1           -           -                        478         
A            5092        111         4981        5385        3708        3477        479         5169        111         1           -           -                        479         
E2           1887        8891        2963        -           92          7473        479         855         -           -           -           -                        479, 6288   
E1           8790        6593        2197        -           2203        9482        479         9133        -           -           -           -                        479, 4792   
E2           803         2692        8078        -           6520        8130        480         618         -           -           -           -                        3040, 480   
E1           570         428         142         -           2577        3308        483         1408        -           -           -           -                        483, 3947   
E1           3622        905         2717        -           233         8553        485         9757        -           -           -           -                        2187, 485   
E1           7058        5294        1764        -           4287        6051        486         1266        -           -           -           -                        486, 4616   
A            4586        2024        2562        7148        1167        4806        490         6877        2024        1           -           -                        490         
E2           2307        3068        9206        -           3900        1003        490         9702        -           -           -           -                        6073, 490   
E2           1995        8972        2990        -           419         2558        493         6563        -           -           -           -                        493, 2939   
E1           3274        818         2456        -           4356        32          494         2961        -           -           -           -                        7619, 494   
A            3141        75          3066        3360        947         2740        494         1663        75          1           -           -                        494         
E1           9926        2481        7445        -           599         4392        496         1718        -           -           -           -                        2286, 496   
E1           9566        2391        7175        -           7415        2772        497         4096        -           -           -           -                        7440, 497   
E1           6146        4610        1536        -           284         7823        500         8790        -           -           -           -                        500, 9949   
A            7985        995         6990        9150        3028        6290        500         2209        995         1           -           -                        500         
E2           267         2558        7676        -           2057        3280        504         7061        -           -           -           -                        3092, 504   
E1           1342        1007        335         -           3511        7592        504         5658        -           -           -           -                        504, 6398   
E1           6990        1747        5243        -           5614        7574        505         3773        -           -           -           -                        5815, 505   
E1           1526        1145        381         -           6694        4079        505         764         -           -           -           -                        505, 5096   
A            1526        54          1472        1894        8844        8279        508         1278        54          1           -           -                        508         
E1           1438        359         1079        -           3310        6480        508         8591        -           -           -           -                        1466, 508   
E2           695         2665        7997        -           5681        9026        509         8006        -           -           -           -                        7367, 509   
A            8619        231         8388        9085        5855        1440        509         8166        231         1           -           -                        509         
E2           2823        3197        9593        -           4362        6349        511         2224        -           -           -           -                        4116, 511   
E2           1083        2762        8288        -           784         5080        511         3792        -           -           -           -                        4169, 511   
A            3234        694         2540        4504        6156        2112        513         5424        694         1           -           -                        513         
E1           930         698         232         -           2981        6631        514         6714        -           -           -           -                        514, 6337   
E2           2467        9326        3108        -           3624        9891        516         9238        -           -           -           -                        516, 3053   
E1           1526        1145        381         -           5597        8028        517         3113        -           -           -           -                        517, 9046   
E1           9530        2382        7148        -           6343        1604        518         1567        -           -           -           -                        4682, 518   
E2           1859        2956        8870        -           6541        2012        518         6958        -           -           -           -                        6009, 518   
E1           2962        740         2222        -           4940        6312        519         1816        -           -           -           -                        4744, 519   
E1           698         524         174         -           6062        4393        519         3808        -           -           -           -                        519, 3739   
A            7942        106         7836        9248        8731        1315        521         4048        106         1           -           -                        521         
E1           1542        385         1157        -           732         7429        521         232         -           -           -           -                        3658, 521   
E1           4174        1043        3131        -           2684        4039        524         9117        -           -           -           -                        9547, 524   
E1           8726        6545        2181        -           7747        922         524         5003        -           -           -           -                        524, 6820   
A            1724        302         1422        2435        2419        8769        524         6024        302         1           -           -                        524         
E1           5326        1331        3995        -           2664        3898        524         9859        -           -           -           -                        3882, 524   
E1           78          19          59          -           9922        914         525         1550        -           -           -           -                        7204, 525   
E1           3362        2522        840         -           3588        2348        526         5562        -           -           -           -                        526, 9220   
A            2940        504         2436        3549        1522        6086        528         1572        504         1           -           -                        528         
E1           9078        2269        6809        -           614         5291        528         2325        -           -           -           -                        7456, 528   
A            6695        813         5882        9636        8225        2203        528         4285        813         1           -           -                        528         
E2           1387        8516        2838        -           917         9709        529         8422        -           -           -           -                        529, 8622   
E2           1275        2810        8432        -           8856        7339        530         6062        -           -           -           -                        8027, 530   
E1           7066        1766        5300        -           3188        9958        531         5972        -           -           -           -                        8057, 531   
A            1561        394         1167        2728        5869        4708        532         1323        394         1           -           -                        532         
A            4879        167         4712        5468        1793        3116        533         8305        167         1           -           -                        533         
A            3866        444         3422        7288        8110        9582        535         354         444         1           -           -                        535         
E2           1311        8459        2819        -           5713        3222        535         4452        -           -           -           -                        535, 6091   
A            5665        7           5658        6608        8461        3265        536         2548        7           1           -           -                        536         
E1           6750        1687        5063        -           8528        2361        536         7881        -           -           -           -                        8267, 536   
E1           1158        869         289         -           4457        32          537         2961        -           -           -           -                        537, 4899   
E1           2166        1625        541         -           3603        8782        537         136         -           -           -           -                        537, 7085   
E1           2942        2207        735         -           916         6184        542         9001        -           -           -           -                        542, 3005   
A            7357        897         6460        8972        405         8611        543         962         897         1           -           -                        543         
E1           3510        2633        877         -           9720        8703        544         9230        -           -           -           -                        544, 5783   
E1           6714        5036        1678        -           1298        3899        547         5594        -           -           -           -                        547, 1558   
A            516         246         270         786         3124        2827        547         6515        246         1           -           -                        547         
E2           3083        9788        3262        -           7119        954         549         5610        -           -           -           -                        549, 4882   
E2           2507        3118        9356        -           5155        2405        550         6905        -           -           -           -                        5188, 550   
E1           5098        3824        1274        -           9866        4485        551         3120        -           -           -           -                        551, 6350   
A            4176        285         3891        8067        7989        7902        553         7785        285         1           -           -                        553         
E1           9422        7067        2355        -           1066        4596        554         7926        -           -           -           -                        554, 7949   
E1           8786        6590        2196        -           1571        224         555         4109        -           -           -           -                        555, 8732   
E2           375         2585        7757        -           9754        8154        555         4714        -           -           -           -                        605, 555    
E1           7150        1787        5363        -           5862        3173        556         1216        -           -           -           -                        6270, 556   
E1           2682        670         2012        -           6934        9199        556         1541        -           -           -           -                        7404, 556   
A            1333        13          1320        1363        2048        171         557         9018        13          1           -           -                        557         
E2           35          7502        2500        -           2692        5304        558         2439        -           -           -           -                        558, 677    
E1           7614        5711        1903        -           2386        5252        559         700         -           -           -           -                        559, 8823   
E1           5622        4217        1405        -           7385        5399        560         4426        -           -           -           -                        560, 9257   
E1           5254        3941        1313        -           1681        2426        561         785         -           -           -           -                        561, 2416   
E1           5458        4094        1364        -           6599        6286        563         5876        -           -           -           -                        563, 1832   
E2           1067        2758        8276        -           7839        1636        565         720         -           -           -           -                        5575, 565   
E1           5514        4136        1378        -           3740        3289        567         8561        -           -           -           -                        567, 2351   
E1           7802        1950        5852        -           2661        5819        568         6136        -           -           -           -                        6235, 568   
A            6044        197         5847        7993        2650        82          568         3607        197         1           -           -                        568         
E1           118         89          29          -           2397        4031        569         2287        -           -           -           -                        569, 986    
E2           1383        2837        8513        -           3679        3164        570         1843        -           -           -           -                        7398, 570   
E2           3095        3265        9797        -           8669        8661        570         9020        -           -           -           -                        6137, 570   
E2           1059        8270        2756        -           5920        9744        571         2611        -           -           -           -                        571, 6935   
E1           2038        509         1529        -           7559        2304        572         2297        -           -           -           -                        4661, 572   
A            6392        236         6156        8444        1457        1114        572         5678        236         1           -           -                        572         
E1           6546        1636        4910        -           1738        3183        575         3740        -           -           -           -                        192, 575    
E1           1254        313         941         -           8934        3904        576         8915        -           -           -           -                        7411, 576   
E1           7214        5411        1803        -           4712        902         576         3798        -           -           -           -                        576, 8826   
A            6750        106         6644        6901        5232        8972        578         2427        106         1           -           -                        578         
A            5723        1530        4193        9916        7764        2045        579         8419        1530        1           -           -                        579         
E1           9442        2360        7082        -           7922        2971        580         9844        -           -           -           -                        5448, 580   
A            2647        180         2467        5114        8114        8754        580         4857        180         1           -           -                        580         
E1           7834        1958        5876        -           3301        9953        581         7072        -           -           -           -                        8049, 581   
E1           3010        2258        752         -           1655        5629        583         2597        -           -           -           -                        583, 6272   
A            5626        1706        3920        7586        3671        3757        585         9343        1706        1           -           -                        585         
E1           802         200         602         -           5144        2466        587         9192        -           -           -           -                        5893, 587   
E1           9030        2257        6773        -           6111        4393        591         6159        -           -           -           -                        2315, 591   
A            4547        748         3799        8346        4330        6820        592         1280        748         1           -           -                        592         
E1           2638        1979        659         -           8541        4192        593         8379        -           -           -           -                        593, 2579   
E1           5238        3929        1309        -           5272        9918        594         290         -           -           -           -                        594, 2965   
E1           4946        3710        1236        -           7202        7973        595         9461        -           -           -           -                        595, 6247   
E1           4374        3281        1093        -           9579        1402        596         5720        -           -           -           -                        596, 2408   
E1           4214        1053        3161        -           5319        4732        596         6628        -           -           -           -                        5180, 596   
E1           726         181         545         -           1789        1370        597         8513        -           -           -           -                        6772, 597   
E1           4786        3590        1196        -           8261        6081        597         8516        -           -           -           -                        597, 3129   
E1           5058        1264        3794        -           5450        8663        599         4404        -           -           -           -                        1312, 599   
E1           2638        1979        659         -           6549        646         600         8453        -           -           -           -                        600, 7282   
A            3590        1360        2230        5820        4048        3222        600         4452        1360        1           -           -                        600         
A            7051        431         6620        8706        796         6497        600         3494        431         1           -           -                        600         
E2           359         2581        7745        -           5838        1758        601         3164        -           -           -           -                        8927, 601   
E1           3062        765         2297        -           8390        8427        602         3463        -           -           -           -                        2026, 602   
E1           4506        1126        3380        -           6668        1907        604         6598        -           -           -           -                        5461, 604   
E1           7030        5273        1757        -           8898        7030        606         9384        -           -           -           -                        606, 2197   
E1           4254        1063        3191        -           1591        7315        606         1429        -           -           -           -                        3201, 606   
E1           5562        1390        4172        -           9596        6958        606         7223        -           -           -           -                        3016, 606   
A            3602        354         3248        4008        9884        4635        609         1797        354         1           -           -                        609         
E1           9470        2367        7103        -           1539        543         609         2333        -           -           -           -                        9087, 609   
E1           4926        1231        3695        -           2668        6733        609         6482        -           -           -           -                        6076, 609   
A            5608        2083        3525        9133        2814        616         609         7329        2083        1           -           -                        609         
E1           8338        2084        6254        -           2057        7369        613         8558        -           -           -           -                        272, 613    
A            4641        425         4216        8857        9221        2540        613         7468        425         1           -           -                        613         
E1           5066        1266        3800        -           4267        7150        614         346         -           -           -           -                        5223, 614   
E1           4242        3182        1060        -           2098        7788        615         3213        -           -           -           -                        615, 1247   
A            2026        73          1953        2243        4133        4433        615         8045        73          1           -           -                        615         
E1           6506        1626        4880        -           7641        4289        617         1002        -           -           -           -                        9743, 617   
E1           5838        1459        4379        -           9373        4125        618         115         -           -           -           -                        8449, 618   
E1           1502        375         1127        -           8794        1356        619         1937        -           -           -           -                        5926, 619   
E1           8030        6023        2007        -           4338        3928        621         6028        -           -           -           -                        621, 8987   
E1           4674        1168        3506        -           953         7733        621         9142        -           -           -           -                        4158, 621   
A            1198        163         1035        1405        1504        6449        626         6700        163         1           -           -                        626         
E2           1451        8564        2854        -           3841        1030        626         119         -           -           -           -                        626, 7675   
E1           5694        4271        1423        -           3837        8185        626         557         -           -           -           -                        626, 4708   
A            4505        125         4380        4724        3392        6172        628         2577        125         1           -           -                        628         
A            4456        39          4417        8873        8440        1750        628         6971        39          1           -           -                        628         
A            5130        2490        2640        7770        898         5647        630         2156        2490        1           -           -                        630         
A            3850        178         3672        5686        2977        5044        631         519         178         1           -           -                        631         
E2           1575        8657        2885        -           967         121         631         3400        -           -           -           -                        631, 9257   
E1           7350        1837        5513        -           3950        6901        631         2496        -           -           -           -                        2615, 631   
E1           3966        2975        991         -           9295        2727        631         7367        -           -           -           -                        631, 8539   
E1           9178        2294        6884        -           9826        7718        632         3094        -           -           -           -                        4622, 632   
E1           2458        1844        614         -           662         6186        633         4640        -           -           -           -                        633, 4329   
E1           2118        1589        529         -           3343        5927        633         7311        -           -           -           -                        633, 9155   
E1           898         224         674         -           2797        1367        633         6425        -           -           -           -                        1989, 633   
A            1617        65          1552        1811        4835        6364        634         8792        65          1           -           -                        634         
E2           915         8162        2720        -           284         5545        636         5293        -           -           -           -                        636, 7406   
E1           7914        1978        5936        -           227         7329        637         4619        -           -           -           -                        6378, 637   
E2           399         7775        2591        -           1793        7750        638         5641        -           -           -           -                        638, 8241   
E2           2083        3012        9038        -           6159        3643        640         6773        -           -           -           -                        1064, 640   
E1           8982        6737        2245        -           3231        3664        641         5419        -           -           -           -                        641, 1554   
E2           2567        3133        9401        -           3227        997         641         8575        -           -           -           -                        2526, 641   
E1           3762        940         2822        -           1893        4779        642         9362        -           -           -           -                        379, 642    
E1           5098        1274        3824        -           5368        2088        643         3762        -           -           -           -                        1109, 643   
E2           703         2667        8003        -           5277        3423        645         2573        -           -           -           -                        8975, 645   
E1           6886        1721        5165        -           7274        9686        645         821         -           -           -           -                        5682, 645   
E1           1682        420         1262        -           1162        9634        646         6605        -           -           -           -                        2779, 646   
E1           9746        2436        7310        -           7958        1177        646         4444        -           -           -           -                        6407, 646   
A            4568        521         4047        8615        656         8871        649         3784        521         1           -           -                        649         
A            3525        1398        2127        5652        8590        7292        649         1063        1398        1           -           -                        649         
E1           642         482         160         -           4523        5212        650         4068        -           -           -           -                        650, 8157   
E2           1803        2942        8828        -           9668        5932        651         5157        -           -           -           -                        8023, 651   
E1           3686        921         2765        -           5047        4457        654         4017        -           -           -           -                        9235, 654   
E1           3002        2252        750         -           7148        1512        654         3252        -           -           -           -                        654, 9606   
E2           1327        8471        2823        -           8265        2676        655         118         -           -           -           -                        655, 9413   
E1           5646        1411        4235        -           7713        8396        656         5089        -           -           -           -                        8189, 656   
E1           8070        2017        6053        -           4217        4164        658         8495        -           -           -           -                        9518, 658   
E1           9874        7406        2468        -           5097        8237        658         4456        -           -           -           -                        658, 8470   
A            4730        154         4576        4938        3819        7823        659         8790        154         1           -           -                        659         
A            5507        1421        4086        9593        1568        1894        660         4050        1421        1           -           -                        660         
A            6259        874         5385        7336        2603        1477        660         6548        874         1           -           -                        660         
A            8518        172         8346        9909        5100        7571        660         6418        172         1           -           -                        660         
E1           4986        3740        1246        -           5967        3247        662         3039        -           -           -           -                        662, 9741   
A            6719        1403        5316        9377        3080        2621        663         2366        1403        1           -           -                        663         
E1           2218        554         1664        -           7000        6472        664         5892        -           -           -           -                        4417, 664   
E1           6358        4769        1589        -           2908        2112        664         4543        -           -           -           -                        664, 6819   
E1           4474        1118        3356        -           8450        5026        665         6011        -           -           -           -                        5041, 665   
A            6515        415         6100        7735        1399        3183        666         6227        415         1           -           -                        666         
A            4984        1672        3312        8296        3640        4471        668         3352        1672        1           -           -                        668         
E2           159         2531        7595        -           6472        8789        671         9048        -           -           -           -                        6101, 671   
A            8030        1398        6632        9688        6080        2454        671         5387        1398        1           -           -                        671         
E1           7282        1820        5462        -           8858        265         673         8797        -           -           -           -                        4421, 673   
E2           2675        3160        9482        -           9422        3562        673         9504        -           -           -           -                        2425, 673   
E1           8186        2046        6140        -           3860        8640        675         7184        -           -           -           -                        2358, 675   
A            9026        225         8801        9703        7238        1545        676         3780        225         1           -           -                        676         
E1           8162        2040        6122        -           559         2468        679         3534        -           -           -           -                        5798, 679   
A            7908        108         7800        8508        3850        3435        679         5245        108         1           -           -                        679         
E1           438         109         329         -           6064        1285        684         9778        -           -           -           -                        5288, 684   
A            6853        406         6447        9002        1955        7137        684         2585        406         1           -           -                        684         
E1           5866        4400        1466        -           4191        3986        684         7509        -           -           -           -                        684, 8657   
E1           4662        1165        3497        -           7976        350         684         1316        -           -           -           -                        1165, 684   
E2           3275        9932        3310        -           1692        9808        684         807         -           -           -           -                        684, 7365   
E2           2919        3221        9665        -           7124        4385        685         8234        -           -           -           -                        1518, 685   
E1           3554        888         2666        -           6724        4339        685         765         -           -           -           -                        4493, 685   
E2           679         7985        2661        -           9469        7557        686         5728        -           -           -           -                        686, 7867   
E1           4786        3590        1196        -           9003        8192        686         3615        -           -           -           -                        686, 390    
E1           4034        3026        1008        -           6705        1082        688         3244        -           -           -           -                        688, 5401   
A            4383        617         3766        6266        4825        212         688         8674        617         1           -           -                        688         
A            5408        1434        3974        7395        817         1290        688         3869        1434        1           -           -                        688         
E1           58          14          44          -           4306        6599        691         6907        -           -           -           -                        6392, 691   
A            5285        839         4446        6767        1571        4236        691         6402        839         1           -           -                        691         
E1           1990        497         1493        -           7524        5940        691         828         -           -           -           -                        7391, 691   
E1           2578        644         1934        -           5489        7409        691         7060        -           -           -           -                        9723, 691   
E1           4706        3530        1176        -           1293        3822        696         4913        -           -           -           -                        696, 1390   
A            6085        91          5994        6751        2579        7674        696         4599        91          1           -           -                        696         
E1           4654        3491        1163        -           8352        5545        697         5293        -           -           -           -                        697, 4037   
E1           330         82          248         -           4830        2392        698         9934        -           -           -           -                        6482, 698   
E2           2815        3195        9587        -           5696        4545        699         8083        -           -           -           -                        7881, 699   
E2           483         7838        2612        -           7465        564         701         937         -           -           -           -                        701, 3170   
E1           1846        1385        461         -           6834        1157        702         1183        -           -           -           -                        702, 8718   
A            3595        607         2988        5089        1356        2422        702         2551        607         1           -           -                        702         
E1           9118        2279        6839        -           4348        8286        702         9736        -           -           -           -                        8325, 702   
E1           4854        3641        1213        -           7611        7416        703         6543        -           -           -           -                        703, 3582   
E1           7022        5267        1755        -           8157        4323        705         9474        -           -           -           -                        705, 8856   
E1           6646        4985        1661        -           8106        3114        706         8213        -           -           -           -                        706, 7351   
E1           8570        6428        2142        -           6989        2909        706         3579        -           -           -           -                        706, 8038   
E2           779         2686        8060        -           8483        6444        706         7910        -           -           -           -                        4679, 706   
E1           2570        642         1928        -           7488        6186        707         5327        -           -           -           -                        9938, 707   
E1           7398        1849        5549        -           6278        7586        708         5803        -           -           -           -                        8816, 708   
E1           4622        1155        3467        -           9498        2321        708         2824        -           -           -           -                        2233, 708   
E1           170         42          128         -           9021        9817        709         2065        -           -           -           -                        4780, 709   
A            2805        353         2452        3418        6366        9454        710         5018        353         1           -           -                        710         
E1           8838        2209        6629        -           6563        9767        711         9167        -           -           -           -                        2185, 711   
E1           7050        5288        1762        -           5244        2086        712         1149        -           -           -           -                        712, 60     
E2           1719        2921        8765        -           1307        8260        714         2351        -           -           -           -                        9263, 714   
A            4771        1186        3585        5966        8159        1860        716         2017        1186        1           -           -                        716         
A            4524        1002        3522        6285        2700        9028        716         4408        1002        1           -           -                        716         
E1           6586        1646        4940        -           3427        16          717         4904        -           -           -           -                        9624, 717   
E1           6442        4832        1610        -           4480        2626        719         4771        -           -           -           -                        719, 4800   
A            6743        1364        5379        8536        6185        8062        722         980         1364        1           -           -                        722         
E2           687         7991        2663        -           2499        4012        723         7976        -           -           -           -                        723, 8944   
E1           1190        297         893         -           4635        9295        724         4761        -           -           -           -                        3413, 724   
A            3770        791         2979        4763        271         4100        727         3644        791         1           -           -                        727         
A            5500        1880        3620        9120        2460        733         728         3080        1880        1           -           -                        728         
A            4355        12          4343        4398        8356        6048        728         1689        12          1           -           -                        728         
E1           442         110         332         -           8196        8628        729         3281        -           -           -           -                        7624, 729   
A            7960        43          7917        8337        3620        2450        729         4766        43          1           -           -                        729         
E1           5462        4097        1365        -           1734        3192        731         4595        -           -           -           -                        731, 6486   
E1           1278        959         319         -           2410        4266        731         2701        -           -           -           -                        731, 8810   
E1           374         281         93          -           7529        8880        732         2694        -           -           -           -                        732, 8401   
E1           4406        3305        1101        -           5029        619         734         9492        -           -           -           -                        734, 2833   
A            3942        1731        2211        6153        4310        790         734         2861        1731        1           -           -                        734         
E1           3786        2840        946         -           40          5266        734         71          -           -           -           -                        734, 7425   
E1           2674        2006        668         -           6298        5228        737         8562        -           -           -           -                        737, 3035   
E1           1486        371         1115        -           2119        6977        739         4304        -           -           -           -                        1285, 739   
E1           8250        2062        6188        -           565         8645        740         4749        -           -           -           -                        2568, 740   
A            3832        1464        2368        6200        5759        5361        740         4301        1464        1           -           -                        740         
E1           2026        1520        506         -           8890        676         741         2960        -           -           -           -                        741, 3769   
A            5592        1386        4206        7695        4174        1862        741         7866        1386        1           -           -                        741         
E1           9186        6890        2296        -           7028        8768        741         798         -           -           -           -                        741, 7221   
E1           3262        815         2447        -           2602        7244        742         5183        -           -           -           -                        1578, 742   
E1           8234        6176        2058        -           1451        9423        742         4634        -           -           -           -                        742, 5735   
A            2631        602         2029        4660        227         4543        744         7906        602         1           -           -                        744         
E1           1106        830         276         -           4138        997         744         8575        -           -           -           -                        744, 1949   
A            8142        1530        6612        9795        268         5206        746         8857        1530        1           -           -                        746         
E1           9042        6782        2260        -           5004        8965        747         3248        -           -           -           -                        747, 4446   
A            4695        317         4378        5093        9048        8660        748         3134        317         1           -           -                        748         
A            6020        2303        3717        9737        4532        7473        748         9112        2303        1           -           -                        748         
A            1745        215         1530        2051        451         4756        748         7647        215         1           -           -                        748         
A            6643        475         6168        7414        2693        9100        751         4893        475         1           -           -                        751         
E2           247         2553        7661        -           7875        9497        752         8627        -           -           -           -                        8504, 752   
E1           3714        928         2786        -           405         1092        755         273         -           -           -           -                        7278, 755   
A            4882        2061        2821        7703        5335        8401        755         1452        2061        1           -           -                        755         
A            4788        958         3830        6703        6182        5723        757         6791        958         1           -           -                        757         
E2           2583        9413        3137        -           7299        739         758         3071        -           -           -           -                        758, 3155   
E1           5842        4382        1460        -           6054        2754        760         6596        -           -           -           -                        760, 134    
E1           6254        4691        1563        -           8210        9725        760         8410        -           -           -           -                        760, 679    
E1           5354        1338        4016        -           9579        2842        761         2925        -           -           -           -                        6866, 761   
E1           9630        7223        2407        -           3601        140         761         1087        -           -           -           -                        761, 2885   
A            6043        2402        3641        9684        3181        8300        763         6612        2402        1           -           -                        763         
A            6491        569         5922        7149        9478        658         763         5604        569         1           -           -                        763         
E2           831         2699        8099        -           3426        124         764         667         -           -           -           -                        5712, 764   
A            3276        1112        2164        5440        1367        6165        764         7343        1112        1           -           -                        764         
E1           4370        3278        1092        -           5266        6687        765         7897        -           -           -           -                        765, 8663   
A            3297        749         2548        4571        1842        8449        765         3155        749         1           -           -                        765         
E2           1039        2751        8255        -           9568        343         766         2616        -           -           -           -                        189, 766    
E1           410         102         308         -           707         5407        769         846         -           -           -           -                        7705, 769   
E1           9798        2449        7349        -           9215        6010        772         1680        -           -           -           -                        9471, 772   
E1           7882        1970        5912        -           4180        1878        772         7893        -           -           -           -                        5635, 772   
A            7885        375         7510        8636        1365        8272        773         8872        375         1           -           -                        773         
E1           2138        1604        534         -           5098        233         773         8153        -           -           -           -                        773, 6087   
A            3974        791         3183        7157        7891        2930        775         3538        791         1           -           -                        775         
E1           1106        276         830         -           6905        2769        775         2630        -           -           -           -                        5870, 775   
E1           1446        1085        361         -           1024        2513        776         1062        -           -           -           -                        776, 1397   
E2           1807        2943        8831        -           2809        5758        778         5735        -           -           -           -                        8552, 778   
E1           7118        5339        1779        -           6093        8538        779         4483        -           -           -           -                        779, 8539   
E1           718         539         179         -           9855        9106        780         1864        -           -           -           -                        780, 2588   
E2           915         8162        2720        -           9325        1420        783         7284        -           -           -           -                        783, 6579   
A            6144        2616        3528        9672        487         4768        783         1438        2616        1           -           -                        783         
A            6813        523         6290        9958        6857        7573        784         9547        523         1           -           -                        784         
E1           6694        5021        1673        -           4324        939         784         4088        -           -           -           -                        784, 6438   
E1           4230        3173        1057        -           5683        2799        786         7535        -           -           -           -                        786, 5825   
A            5347        2407        2940        8287        2831        8023        787         1219        2407        1           -           -                        787         
A            4077        235         3842        5998        9564        8394        789         7790        235         1           -           -                        789         
A            5814        752         5062        8345        7579        8006        790         8197        752         1           -           -                        790         
E2           339         7730        2576        -           2035        7327        791         665         -           -           -           -                        791, 7476   
E1           894         223         671         -           3907        989         791         2745        -           -           -           -                        6419, 791   
E2           2019        2996        8990        -           212         5348        794         6220        -           -           -           -                        9550, 794   
E1           8226        6170        2056        -           5356        7226        795         7843        -           -           -           -                        795, 6839   
E1           5258        3944        1314        -           6591        7679        795         8903        -           -           -           -                        795, 8141   
E1           6090        4568        1522        -           3942        4403        795         254         -           -           -           -                        795, 7774   
E1           9662        7247        2415        -           1690        4461        795         5955        -           -           -           -                        795, 327    
E1           1678        1259        419         -           5893        8146        795         4489        -           -           -           -                        795, 3315   
E1           9014        2253        6761        -           858         5220        797         7565        -           -           -           -                        8254, 797   
E2           547         7886        2628        -           1823        3004        798         7932        -           -           -           -                        798, 6712   
E1           5842        4382        1460        -           598         9715        801         174         -           -           -           -                        801, 115    
E2           535         2625        7877        -           9935        8837        801         4590        -           -           -           -                        1840, 801   
A            5648        766         4882        8089        3869        6937        802         1618        766         1           -           -                        802         
E2           1019        2746        8240        -           6748        1831        802         541         -           -           -           -                        6671, 802   
A            3252        215         3037        6289        6793        20          804         4481        215         1           -           -                        804         
E1           7406        1851        5555        -           4236        3418        810         4271        -           -           -           -                        8683, 810   
A            1378        192         1186        2564        8612        3139        813         375         192         1           -           -                        813         
E1           7370        1842        5528        -           5662        794         815         6334        -           -           -           -                        5213, 815   
A            4676        1752        2924        7600        7628        9299        815         4840        1752        1           -           -                        815         
E2           3251        3304        9914        -           1545        9614        819         5763        -           -           -           -                        6939, 819   
E2           2351        9239        3079        -           3558        8398        820         6510        -           -           -           -                        820, 7086   
E2           1487        2863        8591        -           2933        8863        821         3022        -           -           -           -                        9690, 821   
E1           4586        1146        3440        -           7041        403         826         531         -           -           -           -                        7248, 826   
E1           6794        5096        1698        -           3030        1040        826         9745        -           -           -           -                        826, 8972   
A            3338        80          3258        4967        4579        6579        827         9782        80          1           -           -                        827         
E1           2014        1511        503         -           2382        6480        828         8591        -           -           -           -                        828, 8850   
E1           4550        3413        1137        -           6516        5694        829         1342        -           -           -           -                        829, 5627   
E1           5958        4469        1489        -           9161        2228        830         6635        -           -           -           -                        830, 9694   
E1           3542        2657        885         -           9780        2544        830         9100        -           -           -           -                        830, 8817   
E1           3526        881         2645        -           5424        7680        834         2           -           -           -           -                        6996, 834   
E2           903         2717        8153        -           1616        1060        835         6891        -           -           -           -                        5891, 835   
E1           22          5           17          -           950         2988        835         5613        -           -           -           -                        5004, 835   
E2           3063        3257        9773        -           9929        8021        837         9619        -           -           -           -                        5044, 837   
A            5057        1244        3813        6328        2515        165         837         6591        1244        1           -           -                        837         
A            7697        442         7255        9148        3792        3903        838         7386        442         1           -           -                        838         
E1           626         470         156         -           1337        3836        838         3765        -           -           -           -                        838, 9792   
A            4290        849         3441        7731        4668        3877        840         4657        849         1           -           -                        840         
A            4839        598         4241        9080        5702        9182        841         91          598         1           -           -                        841         
A            6501        951         5550        7611        2340        9063        843         4460        951         1           -           -                        843         
A            3170        380         2790        5960        5344        7357        846         5185        380         1           -           -                        846         
E2           247         2553        7661        -           7111        1761        846         3988        -           -           -           -                        9567, 846   
E1           5194        3896        1298        -           675         3735        847         2767        -           -           -           -                        847, 9114   
E2           859         2706        8120        -           3453        1370        848         8513        -           -           -           -                        7820, 848   
E2           1403        8528        2842        -           9461        2054        849         2859        -           -           -           -                        849, 5389   
A            6848        93          6755        7041        4135        8925        849         2220        93          1           -           -                        849         
E2           2739        9530        3176        -           8195        4693        850         7408        -           -           -           -                        850, 8148   
E1           2466        616         1850        -           6762        1383        851         2497        -           -           -           -                        9645, 851   
E1           3898        974         2924        -           4974        1163        851         6717        -           -           -           -                        7819, 851   
E1           5346        1336        4010        -           6954        1126        852         1465        -           -           -           -                        960, 852    
E1           6290        1572        4718        -           5909        3475        853         9161        -           -           -           -                        555, 853    
E2           1175        8357        2785        -           684         6270        853         4748        -           -           -           -                        853, 106    
E1           3442        860         2582        -           4059        7699        854         6721        -           -           -           -                        6451, 854   
A            5235        1558        3677        8912        7139        2041        854         5857        1558        1           -           -                        854         
E1           2606        1955        651         -           1948        1163        857         3250        -           -           -           -                        857, 8597   
E2           1903        8903        2967        -           6870        3589        858         3180        -           -           -           -                        858, 4811   
A            3316        662         2654        4643        1943        4219        860         857         662         1           -           -                        860         
E1           5410        1352        4058        -           7566        1131        861         2843        -           -           -           -                        1440, 861   
E1           2722        2042        680         -           8984        7514        861         8079        -           -           -           -                        861, 1194   
E1           6062        1515        4547        -           1262        8420        862         8902        -           -           -           -                        4593, 862   
E2           1091        8294        2764        -           1936        4680        863         4648        -           -           -           -                        863, 6485   
A            8699        999         7700        9799        3870        4234        864         2944        999         1           -           -                        864         
A            5273        161         5112        5841        1395        8235        867         7445        161         1           -           -                        867         
E1           274         68          206         -           1090        2043        868         8376        -           -           -           -                        9698, 868   
E1           9750        7313        2437        -           6942        1498        868         5645        -           -           -           -                        868, 2195   
A            4769        347         4422        5171        1645        3893        868         8507        347         1           -           -                        868         
E1           3154        2366        788         -           6375        6011        869         1137        -           -           -           -                        869, 8237   
E1           4538        1134        3404        -           4440        4543        869         2061        -           -           -           -                        9124, 869   
E1           3350        837         2513        -           5698        9645        870         5309        -           -           -           -                        8699, 870   
E2           795         8072        2690        -           4581        289         872         4462        -           -           -           -                        872, 6213   
E1           3802        950         2852        -           7509        3296        872         9626        -           -           -           -                        6308, 872   
A            4080        2003        2077        6157        6552        9793        875         5177        2003        1           -           -                        875         
E1           3706        926         2780        -           7353        1292        875         5353        -           -           -           -                        1887, 875   
E1           8958        2239        6719        -           123         5068        875         6987        -           -           -           -                        1244, 875   
E2           387         2588        7766        -           4521        7337        875         1643        -           -           -           -                        6016, 875   
A            3268        765         2503        5771        5956        7175        875         6970        765         1           -           -                        875         
E1           6486        1621        4865        -           5113        1960        876         51          -           -           -           -                        9394, 876   
A            2194        34          2160        3274        9239        3473        876         5668        34          1           -           -                        876         
E1           722         542         180         -           3765        9813        876         6801        -           -           -           -                        876, 6776   
E1           3950        2963        987         -           5582        5515        877         2020        -           -           -           -                        877, 8697   
E1           8518        2129        6389        -           9317        8500        878         8231        -           -           -           -                        576, 878    
E2           479         7835        2611        -           8137        1091        879         3781        -           -           -           -                        879, 4506   
E1           6018        4514        1504        -           6822        4245        881         2461        -           -           -           -                        881, 8482   
E1           7466        5600        1866        -           1780        9469        881         1459        -           -           -           -                        881, 5787   
E2           2947        3228        9686        -           7389        1829        884         2736        -           -           -           -                        2143, 884   
A            3363        765         2598        5961        9377        6460        885         5489        765         1           -           -                        885         
E1           7726        1931        5795        -           852         9744        886         2611        -           -           -           -                        6705, 886   
E1           8490        2122        6368        -           6402        9830        887         9438        -           -           -           -                        5944, 887   
E1           2922        2192        730         -           5916        6842        887         1301        -           -           -           -                        887, 5899   
E1           7618        1904        5714        -           5708        8078        887         5588        -           -           -           -                        4730, 887   
A            1915        853         1062        2977        9357        1482        887         6518        853         1           -           -                        887         
E1           4646        3485        1161        -           5062        5810        889         7599        -           -           -           -                        889, 1671   
A            7617        225         7392        7848        1786        2192        893         9024        225         1           -           -                        893         
E2           1895        2965        8897        -           4036        8503        893         8123        -           -           -           -                        1828, 893   
E1           7038        1759        5279        -           9311        4941        895         1228        -           -           -           -                        376, 895    
A            1615        374         1241        2856        5903        686         897         1751        374         1           -           -                        897         
E1           9498        7124        2374        -           664         8728        899         7516        -           -           -           -                        899, 9526   
E1           5770        4328        1442        -           5047        2989        899         696         -           -           -           -                        899, 5257   
A            2295        91          2204        2411        889         3411        900         4395        91          1           -           -                        900         
E1           3402        2552        850         -           9587        4143        901         4085        -           -           -           -                        901, 4361   
A            5115        242         4873        5558        122         3967        901         4577        242         1           -           -                        901         
A            6137        2611        3526        9663        891         2662        902         6972        2611        1           -           -                        902         
E1           8346        6260        2086        -           6642        1622        905         2636        -           -           -           -                        905, 7065   
E1           3338        834         2504        -           4948        4925        906         6434        -           -           -           -                        5622, 906   
E1           2054        513         1541        -           801         9169        907         6384        -           -           -           -                        4657, 907   
A            3088        43          3045        3193        3416        1311        908         6988        43          1           -           -                        908         
E2           847         8111        2703        -           1871        3402        908         8549        -           -           -           -                        908, 191    
E1           262         197         65          -           7010        6294        909         2174        -           -           -           -                        909, 8838   
A            6237        1419        4818        8646        3978        4001        912         7314        1419        1           -           -                        912         
A            8344        37          8307        8983        6052        7760        912         4165        37          1           -           -                        912         
E1           682         170         512         -           2131        9361        912         262         -           -           -           -                        3607, 912   
A            8723        589         8134        9885        7613        7850        913         5847        589         1           -           -                        913         
E1           14          3           11          -           9614        3441        913         8527        -           -           -           -                        974, 913    
E2           907         2718        8156        -           4933        8028        914         6854        -           -           -           -                        6713, 914   
E1           202         50          152         -           4819        1026        915         2908        -           -           -           -                        1319, 915   
A            6612        1476        5136        8324        5913        7826        916         334         1476        1           -           -                        916         
A            3443        129         3314        5100        1842        8801        916         8847        129         1           -           -                        916         
E1           8074        6056        2018        -           9296        2980        917         2531        -           -           -           -                        917, 167    
E2           1027        2748        8246        -           3028        6210        918         4438        -           -           -           -                        7474, 918   
E1           5622        1405        4217        -           5009        8889        918         3182        -           -           -           -                        7418, 918   
E2           1515        8612        2870        -           4084        880         920         3575        -           -           -           -                        920, 6332   
E1           750         187         563         -           3976        903         921         2013        -           -           -           -                        1467, 921   
E1           6986        1746        5240        -           8332        5524        922         4955        -           -           -           -                        1525, 922   
E1           7034        1758        5276        -           1932        2956        923         1270        -           -           -           -                        316, 923    
E1           8254        6191        2063        -           3016        2739        924         316         -           -           -           -                        924, 907    
E1           4606        3455        1151        -           6841        9319        926         7514        -           -           -           -                        926, 2974   
A            6647        1411        5236        9265        5124        7621        928         1819        1411        1           -           -                        928         
E2           479         2611        7835        -           5365        6422        930         8968        -           -           -           -                        845, 930    
E1           7922        5942        1980        -           340         4861        933         8636        -           -           -           -                        933, 1674   
E1           4458        3344        1114        -           893         1289        934         852         -           -           -           -                        934, 6363   
A            5780        1733        4047        9827        251         6750        935         2588        1733        1           -           -                        935         
A            969         67          902         1871        4123        5268        941         1025        67          1           -           -                        941         
E1           9034        2258        6776        -           2308        4220        941         3188        -           -           -           -                        2498, 941   
E1           2310        1733        577         -           4699        346         942         4811        -           -           -           -                        942, 9110   
A            6058        326         5732        7491        6053        5990        943         7069        326         1           -           -                        943         
E1           1550        1163        387         -           1122        5354        945         1982        -           -           -           -                        945, 7927   
E1           8246        2061        6185        -           6103        9211        946         8117        -           -           -           -                        4704, 946   
E1           3422        2567        855         -           8653        3479        946         4132        -           -           -           -                        946, 3354   
E2           7           2493        7481        -           2415        338         947         1883        -           -           -           -                        2626, 947   
E2           3119        9815        3271        -           4606        1141        947         9941        -           -           -           -                        947, 5921   
E2           2871        9629        3209        -           761         8553        947         9757        -           -           -           -                        947, 1074   
E1           1082        270         812         -           8055        5081        947         7350        -           -           -           -                        1863, 947   
A            4237        875         3362        5918        4459        1870        948         7761        875         1           -           -                        948         
E1           8406        2101        6305        -           1823        4527        950         4047        -           -           -           -                        4329, 950   
E1           3698        2774        924         -           8209        5309        950         486         -           -           -           -                        950, 2200   
E1           3402        850         2552        -           1271        5671        950         7819        -           -           -           -                        4349, 950   
E1           3174        2381        793         -           3724        4356        951         7872        -           -           -           -                        951, 1646   
E1           2142        1607        535         -           1986        5531        951         2746        -           -           -           -                        951, 8301   
E1           9834        2458        7376        -           2722        6549        952         6980        -           -           -           -                        1954, 952   
E2           327         2573        7721        -           5810        6063        953         2421        -           -           -           -                        6168, 953   
A            1468        472         996         2464        7859        2779        954         2118        472         1           -           -                        954         
E1           7326        1831        5495        -           5313        146         955         1518        -           -           -           -                        5759, 955   
E1           5354        4016        1338        -           3963        9210        957         3014        -           -           -           -                        957, 5557   
E1           1794        448         1346        -           3525        7783        957         5248        -           -           -           -                        9709, 957   
A            891         158         733         1624        7389        8157        958         1616        158         1           -           -                        958         
A            9364        166         9198        9802        3056        3219        959         3829        166         1           -           -                        959         
E1           5006        3755        1251        -           9632        4579        959         6088        -           -           -           -                        959, 4951   
E1           2738        2054        684         -           4420        8218        960         5453        -           -           -           -                        960, 3363   
E1           2034        1526        508         -           5317        574         961         9598        -           -           -           -                        961, 4450   
E2           2455        3105        9317        -           7347        5900        962         4697        -           -           -           -                        5836, 962   
E2           1343        2827        8483        -           5457        3545        963         8289        -           -           -           -                        1858, 963   
E1           198         49          149         -           4059        9038        965         5633        -           -           -           -                        7718, 965   
E2           1331        2824        8474        -           4689        628         966         7013        -           -           -           -                        1178, 966   
E1           4582        1145        3437        -           2904        7581        971         5358        -           -           -           -                        7223, 971   
E1           4646        1161        3485        -           1835        3233        974         5769        -           -           -           -                        8827, 974   
E1           4242        3182        1060        -           328         4810        976         2623        -           -           -           -                        976, 2530   
E1           7310        1827        5483        -           1659        9706        976         6057        -           -           -           -                        7669, 976   
A            9170        154         9016        9814        648         6506        981         31          154         1           -           -                        981         
E2           771         2684        8054        -           7136        2732        981         7146        -           -           -           -                        5874, 981   
E1           3546        2660        886         -           5280        5328        984         7438        -           -           -           -                        984, 4627   
A            5659        1574        4085        9744        8615        6952        984         6442        1574        1           -           -                        984         
E1           8122        2030        6092        -           3968        7872        985         6466        -           -           -           -                        9030, 985   
E1           3922        980         2942        -           4330        3881        988         2210        -           -           -           -                        9255, 988   
E1           1150        863         287         -           1485        8033        990         410         -           -           -           -                        990, 353    
E2           1703        8753        2917        -           6353        4293        991         9675        -           -           -           -                        991, 7317   
E2           723         8018        2672        -           7307        3933        993         1848        -           -           -           -                        993, 9368   
E1           7646        1911        5735        -           7106        7291        993         6608        -           -           -           -                        6807, 993   
E1           5854        4391        1463        -           3134        916         994         3840        -           -           -           -                        994, 8666   
E2           827         8096        2698        -           1277        4909        995         100         -           -           -           -                        995, 6911   
E1           1378        344         1034        -           5462        664         995         3146        -           -           -           -                        2446, 995   
E2           2123        3022        9068        -           3207        451         995         7233        -           -           -           -                        3498, 995   
E1           1826        456         1370        -           568         6258        995         8564        -           -           -           -                        7161, 995   
E1           906         680         226         -           6187        1089        997         1160        -           -           -           -                        997, 2979   
E1           786         590         196         -           5662        98          999         3901        -           -           -           -                        999, 1604   
E2           587         7916        2638        -           2626        2123        1000        5590        -           -           -           -                        1000, 5923  
A            4575        26          4549        9124        7031        445         1001        1677        26          1           -           -                        1001        
E1           2238        559         1679        -           3080        6548        1003        2534        -           -           -           -                        5435, 1003  
E2           1755        2930        8792        -           1063        340         1003        2675        -           -           -           -                        3130, 1003  
A            2427        219         2208        2795        3668        8889        1003        3182        219         1           -           -                        1003        
E1           5542        4157        1385        -           4313        3188        1003        8452        -           -           -           -                        1003, 1492  
E1           6086        4565        1521        -           7320        2830        1004        9103        -           -           -           -                        1004, 6837  
A            5435        1061        4374        6893        4538        7278        1004        6385        1061        1           -           -                        1004        
E1           7170        1792        5378        -           7045        1692        1005        3656        -           -           -           -                        8560, 1005  
A            3009        220         2789        5798        9716        4742        1008        2064        220         1           -           -                        1008        
E1           8898        2224        6674        -           4477        3653        1015        94          -           -           -           -                        1127, 1015  
E1           966         241         725         -           360         5905        1016        7116        -           -           -           -                        4598, 1016  
A            3690        326         3364        5372        3718        6773        1017        9506        326         1           -           -                        1017        
A            6670        1519        5151        8387        5830        9659        1018        826         1519        1           -           -                        1018        
A            8726        22          8704        8862        1381        3182        1018        8704        22          1           -           -                        1018        
E1           6662        1665        4997        -           8159        6067        1019        5815        -           -           -           -                        5867, 1019  
E1           7354        5516        1838        -           9426        2664        1020        303         -           -           -           -                        1020, 9678  
A            4602        108         4494        6100        2879        286         1021        2188        108         1           -           -                        1021        
E2           1627        2898        8696        -           5042        6088        1022        3883        -           -           -           -                        8127, 1022  
E1           9254        6941        2313        -           8851        4048        1023        6308        -           -           -           -                        1023, 9728  
E1           186         140         46          -           8410        8055        1024        7656        -           -           -           -                        1024, 5340  
E1           1762        440         1322        -           8829        668         1024        1979        -           -           -           -                        6827, 1024  
E2           3255        3305        9917        -           9758        3685        1024        5993        -           -           -           -                        7659, 1024  
E1           5998        1499        4499        -           5722        3199        1026        110         -           -           -           -                        1152, 1026  
E2           3019        9740        3246        -           7426        7496        1029        5064        -           -           -           -                        1029, 306   
E1           5482        4112        1370        -           3574        5081        1029        2617        -           -           -           -                        1029, 982   
E2           3079        3261        9785        -           7839        2063        1030        9380        -           -           -           -                        8532, 1030  
E2           2791        3189        9569        -           3277        9502        1030        4107        -           -           -           -                        9674, 1030  
E2           2355        3080        9242        -           4372        4487        1032        9147        -           -           -           -                        9049, 1032  
E1           9646        7235        2411        -           4728        2729        1032        3229        -           -           -           -                        1032, 2736  
E2           255         2555        7667        -           8312        2559        1033        4455        -           -           -           -                        4182, 1033  
A            6126        2629        3497        9623        4332        819         1033        9068        2629        1           -           -                        1033        
E1           4458        3344        1114        -           7552        6426        1033        3907        -           -           -           -                        1033, 5234  
E1           154         38          116         -           7109        8559        1033        8579        -           -           -           -                        5601, 1033  
E1           686         515         171         -           5959        8909        1038        7592        -           -           -           -                        1038, 7377  
A            3755        620         3135        4800        8154        778         1038        3672        620         1           -           -                        1038        
E1           6934        1733        5201        -           9361        7586        1039        5803        -           -           -           -                        8654, 1039  
E1           2098        1574        524         -           5541        4115        1040        5107        -           -           -           -                        1040, 6887  
E1           306         76          230         -           5277        4955        1041        6860        -           -           -           -                        5399, 1041  
A            4386        434         3952        8338        5742        7639        1042        1538        434         1           -           -                        1042        
E1           2018        504         1514        -           695         2814        1042        3629        -           -           -           -                        6702, 1042  
E1           8250        6188        2062        -           9860        880         1043        3575        -           -           -           -                        1043, 5874  
E1           4262        1065        3197        -           9394        9278        1044        4799        -           -           -           -                        4687, 1044  
A            6233        23          6210        7268        745         7582        1044        4629        23          1           -           -                        1044        
E1           7878        1969        5909        -           6978        3864        1045        1790        -           -           -           -                        7469, 1045  
E2           1939        2976        8930        -           1174        4423        1045        2108        -           -           -           -                        4722, 1045  
E1           4174        3131        1043        -           5337        4831        1046        8552        -           -           -           -                        1046, 9896  
E1           9254        2313        6941        -           4345        3184        1046        5015        -           -           -           -                        3071, 1046  
A            1850        553         1297        3147        3717        3653        1047        94          553         1           -           -                        1047        
A            799         181         618         1417        618         470         1047        468         181         1           -           -                        1047        
E1           4670        3503        1167        -           6689        5858        1050        7573        -           -           -           -                        1050, 3354  
E1           8298        2074        6224        -           959         2287        1051        2060        -           -           -           -                        6138, 1051  
A            2639        223         2416        3847        4922        1315        1051        4048        223         1           -           -                        1051        
E1           9934        2483        7451        -           6106        448         1051        8624        -           -           -           -                        9821, 1051  
E1           1306        980         326         -           1270        6828        1053        7064        -           -           -           -                        1053, 9721  
A            8598        93          8505        8787        6913        9034        1053        1028        93          1           -           -                        1053        
E1           2822        2117        705         -           4063        4349        1053        4475        -           -           -           -                        1053, 5955  
E1           3910        977         2933        -           5416        6645        1054        6259        -           -           -           -                        2167, 1054  
A            5366        2025        3341        8707        4885        6590        1055        8631        2025        1           -           -                        1055        
E2           2815        9587        3195        -           4678        8062        1057        980         -           -           -           -                        1057, 1084  
E1           3186        796         2390        -           1145        1329        1057        7983        -           -           -           -                        7013, 1057  
E2           1167        8351        2783        -           3337        1125        1058        1702        -           -           -           -                        1058, 9596  
E1           3694        923         2771        -           6957        9745        1058        3109        -           -           -           -                        3353, 1058  
E2           259         7670        2556        -           1201        5807        1059        9102        -           -           -           -                        1059, 6001  
E1           9670        7253        2417        -           9158        3699        1059        3761        -           -           -           -                        1059, 3594  
E1           9158        6869        2289        -           7620        3659        1060        3628        -           -           -           -                        1060, 1174  
E1           1654        1241        413         -           6859        1185        1062        4191        -           -           -           -                        1062, 6193  
E1           2826        2120        706         -           226         8146        1063        5478        -           -           -           -                        1063, 7247  
A            2024        488         1536        2536        5462        8358        1063        7708        488         1           -           -                        1063        
E1           1594        1196        398         -           9384        7773        1063        1075        -           -           -           -                        1063, 1935  
E1           8562        2140        6422        -           4439        8976        1064        4435        -           -           -           -                        5922, 1064  
E2           3083        3262        9788        -           4533        2158        1064        6265        -           -           -           -                        9711, 1064  
E1           9394        7046        2348        -           8124        8854        1066        5534        -           -           -           -                        1066, 7634  
E1           470         353         117         -           7161        3506        1067        657         -           -           -           -                        1067, 286   
A            2929        1034        1895        4824        5041        3204        1069        538         1034        1           -           -                        1069        
E1           3330        2498        832         -           394         265         1069        1170        -           -           -           -                        1069, 9874  
E1           6982        1745        5237        -           629         3753        1070        6864        -           -           -           -                        6111, 1070  
E1           8198        6149        2049        -           5443        1032        1071        9937        -           -           -           -                        1071, 9285  
E2           1175        8357        2785        -           2461        3327        1071        9128        -           -           -           -                        1071, 7658  
E1           62          15          47          -           7966        5251        1072        8129        -           -           -           -                        7184, 1072  
A            599         88          511         1110        5787        9466        1073        7449        88          1           -           -                        1073        
E1           6542        1635        4907        -           5330        1342        1074        5657        -           -           -           -                        3642, 1074  
E1           4550        1137        3413        -           4580        3316        1075        4851        -           -           -           -                        1230, 1075  
E1           9866        2466        7400        -           7725        4824        1077        3422        -           -           -           -                        2901, 1077  
E1           2134        1601        533         -           4933        7974        1077        8159        -           -           -           -                        1077, 9714  
E2           139         7580        2526        -           9244        6290        1079        2209        -           -           -           -                        1079, 909   
E1           6438        1609        4829        -           3071        9912        1080        9260        -           -           -           -                        4529, 1080  
A            8867        1           8866        8893        9716        6596        1080        2184        1           1           -           -                        1080        
E2           2643        3152        9458        -           2149        397         1083        7835        -           -           -           -                        6172, 1083  
E2           1147        8336        2778        -           7515        4309        1085        8923        -           -           -           -                        1085, 8613  
E1           3390        847         2543        -           6437        1842        1085        9179        -           -           -           -                        9475, 1085  
E2           1935        2975        8927        -           5840        8381        1086        3576        -           -           -           -                        4791, 1086  
E1           7746        5810        1936        -           2100        5923        1087        335         -           -           -           -                        1087, 3813  
E2           1599        2891        8675        -           3841        7236        1087        5367        -           -           -           -                        2909, 1087  
A            6988        1087        5901        8955        9961        3491        1087        1480        1087        1           -           -                        1087        
E1           1838        459         1379        -           3366        1872        1088        8608        -           -           -           -                        5129, 1088  
E1           5230        3923        1307        -           7305        6495        1090        6285        -           -           -           -                        1090, 7996  
E2           567         7901        2633        -           6018        1472        1091        3004        -           -           -           -                        1091, 7570  
E2           2095        9047        3015        -           7969        7375        1091        200         -           -           -           -                        1091, 5402  
E1           3138        2354        784         -           1398        4213        1092        4094        -           -           -           -                        1092, 1169  
A            8517        201         8316        9705        3592        960         1092        7861        201         1           -           -                        1092        
E1           2874        2156        718         -           282         1082        1092        6723        -           -           -           -                        1092, 2084  
A            3842        236         3606        5044        5425        34          1094        215         236         1           -           -                        1094        
A            2617        779         1838        3536        7213        3198        1096        3123        779         1           -           -                        1096        
E2           1783        8813        2937        -           6687        587         1099        4917        -           -           -           -                        1099, 7777  
A            3864        516         3348        5538        9263        1776        1100        3567        516         1           -           -                        1100        
E1           3658        2744        914         -           737         6309        1100        1870        -           -           -           -                        1100, 1484  
E2           671         7979        2659        -           7901        8791        1103        7990        -           -           -           -                        1103, 8728  
E1           6754        5066        1688        -           372         9207        1104        9284        -           -           -           -                        1104, 3405  
A            2568        28          2540        5108        186         4100        1105        3644        28          1           -           -                        1105        
E1           698         174         524         -           7550        16          1106        169         -           -           -           -                        1569, 1106  
E1           4130        1032        3098        -           6303        214         1109        9118        -           -           -           -                        9705, 1109  
E1           6198        1549        4649        -           8244        9754        1114        7739        -           -           -           -                        5401, 1114  
E1           1922        1442        480         -           2794        8640        1116        2783        -           -           -           -                        1116, 9368  
E2           2623        3147        9443        -           7620        3183        1116        3740        -           -           -           -                        2724, 1116  
E1           1638        1229        409         -           9681        1524        1118        5258        -           -           -           -                        1118, 72    
E2           2743        9533        3177        -           1021        1979        1119        4617        -           -           -           -                        1119, 9159  
E1           9830        7373        2457        -           2890        7133        1120        6           -           -           -           -                        1120, 756   
E1           2266        566         1700        -           5093        666         1121        1325        -           -           -           -                        2021, 1121  
E1           9726        2431        7295        -           8908        4552        1121        9720        -           -           -           -                        9156, 1121  
E2           1207        2793        8381        -           5087        4912        1122        7105        -           -           -           -                        6646, 1122  
A            4732        306         4426        9158        7652        6579        1122        185         306         1           -           -                        1122        
E1           2858        714         2144        -           3005        3956        1124        7473        -           -           -           -                        541, 1124   
E1           7302        5477        1825        -           218         9927        1126        9032        -           -           -           -                        1126, 9508  
E1           7426        1856        5570        -           7202        3508        1126        1434        -           -           -           -                        9885, 1126  
A            4696        920         3776        8472        7501        7393        1127        1584        920         1           -           -                        1127        
E1           7490        5618        1872        -           4197        7566        1129        3858        -           -           -           -                        1129, 620   
E1           9694        7271        2423        -           9162        1066        1132        8076        -           -           -           -                        1132, 2638  
A            777         39          738         859         3783        7048        1133        9556        39          1           -           -                        1133        
E2           2099        9050        3016        -           508         4766        1133        6257        -           -           -           -                        1133, 4433  
E1           3250        812         2438        -           930         7204        1133        5188        -           -           -           -                        2926, 1133  
E1           4006        3005        1001        -           4130        4155        1134        9111        -           -           -           -                        1134, 2048  
E2           2659        3156        9470        -           116         4201        1137        6901        -           -           -           -                        4851, 1137  
E2           2311        3069        9209        -           1724        5064        1138        5072        -           -           -           -                        9526, 1138  
E2           2799        3191        9575        -           1141        7693        1138        9105        -           -           -           -                        7254, 1138  
E2           1843        2952        8858        -           6353        7173        1141        1334        -           -           -           -                        1928, 1141  
E1           7958        1989        5969        -           9400        71          1141        2686        -           -           -           -                        1155, 1141  
E2           2615        3145        9437        -           5875        1975        1142        747         -           -           -           -                        4923, 1142  
E1           6194        4646        1548        -           8583        2986        1142        4332        -           -           -           -                        1142, 1238  
E1           1158        869         289         -           4159        2239        1142        2737        -           -           -           -                        1142, 9082  
E1           394         296         98          -           5591        7182        1144        6760        -           -           -           -                        1144, 4463  
A            6305        177         6128        7071        9890        2497        1144        1551        177         1           -           -                        1144        
E1           738         554         184         -           1824        4948        1145        3727        -           -           -           -                        1145, 1243  
E1           9878        2469        7409        -           259         9597        1148        4512        -           -           -           -                        6247, 1148  
E1           3018        754         2264        -           3497        3663        1150        6966        -           -           -           -                        5444, 1150  
E2           2499        3116        9350        -           3045        8586        1152        4541        -           -           -           -                        6190, 1152  
E1           5646        4235        1411        -           1818        4265        1152        7113        -           -           -           -                        1152, 6840  
A            3339        359         2980        4084        3657        8232        1154        11          359         1           -           -                        1154        
E1           8506        6380        2126        -           2173        8789        1155        9048        -           -           -           -                        1155, 5059  
E1           8118        6089        2029        -           1412        7999        1155        3089        -           -           -           -                        1155, 1318  
E1           8630        2157        6473        -           3003        3795        1156        399         -           -           -           -                        3698, 1156  
E1           5630        4223        1407        -           5085        4963        1158        238         -           -           -           -                        1158, 5886  
E2           3119        3271        9815        -           8774        6019        1158        1994        -           -           -           -                        5922, 1158  
A            751         255         496         1247        49          8772        1159        4887        255         1           -           -                        1159        
E1           874         656         218         -           4408        1958        1159        3021        -           -           -           -                        1159, 1824  
E2           2419        3096        9290        -           858         3383        1160        840         -           -           -           -                        8897, 1160  
A            4798        255         4543        5211        9144        30          1162        5510        255         1           -           -                        1162        
E1           5374        1343        4031        -           9255        1822        1163        1132        -           -           -           -                        6003, 1163  
E1           5982        4487        1495        -           9289        3009        1164        7917        -           -           -           -                        1164, 8763  
A            2964        132         2832        3318        6883        4168        1165        3374        132         1           -           -                        1165        
E1           898         674         224         -           6909        9879        1165        9869        -           -           -           -                        1165, 3197  
A            3694        100         3594        4892        5934        1620        1166        5909        100         1           -           -                        1166        
E1           4186        3140        1046        -           6079        7870        1166        7618        -           -           -           -                        1166, 7439  
A            8486        1246        7240        9934        9541        6247        1167        9075        1246        1           -           -                        1167        
E1           6754        1688        5066        -           8032        1099        1168        4398        -           -           -           -                        6596, 1168  
E1           3366        2525        841         -           1790        4680        1169        5319        -           -           -           -                        1169, 2035  
E1           4618        1154        3464        -           2795        4293        1170        9675        -           -           -           -                        5387, 1170  
A            6996        374         6622        7598        4271        1654        1174        4329        374         1           -           -                        1174        
E1           8290        2072        6218        -           4807        6295        1178        4280        -           -           -           -                        5166, 1178  
E2           2415        3095        9287        -           6432        8158        1178        8937        -           -           -           -                        7182, 1178  
E1           10          2           8           -           2349        5203        1178        4294        -           -           -           -                        6303, 1178  
E1           3434        2576        858         -           5714        9652        1178        8879        -           -           -           -                        1178, 182   
A            4972        2201        2771        7743        410         9524        1180        3822        2201        1           -           -                        1180        
E1           2538        1904        634         -           7254        902         1181        3798        -           -           -           -                        1181, 8201  
E1           8386        2096        6290        -           4185        255         1181        9877        -           -           -           -                        2041, 1181  
E1           9194        2298        6896        -           9344        2206        1181        3100        -           -           -           -                        3507, 1181  
A            7082        130         6952        8820        2010        1492        1182        248         130         1           -           -                        1182        
A            1651        504         1147        2798        9695        63          1183        9672        504         1           -           -                        1183        
E1           5882        1470        4412        -           6624        8573        1185        2501        -           -           -           -                        1780, 1185  
E1           7010        5258        1752        -           1386        221         1186        162         -           -           -           -                        1186, 6886  
E1           2706        2030        676         -           7407        3904        1187        8915        -           -           -           -                        1187, 4895  
E1           2134        1601        533         -           9165        7633        1187        4037        -           -           -           -                        1187, 5681  
E1           1738        434         1304        -           4291        5926        1187        6325        -           -           -           -                        3761, 1187  
A            6424        236         6188        9518        7287        8156        1187        9476        236         1           -           -                        1187        
A            1441        43          1398        2140        1521        7937        1191        6992        43          1           -           -                        1191        
E1           7462        1865        5597        -           8433        9912        1192        707         -           -           -           -                        1335, 1192  
E2           715         2670        8012        -           3047        3192        1193        5372        -           -           -           -                        448, 1193   
E1           4934        3701        1233        -           1264        5848        1193        1304        -           -           -           -                        1193, 9481  
E1           6038        1509        4529        -           2251        5148        1194        6390        -           -           -           -                        5628, 1194  
E2           2027        2998        8996        -           4902        8228        1194        6934        -           -           -           -                        5665, 1194  
E1           7154        5366        1788        -           6727        6631        1194        3253        -           -           -           -                        1194, 1059  
A            3353        827         2526        4195        178         5679        1196        6444        827         1           -           -                        1196        
E2           927         2723        8171        -           540         2966        1199        5007        -           -           -           -                        5927, 1199  
A            3094        279         2815        5909        4273        5133        1200        1192        279         1           -           -                        1200        
A            637         125         512         765         4580        9891        1201        9238        125         1           -           -                        1201        
E2           1935        2975        8927        -           5996        2437        1202        7632        -           -           -           -                        7175, 1202  
E2           2127        3023        9071        -           3402        2389        1202        5084        -           -           -           -                        3672, 1202  
A            3384        354         3030        3889        2908        1458        1204        8603        354         1           -           -                        1204        
A            7098        372         6726        9340        2483        4628        1205        6792        372         1           -           -                        1205        
A            6024        2600        3424        9448        6799        1482        1208        6518        2600        1           -           -                        1208        
E1           238         179         59          -           1265        5149        1208        4830        -           -           -           -                        1208, 9341  
E1           222         167         55          -           169         5524        1208        4955        -           -           -           -                        1208, 5582  
E1           2622        655         1967        -           4576        19          1211        6480        -           -           -           -                        4691, 1211  
E2           1899        2966        8900        -           1572        7188        1212        5239        -           -           -           -                        1233, 1212  
E2           1527        2873        8621        -           8421        5535        1213        8463        -           -           -           -                        6870, 1213  
A            9472        197         9275        9843        6068        657         1214        2091        197         1           -           -                        1214        
E1           866         216         650         -           7140        2743        1215        9565        -           -           -           -                        1476, 1215  
A            1941        87          1854        2044        6516        5923        1216        335         87          1           -           -                        1216        
E1           6754        5066        1688        -           630         1860        1217        7950        -           -           -           -                        1217, 693   
E1           6378        1594        4784        -           6449        6484        1218        8176        -           -           -           -                        9714, 1218  
E2           1831        8849        2949        -           8123        5753        1218        206         -           -           -           -                        1218, 7733  
E1           1278        319         959         -           8717        9814        1219        3245        -           -           -           -                        1349, 1219  
E1           1650        1238        412         -           4653        1091        1219        3781        -           -           -           -                        1219, 3264  
E1           2322        580         1742        -           4819        481         1220        9812        -           -           -           -                        5744, 1220  
E1           354         88          266         -           9652        3346        1220        2974        -           -           -           -                        7916, 1220  
A            3647        659         2988        6635        8671        6678        1220        3914        659         1           -           -                        1220        
E1           9602        7202        2400        -           6120        1876        1220        1620        -           -           -           -                        1220, 8206  
E1           1026        256         770         -           8906        5453        1221        9591        -           -           -           -                        8292, 1221  
E1           1110        277         833         -           8651        4563        1223        8293        -           -           -           -                        2984, 1223  
E2           1395        2840        8522        -           5483        1703        1224        5503        -           -           -           -                        3876, 1224  
E1           6146        4610        1536        -           9191        9852        1226        5106        -           -           -           -                        1226, 2029  
E1           7102        1775        5327        -           9393        3220        1228        49          -           -           -           -                        6317, 1228  
A            5736        24          5712        5855        5807        346         1229        5156        24          1           -           -                        1229        
E1           7430        1857        5573        -           4511        7069        1230        4236        -           -           -           -                        8990, 1230  
A            5017        2016        3001        8018        9642        98          1231        6066        2016        1           -           -                        1231        
E1           7262        5447        1815        -           5851        1186        1231        1115        -           -           -           -                        1231, 6341  
E2           2215        3045        9137        -           8214        145         1232        1016        -           -           -           -                        6661, 1232  
E1           3058        2294        764         -           8502        2869        1232        7904        -           -           -           -                        1232, 2119  
E1           9846        7385        2461        -           2767        2317        1233        2290        -           -           -           -                        1233, 9536  
A            6972        265         6707        7325        3207        1348        1233        7689        265         1           -           -                        1233        
E1           2230        557         1673        -           5574        5317        1234        3478        -           -           -           -                        1810, 1234  
E1           4294        1073        3221        -           7458        3721        1234        9327        -           -           -           -                        4620, 1234  
E2           2851        9614        3204        -           9104        9661        1240        139         -           -           -           -                        1240, 2715  
E1           4090        1022        3068        -           3027        4264        1242        784         -           -           -           -                        4103, 1242  
E1           7338        1834        5504        -           332         6806        1244        2107        -           -           -           -                        8074, 1244  
E1           9198        6899        2299        -           6711        3256        1245        5964        -           -           -           -                        1245, 8542  
E1           7906        5930        1976        -           8628        4626        1246        137         -           -           -           -                        1246, 2702  
E1           1802        450         1352        -           432         3280        1247        7061        -           -           -           -                        4561, 1247  
A            1500        134         1366        2183        5410        5345        1248        7163        134         1           -           -                        1248        
E1           7098        5324        1774        -           8012        2554        1248        9898        -           -           -           -                        1248, 586   
E2           1791        2939        8819        -           1586        7635        1251        9950        -           -           -           -                        6543, 1251  
A            8447        719         7728        9735        16          4969        1252        9389        719         1           -           -                        1252        
A            3466        90          3376        3677        4694        1812        1254        6455        90          1           -           -                        1254        
E2           199         7625        2541        -           9556        2521        1254        2067        -           -           -           -                        1254, 4333  
E2           3203        9878        3292        -           13          2701        1255        5360        -           -           -           -                        1255, 2853  
E1           594         446         148         -           2456        8972        1255        2427        -           -           -           -                        1255, 5447  
E1           658         494         164         -           6146        2438        1255        8407        -           -           -           -                        1255, 8415  
E1           9398        7049        2349        -           5231        4045        1256        552         -           -           -           -                        1256, 343   
E2           319         7715        2571        -           5959        4241        1257        9321        -           -           -           -                        1257, 7967  
E1           8490        6368        2122        -           2045        2660        1260        2055        -           -           -           -                        1260, 6902  
E1           4126        3095        1031        -           1920        8999        1261        1533        -           -           -           -                        1261, 5241  
E1           4322        1080        3242        -           9023        9837        1261        8361        -           -           -           -                        3300, 1261  
E2           2087        9041        3013        -           7270        2766        1262        4727        -           -           -           -                        1262, 1422  
E1           8482        2120        6362        -           5764        7046        1263        5845        -           -           -           -                        8750, 1263  
A            4544        293         4251        5961        3557        8789        1264        9048        293         1           -           -                        1264        
E2           1467        8576        2858        -           8749        3998        1266        844         -           -           -           -                        1266, 2352  
E1           8258        2064        6194        -           1038        6824        1271        6397        -           -           -           -                        3967, 1271  
E1           7754        1938        5816        -           1448        8384        1272        5742        -           -           -           -                        823, 1272   
E1           4822        1205        3617        -           1286        4948        1272        6240        -           -           -           -                        623, 1272   
E1           9506        2376        7130        -           7016        9257        1273        9365        -           -           -           -                        2476, 1273  
E1           4426        3320        1106        -           762         4301        1274        763         -           -           -           -                        1274, 9458  
A            4304        469         3835        8139        1448        632         1275        1081        469         1           -           -                        1275        
E1           7062        1765        5297        -           2222        4292        1276        9748        -           -           -           -                        5045, 1276  
A            7932        1300        6632        9590        1773        264         1277        4245        1300        1           -           -                        1277        
A            3858        408         3450        7308        6675        2541        1277        2204        408         1           -           -                        1277        
E1           5418        1354        4064        -           1255        5003        1283        2606        -           -           -           -                        9957, 1283  
E1           9682        2420        7262        -           8964        1171        1284        2780        -           -           -           -                        1770, 1284  
E2           1755        2930        8792        -           1280        2970        1284        6621        -           -           -           -                        4782, 1284  
E2           2475        9332        3110        -           7102        2448        1287        6297        -           -           -           -                        1287, 7789  
E2           1995        2990        8972        -           8766        3998        1289        844         -           -           -           -                        1315, 1289  
E1           1686        421         1265        -           606         1368        1289        8471        -           -           -           -                        7387, 1289  
E1           1042        782         260         -           8162        4830        1291        3263        -           -           -           -                        1291, 4181  
E1           7846        1961        5885        -           5083        7469        1292        8985        -           -           -           -                        6216, 1292  
E1           3058        764         2294        -           7325        6002        1294        8005        -           -           -           -                        3678, 1294  
E1           5542        4157        1385        -           7251        9002        1294        9404        -           -           -           -                        1294, 5860  
E1           7090        5318        1772        -           8589        8576        1295        3873        -           -           -           -                        1295, 2354  
E2           1283        2812        8438        -           3187        4810        1295        7344        -           -           -           -                        9063, 1295  
E2           391         7769        2589        -           3589        9425        1297        4751        -           -           -           -                        1297, 8150  
A            5855        677         5178        6718        8354        5761        1299        7291        677         1           -           -                        1299        
E1           246         185         61          -           7828        9164        1300        8802        -           -           -           -                        1300, 4133  
E1           1690        1268        422         -           8931        4503        1300        5040        -           -           -           -                        1300, 5118  
A            1867        893         974         2841        5219        266         1301        4490        893         1           -           -                        1301        
A            3722        138         3584        4234        2453        7157        1304        5205        138         1           -           -                        1304        
A            5043        1907        3136        8179        1700        7996        1306        9845        1907        1           -           -                        1306        
E1           7394        5546        1848        -           2727        1551        1307        2089        -           -           -           -                        1307, 3915  
E1           698         524         174         -           6960        5563        1307        2446        -           -           -           -                        1307, 4250  
E1           9506        7130        2376        -           3387        2286        1308        9769        -           -           -           -                        1308, 4392  
E1           4306        1076        3230        -           8289        2980        1308        7436        -           -           -           -                        1132, 1308  
E1           1410        1058        352         -           9007        1622        1309        2636        -           -           -           -                        1309, 9925  
A            6866        6           6860        8238        4247        476         1309        6374        6           1           -           -                        1309        
E1           8638        2159        6479        -           3106        9451        1310        5703        -           -           -           -                        2807, 1310  
E2           1051        8264        2754        -           8723        9731        1310        3743        -           -           -           -                        1310, 7407  
E2           2047        3003        9011        -           4361        3753        1312        6864        -           -           -           -                        1303, 1312  
E2           907         2718        8156        -           9535        7659        1312        409         -           -           -           -                        4729, 1312  
E1           4230        1057        3173        -           9881        637         1312        5203        -           -           -           -                        4761, 1312  
E2           1715        2920        8762        -           1281        4812        1312        3169        -           -           -           -                        1577, 1312  
E1           2226        1670        556         -           3934        9337        1312        1252        -           -           -           -                        1312, 1013  
E2           2467        9326        3108        -           3105        7154        1313        4696        -           -           -           -                        1313, 6938  
A            8429        69          8360        9189        8295        5592        1313        1067        69          1           -           -                        1313        
E1           1302        325         977         -           7007        4993        1315        5640        -           -           -           -                        3468, 1315  
E1           5518        1379        4139        -           5096        7754        1315        1164        -           -           -           -                        1671, 1315  
E1           7874        5906        1968        -           3891        1927        1316        9510        -           -           -           -                        1316, 6246  
E1           5034        1258        3776        -           5999        778         1317        3672        -           -           -           -                        8332, 1317  
E2           415         2595        7787        -           8658        2           1318        4597        -           -           -           -                        4471, 1318  
A            6979        1701        5278        9618        1266        3078        1319        4418        1701        1           -           -                        1319        
E1           606         455         151         -           6406        19          1319        8058        -           -           -           -                        1319, 2145  
E1           770         192         578         -           8278        3683        1319        5842        -           -           -           -                        3180, 1319  
E1           6958        5219        1739        -           9619        3791        1321        7002        -           -           -           -                        1321, 7124  
E1           8506        2126        6380        -           3158        827         1321        1099        -           -           -           -                        3509, 1321  
A            5161        181         4980        5659        2485        5068        1322        6987        181         1           -           -                        1322        
E1           8930        2232        6698        -           5275        8518        1323        7188        -           -           -           -                        3268, 1323  
E1           2626        1970        656         -           9208        451         1325        7233        -           -           -           -                        1325, 8387  
E1           2622        655         1967        -           8420        6735        1326        515         -           -           -           -                        5334, 1326  
E1           6114        1528        4586        -           4615        2466        1326        9192        -           -           -           -                        849, 1326   
E1           4942        3707        1235        -           6472        2710        1328        3923        -           -           -           -                        1328, 5737  
E1           8294        2073        6221        -           2423        4718        1328        9067        -           -           -           -                        989, 1328   
E2           2067        9026        3008        -           9911        2611        1329        8026        -           -           -           -                        1329, 4311  
E1           178         134         44          -           1809        9278        1330        4799        -           -           -           -                        1330, 6693  
A            5514        1233        4281        9795        2253        4238        1331        3345        1233        1           -           -                        1331        
E1           9766        7325        2441        -           2574        1657        1331        5118        -           -           -           -                        1331, 5255  
A            3538        823         2715        4443        104         3397        1332        7579        823         1           -           -                        1332        
E1           386         96          290         -           2398        3223        1336        2710        -           -           -           -                        6768, 1336  
A            1517        510         1007        2524        2171        1406        1337        2764        510         1           -           -                        1337        
E1           970         728         242         -           105         196         1337        8645        -           -           -           -                        1337, 2967  
E2           695         2665        7997        -           3220        3214        1337        883         -           -           -           -                        7093, 1337  
E2           819         2696        8090        -           3066        6868        1338        482         -           -           -           -                        6888, 1338  
E1           686         515         171         -           114         9177        1342        3764        -           -           -           -                        1342, 7233  
E1           7870        1967        5903        -           1685        2478        1344        3219        -           -           -           -                        3005, 1344  
A            5172        48          5124        7734        594         3134        1348        2517        48          1           -           -                        1348        
E1           2502        1877        625         -           3654        8086        1349        1378        -           -           -           -                        1349, 3173  
E1           6926        5195        1731        -           5430        5567        1350        6820        -           -           -           -                        1350, 3931  
E1           5626        4220        1406        -           6749        2351        1352        4403        -           -           -           -                        1352, 5168  
E2           1779        8810        2936        -           2746        3916        1354        3749        -           -           -           -                        1354, 7252  
E2           3087        3263        9791        -           6640        391         1355        7132        -           -           -           -                        9578, 1355  
A            6950        686         6264        8516        1878        8114        1356        3397        686         1           -           -                        1356        
E1           7826        1956        5870        -           912         4918        1359        9838        -           -           -           -                        9776, 1359  
E1           4162        1040        3122        -           1173        360         1359        9645        -           -           -           -                        1940, 1359  
E1           6686        5015        1671        -           3029        249         1362        7175        -           -           -           -                        1362, 9086  
A            5448        2100        3348        8796        6638        674         1363        9652        2100        1           -           -                        1363        
E2           3055        3255        9767        -           4147        4918        1363        9838        -           -           -           -                        2282, 1363  
E2           691         2664        7994        -           110         9072        1365        9810        -           -           -           -                        4861, 1365  
A            6417        545         5872        7151        9396        3496        1367        994         545         1           -           -                        1367        
E2           3251        3304        9914        -           839         5194        1367        3057        -           -           -           -                        1834, 1367  
E2           11          2494        7484        -           5924        4229        1369        8894        -           -           -           -                        4834, 1369  
A            3781        1444        2337        6118        5127        3446        1369        7685        1444        1           -           -                        1369        
E1           4222        3167        1055        -           7934        348         1370        6313        -           -           -           -                        1370, 7127  
E1           6414        4811        1603        -           3203        4016        1371        5500        -           -           -           -                        1371, 1185  
A            3220        505         2715        4125        1817        7062        1371        4054        505         1           -           -                        1371        
A            2669        593         2076        3361        4865        4850        1377        3065        593         1           -           -                        1377        
E1           7638        1909        5729        -           303         9569        1379        3526        -           -           -           -                        1200, 1379  
E1           9370        7028        2342        -           4921        7690        1381        7303        -           -           -           -                        1381, 6023  
E1           4506        1126        3380        -           5144        7354        1382        3112        -           -           -           -                        515, 1382   
E1           886         665         221         -           9923        2938        1383        6101        -           -           -           -                        1383, 1893  
E1           9254        2313        6941        -           6309        6143        1383        6100        -           -           -           -                        4089, 1383  
E1           6966        5225        1741        -           6439        6367        1388        2640        -           -           -           -                        1388, 1271  
A            3726        72          3654        3852        451         4097        1388        5945        72          1           -           -                        1388        
E1           666         166         500         -           7061        4036        1391        9329        -           -           -           -                        6134, 1391  
E1           7846        5885        1961        -           6060        7712        1391        3496        -           -           -           -                        1391, 5170  
A            4246        310         3936        6214        8369        6857        1392        8657        310         1           -           -                        1392        
E1           6010        4508        1502        -           9613        5084        1398        6463        -           -           -           -                        1398, 2329  
A            6791        8           6783        7190        4983        5554        1398        9951        8           1           -           -                        1398        
A            7244        1226        6018        9250        1192        5309        1398        486         1226        1           -           -                        1398        
E2           3151        3279        9839        -           409         1702        1404        1129        -           -           -           -                        3188, 1404  
E2           1539        8630        2876        -           9745        9102        1405        6516        -           -           -           -                        1405, 4717  
A            5741        267         5474        6523        799         7867        1405        649         267         1           -           -                        1405        
A            4971        2087        2884        7855        5935        1899        1407        1762        2087        1           -           -                        1407        
E1           5338        1334        4004        -           8941        8301        1408        1009        -           -           -           -                        9510, 1408  
E2           2203        9128        3042        -           3110        9045        1409        3900        -           -           -           -                        1409, 4488  
E1           6274        1568        4706        -           7695        103         1409        5053        -           -           -           -                        6906, 1409  
E1           5470        4103        1367        -           6450        3458        1409        1532        -           -           -           -                        1409, 2065  
E1           3650        2738        912         -           1905        340         1410        2675        -           -           -           -                        1410, 39    
E1           4230        1057        3173        -           5627        1292        1411        5353        -           -           -           -                        1922, 1411  
E1           4814        1203        3611        -           7162        1875        1412        5095        -           -           -           -                        9620, 1412  
E1           4570        1142        3428        -           5164        9808        1413        807         -           -           -           -                        2684, 1413  
E2           1791        8819        2939        -           7572        5983        1414        7766        -           -           -           -                        1414, 5672  
E1           898         224         674         -           3502        538         1414        6085        -           -           -           -                        8222, 1414  
A            7585        113         7472        8052        637         6287        1414        6697        113         1           -           -                        1414        
A            3000        37          2963        5963        7343        6945        1415        1865        37          1           -           -                        1415        
E1           810         202         608         -           8692        8096        1416        7864        -           -           -           -                        3491, 1416  
E1           6714        5036        1678        -           5430        2930        1417        6429        -           -           -           -                        1417, 7826  
E1           810         202         608         -           2961        2108        1418        7631        -           -           -           -                        4777, 1418  
A            4808        313         4495        9303        6612        1851        1420        7008        313         1           -           -                        1420        
E2           887         2713        8141        -           7261        2335        1420        8047        -           -           -           -                        4148, 1420  
E1           7430        5573        1857        -           1756        8878        1421        304         -           -           -           -                        1421, 1802  
E1           3682        2762        920         -           3346        1739        1421        7978        -           -           -           -                        1421, 408   
A            2911        335         2576        3279        3647        7470        1422        7420        335         1           -           -                        1422        
E1           9538        2384        7154        -           6690        8801        1424        8847        -           -           -           -                        5750, 1424  
E1           718         179         539         -           499         5740        1427        8709        -           -           -           -                        3280, 1427  
A            1041        258         783         1824        4569        2304        1428        7670        258         1           -           -                        1428        
E2           1175        8357        2785        -           8693        7600        1428        4930        -           -           -           -                        1428, 3566  
E2           687         7991        2663        -           4565        3698        1431        5923        -           -           -           -                        1431, 9307  
A            5797        885         4912        7025        2137        5199        1432        3074        885         1           -           -                        1432        
E2           119         7565        2521        -           3592        7502        1434        2258        -           -           -           -                        1434, 334   
E1           5030        1257        3773        -           3135        6283        1435        3558        -           -           -           -                        9132, 1435  
E2           295         7697        2565        -           7221        8849        1436        6781        -           -           -           -                        1436, 9584  
E1           674         168         506         -           5466        7482        1437        744         -           -           -           -                        2974, 1437  
E1           414         311         103         -           3614        8692        1440        582         -           -           -           -                        1440, 7451  
E2           2683        3162        9488        -           1173        2830        1440        9103        -           -           -           -                        1696, 1440  
E1           3234        2426        808         -           2033        7376        1440        766         -           -           -           -                        1440, 3159  
A            6137        609         5528        8901        8271        8710        1441        7422        609         1           -           -                        1441        
A            6658        64          6594        7757        7794        1322        1441        5527        64          1           -           -                        1441        
E2           1799        8825        2941        -           1452        8467        1442        5120        -           -           -           -                        1442, 2955  
E1           6274        4706        1568        -           3179        6068        1444        2146        -           -           -           -                        1444, 7938  
E1           8254        6191        2063        -           3861        9378        1444        4039        -           -           -           -                        1444, 4222  
E1           7274        1818        5456        -           9003        2694        1444        970         -           -           -           -                        2020, 1444  
E1           9238        2309        6929        -           3034        6735        1445        9452        -           -           -           -                        3681, 1445  
E2           2175        3035        9107        -           2500        7794        1445        1576        -           -           -           -                        1913, 1445  
A            5520        450         5070        7210        7413        5328        1446        7438        450         1           -           -                        1446        
E1           8490        6368        2122        -           1491        8151        1446        9256        -           -           -           -                        1446, 5263  
E1           3162        790         2372        -           8987        47          1446        7627        -           -           -           -                        4907, 1446  
E1           3474        868         2606        -           289         4166        1446        8556        -           -           -           -                        9464, 1446  
A            6321        2879        3442        9763        7633        9634        1446        6605        2879        1           -           -                        1446        
A            5132        611         4521        9653        5688        1959        1448        7393        611         1           -           -                        1448        
E1           4294        1073        3221        -           7974        2475        1448        7666        -           -           -           -                        9492, 1448  
E1           1618        404         1214        -           7999        4893        1448        3626        -           -           -           -                        8397, 1448  
A            2812        376         2436        5248        6275        8389        1448        7818        376         1           -           -                        1448        
E1           2014        1511        503         -           5521        6366        1449        1477        -           -           -           -                        1449, 537   
A            4992        1332        3660        6822        8698        136         1450        7916        1332        1           -           -                        1450        
E2           3035        9752        3250        -           827         1518        1450        60          -           -           -           -                        1450, 5004  
E1           2546        1910        636         -           1708        6983        1450        3304        -           -           -           -                        1450, 8990  
E1           6550        1637        4913        -           7141        9953        1453        2895        -           -           -           -                        1796, 1453  
E1           9322        2330        6992        -           2717        1266        1455        1017        -           -           -           -                        2349, 1455  
E1           9602        2400        7202        -           375         1159        1457        7980        -           -           -           -                        49, 1457    
A            2031        51          1980        2121        4695        5503        1458        8464        51          1           -           -                        1458        
E2           2127        3023        9071        -           8863        3137        1458        7951        -           -           -           -                        9081, 1458  
A            2425        486         1939        4364        9610        8503        1465        8123        486         1           -           -                        1465        
A            7151        530         6621        9358        4074        976         1466        509         530         1           -           -                        1466        
A            3244        30          3214        4851        3052        7614        1467        4670        30          1           -           -                        1467        
A            8282        551         7731        9141        5888        4506        1472        4210        551         1           -           -                        1472        
A            5533        1204        4329        9862        1816        4956        1473        6960        1204        1           -           -                        1473        
A            4480        160         4320        4660        8650        1003        1475        9702        160         1           -           -                        1475        
A            1455        167         1288        2743        4155        2114        1476        5263        167         1           -           -                        1476        
A            7966        238         7728        9254        9602        985         1479        3795        238         1           -           -                        1479        
A            2081        169         1912        3037        4247        3643        1483        6773        169         1           -           -                        1483        
A            5446        112         5334        7224        5823        4443        1490        2155        112         1           -           -                        1490        
A            6532        433         6099        8565        6474        7756        1491        562         433         1           -           -                        1491        
A            9025        70          8955        9622        9340        2385        1495        6883        70          1           -           -                        1495        
A            2000        5           1995        3995        1833        1280        1498        9532        5           1           -           -                        1498        
A            7171        97          7074        7957        9667        8977        1498        3023        97          1           -           -                        1498        
A            4013        553         3460        5743        4516        9507        1498        9678        553         1           -           -                        1498        
A            5554        2730        2824        8378        637         1969        1498        2852        2730        1           -           -                        1498        
A            9212        28          9184        9786        9212        3591        1502        2363        28          1           -           -                        1502        
A            6309        72          6237        6540        4132        7788        1503        3213        72          1           -           -                        1503        
A            5266        1517        3749        9015        6677        7677        1505        3335        1517        1           -           -                        1505        
A            5381        573         4808        6583        1920        372         1505        3224        573         1           -           -                        1505        
A            2380        158         2222        4602        9928        9849        1509        8174        158         1           -           -                        1509        
A            1005        101         904         1231        8651        7853        1510        2628        101         1           -           -                        1510        
A            2695        77          2618        2814        4989        4136        1511        14          77          1           -           -                        1511        
A            4733        2032        2701        7434        9735        4350        1518        1366        2032        1           -           -                        1518        
A            4264        373         3891        8155        6985        9005        1522        9890        373         1           -           -                        1522        
A            4149        756         3393        5280        7652        2215        1533        6320        756         1           -           -                        1533        
A            1665        75          1590        2460        8336        2119        1534        2921        75          1           -           -                        1534        
A            7848        1093        6755        9199        1363        153         1539        1690        1093        1           -           -                        1539        
A            7143        875         6268        8710        5835        2521        1540        2067        875         1           -           -                        1540        
A            1675        103         1572        3247        9553        6372        1544        5224        103         1           -           -                        1544        
A            4398        1543        2855        7253        3200        4802        1547        6451        1543        1           -           -                        1547        
A            5810        490         5320        6570        2724        2571        1550        1193        490         1           -           -                        1550        
A            3464        790         2674        6138        4787        8338        1552        5753        790         1           -           -                        1552        
A            6934        310         6624        8590        4284        6763        1553        9190        310         1           -           -                        1553        
A            3327        1442        1885        5212        2428        8869        1555        9319        1442        1           -           -                        1555        
A            7490        50          7440        8978        3553        5829        1566        7173        50          1           -           -                        1566        
A            9176        164         9012        9927        7204        2756        1568        6641        164         1           -           -                        1568        
A            8725        13          8712        9209        728         2655        1569        178         13          1           -           -                        1569        
A            4807        48          4759        9566        6486        8776        1570        4020        48          1           -           -                        1570        
A            5148        368         4780        9928        748         7262        1572        9168        368         1           -           -                        1572        
A            7530        1845        5685        9425        8164        2112        1579        4543        1845        1           -           -                        1579        
A            5705        2845        2860        8565        213         4392        1590        8249        2845        1           -           -                        1590        
A            6235        1657        4578        8524        1223        7089        1597        2324        1657        1           -           -                        1597        
A            7981        1569        6412        9584        2633        1779        1601        311         1569        1           -           -                        1601        
A            4213        384         3829        4760        2350        3904        1607        1052        384         1           -           -                        1607        
A            1140        171         969         1463        9173        1266        1613        8950        171         1           -           -                        1613        
A            7715        47          7668        8354        9460        7100        1617        5583        47          1           -           -                        1617        
A            8021        790         7231        9054        6173        9497        1627        8627        790         1           -           -                        1627        
A            7536        1440        6096        9060        2701        6295        1631        5687        1440        1           -           -                        1631        
A            6112        865         5247        7861        9587        58          1635        9309        865         1           -           -                        1635        
A            5843        163         5680        6979        6632        7580        1640        774         163         1           -           -                        1640        
A            4407        443         3964        5398        8532        9227        1647        5966        443         1           -           -                        1647        
A            4973        157         4816        5575        4278        5297        1650        8441        157         1           -           -                        1650        
A            1030        145         885         1207        5331        7217        1658        5450        145         1           -           -                        1658        
A            5270        1708        3562        7051        3313        4584        1659        9784        1708        1           -           -                        1659        
A            2377        464         1913        4290        3708        1243        1661        3559        464         1           -           -                        1661        
A            3813        105         3708        4122        1083        4090        1662        7924        105         1           -           -                        1662        
A            3154        478         2676        3823        8846        1597        1668        3396        478         1           -           -                        1668        
A            3427        281         3146        5000        279         7127        1670        2073        281         1           -           -                        1670        
A            2878        206         2672        3212        1675        7077        1670        3017        206         1           -           -                        1670        
A            4728        1320        3408        8136        8884        7944        1674        54          1320        1           -           -                        1674        
A            8294        90          8204        9466        6676        3271        1676        427         90          1           -           -                        1676        
A            5402        131         5271        6155        9875        6975        1676        2707        131         1           -           -                        1676        
A            4237        110         4127        8364        6079        7227        1676        9726        110         1           -           -                        1676        
A            7151        29          7122        8338        3590        7404        1681        1924        29          1           -           -                        1681        
A            8225        41          8184        8357        4478        7683        1682        6546        41          1           -           -                        1682        
A            1861        13          1848        2125        5243        1871        1683        8834        13          1           -           -                        1683        
A            8004        219         7785        9561        7764        59          1688        4117        219         1           -           -                        1688        
A            2962        75          2887        5849        6876        3429        1689        2370        75          1           -           -                        1689        
A            4732        854         3878        8610        3393        3977        1689        9697        854         1           -           -                        1689        
A            7200        80          7120        8624        4940        260         1691        4237        80          1           -           -                        1691        
A            7234        718         6516        8320        196         8789        1692        919         718         1           -           -                        1692        
A            5190        602         4588        7484        339         8078        1696        5588        602         1           -           -                        1696        
A            6714        1886        4828        9128        6708        5285        1707        3492        1886        1           -           -                        1707        
A            3580        511         3069        4603        5869        5211        1711        8116        511         1           -           -                        1711        
A            7130        1046        6084        8651        6668        1937        1716        2323        1046        1           -           -                        1716        
A            9335        7           9328        9759        8286        178         1718        4690        7           1           -           -                        1718        
A            7428        1002        6426        9570        5989        6071        1728        1473        1002        1           -           -                        1728        
A            7663        133         7530        8416        3341        8994        1729        1253        133         1           -           -                        1729        
A            6586        690         5896        7323        4167        461         1739        2526        690         1           -           -                        1739        
A            4123        1189        2934        5590        9102        6619        1745        7857        1189        1           -           -                        1745        
A            6591        1735        4856        9019        5500        442         1749        1441        1735        1           -           -                        1749        
A            4048        46          4002        4117        3665        1127        1751        291         46          1           -           -                        1751        
A            3909        1668        2241        6150        3023        5640        1751        5322        1668        1           -           -                        1751        
A            6549        221         6328        8131        7843        9630        1754        502         221         1           -           -                        1754        
A            3502        286         3216        4306        9889        2756        1754        6641        286         1           -           -                        1754        
A            6368        5           6363        6431        2011        8860        1756        4644        5           1           -           -                        1756        
A            3572        59          3513        4743        3700        6927        1758        2217        59          1           -           -                        1758        
A            2337        295         2042        4379        5513        5900        1762        4697        295         1           -           -                        1762        
A            3330        382         2948        6278        3568        6544        1763        6520        382         1           -           -                        1763        
A            1710        726         984         2694        6237        3131        1768        422         726         1           -           -                        1768        
A            4064        1           4063        4081        363         7562        1778        4503        1           1           -           -                        1778        
A            3306        423         2883        4267        8543        32          1782        7006        423         1           -           -                        1782        
A            3680        912         2768        6448        474         9518        1782        5427        912         1           -           -                        1782        
A            7288        267         7021        7701        6034        5738        1789        4303        267         1           -           -                        1789        
A            2356        633         1723        4079        1139        5569        1790        2582        633         1           -           -                        1790        
A            1298        343         955         2253        1144        3182        1795        8704        343         1           -           -                        1795        
A            4809        587         4222        9031        4688        6378        1797        8970        587         1           -           -                        1797        
A            4460        793         3667        8127        4175        7627        1797        6317        793         1           -           -                        1797        
A            6093        2510        3583        9676        247         3227        1800        2512        2510        1           -           -                        1800        
A            5784        1365        4419        7257        1061        2872        1802        5431        1365        1           -           -                        1802        
A            2892        1162        1730        4622        206         8925        1804        7747        1162        1           -           -                        1804        
A            3947        879         3068        7015        5140        7942        1806        9081        879         1           -           -                        1806        
A            4073        690         3383        7456        3560        6923        1807        1932        690         1           -           -                        1807        
A            5118        1464        3654        6945        5837        7733        1809        825         1464        1           -           -                        1809        
A            4229        261         3968        6213        9249        3198        1813        3123        261         1           -           -                        1813        
A            7048        328         6720        8728        3556        2099        1817        2646        328         1           -           -                        1817        
A            6016        1734        4282        8157        9172        6835        1817        2593        1734        1           -           -                        1817        
A            5714        134         5580        5993        8319        329         1818        641         134         1           -           -                        1818        
A            5536        580         4956        6775        5062        5292        1821        9530        580         1           -           -                        1821        
A            2510        264         2246        3633        5755        8809        1822        6673        264         1           -           -                        1822        
A            3809        111         3698        5658        5604        4579        1823        6088        111         1           -           -                        1823        
A            3103        396         2707        5810        7988        7325        1826        5011        396         1           -           -                        1826        
A            6485        1015        5470        7579        114         6274        1830        6741        1015        1           -           -                        1830        
A            1863        17          1846        1889        2609        1865        1841        4718        17          1           -           -                        1841        
A            2109        885         1224        3333        7886        7130        1841        5383        885         1           -           -                        1841        
A            6132        2796        3336        9468        4502        7246        1849        8595        2796        1           -           -                        1849        
A            1567        117         1450        3017        1238        7369        1850        1409        117         1           -           -                        1850        
A            7538        587         6951        8531        9260        7220        1855        408         587         1           -           -                        1855        
A            3953        173         3780        4373        8839        9000        1857        3278        173         1           -           -                        1857        
A            6091        1701        4390        8286        7001        4769        1859        1394        1701        1           -           -                        1859        
A            5642        1398        4244        9886        8509        6091        1862        4880        1398        1           -           -                        1862        
A            8235        75          8160        8745        4307        7280        1865        8884        75          1           -           -                        1865        
A            8948        296         8652        9257        1954        3509        1865        4040        296         1           -           -                        1865        
A            7962        632         7330        9428        3614        9407        1870        8682        632         1           -           -                        1870        
A            4310        1232        3078        5849        6263        211         1872        3853        1232        1           -           -                        1872        
A            5321        2555        2766        8087        8505        6246        1874        6727        2555        1           -           -                        1874        
A            6080        275         5805        6725        9420        8661        1875        947         275         1           -           -                        1875        
A            3952        696         3256        5580        1833        2923        1878        9217        696         1           -           -                        1878        
A            4916        72          4844        5089        1021        1645        1882        2587        72          1           -           -                        1882        
A            2771        39          2732        4137        2374        1425        1887        2666        39          1           -           -                        1887        
A            3852        1211        2641        6493        3089        499         1888        5676        1211        1           -           -                        1888        
A            5187        75          5112        5471        2955        2201        1892        1872        75          1           -           -                        1892        
A            5942        2706        3236        9178        1768        6601        1894        554         2706        1           -           -                        1894        
A            6102        1372        4730        8467        433         9296        1903        1039        1372        1           -           -                        1903        
A            1087        140         947         2034        2543        2811        1903        3163        140         1           -           -                        1903        
A            6494        1622        4872        8930        1137        1726        1909        9872        1622        1           -           -                        1909        
A            5620        3           5617        5661        5131        8958        1911        9021        3           1           -           -                        1911        
A            3597        1165        2432        6029        2283        5259        1916        5903        1165        1           -           -                        1916        
A            4776        2170        2606        7382        6918        1753        1918        8881        2170        1           -           -                        1918        
A            1790        98          1692        1931        2849        9254        1932        4506        98          1           -           -                        1932        
A            5683        2640        3043        8726        9202        2438        1935        1560        2640        1           -           -                        1935        
A            6186        712         5474        6968        3719        5780        1937        6049        712         1           -           -                        1937        
A            4408        116         4292        5481        5837        6908        1943        1781        116         1           -           -                        1943        
A            5525        449         5076        8063        733         11          1948        2285        449         1           -           -                        1948        
A            4715        1721        2994        7709        4542        3493        1949        4387        1721        1           -           -                        1949        
A            2692        676         2016        3700        9509        6477        1958        9922        676         1           -           -                        1958        
A            6869        84          6785        7164        5337        993         1958        2566        84          1           -           -                        1958        
A            6910        35          6875        7035        3182        5324        1959        5729        35          1           -           -                        1959        
A            9498        27          9471        9531        2879        3718        1959        547         27          1           -           -                        1959        
A            6373        873         5500        7473        9901        2152        1960        2252        873         1           -           -                        1960        
A            3772        829         2943        4753        6545        619         1962        9492        829         1           -           -                        1962        
A            5482        1391        4091        9573        7777        1675        1965        3927        1391        1           -           -                        1965        
A            9520        48          9472        9584        1886        1210        1966        1670        48          1           -           -                        1966        
A            7193        2           7191        7210        9678        8666        1967        2828        2           1           -           -                        1967        
A            2948        252         2696        5644        4728        6317        1972        7918        252         1           -           -                        1972        
A            8075        145         7930        8685        4375        731         1979        5274        145         1           -           -                        1979        
A            3228        89          3139        6367        768         3110        1980        5931        89          1           -           -                        1980        
A            5235        960         4275        9510        9389        5812        1983        964         960         1           -           -                        1983        
A            7707        327         7380        8322        9004        1637        1984        2080        327         1           -           -                        1984        
A            6274        468         5806        9177        5707        5592        1990        8900        468         1           -           -                        1990        
A            5132        500         4632        5711        8970        7542        1993        4978        500         1           -           -                        1993        
A            4396        1085        3311        7707        3848        2745        1994        5981        1085        1           -           -                        1994        
A            6576        6           6570        9861        5554        3162        1999        6403        6           1           -           -                        1999        
A            5872        356         5516        7251        6669        2346        2007        5476        356         1           -           -                        2007        
A            4242        1181        3061        7303        1836        1562        2011        4957        1181        1           -           -                        2011        
A            4973        654         4319        9292        7376        6936        2023        2981        654         1           -           -                        2023        
A            2276        6           2270        4546        9649        6505        2027        3385        6           1           -           -                        2027        
A            7429        534         6895        8414        1685        3838        2040        580         534         1           -           -                        2040        
A            3576        66          3510        4746        2955        4039        2042        850         66          1           -           -                        2042        
A            1812        66          1746        1909        6245        6820        2043        1280        66          1           -           -                        2043        
A            5562        2496        3066        8628        5855        9102        2044        3451        2496        1           -           -                        2044        
A            6905        1303        5602        9706        924         3527        2044        8016        1303        1           -           -                        2044        
A            6880        76          6804        6988        9033        334         2049        7854        76          1           -           -                        2049        
A            2816        571         2245        5061        2881        7253        2052        6947        571         1           -           -                        2052        
A            9357        107         9250        9727        8876        7528        2055        6943        107         1           -           -                        2055        
A            7620        1641        5979        9613        2513        2094        2058        429         1641        1           -           -                        2058        
A            5823        1686        4137        9960        7520        5568        2068        8724        1686        1           -           -                        2068        
A            5168        702         4466        7401        2418        3008        2072        4180        702         1           -           -                        2072        
A            2750        327         2423        5173        6261        6585        2075        6156        327         1           -           -                        2075        
A            3833        539         3294        4931        8946        2094        2079        429         539         1           -           -                        2079        
A            1569        50          1519        1786        9808        8514        2080        9904        50          1           -           -                        2080        
A            5271        168         5103        6972        3110        9277        2084        5147        168         1           -           -                        2084        
A            5801        565         5236        6549        1379        8837        2085        4590        565         1           -           -                        2085        
A            6025        2445        3580        9605        9156        5580        2090        3942        2445        1           -           -                        2090        
A            3632        1590        2042        5674        6264        5885        2090        1881        1590        1           -           -                        2090        
A            7156        556         6600        7981        3707        6818        2092        5840        556         1           -           -                        2092        
A            3234        418         2816        6050        8139        5002        2099        7993        418         1           -           -                        2099        
A            3684        711         2973        4675        5271        2183        2106        5792        711         1           -           -                        2106        
A            7386        486         6900        8536        4427        5698        2116        8596        486         1           -           -                        2116        
A            4525        345         4180        4905        6835        3063        2117        124         345         1           -           -                        2117        
A            5462        120         5342        8133        1705        2232        2122        7658        120         1           -           -                        2122        
A            7557        537         7020        8337        7617        3012        2125        1955        537         1           -           -                        2125        
A            3370        793         2577        4229        7749        5404        2127        813         793         1           -           -                        2127        
A            5988        400         5588        7385        7785        2952        2129        7016        400         1           -           -                        2129        
A            2684        98          2586        5270        210         7619        2131        9303        98          1           -           -                        2131        
A            3009        19          2990        3055        1542        6317        2131        2049        19          1           -           -                        2131        
A            4704        1122        3582        8286        6933        674         2132        315         1122        1           -           -                        2132        
A            5154        2249        2905        8059        5164        5180        2132        5700        2249        1           -           -                        2132        
A            5193        1058        4135        9328        2470        9309        2134        2930        1058        1           -           -                        2134        
A            5319        907         4412        6422        6816        3683        2136        5842        907         1           -           -                        2136        
A            1411        7           1404        1528        7780        6170        2136        1946        7           1           -           -                        2136        
A            5395        2657        2738        8133        465         8184        2138        1056        2657        1           -           -                        2138        
A            4482        527         3955        8437        7625        6163        2143        6626        527         1           -           -                        2143        
A            5756        1697        4059        9815        9736        6257        2146        7716        1697        1           -           -                        2146        
A            2279        1008        1271        3550        1772        5053        2152        1373        1008        1           -           -                        2152        
A            7310        1035        6275        8565        5754        8290        2153        2084        1035        1           -           -                        2153        
A            6371        2           6369        6564        6246        3917        2167        150         2           1           -           -                        2167        
A            1221        337         884         1663        4509        7989        2170        8811        337         1           -           -                        2170        
A            7507        21          7486        7704        5770        447         2170        9910        21          1           -           -                        2170        
A            3961        206         3755        4712        1160        6053        2179        7063        206         1           -           -                        2179        
A            5155        960         4195        9350        189         9911        2185        3011        960         1           -           -                        2185        
A            5546        366         5180        6286        9592        7505        2186        7255        366         1           -           -                        2186        
A            7722        106         7616        7841        9572        939         2186        5879        106         1           -           -                        2186        
A            6889        1973        4916        9347        4299        7245        2186        3550        1973        1           -           -                        2186        
A            1966        589         1377        3343        4089        9161        2187        6930        589         1           -           -                        2187        
A            4140        66          4074        8214        1555        5665        2197        4756        66          1           -           -                        2197        
A            7123        103         7020        7474        4055        1951        2200        703         103         1           -           -                        2200        
A            1735        767         968         2703        1927        2391        2202        3621        767         1           -           -                        2202        
A            3359        133         3226        6585        6454        8765        2202        2735        133         1           -           -                        2202        
A            833         197         636         1469        4155        7084        2203        3284        197         1           -           -                        2203        
A            7422        314         7108        9199        4688        8300        2206        3355        314         1           -           -                        2206        
A            5544        378         5166        6405        8473        6100        2209        360         378         1           -           -                        2209        
A            821         35          786         952         7170        103         2213        4914        35          1           -           -                        2213        
A            5402        1848        3554        8956        8777        3661        2217        702         1848        1           -           -                        2217        
A            5350        74          5276        7988        4302        5363        2219        7349        74          1           -           -                        2219        
A            8110        910         7200        9310        6883        6312        2220        1816        910         1           -           -                        2220        
A            4628        583         4045        5437        7231        4089        2234        9883        583         1           -           -                        2234        
B            4212        3240        972         5508        2959        7867        2245        9318        324         10          10          -                        [2245, 3903]
A            5479        1015        4464        6967        2639        8999        2245        8434        1015        1           -           -                        2245        
A            5488        16          5472        5545        3386        6610        2247        783         16          1           -           -                        2247        
A            7261        1987        5274        9898        1094        6842        2248        8666        1987        1           -           -                        2248        
A            3146        462         2684        4488        4204        9437        2250        9033        462         1           -           -                        2250        
A            3164        1427        1737        4901        5213        5146        2254        4740        1427        1           -           -                        2254        
A            4621        1696        2925        7546        5403        7122        2258        6324        1696        1           -           -                        2258        
A            2026        240         1786        3812        5951        2054        2259        2859        240         1           -           -                        2259        
A            3582        367         3215        6797        2321        5345        2266        7163        367         1           -           -                        2266        
A            6084        2560        3524        9608        9244        9485        2268        4270        2560        1           -           -                        2268        
A            3422        74          3348        4259        6466        9032        2272        3012        74          1           -           -                        2272        
A            6785        363         6422        7279        845         44          2273        5556        363         1           -           -                        2273        
A            5344        1915        3429        8773        3893        289         2275        5505        1915        1           -           -                        2275        
A            5123        1482        3641        8764        9483        3771        2278        3333        1482        1           -           -                        2278        
A            3594        1313        2281        5875        192         6831        2282        7534        1313        1           -           -                        2282        
A            4083        51          4032        4195        5536        9253        2284        7207        51          1           -           -                        2284        
A            4042        272         3770        5927        2972        884         2284        5822        272         1           -           -                        2284        
A            5794        167         5627        6125        9749        4041        2289        1508        167         1           -           -                        2289        
A            9394        122         9272        9638        3294        5171        2292        7383        122         1           -           -                        2292        
A            6738        1588        5150        9313        2798        185         2295        770         1588        1           -           -                        2295        
A            2151        498         1653        2702        1885        6632        2298        1724        498         1           -           -                        2298        
A            4856        376         4480        5752        3270        2239        2300        7230        376         1           -           -                        2300        
A            5220        568         4652        6383        1619        8358        2311        7708        568         1           -           -                        2311        
A            4275        757         3518        7793        9846        5784        2316        9796        757         1           -           -                        2316        
A            9315        203         9112        9583        3694        2779        2320        7849        203         1           -           -                        2320        
A            5907        1927        3980        7897        9909        9659        2321        826         1927        1           -           -                        2321        
A            2023        280         1743        3766        9412        6153        2329        3681        280         1           -           -                        2329        
A            2141        194         1947        4088        2491        1194        2333        6386        194         1           -           -                        2333        
A            5120        2256        2864        7984        2665        1585        2350        2645        2256        1           -           -                        2350        
A            5883        2797        3086        8969        7289        4340        2355        9069        2797        1           -           -                        2355        
A            4673        644         4029        8702        3890        4317        2357        9219        644         1           -           -                        2357        
A            5751        284         5467        6248        1468        1335        2358        3232        284         1           -           -                        2358        
A            3098        623         2475        3923        1517        2381        2366        8338        623         1           -           -                        2366        
A            991         59          932         1457        4743        8469        2373        6527        59          1           -           -                        2373        
A            4142        823         3319        7461        3785        4260        2374        1043        823         1           -           -                        2374        
A            3896        662         3234        4974        1743        6110        2374        9630        662         1           -           -                        2374        
A            3583        51          3532        4466        7329        3837        2376        3782        51          1           -           -                        2376        
A            7783        1273        6510        9953        384         8773        2377        6051        1273        1           -           -                        2377        
A            7750        278         7472        8217        1249        9407        2377        1285        278         1           -           -                        2377        
A            5915        2527        3388        9303        3728        4470        2380        5174        2527        1           -           -                        2380        
A            6414        206         6208        7190        6149        8994        2397        1253        206         1           -           -                        2397        
A            4607        833         3774        8381        7676        501         2408        5751        833         1           -           -                        2408        
A            7564        1012        6552        9202        53          8072        2409        3028        1012        1           -           -                        2409        
A            4265        1386        2879        7144        4195        7196        2409        8796        1386        1           -           -                        2409        
A            2662        74          2588        3956        8979        6412        2417        9059        74          1           -           -                        2417        
A            7004        514         6490        7653        8794        2772        2419        5871        514         1           -           -                        2419        
A            4594        2238        2356        6950        4479        4056        2423        9360        2238        1           -           -                        2423        
A            942         36          906         1244        8926        8319        2426        3734        36          1           -           -                        2426        
A            9612        180         9432        9874        9107        7429        2429        9735        180         1           -           -                        2429        
A            9401        20          9381        9454        4300        7044        2430        3106        20          1           -           -                        2430        
A            7341        2129        5212        9947        8126        2799        2433        7535        2129        1           -           -                        2433        
A            6249        1034        5215        7292        3858        5515        2435        7947        1034        1           -           -                        2435        
A            4403        638         3765        8168        2342        5919        2437        9397        638         1           -           -                        2437        
A            2993        107         2886        3215        6385        7626        2440        6141        107         1           -           -                        2440        
A            6851        839         6012        7853        9363        4987        2441        8860        839         1           -           -                        2441        
A            7273        253         7020        8677        2877        5061        2447        7885        253         1           -           -                        2447        
A            6517        400         6117        8556        9045        2196        2447        8518        400         1           -           -                        2447        
A            2349        611         1738        4087        9650        8665        2455        7041        611         1           -           -                        2455        
A            7355        791         6564        8996        7404        2042        2458        1108        791         1           -           -                        2458        
A            3002        1148        1854        4856        2763        3674        2458        3348        1148        1           -           -                        2458        
A            1686        388         1298        2335        700         1356        2464        1937        388         1           -           -                        2464        
A            3105        883         2222        4216        6928        3603        2464        9419        883         1           -           -                        2464        
A            4004        336         3668        5838        1621        1633        2468        8842        336         1           -           -                        2468        
A            7218        155         7063        8227        1582        7471        2469        5034        155         1           -           -                        2469        
A            7065        673         6392        8663        4476        6297        2471        4447        673         1           -           -                        2471        
A            2222        262         1960        2712        6146        6124        2474        4943        262         1           -           -                        2474        
A            2950        578         2372        3543        6465        6138        2480        9483        578         1           -           -                        2480        
A            8061        150         7911        8940        5147        329         2481        641         150         1           -           -                        2481        
A            8934        338         8596        9548        4030        8896        2485        2315        338         1           -           -                        2485        
A            5422        46          5376        5614        5102        5893        2485        6603        46          1           -           -                        2485        
A            1546        280         1266        2812        6468        5024        2494        5264        280         1           -           -                        2494        
A            7041        451         6590        7700        8759        3723        2494        1229        451         1           -           -                        2494        
A            7877        1661        6216        9949        6303        6447        2496        1444        1661        1           -           -                        2496        
A            4193        175         4018        8211        6203        350         2496        1316        175         1           -           -                        2496        
A            6318        1420        4898        8767        3193        8846        2499        9134        1420        1           -           -                        2499        
A            5876        421         5455        6967        4325        4954        2501        2966        421         1           -           -                        2501        
A            6916        1576        5340        9586        605         1202        2502        8108        1576        1           -           -                        2502        
A            5408        506         4902        7859        9812        2007        2503        7263        506         1           -           -                        2503        
A            4205        1047        3158        7363        3732        9101        2516        7123        1047        1           -           -                        2516        
A            4342        277         4065        8407        2581        6348        2517        4163        277         1           -           -                        2517        
A            4606        1324        3282        6247        479         3051        2521        3769        1324        1           -           -                        2521        
A            6484        1531        4953        8135        5019        2756        2534        6641        1531        1           -           -                        2534        
A            4793        343         4450        9243        2339        1636        2536        9247        343         1           -           -                        2536        
A            4834        232         4602        6368        279         9061        2536        1144        232         1           -           -                        2536        
A            2967        463         2504        5471        3532        755         2538        5675        463         1           -           -                        2538        
A            7391        163         7228        9198        2631        2947        2557        7463        163         1           -           -                        2557        
A            1939        731         1208        3147        9391        6172        2558        2577        731         1           -           -                        2558        
A            4875        460         4415        5758        8362        487         2558        2670        460         1           -           -                        2558        
A            3273        1588        1685        4958        6255        4472        2560        3125        1588        1           -           -                        2560        
A            5692        1674        4018        9710        4453        132         2572        1312        1674        1           -           -                        2572        
A            3155        764         2391        5546        9725        5496        2575        2468        764         1           -           -                        2575        
A            6588        1272        5316        8360        312         2838        2576        7671        1272        1           -           -                        2576        
A            4044        182         3862        7906        2062        7467        2579        3664        182         1           -           -                        2579        
A            5481        36          5445        5976        5498        8177        2584        3952        36          1           -           -                        2584        
A            3821        349         3472        4689        6365        2276        2596        2244        349         1           -           -                        2596        
A            3384        1616        1768        5152        5308        2427        2598        4259        1616        1           -           -                        2598        
A            700         67          633         1333        2439        2620        2599        2644        67          1           -           -                        2599        
A            4644        292         4352        5732        7931        193         2606        3877        292         1           -           -                        2606        
A            5431        527         4904        7883        3422        7246        2612        1372        527         1           -           -                        2612        
A            4823        79          4744        6009        3579        1046        2619        6330        79          1           -           -                        2619        
A            2246        360         1886        4132        3859        4725        2621        8420        360         1           -           -                        2621        
A            4452        1316        3136        7588        4924        6908        2621        8186        1316        1           -           -                        2621        
A            8681        41          8640        8861        1492        5918        2625        3908        41          1           -           -                        2625        
A            8289        813         7476        9357        5812        6273        2627        6786        813         1           -           -                        2627        
A            5899        562         5337        6492        8962        9425        2639        5216        562         1           -           -                        2639        
A            4535        1336        3199        7734        5014        9567        2640        5109        1336        1           -           -                        2640        
A            2456        76          2380        4836        3563        9711        2644        7869        76          1           -           -                        2644        
A            2041        125         1916        3957        6495        6966        2644        7036        125         1           -           -                        2644        
A            3594        527         3067        6661        6486        7182        2647        6760        527         1           -           -                        2647        
A            6962        522         6440        8250        9503        3548        2659        8720        522         1           -           -                        2659        
A            8169        43          8126        8647        7707        5381        2659        3215        43          1           -           -                        2659        
A            7122        1154        5968        8614        2692        5742        2661        8716        1154        1           -           -                        2661        
A            9491        41          9450        9554        700         7674        2674        5368        41          1           -           -                        2674        
A            4312        109         4203        8515        7192        2134        2680        1803        109         1           -           -                        2680        
A            6586        138         6448        7082        1891        3941        2685        2140        138         1           -           -                        2685        
A            6257        3055        3202        9459        4272        2137        2686        3806        3055        1           -           -                        2686        
A            2320        1030        1290        3610        4874        1833        2690        7591        1030        1           -           -                        2690        
A            8646        21          8625        9021        1112        3925        2692        977         21          1           -           -                        2692        
A            1802        608         1194        2996        7160        7033        2694        8653        608         1           -           -                        2694        
A            7067        25          7042        8073        8020        3482        2696        5027        25          1           -           -                        2696        
A            6455        581         5874        9392        4006        8795        2696        4287        581         1           -           -                        2696        
A            3792        132         3660        7452        2576        8902        2698        7011        132         1           -           -                        2698        
A            7502        1274        6228        9578        4583        5252        2701        9267        1274        1           -           -                        2701        
A            5974        889         5085        7669        286         6474        2706        5823        889         1           -           -                        2706        
A            1668        43          1625        3293        2137        953         2713        1208        43          1           -           -                        2713        
A            3909        191         3718        4247        662         8784        2725        4502        191         1           -           -                        2725        
A            4670        245         4425        6145        5478        3711        2730        6279        245         1           -           -                        2730        
A            1721        556         1165        2886        2380        8804        2739        218         556         1           -           -                        2739        
A            706         4           702         1057        5777        2928        2741        4905        4           1           -           -                        2741        
A            5809        151         5658        7695        1772        4341        2754        9174        151         1           -           -                        2754        
A            7022        2326        4696        9370        9480        3460        2754        5869        2326        1           -           -                        2754        
A            4574        1383        3191        7765        9767        9679        2756        2435        1383        1           -           -                        2756        
A            3920        1611        2309        6229        7934        6135        2764        6755        1611        1           -           -                        2764        
A            5053        225         4828        6260        379         7380        2777        4182        225         1           -           -                        2777        
A            7888        120         7768        8859        3560        8858        2782        336         120         1           -           -                        2782        
A            2205        475         1730        3070        3070        1           2788        7029        475         1           -           -                        2788        
A            7469        764         6705        8810        556         4354        2790        1794        764         1           -           -                        2790        
A            8251        516         7735        8846        5390        7402        2796        2870        516         1           -           -                        2796        
A            7264        88          7176        7862        2071        2516        2798        4625        88          1           -           -                        2798        
A            5463        1796        3667        9130        1729        2559        2804        5512        1796        1           -           -                        2804        
A            5444        1802        3642        7265        1559        9652        2806        1088        1802        1           -           -                        2806        
A            3738        168         3570        4095        4252        9103        2814        3338        168         1           -           -                        2814        
A            3210        616         2594        5804        4203        829         2815        2815        616         1           -           -                        2815        
A            4187        1042        3145        7332        3086        461         2826        2526        1042        1           -           -                        2826        
A            3807        1517        2290        6097        5467        4187        2828        2549        1517        1           -           -                        2828        
A            5734        2545        3189        8923        2262        3833        2835        4967        2545        1           -           -                        2835        
A            8499        141         8358        8698        3554        3379        2837        732         141         1           -           -                        2837        
A            6387        31          6356        6614        7594        9645        2839        5309        31          1           -           -                        2839        
A            2056        106         1950        2381        4036        7787        2842        2109        106         1           -           -                        2842        
A            438         18          420         578         4151        6632        2845        1724        18          1           -           -                        2845        
A            2233        73          2160        2773        1377        5684        2852        2946        73          1           -           -                        2852        
A            3800        467         3333        4911        823         1762        2865        267         467         1           -           -                        2865        
A            6310        60          6250        6435        4555        8568        2868        8862        60          1           -           -                        2868        
A            2227        657         1570        3012        9330        2045        2871        1548        657         1           -           -                        2871        
A            3978        846         3132        5544        9491        5265        2876        8667        846         1           -           -                        2876        
A            8645        455         8190        9555        8027        9474        2881        1875        455         1           -           -                        2881        
A            8570        650         7920        9362        3170        5958        2881        6037        650         1           -           -                        2881        
A            6589        469         6120        7813        7723        987         2886        8239        469         1           -           -                        2886        
A            7408        2338        5070        9943        4014        1758        2890        3164        2338        1           -           -                        2890        
A            7648        848         6800        8498        6187        3357        2894        274         848         1           -           -                        2894        
A            3229        752         2477        5706        7807        911         2898        6349        752         1           -           -                        2898        
A            3550        1005        2545        6095        5966        2238        2898        7229        1005        1           -           -                        2898        
A            4919        75          4844        5092        4865        8368        2906        2018        75          1           -           -                        2906        
A            5933        2788        3145        9078        1372        4932        2906        8458        2788        1           -           -                        2906        
A            5285        353         4932        5833        5210        2490        2915        4402        353         1           -           -                        2915        
A            5085        1995        3090        8175        9891        9466        2919        7449        1995        1           -           -                        2919        
A            6565        575         5990        7164        1943        8401        2921        1452        575         1           -           -                        2921        
A            6173        2838        3335        9508        2408        6908        2924        1781        2838        1           -           -                        2924        
A            5016        222         4794        5815        1146        6154        2927        6210        222         1           -           -                        2927        
A            6144        324         5820        6726        9579        8357        2930        3390        324         1           -           -                        2930        
A            4491        877         3614        8105        4096        8161        2933        2874        877         1           -           -                        2933        
A            7422        374         7048        8303        2826        5847        2935        5622        374         1           -           -                        2935        
A            6365        491         5874        9302        7910        9570        2940        7922        491         1           -           -                        2940        
A            3917        197         3720        4847        5509        5832        2940        5055        197         1           -           -                        2940        
A            3862        655         3207        4931        7113        8956        2941        6918        655         1           -           -                        2941        
A            3053        146         2907        3206        6261        1559        2946        5126        146         1           -           -                        2946        
A            4256        711         3545        7801        4137        397         2953        7835        711         1           -           -                        2953        
A            3079        535         2544        3715        9389        5184        2953        9466        535         1           -           -                        2953        
A            7250        2090        5160        9830        6332        9128        2954        9089        2090        1           -           -                        2954        
A            8678        110         8568        9154        4283        6532        2957        6239        110         1           -           -                        2957        
A            5955        6           5949        5964        5214        5885        2965        1881        6           1           -           -                        2965        
A            3420        690         2730        4330        5973        6597        2971        8210        690         1           -           -                        2971        
A            4873        2305        2568        7441        3342        3757        2973        624         2305        1           -           -                        2973        
A            1861        197         1664        2693        1500        6786        2984        8698        197         1           -           -                        2984        
A            2590        224         2366        3773        4145        8756        2988        4588        224         1           -           -                        2988        
A            8253        877         7376        9175        9597        8730        2990        4604        877         1           -           -                        2990        
A            5073        205         4868        6290        8264        7037        2993        5197        205         1           -           -                        2993        
A            5386        146         5240        8006        3693        9648        3000        4715        146         1           -           -                        3000        
A            2074        130         1944        4018        1172        1143        3000        9746        130         1           -           -                        3000        
A            2640        696         1944        3612        5630        3035        3001        3863        696         1           -           -                        3001        
A            7269        93          7176        7821        5751        1140        3002        1539        93          1           -           -                        3002        
A            6856        100         6756        7419        3501        5118        3005        7513        100         1           -           -                        3005        
A            4172        392         3780        7952        931         683         3012        525         392         1           -           -                        3012        
A            8154        207         7947        9037        5807        9512        3013        9586        207         1           -           -                        3013        
A            4808        1556        3252        6434        4694        8516        3025        7500        1556        1           -           -                        3025        
A            3555        175         3380        4231        9565        6411        3028        5231        175         1           -           -                        3028        
A            1499        89          1410        2204        466         2828        3029        1091        89          1           -           -                        3029        
A            5034        794         4240        6094        7388        2529        3029        5874        794         1           -           -                        3029        
A            4675        1793        2882        7557        2520        2649        3035        3327        1793        1           -           -                        3035        
A            3288        602         2686        5974        6483        6046        3036        2935        602         1           -           -                        3036        
A            5894        995         4899        7527        6315        9793        3038        5177        995         1           -           -                        3038        
A            5699        835         4864        8131        2152        5946        3042        1237        835         1           -           -                        3042        
A            5969        2779        3190        9159        6700        2267        3045        8276        2779        1           -           -                        3045        
A            5041        441         4600        9641        7557        6915        3046        1377        441         1           -           -                        3046        
A            7813        43          7770        7887        956         2500        3049        5411        43          1           -           -                        3049        
A            6388        178         6210        6618        9830        2207        3057        1963        178         1           -           -                        3057        
A            7395        715         6680        8731        9309        5152        3058        7406        715         1           -           -                        3058        
A            3585        105         3480        7065        5052        4541        3063        8659        105         1           -           -                        3063        
A            5745        2030        3715        9460        5364        9337        3065        8715        2030        1           -           -                        3065        
A            5953        130         5823        6600        6684        9628        3067        5747        130         1           -           -                        3067        
A            9062        4           9058        9709        148         4443        3068        7812        4           1           -           -                        3068        
A            7160        8           7152        7756        9752        103         3069        5053        8           1           -           -                        3069        
A            5548        2149        3399        8947        6485        6332        3072        6437        2149        1           -           -                        3072        
A            1533        33          1500        3033        111         4068        3075        6196        33          1           -           -                        3075        
A            8048        1136        6912        9200        201         5302        3077        204         1136        1           -           -                        3077        
A            2494        92          2402        4896        4981        35          3078        3950        92          1           -           -                        3078        
A            2322        66          2256        3450        9875        4946        3080        1516        66          1           -           -                        3080        
A            7478        144         7334        7864        3418        5986        3082        4794        144         1           -           -                        3082        
A            5777        57          5720        5907        5484        8774        3085        2808        57          1           -           -                        3085        
A            6934        319         6615        8257        4501        6149        3088        1435        319         1           -           -                        3088        
A            3376        153         3223        6599        9673        3605        3099        508         153         1           -           -                        3099        
A            5564        139         5425        5739        6165        8736        3100        1759        139         1           -           -                        3100        
A            5263        815         4448        9711        3877        3833        3101        4967        815         1           -           -                        3101        
A            7278        190         7088        8164        4022        5895        3103        8500        190         1           -           -                        3103        
A            7498        74          7424        7626        148         2880        3106        4984        74          1           -           -                        3106        
A            3809        1072        2737        6546        9387        4766        3106        3710        1072        1           -           -                        3106        
A            5595        1179        4416        7803        5302        8286        3113        9736        1179        1           -           -                        3113        
A            2911        684         2227        5138        4293        3695        3118        2424        684         1           -           -                        3118        
A            4533        53          4480        6773        3561        794         3127        6334        53          1           -           -                        3127        
A            5037        2125        2912        7949        6104        9049        3129        7585        2125        1           -           -                        3129        
A            8381        29          8352        8413        8580        885         3130        503         29          1           -           -                        3130        
A            5040        1918        3122        8162        8594        5032        3146        7149        1918        1           -           -                        3146        
A            2789        90          2699        5488        3877        8156        3148        9476        90          1           -           -                        3148        
A            5087        2492        2595        7682        2021        6923        3154        8035        2492        1           -           -                        3154        
A            4603        737         3866        8469        2240        6291        3173        3778        737         1           -           -                        3173        
A            4994        1472        3522        6755        2612        4532        3174        7617        1472        1           -           -                        3174        
A            4482        1707        2775        7257        2031        6820        3175        8687        1707        1           -           -                        3175        
A            4912        1416        3496        8408        2497        3500        3175        7389        1416        1           -           -                        3175        
A            3253        1439        1814        5067        296         9277        3187        4820        1439        1           -           -                        3187        
A            5254        249         5005        6255        6461        5266        3188        71          249         1           -           -                        3188        
A            2529        350         2179        4708        3026        6128        3206        5257        350         1           -           -                        3206        
A            3696        319         3377        7073        2248        7137        3206        2585        319         1           -           -                        3206        
A            5537        1963        3574        9111        4235        9056        3207        1309        1963        1           -           -                        3207        
A            5401        25          5376        6073        6299        463         3208        2595        25          1           -           -                        3208        
A            2351        51          2300        2451        9387        2625        3210        567         51          1           -           -                        3210        
A            6922        919         6003        8923        6106        372         3212        3224        919         1           -           -                        3212        
A            2988        626         2362        5350        3542        9462        3221        5977        626         1           -           -                        3221        
A            8216        712         7504        9154        2447        6867        3227        9617        712         1           -           -                        3227        
A            7929        488         7441        8992        7603        519         3231        2715        488         1           -           -                        3231        
A            5848        1024        4824        7456        3376        758         3231        4724        1024        1           -           -                        3231        
A            8297        887         7410        9532        6475        2509        3233        9296        887         1           -           -                        3233        
A            6536        226         6310        7798        2156        5246        3240        786         226         1           -           -                        3240        
A            4187        332         3855        8042        5268        9715        3244        9793        332         1           -           -                        3244        
A            6705        555         6150        7320        2020        4247        3255        2344        555         1           -           -                        3255        
A            6365        90          6275        6616        3646        9854        3268        4527        90          1           -           -                        3268        
A            5108        1912        3196        8304        74          2806        3272        2989        1912        1           -           -                        3272        
A            8199        408         7791        9312        2624        9849        3272        1793        408         1           -           -                        3272        
A            2077        733         1344        3421        6986        6619        3286        7857        733         1           -           -                        3286        
A            5206        38          5168        5529        2428        2962        3288        5706        38          1           -           -                        3288        
A            4711        556         4155        6096        6116        177         3299        9061        556         1           -           -                        3299        
A            6790        610         6180        8850        8474        1643        3306        6375        610         1           -           -                        3306        
A            1425        50          1375        1700        5406        63          3309        295         50          1           -           -                        3309        
A            9389        365         9024        9953        2054        8026        3310        7177        365         1           -           -                        3310        
A            3810        152         3658        7468        3301        8994        3311        8714        152         1           -           -                        3311        
A            5142        1700        3442        8584        9946        8609        3319        3716        1700        1           -           -                        3319        
A            5268        473         4795        6227        4559        5773        3324        3286        473         1           -           -                        3324        
A            2532        652         1880        3472        2395        5012        3334        7050        652         1           -           -                        3334        
A            4802        182         4620        5222        4110        1175        3335        228         182         1           -           -                        3335        
A            6406        950         5456        7770        8779        8702        3345        6862        950         1           -           -                        3345        
A            6441        315         6126        9504        1214        5213        3346        1749        315         1           -           -                        3346        
A            5287        454         4833        6898        7256        1696        3353        2305        454         1           -           -                        3353        
A            4316        962         3354        5993        9620        2654        3355        6977        962         1           -           -                        3355        
A            7402        512         6890        8091        8906        6493        3359        9215        512         1           -           -                        3359        
A            1795        601         1194        2989        4686        7260        3360        266         601         1           -           -                        3360        
A            5187        47          5140        5444        9796        8478        3362        9209        47          1           -           -                        3362        
A            3963        617         3346        5636        3000        972         3364        163         617         1           -           -                        3364        
A            5886        486         5400        8586        7492        5868        3372        3153        486         1           -           -                        3372        
A            7330        2350        4980        9820        5557        5648        3378        8294        2350        1           -           -                        3378        
A            1128        517         611         1739        5807        3155        3383        3093        517         1           -           -                        3383        
A            6508        1994        4514        8765        9411        1257        3383        7633        1994        1           -           -                        3383        
A            8002        280         7722        8596        9228        3522        3384        2225        280         1           -           -                        3384        
A            4211        877         3334        5878        109         8375        3391        8512        877         1           -           -                        3391        
A            5245        1065        4180        9425        6413        6843        3396        4226        1065        1           -           -                        3396        
A            3891        1686        2205        6096        752         2977        3408        7504        1686        1           -           -                        3408        
A            4181        1794        2387        6568        1697        6488        3409        3666        1794        1           -           -                        3409        
A            3184        1014        2170        4269        6991        7725        3409        3677        1014        1           -           -                        3409        
A            4920        780         4140        6300        5706        4906        3413        7347        780         1           -           -                        3413        
A            6811        777         6034        7673        8172        4349        3414        4475        777         1           -           -                        3414        
A            6136        364         5772        7098        4579        2274        3415        1650        364         1           -           -                        3415        
A            1433        471         962         2395        2834        1798        3415        1523        471         1           -           -                        3415        
A            7956        860         7096        8843        14          7039        3419        4333        860         1           -           -                        3419        
A            2872        16          2856        3586        2035        8999        3419        8434        16          1           -           -                        3419        
A            5219        695         4524        5973        524         9617        3423        3330        695         1           -           -                        3423        
A            3588        1182        2406        4791        260         7187        3426        3608        1182        1           -           -                        3426        
A            2544        58          2486        3787        7775        9697        3431        9776        58          1           -           -                        3431        
A            2183        700         1483        3666        3756        2437        3442        7632        700         1           -           -                        3442        
A            6054        2977        3077        9131        5838        1632        3449        6063        2977        1           -           -                        3449        
A            7128        81          7047        7215        7767        4278        3450        2460        81          1           -           -                        3450        
A            6641        157         6484        9883        8452        5250        3471        5138        157         1           -           -                        3471        
A            3652        52          3600        3802        7068        731         3475        5274        52          1           -           -                        3475        
A            5678        347         5331        7455        2009        3928        3482        6028        347         1           -           -                        3482        
A            3530        406         3124        6654        5281        1798        3498        8444        406         1           -           -                        3498        
A            5892        2876        3016        8908        3377        5268        3500        1025        2876        1           -           -                        3500        
A            9891        2           9889        9902        3938        9519        3502        6454        2           1           -           -                        3502        
A            8847        9           8838        9338        8491        4545        3510        1884        9           1           -           -                        3510        
A            5747        173         5574        8534        3296        5101        3515        5797        173         1           -           -                        3515        
A            2151        345         1806        3957        1057        3983        3516        8138        345         1           -           -                        3516        
A            4897        1023        3874        6834        7101        9749        3523        1735        1023        1           -           -                        3523        
A            6989        573         6416        8593        4949        5240        3526        8217        573         1           -           -                        3526        
A            1351        623         728         2079        3542        2384        3526        5614        623         1           -           -                        3526        
A            5293        1233        4060        7323        7523        6885        3529        3209        1233        1           -           -                        3529        
A            7049        1052        5997        9048        376         9779        3532        7319        1052        1           -           -                        3532        
A            3823        891         2932        6755        1115        7783        3536        5248        891         1           -           -                        3536        
A            7637        4           7633        8086        5006        7890        3537        3544        4           1           -           -                        3537        
A            7171        1951        5220        9781        710         8956        3539        3049        1951        1           -           -                        3539        
A            7933        1223        6710        9275        6349        6441        3549        6030        1223        1           -           -                        3549        
A            6416        203         6213        6743        7342        9505        3555        7628        203         1           -           -                        3555        
A            4433        2020        2413        6846        6298        7398        3562        4786        2020        1           -           -                        3562        
A            5808        224         5584        6157        52          7977        3564        771         224         1           -           -                        3564        
A            3064        109         2955        6019        7907        1047        3571        5356        109         1           -           -                        3571        
A            9406        19          9387        9469        4583        5750        3572        1742        19          1           -           -                        3572        
A            3879        860         3019        6898        445         8997        3574        9297        860         1           -           -                        3574        
A            9012        614         8398        9658        4911        73          3577        3016        614         1           -           -                        3577        
A            8463        525         7938        9030        2594        3500        3577        7389        525         1           -           -                        3577        
A            8324        714         7610        9846        4610        3336        3585        2720        714         1           -           -                        3585        
A            4095        883         3212        7307        459         5640        3586        5322        883         1           -           -                        3586        
A            5379        393         4986        5933        3012        6597        3608        8210        393         1           -           -                        3608        
A            5271        1253        4018        7280        3768        1060        3612        6891        1253        1           -           -                        3612        
A            3003        218         2785        3560        3176        4244        3614        1111        218         1           -           -                        3614        
A            8836        44          8792        8892        128         9725        3631        8410        44          1           -           -                        3631        
A            6331        263         6068        7848        33          2050        3637        310         263         1           -           -                        3637        
A            5259        1203        4056        7287        1853        9191        3638        5912        1203        1           -           -                        3638        
A            2191        591         1600        3791        3543        9397        3657        1975        591         1           -           -                        3657        
A            9168        10          9158        9409        6557        2356        3658        5495        10          1           -           -                        3658        
A            7600        642         6958        8594        4130        8106        3659        1313        642         1           -           -                        3659        
A            2082        990         1092        3174        91          6497        3665        6473        990         1           -           -                        3665        
A            8072        68          8004        8164        9077        2253        3668        7212        68          1           -           -                        3668        
A            5685        171         5514        7523        2972        4265        3678        2854        171         1           -           -                        3678        
A            5846        850         4996        8344        9315        1149        3679        8223        850         1           -           -                        3679        
A            5737        647         5090        8282        5476        4803        3684        5597        647         1           -           -                        3684        
A            4758        336         4422        6232        2237        3888        3685        9281        336         1           -           -                        3685        
A            5439        1356        4083        9522        5010        2616        3687        9454        1356        1           -           -                        3687        
A            7206        1166        6040        8414        6812        4458        3696        7512        1166        1           -           -                        3696        
A            668         64          604         1272        2041        3712        3697        8712        64          1           -           -                        3697        
A            2578        126         2452        3191        1163        2908        3703        7936        126         1           -           -                        3703        
A            2002        166         1836        2614        3223        1646        3704        2072        166         1           -           -                        3704        
A            8037        549         7488        8973        2966        4301        3705        763         549         1           -           -                        3705        
A            7991        795         7196        9790        8021        5926        3707        6325        795         1           -           -                        3707        
A            8388        894         7494        9637        453         7260        3709        266         894         1           -           -                        3709        
A            3067        168         2899        5966        603         5481        3714        1835        168         1           -           -                        3714        
A            6528        537         5991        8525        5549        7964        3726        8038        537         1           -           -                        3726        
A            5175        1149        4026        7188        8137        9767        3730        800         1149        1           -           -                        3730        
A            8762        802         7960        9757        6413        7028        3745        7712        802         1           -           -                        3745        
A            1705        309         1396        2054        9607        3372        3760        4069        309         1           -           -                        3760        
A            6451        172         6279        6750        9260        4403        3760        9713        172         1           -           -                        3760        
A            3404        1180        2224        5628        1169        6928        3763        8331        1180        1           -           -                        3763        
A            4831        451         4380        9211        8565        1138        3765        5623        451         1           -           -                        3765        
A            3990        1341        2649        6639        4786        9025        3768        6579        1341        1           -           -                        3768        
A            6369        849         5520        9129        9506        6769        3772        8949        849         1           -           -                        3772        
A            5028        1418        3610        6833        8079        5228        3774        8562        1418        1           -           -                        3774        
A            3173        45          3128        3265        1474        5148        3789        6390        45          1           -           -                        3789        
A            7987        182         7805        9102        322         4857        3794        3034        182         1           -           -                        3794        
A            4728        650         4078        6767        6224        4304        3804        6601        650         1           -           -                        3804        
A            4102        88          4014        8116        1220        7294        3811        9771        88          1           -           -                        3811        
A            3045        19          3026        3134        2410        4046        3811        8077        19          1           -           -                        3811        
A            2271        235         2036        2780        2556        625         3812        7062        235         1           -           -                        3812        
A            3047        1228        1819        4866        1607        4909        3822        100         1228        1           -           -                        3822        
A            6235        642         5593        7034        6597        3198        3834        3123        642         1           -           -                        3834        
A            5012        371         4641        6559        7622        622         3834        8747        371         1           -           -                        3834        
A            8762        20          8742        8809        659         3129        3839        4129        20          1           -           -                        3839        
A            2495        129         2366        2677        1072        6892        3845        7745        129         1           -           -                        3845        
A            5213        1441        3772        8985        8220        3766        3852        8460        1441        1           -           -                        3852        
A            6055        55          6000        8055        7196        105         3852        4381        55          1           -           -                        3852        
A            5922        1598        4324        8084        6544        2956        3853        8697        1598        1           -           -                        3853        
A            3312        474         2838        4258        1249        4552        3860        9720        474         1           -           -                        3860        
A            1310        281         1029        1653        8834        412         3865        9826        281         1           -           -                        3865        
A            7055        152         6903        7232        6504        6609        3872        613         152         1           -           -                        3872        
A            7466        239         7227        9875        8642        1497        3872        4453        239         1           -           -                        3872        
A            4979        1103        3876        6271        5962        7870        3874        2349        1103        1           -           -                        3874        
A            7174        184         6990        9504        3868        9887        3878        6576        184         1           -           -                        3878        
A            5778        734         5044        8300        5971        4298        3882        3387        734         1           -           -                        3882        
A            4183        1230        2953        7136        4248        3080        3887        1760        1230        1           -           -                        3887        
A            5807        375         5432        6583        9891        3192        3889        5372        375         1           -           -                        3889        
A            5394        1782        3612        7200        8739        124         3889        9300        1782        1           -           -                        3889        
A            4658        234         4424        6870        8002        9507        3892        289         234         1           -           -                        3892        
A            2339        412         1927        4266        1629        2811        3895        6804        412         1           -           -                        3895        
A            3283        745         2538        4552        4506        4186        3898        3860        745         1           -           -                        3898        
A            8079        309         7770        9374        5109        8771        3900        5800        309         1           -           -                        3900        
A            7567        315         7252        8603        4937        6674        3905        5459        315         1           -           -                        3905        
A            5047        569         4478        9525        5404        7809        3914        8641        569         1           -           -                        3914        
A            5803        193         5610        6177        6157        1309        3914        6642        193         1           -           -                        3914        
A            5077        289         4788        5761        9548        3150        3917        594         289         1           -           -                        3917        
A            5420        909         4511        9931        742         1585        3920        7322        909         1           -           -                        3920        
A            7771        279         7492        9644        651         6093        3925        4272        279         1           -           -                        3925        
A            4540        1814        2726        7266        9517        1047        3925        5356        1814        1           -           -                        3925        
A            5684        86          5598        6306        3553        4838        3940        5560        86          1           -           -                        3940        
A            4543        1215        3328        6207        1699        6838        3944        8155        1215        1           -           -                        3944        
A            3272        828         2444        5716        8729        4681        3945        1529        828         1           -           -                        3945        
A            3941        1247        2694        5288        6118        9528        3945        3423        1247        1           -           -                        3945        
A            1857        360         1497        3354        5374        3684        3948        3587        360         1           -           -                        3948        
A            3796        1605        2191        5987        1500        2921        3970        7875        1605        1           -           -                        3970        
A            6641        29          6612        7743        1678        8552        3970        3653        29          1           -           -                        3970        
A            5784        2282        3502        9286        5181        7087        3971        5260        2282        1           -           -                        3971        
A            7202        206         6996        7520        5723        4714        3973        5998        206         1           -           -                        3973        
A            5539        1711        3828        9367        408         2930        3981        6429        1711        1           -           -                        3981        
A            3231        266         2965        3824        7982        9473        3983        3354        266         1           -           -                        3983        
A            5255        2332        2923        8178        4726        9703        3985        4868        2332        1           -           -                        3985        
A            4134        958         3176        5722        3469        6880        3991        7663        958         1           -           -                        3991        
A            5778        318         5460        7598        3191        2826        3992        4804        318         1           -           -                        3992        
A            4866        1278        3588        8454        8252        2651        3994        1766        1278        1           -           -                        3994        
A            7243        2323        4920        9703        1507        6984        3997        7409        2323        1           -           -                        3997        
A            7350        50          7300        7715        4573        8977        3997        6944        50          1           -           -                        3997        
A            3047        53          2994        4544        2288        8575        3999        440         53          1           -           -                        3999        
A            3305        389         2916        4277        451         8319        4007        6233        389         1           -           -                        4007        
A            4428        81          4347        4635        5049        8440        4013        1599        81          1           -           -                        4013        
A            3702        30          3672        4314        9401        2986        4013        5635        30          1           -           -                        4013        
A            2349        72          2277        3108        5341        7355        4014        2133        72          1           -           -                        4014        
A            1943        159         1784        2166        4882        8620        4015        7756        159         1           -           -                        4015        
A            4302        1100        3202        7504        2053        3805        4025        7778        1100        1           -           -                        4025        
A            5348        842         4506        6850        5920        8032        4034        1741        842         1           -           -                        4034        
A            5275        230         5045        6284        3991        6717        4037        1004        230         1           -           -                        4037        
A            4390        4           4386        5121        4272        1982        4043        6654        4           1           -           -                        4043        
A            4786        1120        3666        6619        2639        1551        4049        2089        1120        1           -           -                        4049        
A            6785        533         6252        8348        1928        1183        4056        7429        533         1           -           -                        4056        
A            4207        47          4160        8367        7608        964         4059        1990        47          1           -           -                        4059        
B            4329        2340        1989        5616        9543        4124        7785        8363        468         5           5           -                        [7785, 5326]
--------------------------------------------------------------------------------------------------------------------------------------------------------------------------------------
case         s           s_zk        s_rxk       s_zr        z           r           x           k^{-1}      a           m1          m2          f                        x_recovered 
--------------------------------------------------------------------------------------------------------------------------------------------------------------------------------------

Statistics:

Total Key Count: 9966
Transaction Limit Per Key: 9966
Total Transaction Count: 99321156
Maximum Transaction Count: 9.864692e+15
Total Cases: 24751497
Case A Count: 2465
Case B Count: 2
Case C Count: 335131
Case D Count: 24407153
Case E Count: 6746
Case D0 Count: 1734673
Case D1 Count: 1734221
Case D2 Count: 1736211
Case D3 Count: 1678707
Case D4 Count: 1484486
Case D5 Count: 1273481
Case D6 Count: 1086991
Case D7 Count: 933847
Case D8 Count: 808787
Case D9 Count: 704836
Case D10 Count: 622065
Case D11 Count: 551776
Case D12 Count: 492122
Case D13 Count: 443376
Case D14 Count: 400874
Case D15 Count: 363922
Case D16 Count: 332395
Case D17 Count: 306141
Case D18 Count: 281268
Case D19 Count: 260516
Case D20 Count: 240866
Case D21 Count: 225127
Case D22 Count: 209524
Case D23 Count: 195824
Case D24 Count: 183577
Case D25 Count: 172331
Case D26 Count: 162495
Case D27 Count: 153115
Case D28 Count: 144051
Case D29 Count: 136643
Case D30 Count: 129867
Case D31 Count: 123155
Case D32 Count: 117105
Case D33 Count: 112249
Case D34 Count: 106483
Case D35 Count: 101606
Case D36 Count: 97217
Case D37 Count: 93103
Case D38 Count: 89221
Case D39 Count: 85913
Case D40 Count: 82582
Case D41 Count: 78563
Case D42 Count: 75642
Case D43 Count: 72878
Case D44 Count: 69991
Case D45 Count: 68277
Case D46 Count: 65812
Case D47 Count: 63651
Case D48 Count: 60516
Case D49 Count: 58965
Case D50 Count: 57441
Case D51 Count: 55006
Case D52 Count: 53375
Case D53 Count: 51998
Case D54 Count: 50245
Case D55 Count: 48776
Case D56 Count: 47218
Case D57 Count: 45829
Case D58 Count: 44640
Case D59 Count: 43441
Case D60 Count: 42029
Case D61 Count: 40852
Case D62 Count: 39638
Case D63 Count: 38740
Case D64 Count: 37819
Case D65 Count: 37043
Case D66 Count: 35732
Case D67 Count: 34782
Case D68 Count: 34138
Case D69 Count: 33584
Case D70 Count: 32355
Case D71 Count: 31687
Case D72 Count: 30684
Case D73 Count: 30254
Case D74 Count: 29618
Case D75 Count: 28653
Case D76 Count: 28425
Case D77 Count: 27522
Case D78 Count: 27174
Case D79 Count: 26332
Case D80 Count: 25870
Case D81 Count: 25504
Case D82 Count: 24795
Case D83 Count: 24059
Case D84 Count: 23625
Case D85 Count: 23207
Case D86 Count: 22691
Case D87 Count: 22233
Case D88 Count: 21965
Case D89 Count: 21520
Case D90 Count: 21168
Case D91 Count: 20665
Case D92 Count: 20382
Case D93 Count: 20000
Case D94 Count: 19649
Case D95 Count: 19236
Case D96 Count: 18724
Case D97 Count: 18600
Case D98 Count: 18189
Case D99 Count: 17706
Case D100 Count: 17523
Case D101 Count: 17200
Case D102 Count: 16795
Case D103 Count: 16619
Case D104 Count: 16562
Case D105 Count: 16177
Case D106 Count: 15752
Case D107 Count: 15575
Case D108 Count: 15496
Case D109 Count: 15247
Case D110 Count: 14918
Case D111 Count: 14642
Case D112 Count: 14480
Case D113 Count: 14024
Case D114 Count: 13999
Case D115 Count: 13908
Case D116 Count: 13523
Case D117 Count: 13270
Case D118 Count: 13335
Case D119 Count: 13078
Case D120 Count: 12804
Case D121 Count: 12481
Case D122 Count: 12609
Case D123 Count: 12074
Case D124 Count: 12124
Case D125 Count: 12058
Case D126 Count: 11615
Case D127 Count: 11542
Case D128 Count: 11417
Case D129 Count: 11169
Case D130 Count: 11028
Case D131 Count: 11045
Case D132 Count: 10803
Case D133 Count: 10523
Case D134 Count: 10460
Case D135 Count: 10360
Case D136 Count: 10360
Case D137 Count: 10012
Case D138 Count: 10099
Case D139 Count: 9944
Case D140 Count: 9834
Case D141 Count: 9530
Case D142 Count: 9427
Case D143 Count: 9338
Case D144 Count: 9432
Case D145 Count: 9156
Case D146 Count: 8998
Case D147 Count: 8994
Case D148 Count: 8761
Case D149 Count: 8723
Case D150 Count: 8644
Case D151 Count: 8471
Case D152 Count: 8457
Case D153 Count: 8150
Case D154 Count: 8316
Case D155 Count: 8099
Case D156 Count: 7954
Case D157 Count: 7924
Case D158 Count: 7944
Case D159 Count: 7750
Case D160 Count: 7777
Case D161 Count: 7515
Case D162 Count: 7688
Case D163 Count: 7376
Case D164 Count: 7301
Case D165 Count: 7440
Case D166 Count: 7218
Case D167 Count: 7159
Case D168 Count: 7138
Case D169 Count: 6907
Case D170 Count: 6801
Case D171 Count: 6802
Case D172 Count: 6592
Case D173 Count: 6767
Case D174 Count: 6691
Case D175 Count: 6524
Case D176 Count: 6446
Case D177 Count: 6482
Case D178 Count: 6231
Case D179 Count: 6319
Case D180 Count: 6232
Case D181 Count: 6087
Case D182 Count: 6040
Case D183 Count: 6161
Case D184 Count: 6006
Case D185 Count: 5880
Case D186 Count: 5905
Case D187 Count: 5912
Case D188 Count: 5626
Case D189 Count: 5566
Case D190 Count: 5639
Case D191 Count: 5709
Case D192 Count: 5495
Case D193 Count: 5608
Case D194 Count: 5408
Case D195 Count: 5390
Case D196 Count: 5279
Case D197 Count: 5305
Case D198 Count: 5212
Case D199 Count: 5089
Case D200 Count: 5133
Case D201 Count: 5015
Case D202 Count: 4977
Case D203 Count: 5015
Case D204 Count: 4836
Case D205 Count: 4917
Case D206 Count: 4859
Case D207 Count: 4917
Case D208 Count: 4744
Case D209 Count: 4791
Case D210 Count: 4722
Case D211 Count: 4625
Case D212 Count: 4577
Case D213 Count: 4502
Case D214 Count: 4642
Case D215 Count: 4587
Case D216 Count: 4472
Case D217 Count: 4392
Case D218 Count: 4378
Case D219 Count: 4400
Case D220 Count: 4378
Case D221 Count: 4241
Case D222 Count: 4109
Case D223 Count: 4161
Case D224 Count: 4288
Case D225 Count: 4177
Case D226 Count: 4214
Case D227 Count: 4061
Case D228 Count: 4061
Case D229 Count: 4000
Case D230 Count: 4115
Case D231 Count: 4003
Case D232 Count: 3864
Case D233 Count: 3817
Case D234 Count: 3905
Case D235 Count: 3906
Case D236 Count: 3909
Case D237 Count: 3653
Case D238 Count: 3740
Case D239 Count: 3714
Case D240 Count: 3795
Case D241 Count: 3600
Case D242 Count: 3634
Case D243 Count: 3540
Case D244 Count: 3461
Case D245 Count: 3465
Case D246 Count: 3484
Case D247 Count: 3534
Case D248 Count: 3482
Case D249 Count: 3382
Case D250 Count: 3386
Case D251 Count: 3342
Case D252 Count: 3385
Case D253 Count: 3400
Case D254 Count: 3366
Case D255 Count: 3277
Case D256 Count: 3134
Case D257 Count: 3329
Case D258 Count: 3246
Case D259 Count: 3223
Case D260 Count: 3276
Case D261 Count: 3269
Case D262 Count: 3097
Case D263 Count: 3182
Case D264 Count: 2966
Case D265 Count: 3093
Case D266 Count: 3178
Case D267 Count: 3063
Case D268 Count: 3046
Case D269 Count: 2922
Case D270 Count: 2946
Case D271 Count: 2938
Case D272 Count: 3007
Case D273 Count: 2993
Case D274 Count: 2938
Case D275 Count: 2885
Case D276 Count: 3019
Case D277 Count: 2830
Case D278 Count: 2777
Case D279 Count: 2798
Case D280 Count: 2794
Case D281 Count: 2740
Case D282 Count: 2744
Case D283 Count: 2786
Case D284 Count: 2725
Case D285 Count: 2657
Case D286 Count: 2650
Case D287 Count: 2493
Case D288 Count: 2612
Case D289 Count: 2738
Case D290 Count: 2563
Case D291 Count: 2626
Case D292 Count: 2666
Case D293 Count: 2592
Case D294 Count: 2437
Case D295 Count: 2449
Case D296 Count: 2455
Case D297 Count: 2442
Case D298 Count: 2478
Case D299 Count: 2435
Case D300 Count: 2473
Case D301 Count: 2404
Case D302 Count: 2288
Case D303 Count: 2359
Case D304 Count: 2453
Case D305 Count: 2409
Case D306 Count: 2435
Case D307 Count: 2395
Case D308 Count: 2341
Case D309 Count: 2281
Case D310 Count: 2356
Case D311 Count: 2206
Case D312 Count: 2207
Case D313 Count: 2262
Case D314 Count: 2178
Case D315 Count: 2249
Case D316 Count: 2218
Case D317 Count: 2210
Case D318 Count: 2244
Case D319 Count: 2289
Case D320 Count: 2226
Case D321 Count: 2146
Case D322 Count: 2083
Case D323 Count: 2125
Case D324 Count: 2142
Case D325 Count: 2197
Case D326 Count: 2119
Case D327 Count: 2175
Case D328 Count: 2053
Case D329 Count: 2076
Case D330 Count: 2002
Case D331 Count: 2116
Case D332 Count: 2069
Case D333 Count: 1916
Case D334 Count: 1954
Case D335 Count: 1949
Case D336 Count: 1981
Case D337 Count: 1955
Case D338 Count: 1958
Case D339 Count: 1930
Case D340 Count: 2037
Case D341 Count: 2016
Case D342 Count: 1897
Case D343 Count: 1941
Case D344 Count: 1900
Case D345 Count: 1788
Case D346 Count: 1818
Case D347 Count: 1788
Case D348 Count: 1858
Case D349 Count: 1789
Case D350 Count: 1801
Case D351 Count: 1821
Case D352 Count: 1867
Case D353 Count: 1881
Case D354 Count: 1807
Case D355 Count: 1818
Case D356 Count: 1689
Case D357 Count: 1671
Case D358 Count: 1767
Case D359 Count: 1751
Case D360 Count: 1749
Case D361 Count: 1780
Case D362 Count: 1714
Case D363 Count: 1725
Case D364 Count: 1733
Case D365 Count: 1680
Case D366 Count: 1731
Case D367 Count: 1765
Case D368 Count: 1728
Case D369 Count: 1530
Case D370 Count: 1632
Case D371 Count: 1609
Case D372 Count: 1549
Case D373 Count: 1649
Case D374 Count: 1589
Case D375 Count: 1641
Case D376 Count: 1576
Case D377 Count: 1563
Case D378 Count: 1573
Case D379 Count: 1625
Case D380 Count: 1620
Case D381 Count: 1725
Case D382 Count: 1568
Case D383 Count: 1512
Case D384 Count: 1498
Case D385 Count: 1492
Case D386 Count: 1502
Case D387 Count: 1573
Case D388 Count: 1437
Case D389 Count: 1539
Case D390 Count: 1439
Case D391 Count: 1444
Case D392 Count: 1497
Case D393 Count: 1484
Case D394 Count: 1492
Case D395 Count: 1566
Case D396 Count: 1479
Case D397 Count: 1463
Case D398 Count: 1446
Case D399 Count: 1345
Case D400 Count: 1346
Case D401 Count: 1360
Case D402 Count: 1388
Case D403 Count: 1469
Case D404 Count: 1394
Case D405 Count: 1395
Case D406 Count: 1393
Case D407 Count: 1342
Case D408 Count: 1423
Case D409 Count: 1463
Case D410 Count: 1413
Case D411 Count: 1356
Case D412 Count: 1379
Case D413 Count: 1405
Case D414 Count: 1363
Case D415 Count: 1262
Case D416 Count: 1291
Case D417 Count: 1196
Case D418 Count: 1329
Case D419 Count: 1318
Case D420 Count: 1319
Case D421 Count: 1260
Case D422 Count: 1327
Case D423 Count: 1244
Case D424 Count: 1293
Case D425 Count: 1306
Case D426 Count: 1332
Case D427 Count: 1361
Case D428 Count: 1306
Case D429 Count: 1234
Case D430 Count: 1306
Case D431 Count: 1264
Case D432 Count: 1241
Case D433 Count: 1151
Case D434 Count: 1161
Case D435 Count: 1181
Case D436 Count: 1165
Case D437 Count: 1194
Case D438 Count: 1194
Case D439 Count: 1159
Case D440 Count: 1210
Case D441 Count: 1194
Case D442 Count: 1191
Case D443 Count: 1182
Case D444 Count: 1119
Case D445 Count: 1246
Case D446 Count: 1185
Case D447 Count: 1195
Case D448 Count: 1107
Case D449 Count: 1201
Case D450 Count: 1147
Case D451 Count: 1217
Case D452 Count: 1118
Case D453 Count: 1054
Case D454 Count: 1086
Case D455 Count: 1086
Case D456 Count: 1064
Case D457 Count: 1113
Case D458 Count: 1125
Case D459 Count: 1067
Case D460 Count: 1121
Case D461 Count: 1000
Case D462 Count: 1023
Case D463 Count: 1111
Case D464 Count: 1033
Case D465 Count: 1053
Case D466 Count: 1103
Case D467 Count: 1078
Case D468 Count: 1128
Case D469 Count: 1094
Case D470 Count: 1043
Case D471 Count: 1089
Case D472 Count: 1089
Case D473 Count: 1145
Case D474 Count: 986
Case D475 Count: 1024
Case D476 Count: 970
Case D477 Count: 1000
Case D478 Count: 987
Case D479 Count: 980
Case D480 Count: 978
Case D481 Count: 976
Case D482 Count: 928
Case D483 Count: 953
Case D484 Count: 985
Case D485 Count: 992
Case D486 Count: 1044
Case D487 Count: 937
Case D488 Count: 1044
Case D489 Count: 984
Case D490 Count: 1003
Case D491 Count: 997
Case D492 Count: 1000
Case D493 Count: 1021
Case D494 Count: 986
Case D495 Count: 963
Case D496 Count: 959
Case D497 Count: 995
Case D498 Count: 949
Case D499 Count: 910
Case D500 Count: 868
Case D501 Count: 923
Case D502 Count: 907
Case D503 Count: 931
Case D504 Count: 927
Case D505 Count: 882
Case D506 Count: 890
Case D507 Count: 897
Case D508 Count: 878
Case D509 Count: 944
Case D510 Count: 926
Case D511 Count: 838
Case D512 Count: 895
Case D513 Count: 853
Case D514 Count: 816
Case D515 Count: 873
Case D516 Count: 934
Case D517 Count: 885
Case D518 Count: 892
Case D519 Count: 885
Case D520 Count: 939
Case D521 Count: 900
Case D522 Count: 886
Case D523 Count: 907
Case D524 Count: 823
Case D525 Count: 817
Case D526 Count: 801
Case D527 Count: 815
Case D528 Count: 787
Case D529 Count: 838
Case D530 Count: 774
Case D531 Count: 835
Case D532 Count: 771
Case D533 Count: 794
Case D534 Count: 774
Case D535 Count: 821
Case D536 Count: 778
Case D537 Count: 790
Case D538 Count: 853
Case D539 Count: 750
Case D540 Count: 780
Case D541 Count: 776
Case D542 Count: 801
Case D543 Count: 833
Case D544 Count: 831
Case D545 Count: 798
Case D546 Count: 852
Case D547 Count: 800
Case D548 Count: 793
Case D549 Count: 801
Case D550 Count: 786
Case D551 Count: 818
Case D552 Count: 802
Case D553 Count: 755
Case D554 Count: 694
Case D555 Count: 737
Case D556 Count: 755
Case D557 Count: 734
Case D558 Count: 712
Case D559 Count: 733
Case D560 Count: 733
Case D561 Count: 683
Case D562 Count: 728
Case D563 Count: 783
Case D564 Count: 740
Case D565 Count: 696
Case D566 Count: 709
Case D567 Count: 756
Case D568 Count: 756
Case D569 Count: 735
Case D570 Count: 756
Case D571 Count: 751
Case D572 Count: 737
Case D573 Count: 728
Case D574 Count: 715
Case D575 Count: 719
Case D576 Count: 717
Case D577 Count: 710
Case D578 Count: 725
Case D579 Count: 721
Case D580 Count: 752
Case D581 Count: 755
Case D582 Count: 736
Case D583 Count: 705
Case D584 Count: 740
Case D585 Count: 752
Case D586 Count: 702
Case D587 Count: 634
Case D588 Count: 640
Case D589 Count: 627
Case D590 Count: 638
Case D591 Count: 603
Case D592 Count: 661
Case D593 Count: 633
Case D594 Count: 627
Case D595 Count: 628
Case D596 Count: 632
Case D597 Count: 629
Case D598 Count: 628
Case D599 Count: 620
Case D600 Count: 672
Case D601 Count: 655
Case D602 Count: 694
Case D603 Count: 633
Case D604 Count: 694
Case D605 Count: 624
Case D606 Count: 653
Case D607 Count: 691
Case D608 Count: 694
Case D609 Count: 659
Case D610 Count: 623
Case D611 Count: 682
Case D612 Count: 656
Case D613 Count: 644
Case D614 Count: 628
Case D615 Count: 626
Case D616 Count: 639
Case D617 Count: 635
Case D618 Count: 629
Case D619 Count: 639
Case D620 Count: 667
Case D621 Count: 624
Case D622 Count: 608
Case D623 Count: 507
Case D624 Count: 599
Case D625 Count: 596
Case D626 Count: 584
Case D627 Count: 605
Case D628 Count: 570
Case D629 Count: 582
Case D630 Count: 583
Case D631 Count: 554
Case D632 Count: 566
Case D633 Count: 537
Case D634 Count: 604
Case D635 Count: 592
Case D636 Count: 579
Case D637 Count: 564
Case D638 Count: 601
Case D639 Count: 550
Case D640 Count: 542
Case D641 Count: 513
Case D642 Count: 594
Case D643 Count: 565
Case D644 Count: 594
Case D645 Count: 571
Case D646 Count: 598
Case D647 Count: 552
Case D648 Count: 575
Case D649 Count: 568
Case D650 Count: 580
Case D651 Count: 567
Case D652 Count: 592
Case D653 Count: 591
Case D654 Count: 569
Case D655 Count: 586
Case D656 Count: 612
Case D657 Count: 588
Case D658 Count: 532
Case D659 Count: 572
Case D660 Count: 564
Case D661 Count: 534
Case D662 Count: 556
Case D663 Count: 563
Case D664 Count: 531
Case D665 Count: 535
Case D666 Count: 496
Case D667 Count: 508
Case D668 Count: 511
Case D669 Count: 539
Case D670 Count: 482
Case D671 Count: 501
Case D672 Count: 508
Case D673 Count: 504
Case D674 Count: 484
Case D675 Count: 487
Case D676 Count: 522
Case D677 Count: 522
Case D678 Count: 473
Case D679 Count: 503
Case D680 Count: 496
Case D681 Count: 494
Case D682 Count: 483
Case D683 Count: 472
Case D684 Count: 486
Case D685 Count: 478
Case D686 Count: 484
Case D687 Count: 501
Case D688 Count: 481
Case D689 Count: 504
Case D690 Count: 504
Case D691 Count: 489
Case D692 Count: 509
Case D693 Count: 488
Case D694 Count: 518
Case D695 Count: 525
Case D696 Count: 509
Case D697 Count: 480
Case D698 Count: 499
Case D699 Count: 502
Case D700 Count: 523
Case D701 Count: 492
Case D702 Count: 473
Case D703 Count: 477
Case D704 Count: 467
Case D705 Count: 463
Case D706 Count: 548
Case D707 Count: 478
Case D708 Count: 524
Case D709 Count: 517
Case D710 Count: 528
Case D711 Count: 456
Case D712 Count: 446
Case D713 Count: 463
Case D714 Count: 419
Case D715 Count: 429
Case D716 Count: 425
Case D717 Count: 457
Case D718 Count: 410
Case D719 Count: 445
Case D720 Count: 403
Case D721 Count: 429
Case D722 Count: 445
Case D723 Count: 436
Case D724 Count: 427
Case D725 Count: 422
Case D726 Count: 381
Case D727 Count: 430
Case D728 Count: 451
Case D729 Count: 451
Case D730 Count: 428
Case D731 Count: 444
Case D732 Count: 464
Case D733 Count: 408
Case D734 Count: 465
Case D735 Count: 449
Case D736 Count: 436
Case D737 Count: 415
Case D738 Count: 405
Case D739 Count: 434
Case D740 Count: 395
Case D741 Count: 422
Case D742 Count: 440
Case D743 Count: 456
Case D744 Count: 417
Case D745 Count: 433
Case D746 Count: 404
Case D747 Count: 424
Case D748 Count: 410
Case D749 Count: 422
Case D750 Count: 417
Case D751 Count: 415
Case D752 Count: 432
Case D753 Count: 425
Case D754 Count: 490
Case D755 Count: 424
Case D756 Count: 451
Case D757 Count: 454
Case D758 Count: 444
Case D759 Count: 429
Case D760 Count: 451
Case D761 Count: 468
Case D762 Count: 428
Case D763 Count: 455
Case D764 Count: 424
Case D765 Count: 433
Case D766 Count: 443
Case D767 Count: 376
Case D768 Count: 369
Case D769 Count: 357
Case D770 Count: 376
Case D771 Count: 402
Case D772 Count: 354
Case D773 Count: 356
Case D774 Count: 377
Case D775 Count: 387
Case D776 Count: 364
Case D777 Count: 355
Case D778 Count: 349
Case D779 Count: 371
Case D780 Count: 328
Case D781 Count: 370
Case D782 Count: 350
Case D783 Count: 347
Case D784 Count: 391
Case D785 Count: 354
Case D786 Count: 362
Case D787 Count: 328
Case D788 Count: 361
Case D789 Count: 358
Case D790 Count: 383
Case D791 Count: 373
Case D792 Count: 369
Case D793 Count: 371
Case D794 Count: 359
Case D795 Count: 355
Case D796 Count: 379
Case D797 Count: 399
Case D798 Count: 378
Case D799 Count: 365
Case D800 Count: 323
Case D801 Count: 368
Case D802 Count: 356
Case D803 Count: 378
Case D804 Count: 361
Case D805 Count: 351
Case D806 Count: 375
Case D807 Count: 367
Case D808 Count: 374
Case D809 Count: 370
Case D810 Count: 374
Case D811 Count: 406
Case D812 Count: 378
Case D813 Count: 394
Case D814 Count: 388
Case D815 Count: 378
Case D816 Count: 364
Case D817 Count: 391
Case D818 Count: 393
Case D819 Count: 371
Case D820 Count: 340
Case D821 Count: 389
Case D822 Count: 337
Case D823 Count: 362
Case D824 Count: 360
Case D825 Count: 350
Case D826 Count: 362
Case D827 Count: 378
Case D828 Count: 339
Case D829 Count: 366
Case D830 Count: 379
Case D831 Count: 313
Case D832 Count: 310
Case D833 Count: 341
Case D834 Count: 321
Case D835 Count: 290
Case D836 Count: 291
Case D837 Count: 302
Case D838 Count: 346
Case D839 Count: 319
Case D840 Count: 311
Case D841 Count: 314
Case D842 Count: 339
Case D843 Count: 334
Case D844 Count: 326
Case D845 Count: 324
Case D846 Count: 292
Case D847 Count: 340
Case D848 Count: 342
Case D849 Count: 303
Case D850 Count: 326
Case D851 Count: 318
Case D852 Count: 326
Case D853 Count: 321
Case D854 Count: 317
Case D855 Count: 318
Case D856 Count: 335
Case D857 Count: 309
Case D858 Count: 328
Case D859 Count: 312
Case D860 Count: 292
Case D861 Count: 324
Case D862 Count: 308
Case D863 Count: 298
Case D864 Count: 312
Case D865 Count: 318
Case D866 Count: 352
Case D867 Count: 287
Case D868 Count: 303
Case D869 Count: 306
Case D870 Count: 337
Case D871 Count: 346
Case D872 Count: 351
Case D873 Count: 318
Case D874 Count: 291
Case D875 Count: 326
Case D876 Count: 322
Case D877 Count: 286
Case D878 Count: 299
Case D879 Count: 312
Case D880 Count: 298
Case D881 Count: 314
Case D882 Count: 309
Case D883 Count: 314
Case D884 Count: 302
Case D885 Count: 317
Case D886 Count: 303
Case D887 Count: 307
Case D888 Count: 302
Case D889 Count: 318
Case D890 Count: 316
Case D891 Count: 280
Case D892 Count: 335
Case D893 Count: 303
Case D894 Count: 328
Case D895 Count: 317
Case D896 Count: 337
Case D897 Count: 306
Case D898 Count: 317
Case D899 Count: 315
Case D900 Count: 343
Case D901 Count: 339
Case D902 Count: 305
Case D903 Count: 292
Case D904 Count: 300
Case D905 Count: 301
Case D906 Count: 301
Case D907 Count: 268
Case D908 Count: 250
Case D909 Count: 276
Case D910 Count: 282
Case D911 Count: 238
Case D912 Count: 254
Case D913 Count: 218
Case D914 Count: 262
Case D915 Count: 252
Case D916 Count: 266
Case D917 Count: 248
Case D918 Count: 273
Case D919 Count: 266
Case D920 Count: 249
Case D921 Count: 263
Case D922 Count: 278
Case D923 Count: 259
Case D924 Count: 283
Case D925 Count: 237
Case D926 Count: 259
Case D927 Count: 244
Case D928 Count: 256
Case D929 Count: 293
Case D930 Count: 275
Case D931 Count: 271
Case D932 Count: 247
Case D933 Count: 270
Case D934 Count: 241
Case D935 Count: 248
Case D936 Count: 268
Case D937 Count: 278
Case D938 Count: 280
Case D939 Count: 271
Case D940 Count: 269
Case D941 Count: 234
Case D942 Count: 260
Case D943 Count: 258
Case D944 Count: 277
Case D945 Count: 279
Case D946 Count: 284
Case D947 Count: 278
Case D948 Count: 219
Case D949 Count: 235
Case D950 Count: 270
Case D951 Count: 254
Case D952 Count: 243
Case D953 Count: 257
Case D954 Count: 256
Case D955 Count: 257
Case D956 Count: 265
Case D957 Count: 263
Case D958 Count: 282
Case D959 Count: 239
Case D960 Count: 243
Case D961 Count: 274
Case D962 Count: 256
Case D963 Count: 243
Case D964 Count: 270
Case D965 Count: 248
Case D966 Count: 256
Case D967 Count: 226
Case D968 Count: 233
Case D969 Count: 249
Case D970 Count: 277
Case D971 Count: 285
Case D972 Count: 270
Case D973 Count: 244
Case D974 Count: 263
Case D975 Count: 276
Case D976 Count: 246
Case D977 Count: 288
Case D978 Count: 263
Case D979 Count: 247
Case D980 Count: 252
Case D981 Count: 266
Case D982 Count: 238
Case D983 Count: 237
Case D984 Count: 262
Case D985 Count: 240
Case D986 Count: 240
Case D987 Count: 265
Case D988 Count: 269
Case D989 Count: 267
Case D990 Count: 276
Case D991 Count: 279
Case D992 Count: 278
Case D993 Count: 250
Case D994 Count: 257
Case D995 Count: 276
Case D996 Count: 224
Case D997 Count: 204
Case D998 Count: 194
Case D999 Count: 233
Case D1000 Count: 197
Case D1001 Count: 227
Case D1002 Count: 211
Case D1003 Count: 212
Case D1004 Count: 204
Case D1005 Count: 201
Case D1006 Count: 216
Case D1007 Count: 224
Case D1008 Count: 211
Case D1009 Count: 216
Case D1010 Count: 188
Case D1011 Count: 227
Case D1012 Count: 214
Case D1013 Count: 238
Case D1014 Count: 203
Case D1015 Count: 213
Case D1016 Count: 189
Case D1017 Count: 211
Case D1018 Count: 176
Case D1019 Count: 201
Case D1020 Count: 207
Case D1021 Count: 207
Case D1022 Count: 211
Case D1023 Count: 213
Case D1024 Count: 220
Case D1025 Count: 198
Case D1026 Count: 236
Case D1027 Count: 220
Case D1028 Count: 201
Case D1029 Count: 194
Case D1030 Count: 225
Case D1031 Count: 226
Case D1032 Count: 216
Case D1033 Count: 199
Case D1034 Count: 207
Case D1035 Count: 219
Case D1036 Count: 201
Case D1037 Count: 211
Case D1038 Count: 212
Case D1039 Count: 192
Case D1040 Count: 213
Case D1041 Count: 192
Case D1042 Count: 218
Case D1043 Count: 229
Case D1044 Count: 235
Case D1045 Count: 199
Case D1046 Count: 185
Case D1047 Count: 226
Case D1048 Count: 195
Case D1049 Count: 187
Case D1050 Count: 220
Case D1051 Count: 223
Case D1052 Count: 209
Case D1053 Count: 210
Case D1054 Count: 210
Case D1055 Count: 197
Case D1056 Count: 197
Case D1057 Count: 221
Case D1058 Count: 198
Case D1059 Count: 191
Case D1060 Count: 205
Case D1061 Count: 185
Case D1062 Count: 207
Case D1063 Count: 212
Case D1064 Count: 194
Case D1065 Count: 205
Case D1066 Count: 225
Case D1067 Count: 242
Case D1068 Count: 201
Case D1069 Count: 223
Case D1070 Count: 182
Case D1071 Count: 190
Case D1072 Count: 213
Case D1073 Count: 222
Case D1074 Count: 237
Case D1075 Count: 224
Case D1076 Count: 214
Case D1077 Count: 213
Case D1078 Count: 201
Case D1079 Count: 202
Case D1080 Count: 210
Case D1081 Count: 213
Case D1082 Count: 218
Case D1083 Count: 216
Case D1084 Count: 204
Case D1085 Count: 223
Case D1086 Count: 184
Case D1087 Count: 207
Case D1088 Count: 221
Case D1089 Count: 200
Case D1090 Count: 217
Case D1091 Count: 214
Case D1092 Count: 196
Case D1093 Count: 204
Case D1094 Count: 201
Case D1095 Count: 214
Case D1096 Count: 229
Case D1097 Count: 207
Case D1098 Count: 195
Case D1099 Count: 174
Case D1100 Count: 224
Case D1101 Count: 201
Case D1102 Count: 213
Case D1103 Count: 179
Case D1104 Count: 205
Case D1105 Count: 213
Case D1106 Count: 219
Case D1107 Count: 203
Case D1108 Count: 167
Case D1109 Count: 181
Case D1110 Count: 168
Case D1111 Count: 146
Case D1112 Count: 171
Case D1113 Count: 164
Case D1114 Count: 184
Case D1115 Count: 172
Case D1116 Count: 174
Case D1117 Count: 159
Case D1118 Count: 164
Case D1119 Count: 191
Case D1120 Count: 161
Case D1121 Count: 162
Case D1122 Count: 185
Case D1123 Count: 192
Case D1124 Count: 163
Case D1125 Count: 147
Case D1126 Count: 163
Case D1127 Count: 164
Case D1128 Count: 177
Case D1129 Count: 157
Case D1130 Count: 184
Case D1131 Count: 167
Case D1132 Count: 161
Case D1133 Count: 177
Case D1134 Count: 156
Case D1135 Count: 167
Case D1136 Count: 148
Case D1137 Count: 166
Case D1138 Count: 178
Case D1139 Count: 145
Case D1140 Count: 171
Case D1141 Count: 156
Case D1142 Count: 149
Case D1143 Count: 161
Case D1144 Count: 173
Case D1145 Count: 164
Case D1146 Count: 144
Case D1147 Count: 166
Case D1148 Count: 184
Case D1149 Count: 175
Case D1150 Count: 161
Case D1151 Count: 174
Case D1152 Count: 155
Case D1153 Count: 157
Case D1154 Count: 167
Case D1155 Count: 181
Case D1156 Count: 159
Case D1157 Count: 153
Case D1158 Count: 169
Case D1159 Count: 159
Case D1160 Count: 159
Case D1161 Count: 173
Case D1162 Count: 180
Case D1163 Count: 164
Case D1164 Count: 184
Case D1165 Count: 158
Case D1166 Count: 145
Case D1167 Count: 179
Case D1168 Count: 156
Case D1169 Count: 173
Case D1170 Count: 170
Case D1171 Count: 158
Case D1172 Count: 177
Case D1173 Count: 177
Case D1174 Count: 172
Case D1175 Count: 194
Case D1176 Count: 166
Case D1177 Count: 165
Case D1178 Count: 148
Case D1179 Count: 145
Case D1180 Count: 160
Case D1181 Count: 162
Case D1182 Count: 146
Case D1183 Count: 156
Case D1184 Count: 201
Case D1185 Count: 149
Case D1186 Count: 168
Case D1187 Count: 162
Case D1188 Count: 158
Case D1189 Count: 177
Case D1190 Count: 152
Case D1191 Count: 136
Case D1192 Count: 155
Case D1193 Count: 185
Case D1194 Count: 169
Case D1195 Count: 164
Case D1196 Count: 180
Case D1197 Count: 147
Case D1198 Count: 164
Case D1199 Count: 152
Case D1200 Count: 164
Case D1201 Count: 176
Case D1202 Count: 167
Case D1203 Count: 132
Case D1204 Count: 176
Case D1205 Count: 173
Case D1206 Count: 164
Case D1207 Count: 159
Case D1208 Count: 165
Case D1209 Count: 161
Case D1210 Count: 145
Case D1211 Count: 150
Case D1212 Count: 165
Case D1213 Count: 164
Case D1214 Count: 154
Case D1215 Count: 159
Case D1216 Count: 163
Case D1217 Count: 167
Case D1218 Count: 146
Case D1219 Count: 185
Case D1220 Count: 141
Case D1221 Count: 158
Case D1222 Count: 173
Case D1223 Count: 154
Case D1224 Count: 151
Case D1225 Count: 164
Case D1226 Count: 152
Case D1227 Count: 162
Case D1228 Count: 150
Case D1229 Count: 171
Case D1230 Count: 177
Case D1231 Count: 187
Case D1232 Count: 181
Case D1233 Count: 174
Case D1234 Count: 172
Case D1235 Count: 183
Case D1236 Count: 168
Case D1237 Count: 133
Case D1238 Count: 159
Case D1239 Count: 166
Case D1240 Count: 177
Case D1241 Count: 168
Case D1242 Count: 169
Case D1243 Count: 167
Case D1244 Count: 177
Case D1245 Count: 132
Case D1246 Count: 128
Case D1247 Count: 120
Case D1248 Count: 118
Case D1249 Count: 125
Case D1250 Count: 126
Case D1251 Count: 130
Case D1252 Count: 129
Case D1253 Count: 135
Case D1254 Count: 122
Case D1255 Count: 124
Case D1256 Count: 139
Case D1257 Count: 113
Case D1258 Count: 127
Case D1259 Count: 128
Case D1260 Count: 109
Case D1261 Count: 120
Case D1262 Count: 118
Case D1263 Count: 153
Case D1264 Count: 113
Case D1265 Count: 136
Case D1266 Count: 158
Case D1267 Count: 138
Case D1268 Count: 128
Case D1269 Count: 125
Case D1270 Count: 124
Case D1271 Count: 121
Case D1272 Count: 103
Case D1273 Count: 146
Case D1274 Count: 106
Case D1275 Count: 114
Case D1276 Count: 114
Case D1277 Count: 130
Case D1278 Count: 122
Case D1279 Count: 131
Case D1280 Count: 116
Case D1281 Count: 123
Case D1282 Count: 122
Case D1283 Count: 142
Case D1284 Count: 128
Case D1285 Count: 111
Case D1286 Count: 129
Case D1287 Count: 129
Case D1288 Count: 125
Case D1289 Count: 130
Case D1290 Count: 126
Case D1291 Count: 91
Case D1292 Count: 145
Case D1293 Count: 133
Case D1294 Count: 133
Case D1295 Count: 132
Case D1296 Count: 140
Case D1297 Count: 114
Case D1298 Count: 129
Case D1299 Count: 131
Case D1300 Count: 118
Case D1301 Count: 116
Case D1302 Count: 111
Case D1303 Count: 135
Case D1304 Count: 132
Case D1305 Count: 130
Case D1306 Count: 141
Case D1307 Count: 128
Case D1308 Count: 136
Case D1309 Count: 136
Case D1310 Count: 131
Case D1311 Count: 108
Case D1312 Count: 139
Case D1313 Count: 134
Case D1314 Count: 138
Case D1315 Count: 121
Case D1316 Count: 137
Case D1317 Count: 127
Case D1318 Count: 128
Case D1319 Count: 138
Case D1320 Count: 114
Case D1321 Count: 106
Case D1322 Count: 105
Case D1323 Count: 151
Case D1324 Count: 132
Case D1325 Count: 132
Case D1326 Count: 140
Case D1327 Count: 130
Case D1328 Count: 113
Case D1329 Count: 139
Case D1330 Count: 133
Case D1331 Count: 125
Case D1332 Count: 131
Case D1333 Count: 126
Case D1334 Count: 127
Case D1335 Count: 129
Case D1336 Count: 118
Case D1337 Count: 124
Case D1338 Count: 130
Case D1339 Count: 126
Case D1340 Count: 123
Case D1341 Count: 135
Case D1342 Count: 120
Case D1343 Count: 114
Case D1344 Count: 114
Case D1345 Count: 112
Case D1346 Count: 117
Case D1347 Count: 128
Case D1348 Count: 121
Case D1349 Count: 125
Case D1350 Count: 119
Case D1351 Count: 137
Case D1352 Count: 125
Case D1353 Count: 119
Case D1354 Count: 119
Case D1355 Count: 127
Case D1356 Count: 124
Case D1357 Count: 121
Case D1358 Count: 121
Case D1359 Count: 133
Case D1360 Count: 154
Case D1361 Count: 121
Case D1362 Count: 136
Case D1363 Count: 123
Case D1364 Count: 129
Case D1365 Count: 130
Case D1366 Count: 132
Case D1367 Count: 117
Case D1368 Count: 129
Case D1369 Count: 125
Case D1370 Count: 129
Case D1371 Count: 123
Case D1372 Count: 133
Case D1373 Count: 114
Case D1374 Count: 114
Case D1375 Count: 117
Case D1376 Count: 136
Case D1377 Count: 140
Case D1378 Count: 106
Case D1379 Count: 120
Case D1380 Count: 144
Case D1381 Count: 114
Case D1382 Count: 147
Case D1383 Count: 128
Case D1384 Count: 141
Case D1385 Count: 147
Case D1386 Count: 133
Case D1387 Count: 92
Case D1388 Count: 127
Case D1389 Count: 127
Case D1390 Count: 106
Case D1391 Count: 115
Case D1392 Count: 118
Case D1393 Count: 125
Case D1394 Count: 135
Case D1395 Count: 129
Case D1396 Count: 119
Case D1397 Count: 151
Case D1398 Count: 142
Case D1399 Count: 128
Case D1400 Count: 146
Case D1401 Count: 122
Case D1402 Count: 114
Case D1403 Count: 107
Case D1404 Count: 114
Case D1405 Count: 146
Case D1406 Count: 145
Case D1407 Count: 134
Case D1408 Count: 128
Case D1409 Count: 130
Case D1410 Count: 128
Case D1411 Count: 120
Case D1412 Count: 123
Case D1413 Count: 111
Case D1414 Count: 126
Case D1415 Count: 143
Case D1416 Count: 119
Case D1417 Count: 115
Case D1418 Count: 124
Case D1419 Count: 131
Case D1420 Count: 118
Case D1421 Count: 134
Case D1422 Count: 140
Case D1423 Count: 125
Case D1424 Count: 94
Case D1425 Count: 84
Case D1426 Count: 108
Case D1427 Count: 95
Case D1428 Count: 97
Case D1429 Count: 97
Case D1430 Count: 100
Case D1431 Count: 87
Case D1432 Count: 101
Case D1433 Count: 78
Case D1434 Count: 88
Case D1435 Count: 77
Case D1436 Count: 82
Case D1437 Count: 88
Case D1438 Count: 94
Case D1439 Count: 78
Case D1440 Count: 85
Case D1441 Count: 95
Case D1442 Count: 86
Case D1443 Count: 81
Case D1444 Count: 86
Case D1445 Count: 73
Case D1446 Count: 89
Case D1447 Count: 94
Case D1448 Count: 98
Case D1449 Count: 83
Case D1450 Count: 84
Case D1451 Count: 95
Case D1452 Count: 82
Case D1453 Count: 97
Case D1454 Count: 95
Case D1455 Count: 104
Case D1456 Count: 97
Case D1457 Count: 93
Case D1458 Count: 90
Case D1459 Count: 104
Case D1460 Count: 92
Case D1461 Count: 82
Case D1462 Count: 77
Case D1463 Count: 76
Case D1464 Count: 102
Case D1465 Count: 97
Case D1466 Count: 80
Case D1467 Count: 85
Case D1468 Count: 91
Case D1469 Count: 97
Case D1470 Count: 102
Case D1471 Count: 96
Case D1472 Count: 97
Case D1473 Count: 96
Case D1474 Count: 83
Case D1475 Count: 96
Case D1476 Count: 106
Case D1477 Count: 103
Case D1478 Count: 91
Case D1479 Count: 102
Case D1480 Count: 90
Case D1481 Count: 79
Case D1482 Count: 79
Case D1483 Count: 70
Case D1484 Count: 92
Case D1485 Count: 80
Case D1486 Count: 90
Case D1487 Count: 87
Case D1488 Count: 85
Case D1489 Count: 103
Case D1490 Count: 83
Case D1491 Count: 90
Case D1492 Count: 92
Case D1493 Count: 88
Case D1494 Count: 90
Case D1495 Count: 74
Case D1496 Count: 96
Case D1497 Count: 99
Case D1498 Count: 76
Case D1499 Count: 118
Case D1500 Count: 90
Case D1501 Count: 100
Case D1502 Count: 97
Case D1503 Count: 92
Case D1504 Count: 101
Case D1505 Count: 82
Case D1506 Count: 92
Case D1507 Count: 81
Case D1508 Count: 104
Case D1509 Count: 96
Case D1510 Count: 92
Case D1511 Count: 95
Case D1512 Count: 87
Case D1513 Count: 98
Case D1514 Count: 121
Case D1515 Count: 96
Case D1516 Count: 100
Case D1517 Count: 106
Case D1518 Count: 104
Case D1519 Count: 104
Case D1520 Count: 79
Case D1521 Count: 90
Case D1522 Count: 83
Case D1523 Count: 77
Case D1524 Count: 91
Case D1525 Count: 89
Case D1526 Count: 92
Case D1527 Count: 82
Case D1528 Count: 98
Case D1529 Count: 106
Case D1530 Count: 87
Case D1531 Count: 83
Case D1532 Count: 94
Case D1533 Count: 91
Case D1534 Count: 85
Case D1535 Count: 112
Case D1536 Count: 91
Case D1537 Count: 62
Case D1538 Count: 98
Case D1539 Count: 85
Case D1540 Count: 90
Case D1541 Count: 93
Case D1542 Count: 104
Case D1543 Count: 94
Case D1544 Count: 71
Case D1545 Count: 74
Case D1546 Count: 101
Case D1547 Count: 89
Case D1548 Count: 86
Case D1549 Count: 88
Case D1550 Count: 94
Case D1551 Count: 100
Case D1552 Count: 101
Case D1553 Count: 105
Case D1554 Count: 78
Case D1555 Count: 84
Case D1556 Count: 102
Case D1557 Count: 85
Case D1558 Count: 94
Case D1559 Count: 103
Case D1560 Count: 80
Case D1561 Count: 95
Case D1562 Count: 80
Case D1563 Count: 86
Case D1564 Count: 112
Case D1565 Count: 99
Case D1566 Count: 92
Case D1567 Count: 91
Case D1568 Count: 93
Case D1569 Count: 91
Case D1570 Count: 104
Case D1571 Count: 90
Case D1572 Count: 90
Case D1573 Count: 87
Case D1574 Count: 85
Case D1575 Count: 88
Case D1576 Count: 82
Case D1577 Count: 101
Case D1578 Count: 73
Case D1579 Count: 103
Case D1580 Count: 101
Case D1581 Count: 88
Case D1582 Count: 94
Case D1583 Count: 86
Case D1584 Count: 87
Case D1585 Count: 94
Case D1586 Count: 94
Case D1587 Count: 77
Case D1588 Count: 97
Case D1589 Count: 95
Case D1590 Count: 84
Case D1591 Count: 100
Case D1592 Count: 114
Case D1593 Count: 96
Case D1594 Count: 86
Case D1595 Count: 103
Case D1596 Count: 90
Case D1597 Count: 100
Case D1598 Count: 86
Case D1599 Count: 119
Case D1600 Count: 117
Case D1601 Count: 96
Case D1602 Count: 97
Case D1603 Count: 85
Case D1604 Count: 107
Case D1605 Count: 78
Case D1606 Count: 81
Case D1607 Count: 95
Case D1608 Count: 82
Case D1609 Count: 95
Case D1610 Count: 92
Case D1611 Count: 107
Case D1612 Count: 77
Case D1613 Count: 95
Case D1614 Count: 101
Case D1615 Count: 78
Case D1616 Count: 91
Case D1617 Count: 99
Case D1618 Count: 110
Case D1619 Count: 97
Case D1620 Count: 85
Case D1621 Count: 89
Case D1622 Count: 86
Case D1623 Count: 78
Case D1624 Count: 109
Case D1625 Count: 104
Case D1626 Count: 91
Case D1627 Count: 91
Case D1628 Count: 86
Case D1629 Count: 82
Case D1630 Count: 105
Case D1631 Count: 91
Case D1632 Count: 95
Case D1633 Count: 106
Case D1634 Count: 81
Case D1635 Count: 99
Case D1636 Count: 86
Case D1637 Count: 99
Case D1638 Count: 87
Case D1639 Count: 84
Case D1640 Count: 85
Case D1641 Count: 97
Case D1642 Count: 100
Case D1643 Count: 91
Case D1644 Count: 89
Case D1645 Count: 108
Case D1646 Count: 80
Case D1647 Count: 97
Case D1648 Count: 74
Case D1649 Count: 93
Case D1650 Count: 90
Case D1651 Count: 75
Case D1652 Count: 87
Case D1653 Count: 96
Case D1654 Count: 99
Case D1655 Count: 86
Case D1656 Count: 82
Case D1657 Count: 80
Case D1658 Count: 82
Case D1659 Count: 84
Case D1660 Count: 91
Case D1661 Count: 60
Case D1662 Count: 67
Case D1663 Count: 76
Case D1664 Count: 49
Case D1665 Count: 63
Case D1666 Count: 72
Case D1667 Count: 50
Case D1668 Count: 49
Case D1669 Count: 65
Case D1670 Count: 58
Case D1671 Count: 60
Case D1672 Count: 54
Case D1673 Count: 63
Case D1674 Count: 63
Case D1675 Count: 65
Case D1676 Count: 60
Case D1677 Count: 45
Case D1678 Count: 63
Case D1679 Count: 63
Case D1680 Count: 44
Case D1681 Count: 62
Case D1682 Count: 61
Case D1683 Count: 59
Case D1684 Count: 74
Case D1685 Count: 58
Case D1686 Count: 59
Case D1687 Count: 64
Case D1688 Count: 61
Case D1689 Count: 67
Case D1690 Count: 55
Case D1691 Count: 70
Case D1692 Count: 67
Case D1693 Count: 62
Case D1694 Count: 72
Case D1695 Count: 51
Case D1696 Count: 66
Case D1697 Count: 65
Case D1698 Count: 72
Case D1699 Count: 49
Case D1700 Count: 72
Case D1701 Count: 65
Case D1702 Count: 62
Case D1703 Count: 75
Case D1704 Count: 69
Case D1705 Count: 64
Case D1706 Count: 64
Case D1707 Count: 69
Case D1708 Count: 60
Case D1709 Count: 53
Case D1710 Count: 56
Case D1711 Count: 55
Case D1712 Count: 58
Case D1713 Count: 57
Case D1714 Count: 61
Case D1715 Count: 66
Case D1716 Count: 56
Case D1717 Count: 67
Case D1718 Count: 65
Case D1719 Count: 77
Case D1720 Count: 61
Case D1721 Count: 53
Case D1722 Count: 73
Case D1723 Count: 61
Case D1724 Count: 59
Case D1725 Count: 64
Case D1726 Count: 58
Case D1727 Count: 70
Case D1728 Count: 70
Case D1729 Count: 76
Case D1730 Count: 70
Case D1731 Count: 62
Case D1732 Count: 54
Case D1733 Count: 79
Case D1734 Count: 76
Case D1735 Count: 65
Case D1736 Count: 67
Case D1737 Count: 77
Case D1738 Count: 55
Case D1739 Count: 53
Case D1740 Count: 66
Case D1741 Count: 59
Case D1742 Count: 70
Case D1743 Count: 69
Case D1744 Count: 53
Case D1745 Count: 70
Case D1746 Count: 62
Case D1747 Count: 61
Case D1748 Count: 71
Case D1749 Count: 65
Case D1750 Count: 54
Case D1751 Count: 66
Case D1752 Count: 69
Case D1753 Count: 68
Case D1754 Count: 59
Case D1755 Count: 69
Case D1756 Count: 47
Case D1757 Count: 72
Case D1758 Count: 52
Case D1759 Count: 57
Case D1760 Count: 62
Case D1761 Count: 67
Case D1762 Count: 61
Case D1763 Count: 65
Case D1764 Count: 67
Case D1765 Count: 65
Case D1766 Count: 71
Case D1767 Count: 66
Case D1768 Count: 67
Case D1769 Count: 64
Case D1770 Count: 66
Case D1771 Count: 79
Case D1772 Count: 68
Case D1773 Count: 43
Case D1774 Count: 50
Case D1775 Count: 68
Case D1776 Count: 58
Case D1777 Count: 54
Case D1778 Count: 66
Case D1779 Count: 62
Case D1780 Count: 55
Case D1781 Count: 72
Case D1782 Count: 62
Case D1783 Count: 64
Case D1784 Count: 78
Case D1785 Count: 65
Case D1786 Count: 58
Case D1787 Count: 55
Case D1788 Count: 71
Case D1789 Count: 62
Case D1790 Count: 51
Case D1791 Count: 60
Case D1792 Count: 61
Case D1793 Count: 66
Case D1794 Count: 51
Case D1795 Count: 73
Case D1796 Count: 62
Case D1797 Count: 80
Case D1798 Count: 64
Case D1799 Count: 53
Case D1800 Count: 62
Case D1801 Count: 69
Case D1802 Count: 69
Case D1803 Count: 50
Case D1804 Count: 54
Case D1805 Count: 59
Case D1806 Count: 74
Case D1807 Count: 84
Case D1808 Count: 62
Case D1809 Count: 56
Case D1810 Count: 69
Case D1811 Count: 57
Case D1812 Count: 55
Case D1813 Count: 68
Case D1814 Count: 56
Case D1815 Count: 62
Case D1816 Count: 60
Case D1817 Count: 76
Case D1818 Count: 67
Case D1819 Count: 57
Case D1820 Count: 60
Case D1821 Count: 70
Case D1822 Count: 63
Case D1823 Count: 70
Case D1824 Count: 59
Case D1825 Count: 69
Case D1826 Count: 45
Case D1827 Count: 58
Case D1828 Count: 43
Case D1829 Count: 75
Case D1830 Count: 63
Case D1831 Count: 75
Case D1832 Count: 67
Case D1833 Count: 59
Case D1834 Count: 63
Case D1835 Count: 64
Case D1836 Count: 80
Case D1837 Count: 54
Case D1838 Count: 73
Case D1839 Count: 58
Case D1840 Count: 73
Case D1841 Count: 78
Case D1842 Count: 73
Case D1843 Count: 58
Case D1844 Count: 59
Case D1845 Count: 59
Case D1846 Count: 65
Case D1847 Count: 47
Case D1848 Count: 45
Case D1849 Count: 68
Case D1850 Count: 74
Case D1851 Count: 63
Case D1852 Count: 68
Case D1853 Count: 62
Case D1854 Count: 61
Case D1855 Count: 68
Case D1856 Count: 74
Case D1857 Count: 63
Case D1858 Count: 65
Case D1859 Count: 71
Case D1860 Count: 67
Case D1861 Count: 72
Case D1862 Count: 71
Case D1863 Count: 58
Case D1864 Count: 64
Case D1865 Count: 70
Case D1866 Count: 55
Case D1867 Count: 64
Case D1868 Count: 61
Case D1869 Count: 67
Case D1870 Count: 53
Case D1871 Count: 60
Case D1872 Count: 57
Case D1873 Count: 57
Case D1874 Count: 71
Case D1875 Count: 72
Case D1876 Count: 68
Case D1877 Count: 57
Case D1878 Count: 64
Case D1879 Count: 61
Case D1880 Count: 69
Case D1881 Count: 61
Case D1882 Count: 59
Case D1883 Count: 57
Case D1884 Count: 60
Case D1885 Count: 59
Case D1886 Count: 71
Case D1887 Count: 64
Case D1888 Count: 59
Case D1889 Count: 66
Case D1890 Count: 64
Case D1891 Count: 63
Case D1892 Count: 59
Case D1893 Count: 62
Case D1894 Count: 51
Case D1895 Count: 63
Case D1896 Count: 67
Case D1897 Count: 52
Case D1898 Count: 57
Case D1899 Count: 67
Case D1900 Count: 72
Case D1901 Count: 59
Case D1902 Count: 68
Case D1903 Count: 71
Case D1904 Count: 65
Case D1905 Count: 71
Case D1906 Count: 87
Case D1907 Count: 66
Case D1908 Count: 77
Case D1909 Count: 66
Case D1910 Count: 65
Case D1911 Count: 61
Case D1912 Count: 60
Case D1913 Count: 59
Case D1914 Count: 53
Case D1915 Count: 61
Case D1916 Count: 48
Case D1917 Count: 51
Case D1918 Count: 61
Case D1919 Count: 67
Case D1920 Count: 63
Case D1921 Count: 73
Case D1922 Count: 59
Case D1923 Count: 57
Case D1924 Count: 48
Case D1925 Count: 64
Case D1926 Count: 59
Case D1927 Count: 78
Case D1928 Count: 68
Case D1929 Count: 61
Case D1930 Count: 74
Case D1931 Count: 60
Case D1932 Count: 68
Case D1933 Count: 67
Case D1934 Count: 62
Case D1935 Count: 66
Case D1936 Count: 66
Case D1937 Count: 58
Case D1938 Count: 51
Case D1939 Count: 55
Case D1940 Count: 63
Case D1941 Count: 68
Case D1942 Count: 84
Case D1943 Count: 58
Case D1944 Count: 49
Case D1945 Count: 71
Case D1946 Count: 70
Case D1947 Count: 66
Case D1948 Count: 61
Case D1949 Count: 66
Case D1950 Count: 54
Case D1951 Count: 59
Case D1952 Count: 69
Case D1953 Count: 75
Case D1954 Count: 73
Case D1955 Count: 56
Case D1956 Count: 65
Case D1957 Count: 64
Case D1958 Count: 68
Case D1959 Count: 68
Case D1960 Count: 56
Case D1961 Count: 66
Case D1962 Count: 60
Case D1963 Count: 62
Case D1964 Count: 63
Case D1965 Count: 70
Case D1966 Count: 64
Case D1967 Count: 56
Case D1968 Count: 51
Case D1969 Count: 66
Case D1970 Count: 50
Case D1971 Count: 62
Case D1972 Count: 63
Case D1973 Count: 67
Case D1974 Count: 54
Case D1975 Count: 55
Case D1976 Count: 68
Case D1977 Count: 71
Case D1978 Count: 57
Case D1979 Count: 57
Case D1980 Count: 69
Case D1981 Count: 60
Case D1982 Count: 77
Case D1983 Count: 57
Case D1984 Count: 66
Case D1985 Count: 60
Case D1986 Count: 66
Case D1987 Count: 63
Case D1988 Count: 59
Case D1989 Count: 73
Case D1990 Count: 71
Case D1991 Count: 65
Case D1992 Count: 69
Case D1993 Count: 44
Case D1994 Count: 36
Case D1995 Count: 45
Case D1996 Count: 36
Case D1997 Count: 34
Case D1998 Count: 38
Case D1999 Count: 53
Case D2000 Count: 38
Case D2001 Count: 31
Case D2002 Count: 58
Case D2003 Count: 45
Case D2004 Count: 39
Case D2005 Count: 41
Case D2006 Count: 44
Case D2007 Count: 34
Case D2008 Count: 38
Case D2009 Count: 44
Case D2010 Count: 48
Case D2011 Count: 32
Case D2012 Count: 37
Case D2013 Count: 45
Case D2014 Count: 44
Case D2015 Count: 53
Case D2016 Count: 29
Case D2017 Count: 31
Case D2018 Count: 36
Case D2019 Count: 39
Case D2020 Count: 51
Case D2021 Count: 43
Case D2022 Count: 36
Case D2023 Count: 45
Case D2024 Count: 38
Case D2025 Count: 38
Case D2026 Count: 26
Case D2027 Count: 42
Case D2028 Count: 37
Case D2029 Count: 35
Case D2030 Count: 38
Case D2031 Count: 39
Case D2032 Count: 37
Case D2033 Count: 34
Case D2034 Count: 38
Case D2035 Count: 40
Case D2036 Count: 48
Case D2037 Count: 39
Case D2038 Count: 38
Case D2039 Count: 45
Case D2040 Count: 35
Case D2041 Count: 37
Case D2042 Count: 38
Case D2043 Count: 46
Case D2044 Count: 45
Case D2045 Count: 37
Case D2046 Count: 41
Case D2047 Count: 35
Case D2048 Count: 37
Case D2049 Count: 37
Case D2050 Count: 37
Case D2051 Count: 35
Case D2052 Count: 46
Case D2053 Count: 51
Case D2054 Count: 36
Case D2055 Count: 24
Case D2056 Count: 41
Case D2057 Count: 45
Case D2058 Count: 40
Case D2059 Count: 33
Case D2060 Count: 32
Case D2061 Count: 30
Case D2062 Count: 45
Case D2063 Count: 45
Case D2064 Count: 57
Case D2065 Count: 28
Case D2066 Count: 53
Case D2067 Count: 36
Case D2068 Count: 37
Case D2069 Count: 31
Case D2070 Count: 35
Case D2071 Count: 30
Case D2072 Count: 43
Case D2073 Count: 31
Case D2074 Count: 34
Case D2075 Count: 47
Case D2076 Count: 43
Case D2077 Count: 45
Case D2078 Count: 41
Case D2079 Count: 34
Case D2080 Count: 30
Case D2081 Count: 44
Case D2082 Count: 31
Case D2083 Count: 45
Case D2084 Count: 46
Case D2085 Count: 39
Case D2086 Count: 41
Case D2087 Count: 38
Case D2088 Count: 36
Case D2089 Count: 32
Case D2090 Count: 40
Case D2091 Count: 38
Case D2092 Count: 41
Case D2093 Count: 45
Case D2094 Count: 46
Case D2095 Count: 31
Case D2096 Count: 33
Case D2097 Count: 46
Case D2098 Count: 36
Case D2099 Count: 29
Case D2100 Count: 33
Case D2101 Count: 41
Case D2102 Count: 38
Case D2103 Count: 37
Case D2104 Count: 43
Case D2105 Count: 40
Case D2106 Count: 37
Case D2107 Count: 39
Case D2108 Count: 43
Case D2109 Count: 49
Case D2110 Count: 33
Case D2111 Count: 51
Case D2112 Count: 36
Case D2113 Count: 37
Case D2114 Count: 46
Case D2115 Count: 33
Case D2116 Count: 28
Case D2117 Count: 38
Case D2118 Count: 51
Case D2119 Count: 41
Case D2120 Count: 36
Case D2121 Count: 42
Case D2122 Count: 41
Case D2123 Count: 32
Case D2124 Count: 33
Case D2125 Count: 33
Case D2126 Count: 31
Case D2127 Count: 28
Case D2128 Count: 36
Case D2129 Count: 32
Case D2130 Count: 44
Case D2131 Count: 43
Case D2132 Count: 42
Case D2133 Count: 39
Case D2134 Count: 32
Case D2135 Count: 30
Case D2136 Count: 39
Case D2137 Count: 24
Case D2138 Count: 40
Case D2139 Count: 39
Case D2140 Count: 34
Case D2141 Count: 44
Case D2142 Count: 48
Case D2143 Count: 43
Case D2144 Count: 39
Case D2145 Count: 40
Case D2146 Count: 46
Case D2147 Count: 35
Case D2148 Count: 31
Case D2149 Count: 30
Case D2150 Count: 35
Case D2151 Count: 41
Case D2152 Count: 35
Case D2153 Count: 37
Case D2154 Count: 49
Case D2155 Count: 45
Case D2156 Count: 44
Case D2157 Count: 45
Case D2158 Count: 36
Case D2159 Count: 39
Case D2160 Count: 25
Case D2161 Count: 35
Case D2162 Count: 34
Case D2163 Count: 34
Case D2164 Count: 49
Case D2165 Count: 53
Case D2166 Count: 43
Case D2167 Count: 45
Case D2168 Count: 33
Case D2169 Count: 36
Case D2170 Count: 40
Case D2171 Count: 38
Case D2172 Count: 40
Case D2173 Count: 43
Case D2174 Count: 33
Case D2175 Count: 39
Case D2176 Count: 33
Case D2177 Count: 40
Case D2178 Count: 44
Case D2179 Count: 44
Case D2180 Count: 45
Case D2181 Count: 44
Case D2182 Count: 41
Case D2183 Count: 26
Case D2184 Count: 45
Case D2185 Count: 35
Case D2186 Count: 42
Case D2187 Count: 35
Case D2188 Count: 32
Case D2189 Count: 31
Case D2190 Count: 37
Case D2191 Count: 35
Case D2192 Count: 45
Case D2193 Count: 30
Case D2194 Count: 50
Case D2195 Count: 30
Case D2196 Count: 25
Case D2197 Count: 36
Case D2198 Count: 34
Case D2199 Count: 26
Case D2200 Count: 41
Case D2201 Count: 33
Case D2202 Count: 38
Case D2203 Count: 52
Case D2204 Count: 38
Case D2205 Count: 42
Case D2206 Count: 38
Case D2207 Count: 43
Case D2208 Count: 43
Case D2209 Count: 46
Case D2210 Count: 33
Case D2211 Count: 36
Case D2212 Count: 49
Case D2213 Count: 35
Case D2214 Count: 36
Case D2215 Count: 39
Case D2216 Count: 39
Case D2217 Count: 36
Case D2218 Count: 45
Case D2219 Count: 33
Case D2220 Count: 43
Case D2221 Count: 36
Case D2222 Count: 39
Case D2223 Count: 37
Case D2224 Count: 42
Case D2225 Count: 37
Case D2226 Count: 38
Case D2227 Count: 38
Case D2228 Count: 39
Case D2229 Count: 37
Case D2230 Count: 48
Case D2231 Count: 41
Case D2232 Count: 30
Case D2233 Count: 33
Case D2234 Count: 33
Case D2235 Count: 36
Case D2236 Count: 45
Case D2237 Count: 50
Case D2238 Count: 43
Case D2239 Count: 48
Case D2240 Count: 33
Case D2241 Count: 42
Case D2242 Count: 47
Case D2243 Count: 47
Case D2244 Count: 46
Case D2245 Count: 50
Case D2246 Count: 20
Case D2247 Count: 37
Case D2248 Count: 34
Case D2249 Count: 29
Case D2250 Count: 37
Case D2251 Count: 30
Case D2252 Count: 31
Case D2253 Count: 40
Case D2254 Count: 41
Case D2255 Count: 46
Case D2256 Count: 35
Case D2257 Count: 31
Case D2258 Count: 31
Case D2259 Count: 37
Case D2260 Count: 32
Case D2261 Count: 37
Case D2262 Count: 35
Case D2263 Count: 44
Case D2264 Count: 36
Case D2265 Count: 54
Case D2266 Count: 30
Case D2267 Count: 34
Case D2268 Count: 41
Case D2269 Count: 36
Case D2270 Count: 47
Case D2271 Count: 37
Case D2272 Count: 47
Case D2273 Count: 38
Case D2274 Count: 37
Case D2275 Count: 47
Case D2276 Count: 46
Case D2277 Count: 38
Case D2278 Count: 42
Case D2279 Count: 34
Case D2280 Count: 29
Case D2281 Count: 38
Case D2282 Count: 37
Case D2283 Count: 31
Case D2284 Count: 41
Case D2285 Count: 36
Case D2286 Count: 34
Case D2287 Count: 45
Case D2288 Count: 43
Case D2289 Count: 43
Case D2290 Count: 36
Case D2291 Count: 37
Case D2292 Count: 42
Case D2293 Count: 46
Case D2294 Count: 39
Case D2295 Count: 28
Case D2296 Count: 39
Case D2297 Count: 36
Case D2298 Count: 49
Case D2299 Count: 33
Case D2300 Count: 37
Case D2301 Count: 44
Case D2302 Count: 52
Case D2303 Count: 39
Case D2304 Count: 41
Case D2305 Count: 44
Case D2306 Count: 42
Case D2307 Count: 40
Case D2308 Count: 34
Case D2309 Count: 42
Case D2310 Count: 41
Case D2311 Count: 38
Case D2312 Count: 32
Case D2313 Count: 37
Case D2314 Count: 41
Case D2315 Count: 38
Case D2316 Count: 34
Case D2317 Count: 35
Case D2318 Count: 37
Case D2319 Count: 47
Case D2320 Count: 51
Case D2321 Count: 36
Case D2322 Count: 48
Case D2323 Count: 46
Case D2324 Count: 44
Case D2325 Count: 41
Case D2326 Count: 38
Case D2327 Count: 44
Case D2328 Count: 34
Case D2329 Count: 46
Case D2330 Count: 42
Case D2331 Count: 46
Case D2332 Count: 52
Case D2333 Count: 46
Case D2334 Count: 54
Case D2335 Count: 39
Case D2336 Count: 48
Case D2337 Count: 38
Case D2338 Count: 37
Case D2339 Count: 37
Case D2340 Count: 40
Case D2341 Count: 34
Case D2342 Count: 39
Case D2343 Count: 38
Case D2344 Count: 39
Case D2345 Count: 43
Case D2346 Count: 36
Case D2347 Count: 40
Case D2348 Count: 33
Case D2349 Count: 47
Case D2350 Count: 42
Case D2351 Count: 38
Case D2352 Count: 43
Case D2353 Count: 39
Case D2354 Count: 45
Case D2355 Count: 41
Case D2356 Count: 30
Case D2357 Count: 41
Case D2358 Count: 36
Case D2359 Count: 34
Case D2360 Count: 42
Case D2361 Count: 39
Case D2362 Count: 43
Case D2363 Count: 34
Case D2364 Count: 35
Case D2365 Count: 40
Case D2366 Count: 34
Case D2367 Count: 37
Case D2368 Count: 40
Case D2369 Count: 45
Case D2370 Count: 39
Case D2371 Count: 34
Case D2372 Count: 32
Case D2373 Count: 38
Case D2374 Count: 44
Case D2375 Count: 31
Case D2376 Count: 32
Case D2377 Count: 37
Case D2378 Count: 37
Case D2379 Count: 39
Case D2380 Count: 34
Case D2381 Count: 30
Case D2382 Count: 36
Case D2383 Count: 41
Case D2384 Count: 38
Case D2385 Count: 26
Case D2386 Count: 44
Case D2387 Count: 41
Case D2388 Count: 37
Case D2389 Count: 40
Case D2390 Count: 26
Case D2391 Count: 35
Case D2392 Count: 42
Case D2393 Count: 32
Case D2394 Count: 34
Case D2395 Count: 39
Case D2396 Count: 28
Case D2397 Count: 39
Case D2398 Count: 42
Case D2399 Count: 38
Case D2400 Count: 29
Case D2401 Count: 42
Case D2402 Count: 48
Case D2403 Count: 39
Case D2404 Count: 38
Case D2405 Count: 36
Case D2406 Count: 41
Case D2407 Count: 39
Case D2408 Count: 35
Case D2409 Count: 41
Case D2410 Count: 55
Case D2411 Count: 41
Case D2412 Count: 43
Case D2413 Count: 50
Case D2414 Count: 36
Case D2415 Count: 40
Case D2416 Count: 27
Case D2417 Count: 38
Case D2418 Count: 41
Case D2419 Count: 29
Case D2420 Count: 43
Case D2421 Count: 36
Case D2422 Count: 30
Case D2423 Count: 28
Case D2424 Count: 48
Case D2425 Count: 42
Case D2426 Count: 39
Case D2427 Count: 43
Case D2428 Count: 40
Case D2429 Count: 31
Case D2430 Count: 47
Case D2431 Count: 21
Case D2432 Count: 36
Case D2433 Count: 35
Case D2434 Count: 43
Case D2435 Count: 36
Case D2436 Count: 35
Case D2437 Count: 27
Case D2438 Count: 40
Case D2439 Count: 42
Case D2440 Count: 40
Case D2441 Count: 35
Case D2442 Count: 26
Case D2443 Count: 27
Case D2444 Count: 44
Case D2445 Count: 42
Case D2446 Count: 49
Case D2447 Count: 37
Case D2448 Count: 37
Case D2449 Count: 53
Case D2450 Count: 31
Case D2451 Count: 47
Case D2452 Count: 34
Case D2453 Count: 33
Case D2454 Count: 33
Case D2455 Count: 39
Case D2456 Count: 56
Case D2457 Count: 32
Case D2458 Count: 31
Case D2459 Count: 41
Case D2460 Count: 37
Case D2461 Count: 47
Case D2462 Count: 39
Case D2463 Count: 36
Case D2464 Count: 41
Case D2465 Count: 33
Case D2466 Count: 35
Case D2467 Count: 38
Case D2468 Count: 33
Case D2469 Count: 57
Case D2470 Count: 41
Case D2471 Count: 35
Case D2472 Count: 33
Case D2473 Count: 31
Case D2474 Count: 37
Case D2475 Count: 32
Case D2476 Count: 41
Case D2477 Count: 40
Case D2478 Count: 35
Case D2479 Count: 41
Case D2480 Count: 38
Case D2481 Count: 43
Case D2482 Count: 38
Case D2483 Count: 34
Case D2484 Count: 38
Case D2485 Count: 40
Case D2486 Count: 37
Case D2487 Count: 46
Case D2488 Count: 29
Case D2489 Count: 33
Case D2490 Count: 39
Case D2491 Count: 32
Case D2492 Count: 22
Case D2493 Count: 16
Case D2494 Count: 17
Case D2495 Count: 25
Case D2496 Count: 18
Case D2497 Count: 18
Case D2498 Count: 23
Case D2499 Count: 20
Case D2500 Count: 18
Case D2501 Count: 23
Case D2502 Count: 18
Case D2503 Count: 28
Case D2504 Count: 20
Case D2505 Count: 23
Case D2506 Count: 20
Case D2507 Count: 18
Case D2508 Count: 20
Case D2509 Count: 15
Case D2510 Count: 27
Case D2511 Count: 22
Case D2512 Count: 19
Case D2513 Count: 26
Case D2514 Count: 17
Case D2515 Count: 20
Case D2516 Count: 19
Case D2517 Count: 20
Case D2518 Count: 28
Case D2519 Count: 22
Case D2520 Count: 21
Case D2521 Count: 23
Case D2522 Count: 22
Case D2523 Count: 18
Case D2524 Count: 17
Case D2525 Count: 19
Case D2526 Count: 22
Case D2527 Count: 21
Case D2528 Count: 16
Case D2529 Count: 18
Case D2530 Count: 18
Case D2531 Count: 17
Case D2532 Count: 20
Case D2533 Count: 14
Case D2534 Count: 20
Case D2535 Count: 23
Case D2536 Count: 21
Case D2537 Count: 14
Case D2538 Count: 12
Case D2539 Count: 13
Case D2540 Count: 19
Case D2541 Count: 10
Case D2542 Count: 22
Case D2543 Count: 26
Case D2544 Count: 22
Case D2545 Count: 19
Case D2546 Count: 18
Case D2547 Count: 21
Case D2548 Count: 18
Case D2549 Count: 15
Case D2550 Count: 18
Case D2551 Count: 20
Case D2552 Count: 24
Case D2553 Count: 23
Case D2554 Count: 20
Case D2555 Count: 30
Case D2556 Count: 17
Case D2557 Count: 24
Case D2558 Count: 14
Case D2559 Count: 20
Case D2560 Count: 23
Case D2561 Count: 23
Case D2562 Count: 31
Case D2563 Count: 24
Case D2564 Count: 19
Case D2565 Count: 25
Case D2566 Count: 18
Case D2567 Count: 21
Case D2568 Count: 22
Case D2569 Count: 17
Case D2570 Count: 14
Case D2571 Count: 22
Case D2572 Count: 27
Case D2573 Count: 22
Case D2574 Count: 25
Case D2575 Count: 30
Case D2576 Count: 22
Case D2577 Count: 17
Case D2578 Count: 15
Case D2579 Count: 22
Case D2580 Count: 23
Case D2581 Count: 27
Case D2582 Count: 24
Case D2583 Count: 18
Case D2584 Count: 22
Case D2585 Count: 14
Case D2586 Count: 17
Case D2587 Count: 22
Case D2588 Count: 21
Case D2589 Count: 24
Case D2590 Count: 18
Case D2591 Count: 24
Case D2592 Count: 28
Case D2593 Count: 12
Case D2594 Count: 25
Case D2595 Count: 17
Case D2596 Count: 17
Case D2597 Count: 26
Case D2598 Count: 20
Case D2599 Count: 17
Case D2600 Count: 17
Case D2601 Count: 15
Case D2602 Count: 25
Case D2603 Count: 23
Case D2604 Count: 19
Case D2605 Count: 22
Case D2606 Count: 14
Case D2607 Count: 19
Case D2608 Count: 12
Case D2609 Count: 22
Case D2610 Count: 22
Case D2611 Count: 15
Case D2612 Count: 18
Case D2613 Count: 14
Case D2614 Count: 24
Case D2615 Count: 22
Case D2616 Count: 15
Case D2617 Count: 21
Case D2618 Count: 18
Case D2619 Count: 16
Case D2620 Count: 21
Case D2621 Count: 18
Case D2622 Count: 10
Case D2623 Count: 18
Case D2624 Count: 17
Case D2625 Count: 24
Case D2626 Count: 13
Case D2627 Count: 24
Case D2628 Count: 21
Case D2629 Count: 23
Case D2630 Count: 20
Case D2631 Count: 18
Case D2632 Count: 15
Case D2633 Count: 22
Case D2634 Count: 21
Case D2635 Count: 16
Case D2636 Count: 19
Case D2637 Count: 18
Case D2638 Count: 22
Case D2639 Count: 23
Case D2640 Count: 18
Case D2641 Count: 17
Case D2642 Count: 18
Case D2643 Count: 22
Case D2644 Count: 18
Case D2645 Count: 17
Case D2646 Count: 28
Case D2647 Count: 17
Case D2648 Count: 26
Case D2649 Count: 28
Case D2650 Count: 28
Case D2651 Count: 16
Case D2652 Count: 20
Case D2653 Count: 30
Case D2654 Count: 26
Case D2655 Count: 11
Case D2656 Count: 16
Case D2657 Count: 27
Case D2658 Count: 25
Case D2659 Count: 28
Case D2660 Count: 22
Case D2661 Count: 17
Case D2662 Count: 25
Case D2663 Count: 26
Case D2664 Count: 21
Case D2665 Count: 15
Case D2666 Count: 14
Case D2667 Count: 27
Case D2668 Count: 17
Case D2669 Count: 24
Case D2670 Count: 26
Case D2671 Count: 20
Case D2672 Count: 17
Case D2673 Count: 26
Case D2674 Count: 21
Case D2675 Count: 20
Case D2676 Count: 23
Case D2677 Count: 24
Case D2678 Count: 18
Case D2679 Count: 19
Case D2680 Count: 22
Case D2681 Count: 18
Case D2682 Count: 17
Case D2683 Count: 17
Case D2684 Count: 28
Case D2685 Count: 11
Case D2686 Count: 13
Case D2687 Count: 16
Case D2688 Count: 16
Case D2689 Count: 21
Case D2690 Count: 20
Case D2691 Count: 24
Case D2692 Count: 16
Case D2693 Count: 17
Case D2694 Count: 19
Case D2695 Count: 20
Case D2696 Count: 14
Case D2697 Count: 22
Case D2698 Count: 16
Case D2699 Count: 22
Case D2700 Count: 18
Case D2701 Count: 13
Case D2702 Count: 21
Case D2703 Count: 11
Case D2704 Count: 18
Case D2705 Count: 26
Case D2706 Count: 17
Case D2707 Count: 22
Case D2708 Count: 16
Case D2709 Count: 25
Case D2710 Count: 12
Case D2711 Count: 26
Case D2712 Count: 31
Case D2713 Count: 20
Case D2714 Count: 20
Case D2715 Count: 26
Case D2716 Count: 22
Case D2717 Count: 19
Case D2718 Count: 23
Case D2719 Count: 18
Case D2720 Count: 25
Case D2721 Count: 22
Case D2722 Count: 20
Case D2723 Count: 21
Case D2724 Count: 15
Case D2725 Count: 21
Case D2726 Count: 18
Case D2727 Count: 16
Case D2728 Count: 21
Case D2729 Count: 20
Case D2730 Count: 15
Case D2731 Count: 20
Case D2732 Count: 14
Case D2733 Count: 13
Case D2734 Count: 16
Case D2735 Count: 23
Case D2736 Count: 17
Case D2737 Count: 24
Case D2738 Count: 20
Case D2739 Count: 13
Case D2740 Count: 23
Case D2741 Count: 15
Case D2742 Count: 17
Case D2743 Count: 21
Case D2744 Count: 21
Case D2745 Count: 20
Case D2746 Count: 14
Case D2747 Count: 9
Case D2748 Count: 19
Case D2749 Count: 26
Case D2750 Count: 25
Case D2751 Count: 33
Case D2752 Count: 12
Case D2753 Count: 18
Case D2754 Count: 13
Case D2755 Count: 15
Case D2756 Count: 17
Case D2757 Count: 22
Case D2758 Count: 23
Case D2759 Count: 24
Case D2760 Count: 25
Case D2761 Count: 21
Case D2762 Count: 13
Case D2763 Count: 18
Case D2764 Count: 16
Case D2765 Count: 24
Case D2766 Count: 19
Case D2767 Count: 13
Case D2768 Count: 27
Case D2769 Count: 18
Case D2770 Count: 26
Case D2771 Count: 20
Case D2772 Count: 15
Case D2773 Count: 14
Case D2774 Count: 23
Case D2775 Count: 17
Case D2776 Count: 19
Case D2777 Count: 22
Case D2778 Count: 20
Case D2779 Count: 17
Case D2780 Count: 22
Case D2781 Count: 18
Case D2782 Count: 19
Case D2783 Count: 20
Case D2784 Count: 17
Case D2785 Count: 19
Case D2786 Count: 20
Case D2787 Count: 17
Case D2788 Count: 19
Case D2789 Count: 17
Case D2790 Count: 24
Case D2791 Count: 23
Case D2792 Count: 21
Case D2793 Count: 17
Case D2794 Count: 16
Case D2795 Count: 15
Case D2796 Count: 25
Case D2797 Count: 27
Case D2798 Count: 19
Case D2799 Count: 17
Case D2800 Count: 19
Case D2801 Count: 20
Case D2802 Count: 12
Case D2803 Count: 26
Case D2804 Count: 18
Case D2805 Count: 18
Case D2806 Count: 19
Case D2807 Count: 27
Case D2808 Count: 21
Case D2809 Count: 21
Case D2810 Count: 16
Case D2811 Count: 22
Case D2812 Count: 14
Case D2813 Count: 23
Case D2814 Count: 18
Case D2815 Count: 30
Case D2816 Count: 25
Case D2817 Count: 15
Case D2818 Count: 26
Case D2819 Count: 18
Case D2820 Count: 27
Case D2821 Count: 22
Case D2822 Count: 16
Case D2823 Count: 22
Case D2824 Count: 20
Case D2825 Count: 23
Case D2826 Count: 14
Case D2827 Count: 18
Case D2828 Count: 18
Case D2829 Count: 28
Case D2830 Count: 19
Case D2831 Count: 18
Case D2832 Count: 23
Case D2833 Count: 24
Case D2834 Count: 22
Case D2835 Count: 23
Case D2836 Count: 25
Case D2837 Count: 17
Case D2838 Count: 22
Case D2839 Count: 22
Case D2840 Count: 30
Case D2841 Count: 27
Case D2842 Count: 27
Case D2843 Count: 25
Case D2844 Count: 24
Case D2845 Count: 17
Case D2846 Count: 15
Case D2847 Count: 21
Case D2848 Count: 24
Case D2849 Count: 19
Case D2850 Count: 22
Case D2851 Count: 30
Case D2852 Count: 14
Case D2853 Count: 26
Case D2854 Count: 23
Case D2855 Count: 26
Case D2856 Count: 16
Case D2857 Count: 22
Case D2858 Count: 22
Case D2859 Count: 26
Case D2860 Count: 20
Case D2861 Count: 23
Case D2862 Count: 17
Case D2863 Count: 22
Case D2864 Count: 21
Case D2865 Count: 24
Case D2866 Count: 20
Case D2867 Count: 16
Case D2868 Count: 26
Case D2869 Count: 25
Case D2870 Count: 26
Case D2871 Count: 28
Case D2872 Count: 18
Case D2873 Count: 15
Case D2874 Count: 8
Case D2875 Count: 16
Case D2876 Count: 13
Case D2877 Count: 26
Case D2878 Count: 14
Case D2879 Count: 12
Case D2880 Count: 23
Case D2881 Count: 28
Case D2882 Count: 20
Case D2883 Count: 21
Case D2884 Count: 14
Case D2885 Count: 23
Case D2886 Count: 22
Case D2887 Count: 16
Case D2888 Count: 20
Case D2889 Count: 25
Case D2890 Count: 19
Case D2891 Count: 28
Case D2892 Count: 17
Case D2893 Count: 20
Case D2894 Count: 24
Case D2895 Count: 22
Case D2896 Count: 22
Case D2897 Count: 20
Case D2898 Count: 23
Case D2899 Count: 16
Case D2900 Count: 17
Case D2901 Count: 24
Case D2902 Count: 17
Case D2903 Count: 16
Case D2904 Count: 21
Case D2905 Count: 17
Case D2906 Count: 22
Case D2907 Count: 13
Case D2908 Count: 22
Case D2909 Count: 29
Case D2910 Count: 18
Case D2911 Count: 16
Case D2912 Count: 18
Case D2913 Count: 27
Case D2914 Count: 14
Case D2915 Count: 19
Case D2916 Count: 20
Case D2917 Count: 13
Case D2918 Count: 15
Case D2919 Count: 12
Case D2920 Count: 18
Case D2921 Count: 24
Case D2922 Count: 16
Case D2923 Count: 23
Case D2924 Count: 14
Case D2925 Count: 18
Case D2926 Count: 23
Case D2927 Count: 13
Case D2928 Count: 15
Case D2929 Count: 20
Case D2930 Count: 22
Case D2931 Count: 18
Case D2932 Count: 27
Case D2933 Count: 19
Case D2934 Count: 22
Case D2935 Count: 19
Case D2936 Count: 17
Case D2937 Count: 21
Case D2938 Count: 15
Case D2939 Count: 10
Case D2940 Count: 17
Case D2941 Count: 14
Case D2942 Count: 16
Case D2943 Count: 13
Case D2944 Count: 23
Case D2945 Count: 20
Case D2946 Count: 16
Case D2947 Count: 13
Case D2948 Count: 17
Case D2949 Count: 16
Case D2950 Count: 22
Case D2951 Count: 26
Case D2952 Count: 23
Case D2953 Count: 16
Case D2954 Count: 29
Case D2955 Count: 21
Case D2956 Count: 15
Case D2957 Count: 17
Case D2958 Count: 21
Case D2959 Count: 15
Case D2960 Count: 19
Case D2961 Count: 25
Case D2962 Count: 13
Case D2963 Count: 27
Case D2964 Count: 17
Case D2965 Count: 17
Case D2966 Count: 19
Case D2967 Count: 18
Case D2968 Count: 20
Case D2969 Count: 16
Case D2970 Count: 28
Case D2971 Count: 20
Case D2972 Count: 19
Case D2973 Count: 27
Case D2974 Count: 19
Case D2975 Count: 20
Case D2976 Count: 17
Case D2977 Count: 21
Case D2978 Count: 18
Case D2979 Count: 17
Case D2980 Count: 24
Case D2981 Count: 19
Case D2982 Count: 28
Case D2983 Count: 23
Case D2984 Count: 20
Case D2985 Count: 19
Case D2986 Count: 21
Case D2987 Count: 19
Case D2988 Count: 14
Case D2989 Count: 17
Case D2990 Count: 15
Case D2991 Count: 18
Case D2992 Count: 18
Case D2993 Count: 24
Case D2994 Count: 20
Case D2995 Count: 21
Case D2996 Count: 8
Case D2997 Count: 15
Case D2998 Count: 17
Case D2999 Count: 19
Case D3000 Count: 21
Case D3001 Count: 20
Case D3002 Count: 20
Case D3003 Count: 15
Case D3004 Count: 17
Case D3005 Count: 23
Case D3006 Count: 21
Case D3007 Count: 18
Case D3008 Count: 23
Case D3009 Count: 25
Case D3010 Count: 19
Case D3011 Count: 20
Case D3012 Count: 25
Case D3013 Count: 12
Case D3014 Count: 19
Case D3015 Count: 17
Case D3016 Count: 24
Case D3017 Count: 22
Case D3018 Count: 14
Case D3019 Count: 20
Case D3020 Count: 17
Case D3021 Count: 17
Case D3022 Count: 31
Case D3023 Count: 26
Case D3024 Count: 14
Case D3025 Count: 19
Case D3026 Count: 22
Case D3027 Count: 17
Case D3028 Count: 17
Case D3029 Count: 32
Case D3030 Count: 24
Case D3031 Count: 20
Case D3032 Count: 21
Case D3033 Count: 22
Case D3034 Count: 23
Case D3035 Count: 20
Case D3036 Count: 21
Case D3037 Count: 17
Case D3038 Count: 27
Case D3039 Count: 19
Case D3040 Count: 22
Case D3041 Count: 21
Case D3042 Count: 17
Case D3043 Count: 31
Case D3044 Count: 18
Case D3045 Count: 21
Case D3046 Count: 24
Case D3047 Count: 15
Case D3048 Count: 19
Case D3049 Count: 24
Case D3050 Count: 20
Case D3051 Count: 30
Case D3052 Count: 24
Case D3053 Count: 20
Case D3054 Count: 21
Case D3055 Count: 16
Case D3056 Count: 25
Case D3057 Count: 14
Case D3058 Count: 17
Case D3059 Count: 14
Case D3060 Count: 25
Case D3061 Count: 28
Case D3062 Count: 27
Case D3063 Count: 21
Case D3064 Count: 16
Case D3065 Count: 28
Case D3066 Count: 26
Case D3067 Count: 19
Case D3068 Count: 25
Case D3069 Count: 20
Case D3070 Count: 18
Case D3071 Count: 21
Case D3072 Count: 22
Case D3073 Count: 19
Case D3074 Count: 19
Case D3075 Count: 28
Case D3076 Count: 19
Case D3077 Count: 19
Case D3078 Count: 25
Case D3079 Count: 10
Case D3080 Count: 24
Case D3081 Count: 18
Case D3082 Count: 20
Case D3083 Count: 23
Case D3084 Count: 15
Case D3085 Count: 21
Case D3086 Count: 20
Case D3087 Count: 19
Case D3088 Count: 16
Case D3089 Count: 11
Case D3090 Count: 21
Case D3091 Count: 27
Case D3092 Count: 21
Case D3093 Count: 16
Case D3094 Count: 14
Case D3095 Count: 17
Case D3096 Count: 13
Case D3097 Count: 22
Case D3098 Count: 21
Case D3099 Count: 20
Case D3100 Count: 23
Case D3101 Count: 29
Case D3102 Count: 27
Case D3103 Count: 21
Case D3104 Count: 20
Case D3105 Count: 22
Case D3106 Count: 17
Case D3107 Count: 15
Case D3108 Count: 22
Case D3109 Count: 18
Case D3110 Count: 32
Case D3111 Count: 20
Case D3112 Count: 22
Case D3113 Count: 22
Case D3114 Count: 15
Case D3115 Count: 16
Case D3116 Count: 18
Case D3117 Count: 24
Case D3118 Count: 25
Case D3119 Count: 20
Case D3120 Count: 18
Case D3121 Count: 19
Case D3122 Count: 17
Case D3123 Count: 20
Case D3124 Count: 20
Case D3125 Count: 20
Case D3126 Count: 18
Case D3127 Count: 21
Case D3128 Count: 11
Case D3129 Count: 24
Case D3130 Count: 17
Case D3131 Count: 21
Case D3132 Count: 17
Case D3133 Count: 20
Case D3134 Count: 27
Case D3135 Count: 24
Case D3136 Count: 23
Case D3137 Count: 17
Case D3138 Count: 14
Case D3139 Count: 20
Case D3140 Count: 11
Case D3141 Count: 17
Case D3142 Count: 14
Case D3143 Count: 17
Case D3144 Count: 18
Case D3145 Count: 13
Case D3146 Count: 17
Case D3147 Count: 19
Case D3148 Count: 15
Case D3149 Count: 23
Case D3150 Count: 23
Case D3151 Count: 19
Case D3152 Count: 22
Case D3153 Count: 19
Case D3154 Count: 19
Case D3155 Count: 17
Case D3156 Count: 19
Case D3157 Count: 26
Case D3158 Count: 21
Case D3159 Count: 11
Case D3160 Count: 23
Case D3161 Count: 17
Case D3162 Count: 26
Case D3163 Count: 28
Case D3164 Count: 25
Case D3165 Count: 21
Case D3166 Count: 19
Case D3167 Count: 18
Case D3168 Count: 24
Case D3169 Count: 19
Case D3170 Count: 23
Case D3171 Count: 16
Case D3172 Count: 21
Case D3173 Count: 19
Case D3174 Count: 18
Case D3175 Count: 22
Case D3176 Count: 26
Case D3177 Count: 14
Case D3178 Count: 20
Case D3179 Count: 20
Case D3180 Count: 24
Case D3181 Count: 25
Case D3182 Count: 19
Case D3183 Count: 19
Case D3184 Count: 25
Case D3185 Count: 20
Case D3186 Count: 22
Case D3187 Count: 22
Case D3188 Count: 18
Case D3189 Count: 18
Case D3190 Count: 27
Case D3191 Count: 7
Case D3192 Count: 24
Case D3193 Count: 27
Case D3194 Count: 21
Case D3195 Count: 15
Case D3196 Count: 19
Case D3197 Count: 18
Case D3198 Count: 23
Case D3199 Count: 16
Case D3200 Count: 25
Case D3201 Count: 22
Case D3202 Count: 29
Case D3203 Count: 21
Case D3204 Count: 19
Case D3205 Count: 22
Case D3206 Count: 23
Case D3207 Count: 33
Case D3208 Count: 25
Case D3209 Count: 13
Case D3210 Count: 22
Case D3211 Count: 22
Case D3212 Count: 17
Case D3213 Count: 21
Case D3214 Count: 22
Case D3215 Count: 19
Case D3216 Count: 10
Case D3217 Count: 17
Case D3218 Count: 26
Case D3219 Count: 18
Case D3220 Count: 16
Case D3221 Count: 19
Case D3222 Count: 17
Case D3223 Count: 26
Case D3224 Count: 23
Case D3225 Count: 20
Case D3226 Count: 24
Case D3227 Count: 12
Case D3228 Count: 20
Case D3229 Count: 31
Case D3230 Count: 20
Case D3231 Count: 20
Case D3232 Count: 18
Case D3233 Count: 24
Case D3234 Count: 14
Case D3235 Count: 15
Case D3236 Count: 21
Case D3237 Count: 23
Case D3238 Count: 13
Case D3239 Count: 24
Case D3240 Count: 16
Case D3241 Count: 17
Case D3242 Count: 17
Case D3243 Count: 19
Case D3244 Count: 24
Case D3245 Count: 23
Case D3246 Count: 21
Case D3247 Count: 22
Case D3248 Count: 19
Case D3249 Count: 24
Case D3250 Count: 21
Case D3251 Count: 18
Case D3252 Count: 25
Case D3253 Count: 17
Case D3254 Count: 27
Case D3255 Count: 23
Case D3256 Count: 16
Case D3257 Count: 19
Case D3258 Count: 15
Case D3259 Count: 22
Case D3260 Count: 18
Case D3261 Count: 22
Case D3262 Count: 12
Case D3263 Count: 11
Case D3264 Count: 14
Case D3265 Count: 26
Case D3266 Count: 22
Case D3267 Count: 20
Case D3268 Count: 18
Case D3269 Count: 15
Case D3270 Count: 25
Case D3271 Count: 23
Case D3272 Count: 21
Case D3273 Count: 21
Case D3274 Count: 27
Case D3275 Count: 19
Case D3276 Count: 17
Case D3277 Count: 12
Case D3278 Count: 20
Case D3279 Count: 21
Case D3280 Count: 15
Case D3281 Count: 17
Case D3282 Count: 20
Case D3283 Count: 24
Case D3284 Count: 15
Case D3285 Count: 16
Case D3286 Count: 14
Case D3287 Count: 25
Case D3288 Count: 23
Case D3289 Count: 19
Case D3290 Count: 12
Case D3291 Count: 20
Case D3292 Count: 29
Case D3293 Count: 22
Case D3294 Count: 21
Case D3295 Count: 19
Case D3296 Count: 27
Case D3297 Count: 27
Case D3298 Count: 22
Case D3299 Count: 10
Case D3300 Count: 24
Case D3301 Count: 21
Case D3302 Count: 22
Case D3303 Count: 24
Case D3304 Count: 14
Case D3305 Count: 19
Case D3306 Count: 20
Case D3307 Count: 23
Case D3308 Count: 21
Case D3309 Count: 25
Case D3310 Count: 15
Case D3311 Count: 21
Case D3312 Count: 24
Case D3313 Count: 13
Case D3314 Count: 15
Case D3315 Count: 14
Case D3316 Count: 16
Case D3317 Count: 26
Case D3318 Count: 19
Case D3319 Count: 14
Case D3320 Count: 14
Case D3321 Count: 20
Case D3322 Count: 8
Case D3323 Count: 6
Case D3324 Count: 8
Case D3325 Count: 6
Case D3326 Count: 5
Case D3327 Count: 7
Case D3328 Count: 12
Case D3329 Count: 8
Case D3330 Count: 6
Case D3331 Count: 6
Case D3332 Count: 7
Case D3333 Count: 8
Case D3334 Count: 7
Case D3335 Count: 8
Case D3336 Count: 9
Case D3337 Count: 8
Case D3338 Count: 8
Case D3339 Count: 3
Case D3340 Count: 3
Case D3341 Count: 8
Case D3342 Count: 5
Case D3343 Count: 10
Case D3344 Count: 8
Case D3345 Count: 6
Case D3346 Count: 5
Case D3347 Count: 6
Case D3348 Count: 4
Case D3349 Count: 8
Case D3350 Count: 10
Case D3351 Count: 11
Case D3352 Count: 5
Case D3353 Count: 10
Case D3354 Count: 5
Case D3355 Count: 1
Case D3356 Count: 4
Case D3357 Count: 4
Case D3358 Count: 9
Case D3359 Count: 4
Case D3360 Count: 5
Case D3361 Count: 5
Case D3362 Count: 8
Case D3363 Count: 12
Case D3364 Count: 8
Case D3365 Count: 9
Case D3366 Count: 11
Case D3367 Count: 9
Case D3368 Count: 5
Case D3369 Count: 2
Case D3370 Count: 5
Case D3371 Count: 7
Case D3372 Count: 10
Case D3373 Count: 10
Case D3374 Count: 8
Case D3375 Count: 3
Case D3376 Count: 9
Case D3377 Count: 8
Case D3378 Count: 6
Case D3379 Count: 4
Case D3380 Count: 4
Case D3381 Count: 6
Case D3382 Count: 8
Case D3383 Count: 7
Case D3384 Count: 6
Case D3385 Count: 10
Case D3386 Count: 4
Case D3387 Count: 8
Case D3388 Count: 9
Case D3389 Count: 9
Case D3390 Count: 9
Case D3391 Count: 7
Case D3392 Count: 5
Case D3393 Count: 6
Case D3394 Count: 11
Case D3395 Count: 8
Case D3396 Count: 9
Case D3397 Count: 7
Case D3398 Count: 8
Case D3399 Count: 8
Case D3400 Count: 3
Case D3401 Count: 14
Case D3402 Count: 6
Case D3403 Count: 7
Case D3404 Count: 9
Case D3405 Count: 4
Case D3406 Count: 7
Case D3407 Count: 3
Case D3408 Count: 9
Case D3409 Count: 7
Case D3410 Count: 5
Case D3411 Count: 5
Case D3412 Count: 6
Case D3413 Count: 9
Case D3414 Count: 8
Case D3415 Count: 9
Case D3416 Count: 6
Case D3417 Count: 3
Case D3418 Count: 9
Case D3419 Count: 8
Case D3420 Count: 5
Case D3421 Count: 8
Case D3422 Count: 7
Case D3423 Count: 8
Case D3424 Count: 7
Case D3425 Count: 6
Case D3426 Count: 5
Case D3427 Count: 11
Case D3428 Count: 4
Case D3429 Count: 5
Case D3430 Count: 5
Case D3431 Count: 5
Case D3432 Count: 8
Case D3433 Count: 4
Case D3434 Count: 5
Case D3435 Count: 6
Case D3436 Count: 5
Case D3437 Count: 8
Case D3438 Count: 5
Case D3439 Count: 8
Case D3440 Count: 7
Case D3441 Count: 9
Case D3442 Count: 4
Case D3443 Count: 2
Case D3444 Count: 7
Case D3445 Count: 8
Case D3446 Count: 7
Case D3447 Count: 9
Case D3448 Count: 10
Case D3449 Count: 13
Case D3450 Count: 2
Case D3451 Count: 10
Case D3452 Count: 7
Case D3453 Count: 7
Case D3454 Count: 7
Case D3455 Count: 7
Case D3456 Count: 7
Case D3457 Count: 6
Case D3458 Count: 6
Case D3459 Count: 6
Case D3460 Count: 10
Case D3461 Count: 6
Case D3462 Count: 9
Case D3463 Count: 9
Case D3464 Count: 8
Case D3465 Count: 8
Case D3466 Count: 6
Case D3467 Count: 5
Case D3468 Count: 11
Case D3469 Count: 15
Case D3470 Count: 6
Case D3471 Count: 7
Case D3472 Count: 5
Case D3473 Count: 8
Case D3474 Count: 6
Case D3475 Count: 10
Case D3476 Count: 3
Case D3477 Count: 8
Case D3478 Count: 8
Case D3479 Count: 9
Case D3480 Count: 3
Case D3481 Count: 7
Case D3482 Count: 7
Case D3483 Count: 4
Case D3484 Count: 6
Case D3485 Count: 6
Case D3486 Count: 12
Case D3487 Count: 9
Case D3488 Count: 6
Case D3489 Count: 8
Case D3490 Count: 9
Case D3491 Count: 8
Case D3492 Count: 8
Case D3493 Count: 5
Case D3494 Count: 5
Case D3495 Count: 6
Case D3496 Count: 6
Case D3497 Count: 8
Case D3498 Count: 6
Case D3499 Count: 5
Case D3500 Count: 7
Case D3501 Count: 7
Case D3502 Count: 3
Case D3503 Count: 11
Case D3504 Count: 7
Case D3505 Count: 7
Case D3506 Count: 9
Case D3507 Count: 7
Case D3508 Count: 8
Case D3509 Count: 11
Case D3510 Count: 10
Case D3511 Count: 4
Case D3512 Count: 6
Case D3513 Count: 7
Case D3514 Count: 9
Case D3515 Count: 5
Case D3516 Count: 9
Case D3517 Count: 8
Case D3518 Count: 8
Case D3519 Count: 6
Case D3520 Count: 9
Case D3521 Count: 7
Case D3522 Count: 6
Case D3523 Count: 5
Case D3524 Count: 8
Case D3525 Count: 5
Case D3526 Count: 5
Case D3527 Count: 13
Case D3528 Count: 9
Case D3529 Count: 5
Case D3530 Count: 4
Case D3531 Count: 1
Case D3532 Count: 4
Case D3533 Count: 8
Case D3534 Count: 7
Case D3535 Count: 8
Case D3536 Count: 9
Case D3537 Count: 6
Case D3538 Count: 12
Case D3539 Count: 7
Case D3540 Count: 7
Case D3541 Count: 9
Case D3542 Count: 6
Case D3543 Count: 5
Case D3544 Count: 4
Case D3545 Count: 6
Case D3546 Count: 7
Case D3547 Count: 5
Case D3548 Count: 5
Case D3549 Count: 4
Case D3550 Count: 4
Case D3551 Count: 9
Case D3552 Count: 6
Case D3553 Count: 8
Case D3554 Count: 5
Case D3555 Count: 8
Case D3556 Count: 6
Case D3557 Count: 6
Case D3558 Count: 8
Case D3559 Count: 4
Case D3560 Count: 5
Case D3561 Count: 6
Case D3562 Count: 9
Case D3563 Count: 5
Case D3564 Count: 8
Case D3565 Count: 4
Case D3566 Count: 4
Case D3567 Count: 11
Case D3568 Count: 8
Case D3569 Count: 2
Case D3570 Count: 7
Case D3571 Count: 1
Case D3572 Count: 6
Case D3573 Count: 2
Case D3574 Count: 6
Case D3575 Count: 7
Case D3576 Count: 6
Case D3577 Count: 4
Case D3578 Count: 10
Case D3579 Count: 6
Case D3580 Count: 10
Case D3581 Count: 8
Case D3582 Count: 5
Case D3583 Count: 3
Case D3584 Count: 9
Case D3585 Count: 8
Case D3586 Count: 3
Case D3587 Count: 13
Case D3588 Count: 11
Case D3589 Count: 4
Case D3590 Count: 7
Case D3591 Count: 7
Case D3592 Count: 10
Case D3593 Count: 7
Case D3594 Count: 5
Case D3595 Count: 6
Case D3596 Count: 13
Case D3597 Count: 7
Case D3598 Count: 5
Case D3599 Count: 10
Case D3600 Count: 5
Case D3601 Count: 6
Case D3602 Count: 13
Case D3603 Count: 10
Case D3604 Count: 4
Case D3605 Count: 7
Case D3606 Count: 5
Case D3607 Count: 5
Case D3608 Count: 7
Case D3609 Count: 8
Case D3610 Count: 12
Case D3611 Count: 10
Case D3612 Count: 8
Case D3613 Count: 11
Case D3614 Count: 6
Case D3615 Count: 3
Case D3616 Count: 8
Case D3617 Count: 8
Case D3618 Count: 4
Case D3619 Count: 5
Case D3620 Count: 7
Case D3621 Count: 2
Case D3622 Count: 7
Case D3623 Count: 4
Case D3624 Count: 2
Case D3625 Count: 6
Case D3626 Count: 9
Case D3627 Count: 10
Case D3628 Count: 13
Case D3629 Count: 8
Case D3630 Count: 8
Case D3631 Count: 6
Case D3632 Count: 4
Case D3633 Count: 5
Case D3634 Count: 5
Case D3635 Count: 10
Case D3636 Count: 9
Case D3637 Count: 4
Case D3638 Count: 7
Case D3639 Count: 8
Case D3640 Count: 6
Case D3641 Count: 4
Case D3642 Count: 7
Case D3643 Count: 12
Case D3644 Count: 4
Case D3645 Count: 8
Case D3646 Count: 2
Case D3647 Count: 7
Case D3648 Count: 7
Case D3649 Count: 9
Case D3650 Count: 7
Case D3651 Count: 6
Case D3652 Count: 3
Case D3653 Count: 9
Case D3654 Count: 3
Case D3655 Count: 4
Case D3656 Count: 8
Case D3657 Count: 10
Case D3658 Count: 5
Case D3659 Count: 9
Case D3660 Count: 8
Case D3661 Count: 4
Case D3662 Count: 11
Case D3663 Count: 5
Case D3664 Count: 5
Case D3665 Count: 8
Case D3666 Count: 7
Case D3667 Count: 7
Case D3668 Count: 5
Case D3669 Count: 4
Case D3670 Count: 6
Case D3671 Count: 6
Case D3672 Count: 7
Case D3673 Count: 8
Case D3674 Count: 3
Case D3675 Count: 6
Case D3676 Count: 8
Case D3677 Count: 5
Case D3678 Count: 9
Case D3679 Count: 9
Case D3680 Count: 13
Case D3681 Count: 3
Case D3682 Count: 6
Case D3683 Count: 3
Case D3684 Count: 9
Case D3685 Count: 8
Case D3686 Count: 3
Case D3687 Count: 4
Case D3688 Count: 8
Case D3689 Count: 6
Case D3690 Count: 11
Case D3691 Count: 5
Case D3692 Count: 3
Case D3693 Count: 9
Case D3694 Count: 7
Case D3695 Count: 5
Case D3696 Count: 4
Case D3697 Count: 7
Case D3698 Count: 5
Case D3699 Count: 10
Case D3700 Count: 5
Case D3701 Count: 9
Case D3702 Count: 7
Case D3703 Count: 10
Case D3704 Count: 6
Case D3705 Count: 5
Case D3706 Count: 9
Case D3707 Count: 8
Case D3708 Count: 7
Case D3709 Count: 7
Case D3710 Count: 6
Case D3711 Count: 9
Case D3712 Count: 12
Case D3713 Count: 11
Case D3714 Count: 2
Case D3715 Count: 9
Case D3716 Count: 4
Case D3717 Count: 7
Case D3718 Count: 5
Case D3719 Count: 3
Case D3720 Count: 9
Case D3721 Count: 5
Case D3722 Count: 5
Case D3723 Count: 2
Case D3724 Count: 4
Case D3725 Count: 13
Case D3726 Count: 6
Case D3727 Count: 13
Case D3728 Count: 11
Case D3729 Count: 8
Case D3730 Count: 8
Case D3731 Count: 7
Case D3732 Count: 8
Case D3733 Count: 5
Case D3734 Count: 1
Case D3735 Count: 5
Case D3736 Count: 8
Case D3737 Count: 7
Case D3738 Count: 8
Case D3739 Count: 5
Case D3740 Count: 7
Case D3741 Count: 2
Case D3742 Count: 7
Case D3743 Count: 12
Case D3744 Count: 9
Case D3745 Count: 7
Case D3746 Count: 10
Case D3747 Count: 6
Case D3748 Count: 5
Case D3749 Count: 11
Case D3750 Count: 2
Case D3751 Count: 7
Case D3752 Count: 3
Case D3753 Count: 4
Case D3754 Count: 4
Case D3755 Count: 5
Case D3756 Count: 8
Case D3757 Count: 7
Case D3758 Count: 11
Case D3759 Count: 6
Case D3760 Count: 8
Case D3761 Count: 6
Case D3762 Count: 9
Case D3763 Count: 7
Case D3764 Count: 12
Case D3765 Count: 12
Case D3766 Count: 7
Case D3767 Count: 9
Case D3768 Count: 14
Case D3769 Count: 7
Case D3770 Count: 6
Case D3771 Count: 9
Case D3772 Count: 7
Case D3773 Count: 8
Case D3774 Count: 6
Case D3775 Count: 10
Case D3776 Count: 8
Case D3777 Count: 8
Case D3778 Count: 8
Case D3779 Count: 8
Case D3780 Count: 6
Case D3781 Count: 9
Case D3782 Count: 4
Case D3783 Count: 3
Case D3784 Count: 6
Case D3785 Count: 10
Case D3786 Count: 2
Case D3787 Count: 4
Case D3788 Count: 10
Case D3789 Count: 13
Case D3790 Count: 6
Case D3791 Count: 8
Case D3792 Count: 5
Case D3793 Count: 6
Case D3794 Count: 7
Case D3795 Count: 8
Case D3796 Count: 3
Case D3797 Count: 3
Case D3798 Count: 7
Case D3799 Count: 3
Case D3800 Count: 5
Case D3801 Count: 5
Case D3802 Count: 8
Case D3803 Count: 6
Case D3804 Count: 8
Case D3805 Count: 7
Case D3806 Count: 9
Case D3807 Count: 10
Case D3808 Count: 5
Case D3809 Count: 3
Case D3810 Count: 5
Case D3811 Count: 6
Case D3812 Count: 8
Case D3813 Count: 10
Case D3814 Count: 5
Case D3815 Count: 7
Case D3816 Count: 10
Case D3817 Count: 5
Case D3818 Count: 3
Case D3819 Count: 9
Case D3820 Count: 12
Case D3821 Count: 11
Case D3822 Count: 7
Case D3823 Count: 9
Case D3824 Count: 5
Case D3825 Count: 3
Case D3826 Count: 7
Case D3827 Count: 5
Case D3828 Count: 6
Case D3829 Count: 9
Case D3830 Count: 7
Case D3831 Count: 9
Case D3832 Count: 15
Case D3833 Count: 7
Case D3834 Count: 8
Case D3835 Count: 10
Case D3836 Count: 7
Case D3837 Count: 8
Case D3838 Count: 8
Case D3839 Count: 9
Case D3840 Count: 4
Case D3841 Count: 3
Case D3842 Count: 9
Case D3843 Count: 5
Case D3844 Count: 8
Case D3845 Count: 9
Case D3846 Count: 7
Case D3847 Count: 3
Case D3848 Count: 6
Case D3849 Count: 8
Case D3850 Count: 4
Case D3851 Count: 7
Case D3852 Count: 6
Case D3853 Count: 2
Case D3854 Count: 9
Case D3855 Count: 9
Case D3856 Count: 8
Case D3857 Count: 16
Case D3858 Count: 9
Case D3859 Count: 8
Case D3860 Count: 10
Case D3861 Count: 5
Case D3862 Count: 5
Case D3863 Count: 5
Case D3864 Count: 8
Case D3865 Count: 8
Case D3866 Count: 6
Case D3867 Count: 7
Case D3868 Count: 7
Case D3869 Count: 9
Case D3870 Count: 8
Case D3871 Count: 7
Case D3872 Count: 7
Case D3873 Count: 6
Case D3874 Count: 7
Case D3875 Count: 8
Case D3876 Count: 9
Case D3877 Count: 10
Case D3878 Count: 9
Case D3879 Count: 11
Case D3880 Count: 9
Case D3881 Count: 10
Case D3882 Count: 3
Case D3883 Count: 6
Case D3884 Count: 6
Case D3885 Count: 4
Case D3886 Count: 6
Case D3887 Count: 11
Case D3888 Count: 4
Case D3889 Count: 4
Case D3890 Count: 9
Case D3891 Count: 7
Case D3892 Count: 8
Case D3893 Count: 6
Case D3894 Count: 8
Case D3895 Count: 6
Case D3896 Count: 7
Case D3897 Count: 5
Case D3898 Count: 8
Case D3899 Count: 3
Case D3900 Count: 6
Case D3901 Count: 5
Case D3902 Count: 3
Case D3903 Count: 6
Case D3904 Count: 9
Case D3905 Count: 5
Case D3906 Count: 4
Case D3907 Count: 7
Case D3908 Count: 11
Case D3909 Count: 6
Case D3910 Count: 10
Case D3911 Count: 4
Case D3912 Count: 2
Case D3913 Count: 9
Case D3914 Count: 5
Case D3915 Count: 8
Case D3916 Count: 7
Case D3917 Count: 5
Case D3918 Count: 8
Case D3919 Count: 6
Case D3920 Count: 6
Case D3921 Count: 4
Case D3922 Count: 2
Case D3923 Count: 13
Case D3924 Count: 3
Case D3925 Count: 13
Case D3926 Count: 4
Case D3927 Count: 8
Case D3928 Count: 4
Case D3929 Count: 3
Case D3930 Count: 7
Case D3931 Count: 8
Case D3932 Count: 8
Case D3933 Count: 12
Case D3934 Count: 9
Case D3935 Count: 6
Case D3936 Count: 6
Case D3937 Count: 3
Case D3938 Count: 5
Case D3939 Count: 10
Case D3940 Count: 6
Case D3941 Count: 7
Case D3942 Count: 8
Case D3943 Count: 6
Case D3944 Count: 6
Case D3945 Count: 5
Case D3946 Count: 6
Case D3947 Count: 9
Case D3948 Count: 4
Case D3949 Count: 6
Case D3950 Count: 6
Case D3951 Count: 4
Case D3952 Count: 1
Case D3953 Count: 8
Case D3954 Count: 9
Case D3955 Count: 2
Case D3956 Count: 6
Case D3957 Count: 6
Case D3958 Count: 6
Case D3959 Count: 9
Case D3960 Count: 9
Case D3961 Count: 6
Case D3962 Count: 6
Case D3963 Count: 8
Case D3964 Count: 3
Case D3965 Count: 5
Case D3966 Count: 3
Case D3967 Count: 3
Case D3968 Count: 7
Case D3969 Count: 9
Case D3970 Count: 7
Case D3971 Count: 7
Case D3972 Count: 2
Case D3973 Count: 8
Case D3974 Count: 5
Case D3975 Count: 4
Case D3976 Count: 4
Case D3977 Count: 4
Case D3978 Count: 3
Case D3979 Count: 10
Case D3980 Count: 4
Case D3981 Count: 9
Case D3982 Count: 9
Case D3983 Count: 5
Case D3984 Count: 5
Case D3985 Count: 5
Case D3986 Count: 7
Case D3987 Count: 6
Case D3988 Count: 4
Case D3989 Count: 8
Case D3990 Count: 6
Case D3991 Count: 2
Case D3992 Count: 13
Case D3993 Count: 10
Case D3994 Count: 4
Case D3995 Count: 4
Case D3996 Count: 3
Case D3997 Count: 9
Case D3998 Count: 4
Case D3999 Count: 10
Case D4000 Count: 8
Case D4001 Count: 12
Case D4002 Count: 4
Case D4003 Count: 5
Case D4004 Count: 1
Case D4005 Count: 6
Case D4006 Count: 7
Case D4007 Count: 7
Case D4008 Count: 6
Case D4009 Count: 8
Case D4010 Count: 4
Case D4011 Count: 4
Case D4012 Count: 9
Case D4013 Count: 6
Case D4014 Count: 13
Case D4015 Count: 8
Case D4016 Count: 9
Case D4017 Count: 8
Case D4018 Count: 6
Case D4019 Count: 9
Case D4020 Count: 6
Case D4021 Count: 3
Case D4022 Count: 7
Case D4023 Count: 7
Case D4024 Count: 6
Case D4025 Count: 4
Case D4026 Count: 6
Case D4027 Count: 7
Case D4028 Count: 10
Case D4029 Count: 5
Case D4030 Count: 4
Case D4031 Count: 9
Case D4032 Count: 8
Case D4033 Count: 10
Case D4034 Count: 3
Case D4035 Count: 5
Case D4036 Count: 5
Case D4037 Count: 6
Case D4038 Count: 10
Case D4039 Count: 5
Case D4040 Count: 2
Case D4041 Count: 5
Case D4042 Count: 5
Case D4043 Count: 6
Case D4044 Count: 6
Case D4045 Count: 9
Case D4046 Count: 10
Case D4047 Count: 5
Case D4048 Count: 5
Case D4049 Count: 6
Case D4050 Count: 8
Case D4051 Count: 9
Case D4052 Count: 9
Case D4053 Count: 4
Case D4054 Count: 2
Case D4055 Count: 8
Case D4056 Count: 1
Case D4057 Count: 6
Case D4058 Count: 3
Case D4059 Count: 9
Case D4060 Count: 5
Case D4061 Count: 6
Case D4062 Count: 9
Case D4063 Count: 7
Case D4064 Count: 8
Case D4065 Count: 8
Case D4066 Count: 5
Case D4067 Count: 9
Case D4068 Count: 7
Case D4069 Count: 7
Case D4070 Count: 7
Case D4071 Count: 4
Case D4072 Count: 9
Case D4073 Count: 11
Case D4074 Count: 6
Case D4075 Count: 5
Case D4076 Count: 6
Case D4077 Count: 4
Case D4078 Count: 6
Case D4079 Count: 6
Case D4080 Count: 6
Case D4081 Count: 6
Case D4082 Count: 10
Case D4083 Count: 7
Case D4084 Count: 3
Case D4085 Count: 3
Case D4086 Count: 7
Case D4087 Count: 10
Case D4088 Count: 9
Case D4089 Count: 8
Case D4090 Count: 5
Case D4091 Count: 4
Case D4092 Count: 6
Case D4093 Count: 7
Case D4094 Count: 8
Case D4095 Count: 5
Case D4096 Count: 11
Case D4097 Count: 8
Case D4098 Count: 8
Case D4099 Count: 2
Case D4100 Count: 4
Case D4101 Count: 3
Case D4102 Count: 7
Case D4103 Count: 5
Case D4104 Count: 4
Case D4105 Count: 5
Case D4106 Count: 6
Case D4107 Count: 6
Case D4108 Count: 2
Case D4109 Count: 8
Case D4110 Count: 7
Case D4111 Count: 6
Case D4112 Count: 4
Case D4113 Count: 6
Case D4114 Count: 6
Case D4115 Count: 4
Case D4116 Count: 4
Case D4117 Count: 8
Case D4118 Count: 3
Case D4119 Count: 10
Case D4120 Count: 5
Case D4121 Count: 7
Case D4122 Count: 7
Case D4123 Count: 13
Case D4124 Count: 5
Case D4125 Count: 5
Case D4126 Count: 8
Case D4127 Count: 7
Case D4128 Count: 12
Case D4129 Count: 6
Case D4130 Count: 11
Case D4131 Count: 10
Case D4132 Count: 7
Case D4133 Count: 3
Case D4134 Count: 8
Case D4135 Count: 4
Case D4136 Count: 7
Case D4137 Count: 10
Case D4138 Count: 7
Case D4139 Count: 5
Case D4140 Count: 7
Case D4141 Count: 3
Case D4142 Count: 8
Case D4143 Count: 1
Case D4144 Count: 7
Case D4145 Count: 6
Case D4146 Count: 4
Case D4147 Count: 6
Case D4148 Count: 4
Case D4149 Count: 5
Case D4150 Count: 11
Case D4151 Count: 7
Case D4152 Count: 5
Case D4153 Count: 11
Case D4154 Count: 7
Case D4155 Count: 11
Case D4156 Count: 7
Case D4157 Count: 9
Case D4158 Count: 7
Case D4159 Count: 4
Case D4160 Count: 2
Case D4161 Count: 5
Case D4162 Count: 3
Case D4163 Count: 5
Case D4164 Count: 4
Case D4165 Count: 4
Case D4166 Count: 5
Case D4167 Count: 6
Case D4168 Count: 6
Case D4169 Count: 6
Case D4170 Count: 10
Case D4171 Count: 10
Case D4172 Count: 10
Case D4173 Count: 6
Case D4174 Count: 5
Case D4175 Count: 3
Case D4176 Count: 1
Case D4177 Count: 8
Case D4178 Count: 5
Case D4179 Count: 5
Case D4180 Count: 8
Case D4181 Count: 6
Case D4182 Count: 7
Case D4183 Count: 11
Case D4184 Count: 4
Case D4185 Count: 4
Case D4186 Count: 6
Case D4187 Count: 7
Case D4188 Count: 6
Case D4189 Count: 6
Case D4190 Count: 5
Case D4191 Count: 5
Case D4192 Count: 7
Case D4193 Count: 4
Case D4194 Count: 4
Case D4195 Count: 4
Case D4196 Count: 6
Case D4197 Count: 6
Case D4198 Count: 11
Case D4199 Count: 5
Case D4200 Count: 6
Case D4201 Count: 8
Case D4202 Count: 11
Case D4203 Count: 10
Case D4204 Count: 8
Case D4205 Count: 2
Case D4206 Count: 12
Case D4207 Count: 7
Case D4208 Count: 6
Case D4209 Count: 7
Case D4210 Count: 5
Case D4211 Count: 11
Case D4212 Count: 7
Case D4213 Count: 10
Case D4214 Count: 11
Case D4215 Count: 3
Case D4216 Count: 6
Case D4217 Count: 8
Case D4218 Count: 13
Case D4219 Count: 7
Case D4220 Count: 5
Case D4221 Count: 10
Case D4222 Count: 7
Case D4223 Count: 2
Case D4224 Count: 3
Case D4225 Count: 4
Case D4226 Count: 7
Case D4227 Count: 5
Case D4228 Count: 2
Case D4229 Count: 4
Case D4230 Count: 6
Case D4231 Count: 8
Case D4232 Count: 8
Case D4233 Count: 13
Case D4234 Count: 8
Case D4235 Count: 6
Case D4236 Count: 9
Case D4237 Count: 4
Case D4238 Count: 6
Case D4239 Count: 6
Case D4241 Count: 1
Case D4242 Count: 6
Case D4243 Count: 6
Case D4244 Count: 6
Case D4245 Count: 10
Case D4246 Count: 9
Case D4247 Count: 8
Case D4248 Count: 8
Case D4249 Count: 13
Case D4250 Count: 6
Case D4251 Count: 10
Case D4252 Count: 10
Case D4253 Count: 4
Case D4254 Count: 8
Case D4255 Count: 7
Case D4256 Count: 4
Case D4257 Count: 4
Case D4258 Count: 6
Case D4259 Count: 6
Case D4260 Count: 6
Case D4261 Count: 6
Case D4262 Count: 7
Case D4263 Count: 9
Case D4264 Count: 7
Case D4265 Count: 8
Case D4266 Count: 4
Case D4267 Count: 4
Case D4268 Count: 9
Case D4269 Count: 13
Case D4270 Count: 4
Case D4271 Count: 7
Case D4272 Count: 5
Case D4273 Count: 3
Case D4274 Count: 7
Case D4275 Count: 4
Case D4276 Count: 7
Case D4277 Count: 9
Case D4278 Count: 9
Case D4279 Count: 6
Case D4280 Count: 15
Case D4281 Count: 3
Case D4282 Count: 7
Case D4283 Count: 5
Case D4284 Count: 6
Case D4285 Count: 9
Case D4286 Count: 11
Case D4287 Count: 8
Case D4288 Count: 7
Case D4289 Count: 8
Case D4290 Count: 9
Case D4291 Count: 3
Case D4292 Count: 5
Case D4293 Count: 7
Case D4294 Count: 8
Case D4295 Count: 13
Case D4296 Count: 6
Case D4297 Count: 10
Case D4298 Count: 3
Case D4299 Count: 13
Case D4300 Count: 9
Case D4301 Count: 5
Case D4302 Count: 9
Case D4303 Count: 10
Case D4304 Count: 9
Case D4305 Count: 6
Case D4306 Count: 6
Case D4307 Count: 5
Case D4308 Count: 6
Case D4309 Count: 7
Case D4310 Count: 6
Case D4311 Count: 9
Case D4312 Count: 12
Case D4313 Count: 5
Case D4314 Count: 5
Case D4315 Count: 8
Case D4316 Count: 4
Case D4317 Count: 8
Case D4318 Count: 8
Case D4319 Count: 5
Case D4320 Count: 6
Case D4321 Count: 5
Case D4322 Count: 6
Case D4323 Count: 4
Case D4324 Count: 5
Case D4325 Count: 10
Case D4326 Count: 6
Case D4327 Count: 9
Case D4328 Count: 5
Case D4329 Count: 4
Case D4330 Count: 8
Case D4331 Count: 9
Case D4332 Count: 6
Case D4333 Count: 6
Case D4334 Count: 10
Case D4335 Count: 5
Case D4336 Count: 8
Case D4337 Count: 6
Case D4338 Count: 4
Case D4339 Count: 3
Case D4340 Count: 8
Case D4341 Count: 4
Case D4342 Count: 7
Case D4343 Count: 14
Case D4344 Count: 8
Case D4345 Count: 6
Case D4346 Count: 6
Case D4347 Count: 9
Case D4348 Count: 6
Case D4349 Count: 6
Case D4350 Count: 6
Case D4351 Count: 7
Case D4352 Count: 10
Case D4353 Count: 6
Case D4354 Count: 7
Case D4355 Count: 5
Case D4356 Count: 6
Case D4357 Count: 4
Case D4358 Count: 10
Case D4359 Count: 3
Case D4360 Count: 4
Case D4361 Count: 6
Case D4362 Count: 10
Case D4363 Count: 8
Case D4364 Count: 6
Case D4365 Count: 10
Case D4366 Count: 9
Case D4367 Count: 6
Case D4368 Count: 5
Case D4369 Count: 3
Case D4370 Count: 10
Case D4371 Count: 9
Case D4372 Count: 8
Case D4373 Count: 5
Case D4374 Count: 10
Case D4375 Count: 10
Case D4376 Count: 11
Case D4377 Count: 7
Case D4378 Count: 10
Case D4379 Count: 8
Case D4380 Count: 5
Case D4381 Count: 8
Case D4382 Count: 1
Case D4383 Count: 4
Case D4384 Count: 10
Case D4385 Count: 8
Case D4386 Count: 7
Case D4387 Count: 8
Case D4388 Count: 8
Case D4389 Count: 10
Case D4390 Count: 8
Case D4391 Count: 8
Case D4392 Count: 10
Case D4393 Count: 6
Case D4394 Count: 8
Case D4395 Count: 14
Case D4396 Count: 6
Case D4397 Count: 4
Case D4398 Count: 9
Case D4399 Count: 5
Case D4400 Count: 5
Case D4401 Count: 2
Case D4402 Count: 5
Case D4403 Count: 7
Case D4404 Count: 3
Case D4405 Count: 8
Case D4406 Count: 5
Case D4407 Count: 8
Case D4408 Count: 6
Case D4409 Count: 9
Case D4410 Count: 6
Case D4411 Count: 7
Case D4412 Count: 5
Case D4413 Count: 6
Case D4414 Count: 7
Case D4415 Count: 7
Case D4416 Count: 7
Case D4417 Count: 10
Case D4418 Count: 12
Case D4419 Count: 10
Case D4420 Count: 8
Case D4421 Count: 10
Case D4422 Count: 5
Case D4424 Count: 6
Case D4425 Count: 9
Case D4426 Count: 5
Case D4427 Count: 11
Case D4428 Count: 5
Case D4429 Count: 7
Case D4430 Count: 11
Case D4431 Count: 7
Case D4432 Count: 3
Case D4433 Count: 4
Case D4434 Count: 8
Case D4435 Count: 5
Case D4436 Count: 10
Case D4437 Count: 9
Case D4438 Count: 5
Case D4439 Count: 4
Case D4440 Count: 6
Case D4441 Count: 9
Case D4442 Count: 6
Case D4443 Count: 5
Case D4444 Count: 9
Case D4445 Count: 4
Case D4446 Count: 9
Case D4447 Count: 4
Case D4448 Count: 5
Case D4449 Count: 12
Case D4450 Count: 5
Case D4451 Count: 7
Case D4452 Count: 8
Case D4453 Count: 2
Case D4454 Count: 10
Case D4455 Count: 8
Case D4456 Count: 7
Case D4457 Count: 10
Case D4458 Count: 3
Case D4459 Count: 8
Case D4460 Count: 5
Case D4461 Count: 10
Case D4462 Count: 6
Case D4463 Count: 14
Case D4464 Count: 6
Case D4465 Count: 7
Case D4466 Count: 5
Case D4467 Count: 7
Case D4468 Count: 13
Case D4469 Count: 9
Case D4470 Count: 9
Case D4471 Count: 3
Case D4472 Count: 9
Case D4473 Count: 8
Case D4474 Count: 9
Case D4475 Count: 5
Case D4476 Count: 10
Case D4477 Count: 4
Case D4478 Count: 8
Case D4479 Count: 4
Case D4480 Count: 5
Case D4481 Count: 5
Case D4482 Count: 13
Case D4483 Count: 4
Case D4484 Count: 6
Case D4485 Count: 8
Case D4486 Count: 8
Case D4487 Count: 2
Case D4488 Count: 4
Case D4489 Count: 11
Case D4490 Count: 11
Case D4491 Count: 12
Case D4492 Count: 5
Case D4493 Count: 12
Case D4494 Count: 4
Case D4495 Count: 8
Case D4496 Count: 7
Case D4497 Count: 8
Case D4498 Count: 8
Case D4499 Count: 4
Case D4500 Count: 10
Case D4501 Count: 8
Case D4502 Count: 5
Case D4503 Count: 8
Case D4504 Count: 10
Case D4505 Count: 4
Case D4506 Count: 8
Case D4507 Count: 7
Case D4508 Count: 2
Case D4509 Count: 6
Case D4510 Count: 11
Case D4511 Count: 6
Case D4512 Count: 7
Case D4513 Count: 7
Case D4514 Count: 11
Case D4515 Count: 5
Case D4516 Count: 9
Case D4517 Count: 4
Case D4518 Count: 12
Case D4519 Count: 7
Case D4520 Count: 5
Case D4521 Count: 12
Case D4522 Count: 4
Case D4523 Count: 6
Case D4524 Count: 11
Case D4525 Count: 6
Case D4526 Count: 6
Case D4527 Count: 4
Case D4528 Count: 3
Case D4529 Count: 10
Case D4530 Count: 8
Case D4531 Count: 6
Case D4532 Count: 4
Case D4533 Count: 5
Case D4534 Count: 5
Case D4535 Count: 4
Case D4536 Count: 6
Case D4537 Count: 4
Case D4538 Count: 4
Case D4539 Count: 4
Case D4540 Count: 7
Case D4541 Count: 9
Case D4542 Count: 6
Case D4543 Count: 8
Case D4544 Count: 12
Case D4545 Count: 9
Case D4546 Count: 4
Case D4547 Count: 3
Case D4548 Count: 5
Case D4549 Count: 7
Case D4550 Count: 2
Case D4551 Count: 7
Case D4552 Count: 8
Case D4553 Count: 6
Case D4554 Count: 7
Case D4555 Count: 4
Case D4556 Count: 6
Case D4557 Count: 7
Case D4558 Count: 8
Case D4559 Count: 9
Case D4560 Count: 7
Case D4561 Count: 4
Case D4562 Count: 4
Case D4563 Count: 8
Case D4564 Count: 4
Case D4565 Count: 2
Case D4566 Count: 8
Case D4567 Count: 7
Case D4568 Count: 6
Case D4569 Count: 6
Case D4570 Count: 7
Case D4571 Count: 9
Case D4572 Count: 6
Case D4573 Count: 9
Case D4574 Count: 9
Case D4575 Count: 9
Case D4576 Count: 8
Case D4577 Count: 8
Case D4578 Count: 10
Case D4579 Count: 5
Case D4580 Count: 6
Case D4581 Count: 3
Case D4582 Count: 9
Case D4583 Count: 5
Case D4584 Count: 14
Case D4585 Count: 8
Case D4586 Count: 6
Case D4587 Count: 3
Case D4588 Count: 7
Case D4589 Count: 6
Case D4591 Count: 3
Case D4592 Count: 4
Case D4593 Count: 11
Case D4594 Count: 8
Case D4595 Count: 3
Case D4596 Count: 5
Case D4597 Count: 4
Case D4598 Count: 7
Case D4599 Count: 7
Case D4600 Count: 6
Case D4601 Count: 4
Case D4602 Count: 6
Case D4603 Count: 9
Case D4604 Count: 8
Case D4605 Count: 9
Case D4606 Count: 5
Case D4607 Count: 7
Case D4608 Count: 2
Case D4609 Count: 6
Case D4610 Count: 10
Case D4611 Count: 5
Case D4612 Count: 7
Case D4613 Count: 9
Case D4614 Count: 6
Case D4615 Count: 9
Case D4616 Count: 8
Case D4617 Count: 7
Case D4618 Count: 12
Case D4619 Count: 7
Case D4620 Count: 9
Case D4621 Count: 8
Case D4622 Count: 2
Case D4623 Count: 8
Case D4624 Count: 4
Case D4625 Count: 3
Case D4626 Count: 13
Case D4627 Count: 8
Case D4628 Count: 3
Case D4629 Count: 10
Case D4630 Count: 6
Case D4631 Count: 12
Case D4632 Count: 6
Case D4633 Count: 5
Case D4634 Count: 5
Case D4635 Count: 10
Case D4636 Count: 7
Case D4637 Count: 10
Case D4638 Count: 5
Case D4639 Count: 6
Case D4640 Count: 7
Case D4641 Count: 8
Case D4642 Count: 6
Case D4643 Count: 5
Case D4644 Count: 10
Case D4645 Count: 8
Case D4646 Count: 7
Case D4647 Count: 5
Case D4648 Count: 3
Case D4649 Count: 3
Case D4650 Count: 6
Case D4651 Count: 5
Case D4652 Count: 3
Case D4653 Count: 9
Case D4654 Count: 9
Case D4655 Count: 3
Case D4656 Count: 5
Case D4657 Count: 8
Case D4658 Count: 9
Case D4659 Count: 9
Case D4660 Count: 8
Case D4661 Count: 9
Case D4662 Count: 6
Case D4663 Count: 7
Case D4664 Count: 7
Case D4665 Count: 11
Case D4666 Count: 6
Case D4667 Count: 6
Case D4668 Count: 5
Case D4669 Count: 7
Case D4670 Count: 3
Case D4671 Count: 8
Case D4672 Count: 10
Case D4673 Count: 5
Case D4674 Count: 5
Case D4675 Count: 6
Case D4676 Count: 8
Case D4677 Count: 7
Case D4678 Count: 5
Case D4679 Count: 6
Case D4680 Count: 9
Case D4681 Count: 9
Case D4682 Count: 10
Case D4683 Count: 8
Case D4684 Count: 9
Case D4685 Count: 6
Case D4686 Count: 7
Case D4687 Count: 6
Case D4688 Count: 10
Case D4689 Count: 4
Case D4690 Count: 16
Case D4691 Count: 7
Case D4692 Count: 3
Case D4693 Count: 5
Case D4694 Count: 7
Case D4695 Count: 6
Case D4696 Count: 4
Case D4697 Count: 7
Case D4698 Count: 9
Case D4699 Count: 5
Case D4700 Count: 8
Case D4701 Count: 8
Case D4702 Count: 8
Case D4703 Count: 12
Case D4704 Count: 4
Case D4705 Count: 5
Case D4706 Count: 7
Case D4707 Count: 8
Case D4708 Count: 7
Case D4709 Count: 7
Case D4710 Count: 5
Case D4711 Count: 13
Case D4712 Count: 5
Case D4713 Count: 6
Case D4714 Count: 4
Case D4715 Count: 4
Case D4716 Count: 4
Case D4717 Count: 9
Case D4718 Count: 8
Case D4719 Count: 5
Case D4720 Count: 4
Case D4721 Count: 6
Case D4722 Count: 1
Case D4723 Count: 6
Case D4724 Count: 7
Case D4725 Count: 7
Case D4726 Count: 10
Case D4727 Count: 8
Case D4728 Count: 5
Case D4729 Count: 6
Case D4730 Count: 7
Case D4731 Count: 2
Case D4732 Count: 5
Case D4733 Count: 9
Case D4734 Count: 9
Case D4735 Count: 12
Case D4736 Count: 5
Case D4737 Count: 9
Case D4738 Count: 10
Case D4739 Count: 6
Case D4740 Count: 8
Case D4741 Count: 5
Case D4742 Count: 5
Case D4743 Count: 11
Case D4744 Count: 10
Case D4745 Count: 7
Case D4746 Count: 6
Case D4747 Count: 9
Case D4748 Count: 7
Case D4749 Count: 7
Case D4750 Count: 9
Case D4751 Count: 9
Case D4752 Count: 6
Case D4753 Count: 6
Case D4754 Count: 5
Case D4755 Count: 4
Case D4756 Count: 5
Case D4757 Count: 9
Case D4758 Count: 6
Case D4759 Count: 8
Case D4760 Count: 5
Case D4761 Count: 9
Case D4762 Count: 5
Case D4763 Count: 6
Case D4764 Count: 8
Case D4765 Count: 5
Case D4766 Count: 8
Case D4767 Count: 4
Case D4768 Count: 11
Case D4769 Count: 6
Case D4770 Count: 8
Case D4771 Count: 13
Case D4772 Count: 3
Case D4773 Count: 9
Case D4774 Count: 6
Case D4775 Count: 4
Case D4776 Count: 7
Case D4777 Count: 4
Case D4778 Count: 6
Case D4779 Count: 4
Case D4780 Count: 10
Case D4781 Count: 5
Case D4782 Count: 4
Case D4783 Count: 8
Case D4784 Count: 5
Case D4785 Count: 6
Case D4786 Count: 8
Case D4787 Count: 8
Case D4788 Count: 5
Case D4789 Count: 6
Case D4790 Count: 6
Case D4791 Count: 4
Case D4792 Count: 9
Case D4793 Count: 3
Case D4794 Count: 14
Case D4795 Count: 1
Case D4796 Count: 7
Case D4797 Count: 5
Case D4798 Count: 6
Case D4799 Count: 5
Case D4800 Count: 3
Case D4801 Count: 5
Case D4802 Count: 5
Case D4803 Count: 6
Case D4804 Count: 5
Case D4805 Count: 7
Case D4806 Count: 6
Case D4807 Count: 2
Case D4808 Count: 8
Case D4809 Count: 9
Case D4810 Count: 8
Case D4811 Count: 6
Case D4812 Count: 3
Case D4813 Count: 11
Case D4814 Count: 6
Case D4815 Count: 6
Case D4816 Count: 9
Case D4817 Count: 7
Case D4818 Count: 7
Case D4819 Count: 7
Case D4820 Count: 7
Case D4821 Count: 7
Case D4822 Count: 5
Case D4823 Count: 6
Case D4824 Count: 5
Case D4825 Count: 5
Case D4826 Count: 7
Case D4827 Count: 7
Case D4828 Count: 8
Case D4829 Count: 5
Case D4830 Count: 9
Case D4831 Count: 10
Case D4832 Count: 8
Case D4833 Count: 7
Case D4834 Count: 10
Case D4835 Count: 8
Case D4836 Count: 9
Case D4837 Count: 7
Case D4838 Count: 6
Case D4839 Count: 7
Case D4840 Count: 4
Case D4841 Count: 9
Case D4842 Count: 6
Case D4843 Count: 6
Case D4844 Count: 5
Case D4845 Count: 3
Case D4846 Count: 7
Case D4847 Count: 10
Case D4848 Count: 8
Case D4849 Count: 8
Case D4850 Count: 3
Case D4851 Count: 7
Case D4852 Count: 4
Case D4853 Count: 7
Case D4854 Count: 4
Case D4855 Count: 10
Case D4856 Count: 5
Case D4857 Count: 10
Case D4858 Count: 5
Case D4859 Count: 5
Case D4860 Count: 8
Case D4861 Count: 9
Case D4862 Count: 6
Case D4863 Count: 9
Case D4864 Count: 15
Case D4865 Count: 5
Case D4866 Count: 10
Case D4867 Count: 5
Case D4868 Count: 8
Case D4869 Count: 6
Case D4870 Count: 9
Case D4871 Count: 5
Case D4872 Count: 8
Case D4873 Count: 7
Case D4874 Count: 7
Case D4875 Count: 9
Case D4876 Count: 5
Case D4877 Count: 11
Case D4878 Count: 6
Case D4879 Count: 9
Case D4880 Count: 3
Case D4881 Count: 8
Case D4882 Count: 4
Case D4883 Count: 4
Case D4884 Count: 8
Case D4885 Count: 9
Case D4886 Count: 4
Case D4887 Count: 3
Case D4888 Count: 10
Case D4889 Count: 10
Case D4890 Count: 2
Case D4891 Count: 6
Case D4892 Count: 5
Case D4893 Count: 7
Case D4894 Count: 8
Case D4895 Count: 12
Case D4896 Count: 5
Case D4897 Count: 4
Case D4898 Count: 9
Case D4899 Count: 8
Case D4900 Count: 8
Case D4901 Count: 15
Case D4902 Count: 12
Case D4903 Count: 6
Case D4904 Count: 10
Case D4905 Count: 5
Case D4906 Count: 6
Case D4907 Count: 4
Case D4908 Count: 8
Case D4909 Count: 6
Case D4910 Count: 6
Case D4911 Count: 10
Case D4912 Count: 6
Case D4913 Count: 7
Case D4914 Count: 9
Case D4915 Count: 11
Case D4916 Count: 6
Case D4917 Count: 7
Case D4918 Count: 11
Case D4919 Count: 9
Case D4920 Count: 4
Case D4921 Count: 10
Case D4922 Count: 9
Case D4923 Count: 5
Case D4924 Count: 7
Case D4925 Count: 9
Case D4926 Count: 6
Case D4927 Count: 6
Case D4928 Count: 10
Case D4929 Count: 1
Case D4930 Count: 4
Case D4931 Count: 7
Case D4932 Count: 2
Case D4933 Count: 7
Case D4934 Count: 5
Case D4935 Count: 9
Case D4936 Count: 8
Case D4937 Count: 4
Case D4938 Count: 11
Case D4939 Count: 4
Case D4940 Count: 5
Case D4941 Count: 8
Case D4942 Count: 8
Case D4943 Count: 8
Case D4944 Count: 9
Case D4945 Count: 4
Case D4946 Count: 7
Case D4947 Count: 15
Case D4948 Count: 3
Case D4949 Count: 7
Case D4950 Count: 7
Case D4951 Count: 7
Case D4952 Count: 5
Case D4953 Count: 5
Case D4954 Count: 7
Case D4955 Count: 10
Case D4956 Count: 4
Case D4957 Count: 6
Case D4958 Count: 11
Case D4959 Count: 4
Case D4960 Count: 5
Case D4961 Count: 4
Case D4962 Count: 10
Case D4963 Count: 6
Case D4964 Count: 5
Case D4965 Count: 5
Case D4966 Count: 6
Case D4967 Count: 4
Case D4968 Count: 13
Case D4969 Count: 13
Case D4970 Count: 7
Case D4971 Count: 3
Case D4972 Count: 9
Case D4973 Count: 6
Case D4974 Count: 9
Case D4975 Count: 4
Case D4976 Count: 12
Case D4977 Count: 5
Case D4978 Count: 6
Case D4979 Count: 7
Case D4980 Count: 9
Case D4981 Count: 5
Case D4982 Count: 8
Spent time: 4542.334 sec.
