Elliptic curve parameters:
name = secp256k1
mode = test
p = 1241690119
a = 1
b = 35
g = (311072572, 523565415)
n = 1241630743

--------------------------------------------------------------------------------------------------------------------------------------------------------------------------------------
case         s           s_zk        s_rxk       s_zr        z           r           x           k^{-1}      a           m1          m2          f                        x_recovered 
--------------------------------------------------------------------------------------------------------------------------------------------------------------------------------------
D1           725285742   462884861   262400881   1102729612  454973969   698916548   1007517708  794737647   347841872   -           -           1.330733584023489846     -           
D9           942676817   973040468   1211267092  1222040560  366587652   1061687382  1007517708  1004459675  104585588   -           -           9.303772026409604352     -           
D1           640903187   301293745   339609442   985230881   384056819   344089069   1007517708  163791727   296575493   -           -           1.015909109523085240     -           
D2           716898253   701585005   15313248    1132564754  1054936335  532988129   1007517708  946565713   301231752   -           -           2.329053960420480507     -           
D9           894182053   908185089   1227627707  1159817069  689033006   693058257   1007517708  713969791   97277005    -           -           9.336071654344210124     -           
D107         132612274   699635457   674607560   195651631   313210257   292986131   1007517708  128584292   6533560     -           -           107.0833446084523598     -           
D67          157970412   971706190   427894965   301458813   701651664   792220926   1007517708  700473339   14482011    -           -           67.09746250020111157     -           
D4           765124779   778699840   1228055682  1057642367  403793174   625865914   1007517708  1117284170  180089603   -           -           4.323957780061295376     -           
D29          288011270   529872734   999769279   321756067   890589676   897354394   1007517708  655416400   18052894    -           -           29.35112420202544810     -           
D3           720091595   764895331   1196827007  961963434   360637467   1159117131  1007517708  91748238    236347917   -           -           3.236310862007723977     -           
D5           699881154   389684480   310196674   779052331   350876108   50407836    1007517708  111975246   66511738    -           -           5.858882833583449586     -           
D10          886966671   678976332   207990339   1160356011  55765773    1188118768  1007517708  784137103   66798651    -           -           10.16452161586317065     -           
D22          674870832   615188183   59682649    804271273   277122726   245209344   1007517708  714516048   27868627    -           -           22.07457809098381488     -           
D0           724193950   84003270    640190680   1043520309  796496932   532081222   1007517708  752602638   85541232    -           -           0.982020810736043642     -           
D324         955846693   1215251671  982225765   970057208   1049509184  640799814   1007517708  709924510   3742188     -           -           324.7436181720426659     -           
D18          731661518   897511005   1075781256  868436408   419840489   691068153   1007517708  63060711    47787068    -           -           18.78146206835707099     -           
D21          394486675   879494698   756622720   748073222   14933632    366045039   1007517708  630305235   40900128    -           -           21.50347055148580464     -           
D10          327679823   557751204   1011559362  602043975   1086629895  744374037   1007517708  714893519   53315671    -           -           10.46129953048888759     -           
D2           1017715671  390571456   627144215   1228061214  48906369    395886682   1007517708  1146110193  176333499   -           -           2.214958917136896376     -           
D30          1077652978  1071096053  6556925     1147154228  309751542   1001841445  1007517708  445832069   35134228    -           -           30.48582860565486169     -           
D0           287376884   123358158   164018726   446161507   194680363   368446076   1007517708  218868326   128592261   -           -           0.959296905122463007     -           
D7           797853426   633006102   164847324   1037126761  1063964084  1102525770  1007517708  322487482   80033421    -           -           7.909272077723629982     -           
D41          445822309   626744540   1060708512  488901462   357660354   226818344   1007517708  710549406   15030779    -           -           41.69740902983138798     -           
D11          303349861   688316360   856664244   546445453   691453452   100727165   1007517708  1138744683  60254269    -           -           11.42352851380538696     -           
D7           610341143   1094859814  757112072   845938799   493914860   919660735   1007517708  224287480   139145831   -           -           7.868434189738677833     -           
D445         438079753   1220160794  459549702   873422700   567944140   149791294   1007517708  722498563   2736806     -           -           445.8338640005904693     -           
D2           703142718   224581246   478561472   1003360089  1240987994  425169011   1007517708  764026316   102707976   -           -           2.186599860560001688     -           
D7           618296735   1065609499  794317979   1092635015  678347992   528146763   1007517708  709085612   143958455   -           -           7.402201551829658077     -           
D3668        1079753454  977257881   102495573   1081077978  281954282   478233136   1007517708  283478334   266394      -           -           3668.468062343746480     -           
D7           255231013   917098633   579763123   387196426   1039351528  416550787   1007517708  591399834   123265600   -           -           7.440020841175477992     -           
D21          824264697   570428575   253836122   957285721   547766774   1211338174  67272717    1009958557  26138553    -           -           21.82326523583765329     -           
D1           482217392   219814612   262402780   847932042   345836396   417438404   67272717    161755914   116502742   -           -           1.886776295788814996     -           
D66          980364575   1238602812  983392506   1033801652  816983840   810543762   67272717    691073300   18497189    -           -           66.96167790684303436     -           
D1           775630121   253413981   522216140   1081838005  426316275   751885502   67272717    1036949360  163214353   -           -           1.552645195364650313     -           
D7           612908935   977882886   876656792   1087644117  822086366   391216663   67272717    72820298    138173753   -           -           7.077197114273938842     -           
D11          642627417   87591510    555035907   706126840   1000034472  1218311676  67272717    835691149   7633187     -           -           11.47509028666532078     -           
D7           460176034   971991685   729815092   789601721   653835753   739100405   67272717    731605665   130750347   -           -           7.433951093070521640     -           
D6           471877461   1065331302  648176902   776221887   900111048   1188651918  67272717    758594809   167533035   -           -           6.358932744219669869     -           
D31          608563464   1147975691  702218516   690313715   767788841   204823281   67272717    754619060   36311707    -           -           31.61447879605329487     -           
D2           553195186   629884038   1164941891  838959368   353036630   183425840   67272717    1217440604  267431004   -           -           2.355314187879278200     -           
D24          517922038   1025558346  733994435   993419661   379006908   112810632   67272717    392182079   42424415    -           -           24.17377696310013938     -           
D2           529528035   350785600   178742435   934435780   1190684472  464729105   67272717    986621961   124620290   -           -           2.814835369104019899     -           
D4           608832452   756691395   1093771800  1029718474  336063865   510525020   67272717    878420965   187946430   -           -           4.026101453483314367     -           
D22          907540311   389354647   518185664   952049992   1137799973  964154856   67272717    666523423   17346691    -           -           22.44547083936642440     -           
D4           677533514   366112786   311420728   979307253   338855434   853993736   67272717    10966717    73986036    -           -           4.948403858263199828     -           
D4           846290622   909005842   1178915523  1157895187  4030228     760327933   67272717    831275814   223081492   -           -           4.074770317566282011     -           
D10          756514994   617290248   139224746   819830546   492856447   720622034   67272717    43498404    60043922    -           -           10.28064502515342019     -           
D73          529714593   1206007007  565338329   572488417   630343991   1030485859  67272717    542716718   16428705    -           -           73.40852532198977338     -           
D0           702912810   67862741    635050069   908217388   600773458   976529774   67272717    1051807985  86999076    -           -           0.780039790307657980     -           
D0           875276938   35771386    839505552   993039749   393163711   735718320   67272717    709530603   50937261    -           -           0.702263633688509478     -           
D3           754287631   241117786   513169845   1095631959  578909758   705745667   67272717    75743694    71598975    -           -           3.367615053148456385     -           
D12          337013905   596256845   982387803   627257429   511757539   470236061   67272717    914430768   46770381    -           -           12.74859926841305825     -           
D118         871967463   938640316   1174957890  1044770403  584041680   1084108086  67272717    472525385   7952763     -           -           118.0269443462605386     -           
D31          243750686   610962723   874418706   264127706   991561674   781389272   67272717    756614452   19603466    -           -           31.16605619638894469     -           
D9           339793775   563655956   1017768562  481405824   170404202   257758812   521076752   407431580   56569677    -           -           9.963923888057554226     -           
D11          451898984   698005884   995523843   549225167   740755594   58970197    521076752   861403204   62594252    -           -           11.15127766044716054     -           
D6           235639368   476430998   1000839113  317433762   671792615   582421832   521076752   319597870   72050580    -           -           6.612451946951710867     -           
D21          181851834   1147574538  275908039   309300832   96478054    1061789775  521076752   1038660161  54402836    -           -           21.09402050290172372     -           
D3           726061394   970490424   997201713   1181186627  151647566   273926085   521076752   589542017   270936161   -           -           3.581989279016912031     -           
D10          863764183   1133754794  971640132   990026329   924285012   314000417   521076752   1057314266  106191307   -           -           10.67653112132803865     -           
D12          612427481   1160999765  693058459   873675602   183847440   319212525   521076752   1051304003  89931239    -           -           12.90986066588051789     -           
D5           644415159   664422241   1221623661  1177446605  390009238   914791869   521076752   990082789   111383713   -           -           5.965165131458672059     -           
D44          1059246821  890934841   168311980   1128519165  79041843    236622470   521076752   736116119   20161661    -           -           44.18955566210541879     -           
D12          134175125   518495977   857309891   181106949   715671425   742261916   521076752   629147310   40311477    -           -           12.86224211035482525     -           
D1           792626242   75641936    716984306   853789103   580895168   83438741    521076752   1227296293  58671910    -           -           1.289235956354582627     -           
D23          640517530   739013819   1143134454  742075165   309115709   164944437   521076752   725856176   31171720    -           -           23.70782937226434729     -           
D4           1069049317  244346119   824703198   1171057420  870613676   1078087121  521076752   808768446   48968287    -           -           4.989884963711309729     -           
D25          1059765380  434840227   624925153   1190077923  630930623   430060915   521076752   75854553    17265036    -           -           25.18617551680749463     -           
D26          490617678   407214934   83402744    649078092   355556000   256885090   521076752   912554604   15236436    -           -           26.72639021356437949     -           
D4           422300908   527591496   1136340155  714860964   822640051   92367785    521076752   346372958   129740852   -           -           4.066502476798903710     -           
D1           742226623   552189884   190036739   1140168279  275476764   1173767046  521076752   1206338198  344284967   -           -           1.603874513638000348     -           
D21          484276627   683000418   1042906952  540876487   897836198   661499634   521076752   702351999   31477747    -           -           21.69788130008161003     -           
D12          1052222473  406035606   646186867   1125017746  43740105    771068551   521076752   334474005   33088651    -           -           12.27114414546546488     -           
D9           946346157   843257222   103088935   1117733722  971940657   204022573   521076752   1132917907  89408332    -           -           9.431528394915140571     -           
D13          408578284   835410770   814798257   582160737   15430755    535878383   521076752   649990510   61413378    -           -           13.60307472420748456     -           
D41          204197113   985630157   460197699   264318352   381452892   1013141158  635928594   985058016   23833396    -           -           41.35500274488788756     -           
D58          281372186   486364593   1036638336  417935649   737471570   403806742   635928594   633442720   8245260     -           -           58.98717481316538229     -           
D32          726369169   873342905   1094657007  866282988   599353411   708712834   635928594   1016433171  26800074    -           -           32.58733184841206035     -           
D88          972054037   1228884588  984800192   1025287227  714911136   321043889   635928594   191712576   13856617    -           -           88.68575843584332308     -           
D6           1001112665  771157210   229955455   1221376018  1116105858  873459318   635928594   455536753   120059253   -           -           6.423138498121423427     -           
D75          111719031   183104896   1170244878  139042104   897765129   685921144   635928594   135151325   2426739     -           -           75.45306520396301374     -           
D8           555758464   1121333066  676056141   983508704   511345770   609824846   635928594   463889391   128008224   -           -           8.759851757649571015     -           
D9           339045055   732982348   847693450   469986694   771757895   26424596    635928594   873580388   77161777    -           -           9.499293257593069687     -           
D71          1079983871  639226308   440757563   1107446508  112658081   131015820   635928594   690646024   8941028     -           -           71.49360319641097198     -           
D17          789869384   873445976   1158054151  913261911   902877815   966859880   635928594   1120987309  49514222    -           -           17.64030496126951161     -           
D22          363553382   28036368    335517014   370389207   928350375   877840975   635928594   548482317   1254657     -           -           22.34584272833132880     -           
D0           795244509   4497921     790746588   1069478137  571278813   1012998400  635928594   731021321   246777253   -           -           0.018226643441889678     -           
D8           977139894   904236034   72903860    1150872804  1076714368  299575050   635928594   866487975   108475344   -           -           8.335866941339222671     -           
D8           282077601   999085093   524623251   440225051   1168213809  1006858983  635928594   942904001   123930151   -           -           8.061678977539533539     -           
D0           1019606624  60306370    959300254   1236144541  1078877174  586399789   635928594   753289496   153454956   -           -           0.392990696240530674     -           
D5           405875673   177865079   228010594   481049515   619846402   1221477138  635928594   1151442916  30006463    -           -           5.927558972878609518     -           
D6           868728308   982214486   1128144565  1230038644  837133376   75556611    635928594   43953748    146107636   -           -           6.722540401652929351     -           
D7           575238051   573344311   1893740     741485002   162394947   352194653   635928594   237712032   76497198    -           -           7.494971397514455366     -           
D10          1162579237  187150404   975428833   1180752067  890593899   792537001   635928594   472575417   17690947    -           -           10.57887992089965562     -           
D24          192366360   984309372   449687731   268743990   168082722   147319098   635928594   220982440   39611100    -           -           24.84933192968637578     -           
D1           565317860   193831400   371486460   1004451096  527515929   811127826   635928594   818806169   126184624   -           -           1.536093652741715979     -           
D4           353125254   405338501   1189417496  622946689   421547554   55791918    635928594   1034136637  83303819    -           -           4.865785336924349170     -           
D3           767486997   751388022   16098975    1030591115  1160045019  97809169    635928594   10882384    241278761   -           -           3.114190486082610478     -           
D56          846998713   960528415   1128101041  864659312   1036563115  654645065   635928594   1016198175  16950560    -           -           56.66647090125635967     -           
D13          874642000   612297818   262344182   1012691144  695351528   261801319   635928594   37425728    46347136    -           -           13.21112523544065376     -           
D5           840321392   543094416   297226976   945543585   383589380   41929004    635928594   703429212   103766041   -           -           5.233835759427306280     -           
D11          656259458   355486184   300773274   812355607   985554163   817006211   635928594   951789624   31874862    -           -           11.15255601734056134     -           
D1           610778004   255478022   355299982   974817914   665452185   361836604   635928594   298247329   246738094   -           -           1.035421883416186233     -           
D3           761875684   375879940   385995744   974474381   556757155   1038499361  635928594   1135381479  124079593   -           -           3.029345365438134536     -           
D21          482626379   714944906   1009312216  932039765   1139146727  236577921   354942997   1205029434  33212993    -           -           21.52606077988816003     -           
D5           683887452   685301195   1240217000  1231620730  533433641   783049812   354942997   539734251   136154174   -           -           5.033273493326763526     -           
D5           571833157   656850230   1156613670  793471988   510549550   839541167   354942997   357374597   128555495   -           -           5.109468327277647680     -           
D32          335364499   300226831   35137668    444039303   380217393   1024296654  354942997   1118823801  9340087     -           -           32.14390090798940095     -           
D4           963245931   441800847   521445084   1071007178  528332315   359556232   354942997   746814956   101155955   -           -           4.367521882424025357     -           
D6           786969140   1114754886  913844997   1087969077  405776301   41379161    354942997   326607099   184969266   -           -           6.026703301077055687     -           
D6           581965877   662227677   1161368943  740100820   1195696890  910243465   354942997   516628124   107561048   -           -           6.156761107422456501     -           
D13          906396014   844074684   62321330    1026608622  618949307   763181729   354942997   379670917   64907758    -           -           13.00421875610000271     -           
D47          670800536   1154440535  757990744   886379369   457697395   441291364   354942997   16967972    24064037    -           -           47.97368517177728741     -           
D8           672879873   681028392   1233482224  757185449   206548204   527008897   354942997   1184662922  82740841    -           -           8.230861371109341274     -           
D13          743863082   1125232871  860260954   908864586   1221850808  628168120   354942997   274789297   83857066    -           -           13.41846220806246667     -           
D21          323957776   1153740363  411848156   593862302   219348364   1018027757  354942997   1015075747  54053250    -           -           21.34451421514895034     -           
D7           753249668   1125410278  869470133   955537742   1039133836  893383583   354942997   1141396060  146385446   -           -           7.687992957988460136     -           
D2           734179106   504589146   229589960   1009688495  480372604   971665646   354942997   238126841   183160328   -           -           2.754904140595336780     -           
D11          594832648   1152120729  684342662   1089935360  222179948   625775608   354942997   286345722   99729936    -           -           11.55240618022656707     -           
D41          447351756   1216115883  472866616   507066303   895603503   640468841   354942997   6244624     29349927    -           -           41.43505648242327825     -           
D7           513984216   883401700   872213259   914081929   579631337   307192112   354942997   393685532   113886503   -           -           7.756860354207205747     -           
D1           721667460   503104412   218563048   1185375258  1092526454  234209007   354942997   1115763440  257959662   -           -           1.950322031356980146     -           
D15          440276258   1180380937  501526064   621856372   337984071   308161840   354942997   620774357   77116030    -           -           15.30655736556977842     -           
D5           495276969   922793641   814114071   836169962   849171693   299475990   354942997   797751380   154383976   -           -           5.977263087200189739     -           
D104         1105835165  939280006   166555159   1119376767  997927019   194416921   354942997   541840259   8965403     -           -           104.7671817987434586     -           
D9           653674790   491924378   161750412   773926664   969623790   1073106161  354942997   289701769   52415420    -           -           9.385108008292216298     -           
D39          724320957   891608944   1074342756  754832167   252572304   1054299852  354942997   1102204491  22563127    -           -           39.51619578261470584     -           
D4           807556029   759827861   47728168    1133230793  429212765   855888676   354942997   419961800   156206501   -           -           4.864252487161209763     -           
D49          784665872   1159796295  866500320   812861918   1197107462  114289665   354942997   550706486   23372630    -           -           49.62198498842449480     -           
D52          254648017   800293489   695985271   334427456   827917428   1094422544  354942997   777891746   15309700    -           -           52.27362319313899031     -           
D2           853807128   162973422   690833706   1115789849  921040718   959013730   354942997   391822032   67858965    -           -           2.401649096770043574     -           
D6           560160590   1082323562  719467771   959720633   130791323   1088546671  354942997   1057403102  160600547   -           -           6.739227121063292517     -           
D1           307436457   190696219   116740238   476506678   1089871501  744878323   354942997   192648635   138366236   -           -           1.378199078856203040     -           
D2           719141429   69435428    649706001   857199429   670316986   873879279   17465369    1222111817  28851429    -           -           2.406654727569993153     -           
D5           753997179   302233305   451763874   869739576   771998540   162326042   17465369    645681286   59542797    -           -           5.075900364573064983     -           
D3           667171413   642506024   24665389    1133613905  184066040   908558582   17465369    471221332   200728921   -           -           3.200864234207685498     -           
D79          538847686   812676667   967801762   671002913   506911997   890609179   17465369    959514672   10226778    -           -           79.46556256525760117     -           
D0           984660104   28157563    956502541   1063079668  1235197570  853615482   17465369    821216379   43625336    -           -           0.645440599013380664     -           
D4           504599684   393453940   111145744   915429651   413812964   851143878   17465369    907385938   93769717    -           -           4.195959554831545455     -           
D10          727278866   1123863282  845046327   883164084   515090945   259767440   17465369    943033613   103737994   -           -           10.83367085351582950     -           
D1           715273731   72493221    642780510   878399295   910241796   295471522   17465369    277245718   62771475    -           -           1.154875219994432184     -           
D2           1124650088  224461684   900188404   1218847521  758916888   549321096   17465369    311940000   88478325    -           -           2.536911543024802967     -           
D1           960233362   213038231   747195131   1225341681  716780476   1144339593  17465369    383855748   164908405   -           -           1.291857931680316718     -           
D4           935719579   144469209   791250370   1235604150  339399754   621439970   17465369    6415157     36065866    -           -           4.005704701503632271     -           
D5           667567153   1105261892  803936004   1137027337  426180346   37921769    17465369    506946638   198106969   -           -           5.579116663987726751     -           
D0           1073145654  6371918     1066773736  1137894588  785998612   274916180   17465369    440650774   37162710    -           -           0.171459993095229061     -           
D6           729139084   161463465   567675619   829459892   471082742   399568450   17465369    156594089   26893428    -           -           6.003826102049913458     -           
D7           594431996   625966870   1210095869  679369101   915214384   51438832    17465369    1064629542  84809366    -           -           7.380869584616397203     -           
D1           532040608   321071136   210969472   856894083   360839480   1079732857  17465369    312488973   207187133   -           -           1.549667353136258707     -           
D9           771401837   778630160   1234402420  1117873115  233102281   750275285   17465369    675108413   78459281    -           -           9.924003254630895738     -           
D6           697634167   1174012415  765252495   1210811016  1144905812  839157786   83001369    555131647   184457318   -           -           6.364683319314010626     -           
D25          863089097   782094585   80994512    1071297028  494667894   142086738   83001369    15570271    30257373    -           -           25.84806635394288856     -           
D9           609219065   714321801   1136528007  1141514702  1134053185  96975306    83001369    1220240374  76923428    -           -           9.286141031052334277     -           
D1           340382191   39132613    301249578   363241661   1126623702  963634264   83001369    615117083   20349611    -           -           1.923015285157047965     -           
D10          1008823422  363399838   645423584   1171343331  53726779    1186816287  83001369    849388424   33703968    -           -           10.78210844491663414     -           
D0           689704860   179925256   509779604   1039107665  213869728   375681179   83001369    1190141441  340302055   -           -           0.528722214151777602     -           
D39          737810334   923167850   1056273227  916369044   1169883806  55798313    83001369    659393694   23575494    -           -           39.15794298944488713     -           
D14          604434476   822198128   1023867091  714216533   662006266   899518444   83001369    804974569   55524191    -           -           14.80792629648579661     -           
D3           430634093   361772696   68861397    543344960   1074841824  986659265   83001369    633537946   92501492    -           -           3.910993089711461086     -           
D56          57991269    669013537   630608475   104136147   762958576   444370713   83001369    706285660   11846391    -           -           56.47403812688607019     -           
D56          613102879   1188873242  665860380   662430982   938209317   981981708   83001369    989197183   21165643    -           -           56.16995628245265215     -           
D11          842035726   643580573   198455153   1104666651  1160664512  549356397   83001369    123749414   54142951    -           -           11.88669182438910653     -           
D19          1119938226  301724992   818213234   1184888429  165002896   1063525972  83001369    253366246   15784775    -           -           19.11493778023443476     -           
D8           629057611   650456783   1220231571  1181675238  1035025946  926095159   83001369    985436858   76439984    -           -           8.509378848116975011     -           
D30          490350986   569401358   1162580371  961823123   13323645    1022495788  83001369    210035810   18878849    -           -           30.16080895609684679     -           
D3941        390781581   731169544   901242780   397081518   112536316   153592636   83001369    260615158   185487      -           -           3941.891043577177915     -           
D1           787203044   547339157   239863887   1186311369  65356655    723878286   83001369    1076951825  388094719   -           -           1.410323640605890336     -           
D20          558570970   972812208   827389505   660793625   1155774710  261558672   83001369    1229115496  47457695    -           -           20.49851363409031981     -           
D5           711888154   83683423    628204731   944034353   1179226943  552298445   83001369    73509633    15449557    -           -           5.416558092895479139     -           
D24          974725274   514063518   460661756   1133619795  1145756249  648313310   83001369    587500596   21358148    -           -           24.06873095925732886     -           
D3155        848108357   1056434777  1033304323  854836719   326808647   628847329   83001369    828259645   334745      -           -           3155.938929633004227     -           
D0           743373206   82669134    660704072   1030512536  29259199    43707525    83001369    1071850195  169094546   -           -           0.488892965240877727     -           
D2           577475045   595520827   1223584961  882292640   182013107   1213617919  83001369    991022511   272657450   -           -           2.184135540767362124     -           
D63          262258630   611149067   892740306   290326262   764531576   150475972   83001369    656041343   9649942     -           -           63.33189018130886175     -           
D3           685341729   127785801   557555928   1006997247  1122575260  136363627   83001369    697589310   42030693    -           -           3.040297265619674650     -           
D13          256023031   642269647   855384127   308232467   877580575   1067713887  83001369    334850643   47185287    -           -           13.61165074613194574     -           
D5           582911357   487050920   95860437    746743735   1049183452  592627511   83001369    769202051   91414223    -           -           5.327955585204722464     -           
D10          970887415   253282991   717604424   1076113633  967395110   729702542   83001369    274826206   23851453    -           -           10.61918496118454502     -           
D153         1127024611  960098106   166926505   1135451336  290415344   943375641   1228079132  549506859   6270186     -           -           153.1211523868669924     -           
D13          354386948   290225053   64161895    686867849   1217434891  569906991   1228079132  1164813724  21906047    -           -           13.24862733107438325     -           
D1           603623226   172139243   431483983   844288859   272463854   24336346    1228079132  1078093568  122291960   -           -           1.407608832175066946     -           
D0           576224580   129488891   446735689   769653076   479540269   1059156716  1228079132  455292233   189367588   -           -           0.683796484750072435     -           
D6           461573373   858345494   844858622   797000236   1024496822  637448948   1228079132  362758097   126146510   -           -           6.804353873920094975     -           
D2           679103960   609778470   69325490    1149346853  805741215   649716940   1228079132  329931807   208861067   -           -           2.919541103368968233     -           
D24          511786614   811893125   941524232   565036095   324286917   765574551   1228079132  1066268142  32541285    -           -           24.94963321208735303     -           
D3           787485666   199502280   587983386   932428533   216358130   1108202374  1228079132  305794615   62771331    -           -           3.178238804590586106     -           
D8           489906527   1197890915  533646355   843713833   1046224984  392905724   1228079132  687613909   136099221   -           -           8.801600084103346925     -           
D9           1009211972  812924566   196287406   1193947311  867497680   971447999   1228079132  545952178   85535277    -           -           9.503968356821946107     -           
D26          763355805   1098207972  906778576   843640149   1215471984  245547513   1228079132  889831972   40796709    -           -           26.91903339556139197     -           
D2           601841783   126965707   474876076   1149732861  984168331   1193398350  1228079132  1028049517  53950705    -           -           2.353365113579146000     -           
D12          406703784   572180604   1076153923  766584350   204824772   935297439   1228079132  821578387   46823218    -           -           12.22001879494912118     -           
D3           1042432207  458344381   584087826   1223707057  984274972   1015560951  1228079132  416530966   136057957   -           -           3.368743667082991698     -           
D19          1070089212  753751102   316338110   1108310086  1180705943  226023414   1228079132  399705805   38125614    -           -           19.77020231070901572     -           
D0           729726162   13474708    716251454   768758862   167741678   597438051   1228079132  241106734   27137562    -           -           0.496533476367552840     -           
D253         553631491   386857891   166773600   1105736960  457033169   102571922   1228079132  959616259   1526022     -           -           253.5074140477660217     -           
D15          122344280   208377264   1155597759  176866305   832544040   1144281461  1228079132  281687105   13300230    -           -           15.66719252223457789     -           
D23          610975058   390819266   220155792   1205518203  178995387   271473382   1228079132  893527585   16431913    -           -           23.78416110163192806     -           
D15          635390578   1110744542  766276779   775936502   21358813    653876739   1228079132  1166434249  73206882    -           -           15.17267928444213755     -           
D146         1200437340  293089031   907348309   1223049338  579828480   244591544   1228079132  1008779203  2001446     -           -           146.4386403630175383     -           
D1           1090236826  110337671   979899155   1159049322  118354806   797889756   1228079132  1197150203  58049386    -           -           1.900755177668890416     -           
D6           479553961   300250973   179302988   911436478   416728149   753009378   1228079132  1103573541  47671444    -           -           6.298340218097861688     -           
D9           590168115   595153413   1236645445  766749045   906463338   598042297   1228079132  228807310   60425325    -           -           9.849403590299266077     -           
D24          188702043   831360218   598972568   227372857   726902179   1073401933  1228079132  600680117   34018787    -           -           24.43826753728755819     -           
D1           902770442   164173627   738596815   1038873286  215829664   332817656   544210973   681858592   86153378    -           -           1.905597096842795879     -           
D46          795350619   378834923   416515696   807461511   1080117596  261899673   544210973   1102572406  8142639     -           -           46.52483341088804256     -           
D13          1098065090  214896724   883168366   1158159510  507892404   613930344   544210973   889696479   16365530    -           -           13.13105802256327781     -           
D13653       698269367   844389484   1095510626  748141333   947727469   527288072   544210973   127081199   61843       -           -           13653.76006985430849     -           
D39          303276210   163852993   139423217   452826291   866016210   480909344   544210973   469795302   4176048     -           -           39.23637683283333908     -           
D3           503527473   444239456   59288017    860850880   116915733   393186597   544210973   454723016   146204066   -           -           3.038489066371108995     -           
D0           549425270   9088370     540336900   660828940   348006014   1012423691  544210973   126487419   103810590   -           -           0.087547619178351649     -           
D17          243414377   1114929268  370115852   423818325   882912154   110424693   544210973   586696582   63010429    -           -           17.69436084937621992     -           
D0           696487852   159664701   536823151   1152026407  567039981   518496259   544210973   436614863   240949297   -           -           0.662648544685316097     -           
D23          192070412   652773866   780927289   225019672   987685851   304330769   544210973   982871537   27324112    -           -           23.89003038781278601     -           
D101         246713245   946779538   541564450   325847545   201930121   342586901   544210973   41047439    9310345     -           -           101.6911336797938207     -           
D14          465323760   861907876   845046627   668617481   786218996   744576680   544210973   601864973   58736318    -           -           14.67418975768961207     -           
D52          459105821   845711951   855024613   902049405   48841713    493760714   544210973   120718010   16162237    -           -           52.32641688152450678     -           
D0           540953984   104185154   436768830   751261855   211486410   348466983   544210973   151212996   120338242   -           -           0.865769287206306371     -           
D8           862171052   740859811   121311241   1121233693  1020921743  852013397   544210973   685520296   84983129    -           -           8.717728091654521216     -           
D0           869975421   35500290    834475131   1177908103  889328991   820470590   544210973   570848233   254110057   -           -           0.139704388008539150     -           
D5           479359384   579819107   1141171020  859468340   632020752   217085164   544210973   612426002   99250428    -           -           5.841980923245993458     -           
D4           453861364   857922373   837569734   732701657   855786649   2853083     544210973   398288623   175021071   -           -           4.901823352457944906     -           
D5           439134424   340524974   98609450    821280026   290831268   1070201091  544210973   772265520   56988822    -           -           5.975294137506474515     -           
D2           438816003   107022635   331793368   833371845   500898456   195686223   544210973   1013447398  44260161    -           -           2.418035374972992077     -           
D160         503546423   994442937   750734229   1000886047  747382304   13619905    544210973   1060892051  6206799     -           -           160.2183246146685272     -           
D15          1198745687  63844021    1134901666  1224162058  778245958   112612961   544210973   1100525941  4176250     -           -           15.28740401077521700     -           
D13          238741383   991823044   488549082   405482879   736387069   58055401    544210973   374757699   71999887    -           -           13.77534167518901800     -           
D1           702395200   466525160   235870040   1124931237  1071341582  595854647   544210973   410572814   279859163   -           -           1.666999768737248742     -           
D19          397806793   356869041   40937752    416776036   649504833   886094741   544210973   186347465   18421933    -           -           19.37196498326207135     -           
D3           543472988   631635067   1153468664  726382257   23999350    756202139   544210973   133273606   177654450   -           -           3.555413709028960434     -           
D734         967724278   552077054   415647224   1128886314  647735792   1147271551  544210973   992492614   752062      -           -           734.0844956931742329     -           
D17          430661905   1204363383  467929265   611401820   1211284610  531997838   544210973   572577927   69182075    -           -           17.40860451207917657     -           
D25          407418600   822246984   826802359   461007155   1005796557  960078517   544210973   1038992765  32298715    -           -           25.45757575804486339     -           
D21          293130818   767150214   767611347   357560258   914829481   485297449   544210973   312777238   35413058    -           -           21.66291919777162424     -           
D3047        625877206   412581351   213295855   730167510   170641557   579606261   211976223   1147451730  135382      -           -           3047.534760898790090     -           
D0           647368097   167281627   480086470   1106149759  1161660188  234669254   211976223   1163199162  188586435   -           -           0.887028947760744297     -           
D12          937269032   929922086   7346946     1044910483  1099973156  48711085    211976223   597008215   76137424    -           -           12.21373192242490368     -           
D11          723867161   825450395   1140047509  1050903543  21409654    823160659   211976223   224728918   69794397    -           -           11.82688626137138200     -           
D10          619981842   592513454   27468388    901142082   125222832   998864114   211976223   929564518   57661362    -           -           10.27574503009484930     -           
D49          811082907   990733306   1061980344  890207166   1134847269  265487263   211976223   613362390   19840317    -           -           49.93535667802081992     -           
D1           526104037   221710844   304393193   868176751   1062643411  1184661000  211976223   1022569573  184031323   -           -           1.204745150911076154     -           
D4           848278071   742570593   105707478   1186334687  1240864407  1068034267  211976223   639283258   172164839   -           -           4.313137324166405429     -           
D7           585491636   379629874   205861762   763871131   115431494   842907038   211976223   546735618   50353151    -           -           7.539346921903656039     -           
D3           270413167   441338175   1070705735  418982479   823015173   602604380   211976223   914734177   121843855   -           -           3.622161946533947075     -           
D85          619365109   369425024   249940085   630348406   1144159954  406243966   211976223   11082929    4300477     -           -           85.90326700968287936     -           
D13          493958855   1019467499  716122099   599036637   590128288   507375909   211976223   471859150   73647727    -           -           13.84248422222182091     -           
D6           345622773   1034662945  552590571   539613926   1220993705  57762621    211976223   319001477   151631620   -           -           6.823530243889763889     -           
D11          1069668744  1182261070  1129038417  1208000971  1140398907  30420150    211976223   638069777   101343155   -           -           11.66591932133946293     -           
D2           838794217   406678545   432115672   1055584997  821931832   128241808   211976223   1217999084  188421877   -           -           2.158340376791809583     -           
D284         312638509   575215784   979053468   416177978   1006078127  658184851   211976223   1223222234  2020102     -           -           284.7459108500461857     -           
D6           681511728   1113531601  809610870   1186681787  969154832   358852113   211976223   1098617356  176341669   -           -           6.314625506918617176     -           
D3           644250576   288759754   355490822   921948392   1075464794  59510938    211976223   656552114   88854944    -           -           3.249788261641355600     -           
D24          617182667   596604951   20577716    691327602   522365118   479644075   365723684   2519470     24023187    -           -           24.83454634890866062     -           
D24          296199993   607490542   930340194   568074472   755978903   1134066744  365723684   1211884368  24325514    -           -           24.97338975036663151     -           
D6           399468628   309972283   89496345    747430607   568751382   1186626230  365723684   829415567   51506649    -           -           6.018102303646272930     -           
D5           569681879   1062056762  749255860   957044107   928040079   185579514   365723684   541707396   182319651   -           -           5.825245694442449322     -           
D381         1182548131  445654861   736893270   1210676246  1241327731  732856942   365723684   620424626   1167301     -           -           381.7823003664007826     -           
D6           518161288   1131398861  628393170   695171085   851104576   846555292   365723684   992370736   164141694   -           -           6.892818231789419694     -           
D22          985457963   740563998   244893965   1033082836  1033305818  1042220728  365723684   713915348   32960503    -           -           22.46822501464859319     -           
D17          260109563   785091106   716649200   332040491   999093753   1117051700  365723684   260488759   44316779    -           -           17.71543699058092647     -           
D21          790056760   719567604   70489156    941365800   710889145   383484717   365723684   140718345   33511560    -           -           21.47222045168890973     -           
D3           356471511   471045040   1127057214  573554032   1016024207  1141627194  365723684   1132264205  139388990   -           -           3.379356145704190840     -           
D507         356437660   1131902544  466165859   360127339   1224573231  75808807    365723684   7189340     2228476     -           -           507.9267373756773687     -           
D4           407095996   380457451   26638545    732716559   227435315   729440592   365723684   83696902    81475433    -           -           4.669597165565232405     -           
D18          516019470   589720903   1167929310  758432357   700518095   593584736   365723684   1075671122  31193696    -           -           18.90513079950513078     -           
D5           456091962   980109531   717613174   729386088   514748054   842990709   365723684   170518523   182797836   -           -           5.361712985486327092     -           
D12          552515860   678910178   1115236425  1050477334  59495835    251758733   365723684   1059012882  54554386    -           -           12.44464886837879542     -           
D31          360400141   888873889   713156995   692744622   386007894   791176793   365723684   327500031   28055660    -           -           31.68251572053553543     -           
D57          517187462   1020795113  738023092   579609703   1084311713  328708380   365723684   1087455671  17809534    -           -           57.31733985852746062     -           
D2           443284221   25005327    418278894   479440037   709150734   691417643   365723684   485800509   9414429     -           -           2.656064111801151190     -           
D12          973231272   689189528   284041744   1043759291  390637063   367149576   365723684   190509730   56367025    -           -           12.22682105362133268     -           
D1           771459271   732513155   38946116    1167406488  631726066   772458701   365723684   338287687   375512054   -           -           1.950704770185619660     -           
D10          359995435   194232096   165763339   701298420   100879072   658526296   365723684   1027080099  18692450    -           -           10.39093837351444032     -           
D26          559904148   1120880398  680654493   732480490   528918282   1048527179  365723684   1199507344  42175122    -           -           26.57681459700341827     -           
D3           961462422   135280917   826181505   1019415105  916179449   261104679   365723684   412362105   34219494    -           -           3.953328970907635279     -           
D8           892959143   652921369   240037774   994507556   598692234   760068473   365723684   1092333893  80571839    -           -           8.103592732939855077     -           
D6           833946818   395317737   438629081   1091691012  370092997   719821047   365723684   1196743692  60714236    -           -           6.511120999694371514     -           
D347         1100210725  836938413   263272312   1106275933  490301488   459410160   365723684   426086968   2408077     -           -           347.5546724627161008     -           
D54          465789863   841968672   865451934   481874212   685772697   857541324   365723684   958818568   15428091    -           -           54.57374292127263185     -           
D965         999258258   1177236780  1063652221  1000820135  278294777   282075744   1121386537  719130045   1218855     -           -           965.8546586755602594     -           
D6           228047363   223547739   4499624     325264800   145996547   922434400   1121386537  1049444067  33612489    -           -           6.650734463609642237     -           
D10          842064886   927242005   1156453624  1218814055  848555499   235606081   1121386537  435743756   88566548    -           -           10.46943824659396231     -           
D3           464405002   360977893   103427109   582051409   82715516    821302765   1121386537  702771215   111465781   -           -           3.238463766741113131     -           
D891         738660794   719470015   19190779    765988697   1217569281  637756016   1121386537  989231551   807413      -           -           891.0805436622893116     -           
D3           489046859   387793274   101253585   863436766   964405124   341283703   1121386537  682249400   114656952   -           -           3.382204630731854794     -           
D1504        32424232    680872580   593182395   33814308    626580913   1017059148  1121386537  61816431    452484      -           -           1504.743990947746218     -           
D5           639864067   531798650   108065417   822968680   731848275   357106450   1121386537  1205320445  90550228    -           -           5.872968646749293662     -           
D1           622083824   333694908   288388916   840495780   685787688   581872180   1121386537  222273557   185259912   -           -           1.801225663974189947     -           
D3           980384509   746366873   234017636   1228081745  1076379039  570268275   1121386537  215571250   237292801   -           -           3.145341408819224987     -           
D133         468679140   1213737578  496572305   481445053   1048482211  111395821   1121386537  406615534   9106272     -           -           133.2858910869343678     -           
D3           787724069   534187281   253536788   1114083881  12356868    163153238   1121386537  136154342   135004445   -           -           3.956812540505610759     -           
D4           388695741   817442799   812883685   601930210   247063401   1194694126  1121386537  591819457   175461272   -           -           4.658821799718857617     -           
D69          473168079   418369652   54798427    525070822   597290411   741743776   1121386537  811929946   6043392     -           -           69.22762117698140382     -           
D13          519591848   126560286   393031562   1029918170  1110996087  617567127   1121386537  207937802   9265526     -           -           13.65926618737025831     -           
D3           1014187145  258720418   755466727   1170571750  92704543    252868290   1121386537  550842149   75879515    -           -           3.409621397817316043     -           
D30          190939519   849122095   583448167   354331989   1241201628  79708445    1121386537  400323858   27547049    -           -           30.82443041358077956     -           
D1608        796043855   734648212   61395643    811955595   417383186   667356918   1121386537  345016851   456855      -           -           1608.055536220463823     -           
D1           583907374   188051693   395855681   1030416992  465947822   238859238   1121386537  723576698   137397756   -           -           1.368666406749757980     -           
D1           816012680   128586586   687426094   1160985423  978228802   350347399   1121386537  539489126   126067194   -           -           1.019984517145673917     -           
D9           731836997   1111689924  861777816   1038047773  691280151   1110643062  1121386537  1148834398  119415445   -           -           9.309431656851423197     -           
D80          988811096   901084511   87726585    1018436805  227514754   443944120   1121386537  82478030    11162699    -           -           80.72281721472557846     -           
D32          824259686   503375373   320884313   1093892109  909088614   577575720   1121386537  867818917   15362417    -           -           32.76667812102743988     -           
D4           625836079   1159977103  707489719   1009855632  656385656   165672422   1121386537  1073083124  241816526   -           -           4.796930640712289448     -           
D1           493663327   140794739   352868588   868897162   1219814313  15586854    1121386537  155159971   118429492   -           -           1.188848627333468592     -           
D4           1062027961  262750651   799277310   1153030118  851276141   599481204   1121386537  335556865   61004234    -           -           4.307088766986239020     -           
D4           644338197   1011615560  874353380   1038876189  954466717   673537212   1183023146  747711204   249800205   -           -           4.049698678189635593     -           
D1           496340450   148345056   347995394   635295514   903364738   905544132   1183023146  434407475   79475258    -           -           1.866556457105178570     -           
D11          641568411   322901399   318667012   702860258   740120914   631952358   1183023146  1035392342  28649941    -           -           11.27057814883458224     -           
D4364        710892423   656464619   54427804    712617525   672621249   104584571   1183023146  576453949   150399      -           -           4364.820371146084747     -           
D2           969449819   101116037   868333782   1201111996  212674096   927843501   1183023146  209542909   42801111    -           -           2.362462904292367550     -           
D23          727635389   496409748   231225641   786532108   123287404   234732839   1183023146  164092520   20874761    -           -           23.78037995261358920     -           
D13          704673487   1037669994  908634236   914079081   549967314   156916220   1183023146  193598098   76456705    -           -           13.57199468640454751     -           
D15          793836505   923381602   1112085646  977860674   814686799   336385439   1183023146  333305651   57739829    -           -           15.99210835903237607     -           
D58          587472750   985420926   843682567   777691203   1157189430  159266198   1183023146  230949729   16817391    -           -           58.59535084841638040     -           
D0           479368043   151491100   327876943   760888678   284696462   730849949   1183023146  1204439485  197847408   -           -           0.765696662551171759     -           
D9           186159023   76040873    110118150   245450929   363072876   143994324   1183023146  185257093   8283305     -           -           9.180016068465425334     -           
D7           372748659   1176319096  438060306   587036649   788010053   685156330   1183023146  948131467   158460669   -           -           7.423413667400331371     -           
D28          591634630   317869266   273765364   736711197   2250749     360517207   1183023146  617610689   11328362    -           -           28.05959643591897928     -           
D41          545953440   783177616   1004406567  566231995   1061730474  706001190   1183023146  784137219   18711010    -           -           41.85651207497617712     -           
D1690        349418298   861500108   729548933   354474946   1051142325  1190330818  1183023146  1153320604  509586      -           -           1690.588257919173603     -           
D56552       758559754   646277499   112282255   759693608   125592857   540029165   1183023146  820300093   11428       -           -           56552.10876793839692     -           
D9           936511363   113849580   822661783   987843591   206638309   1028521251  1183023146  388517485   12531259    -           -           9.085246741767926111     -           
D8           817476149   987658507   1071448385  957734129   1110846119  636168120   1183023146  130489659   116186249   -           -           8.500648876271063712     -           
D7           169185519   477286615   933529647   271204069   331657380   1015513485  1183023146  178489537   67166969    -           -           7.105972207857109050     -           
D5           757299149   537759493   219539656   1090180653  1115652962  31567575    1183023146  43391004    91536141    -           -           5.874832466446231330     -           
D1510        147997918   1087554636  302074025   184817421   167736791   935606769   1183023146  1192504505  719906      -           -           1510.689778943362050     -           
D3           874374625   662537926   211836699   1223604017  984830239   862197710   1035305007  179050042   175915841   -           -           3.766220951073985429     -           
D0           635080506   115947787   519132719   1108214713  170068877   42184330    1035305007  16684534    161946299   -           -           0.715964413610958778     -           
D18          794589044   806650469   1229569318  1170469289  1153626321  155610870   1035305007  1156055762  42828554    -           -           18.83440820813142559     -           
D2           508305762   219241996   289063766   713872492   795516447   1189358109  1035305007  356239280   97172302    -           -           2.256219020107190627     -           
D4           685790019   536513588   149276431   801143568   805295092   1107837893  1035305007  151825202   109022274   -           -           4.921137381522605188     -           
D3           179706885   286511700   1134825928  274600247   868105901   417049647   1035305007  732401003   84813523    -           -           3.378136998270900738     -           
D3           560113180   327222204   232890976   1036693973  153342951   335899590   1035305007  899822323   83532387    -           -           3.917309390428409522     -           
D1           810889475   105284999   705604476   918481297   1171413959  7804883     1035305007  545020173   57746721    -           -           1.823220386833739010     -           
D8           554634232   706787269   1089477706  648071429   274968905   884166179   1035305007  1058323861  87448247    -           -           8.082349197920456884     -           
D12          639556302   590393697   49162605    758017139   1007171397  398249307   1035305007  88984822    47252117    -           -           12.49454488991466773     -           
D46          1003168277  980118346   23049931    1073309382  1110026716  270159715   1035305007  986199463   21192807    -           -           46.24768894464994656     -           
D78          250029034   1175982268  315677509   279418484   296968061   990182575   1035305007  940976874   14913434    -           -           78.85388891652988842     -           
D29          209536523   1232927021  218240245   376684203   884014652   333975155   1035305007  1059905699  42388843    -           -           29.08612110502756586     -           
D13          476383594   969727327   748287010   882472692   116840191   354186670   1035305007  1181192614  70294496    -           -           13.79520989808362805     -           
D13          605704839   1011964623  835370959   1137153328  602128359   1146286468  1035305007  811197059   74256350    -           -           13.62798768051486505     -           
D6           566145541   279190849   286954692   631676472   161842051   396233347   1035305007  1138059807  41898093    -           -           6.663569365794285673     -           
D3           847786993   256492936   591294057   1040966144  981997038   655261870   1035305007  490089891   75070389    -           -           3.416699172825653001     -           
D12          236780491   750135692   728275542   413068819   579526872   692023420   1035305007  1098837489  60492163    -           -           12.40054338939740012     -           
D1           623227783   283122906   340104877   832734531   206919619   796109258   1035305007  490413131   204214287   -           -           1.386401069970192634     -           
D20          287166360   1154844025  373953078   518485217   249679016   464432683   1035305007  271846803   55847503    -           -           20.67852568090644983     -           
D0           236069364   72758670    163310694   391950950   136688589   884664699   1035305007  104056153   80187778    -           -           0.907353611918265150     -           
D2           603762500   265666653   338095847   1085230076  468406126   651080732   1035305007  334389660   122294924   -           -           2.172344070470169309     -           
D77          557034454   675330743   1123334454  1105307091  844827347   71023725    1035305007  111871939   8761817     -           -           77.07656334296870158     -           
D4           950724238   502894347   447829891   1232555225  702764720   1119624515  1035305007  530688121   105231277   -           -           4.778943688006370957     -           
D27          365783785   837903566   769510962   700790585   340669169   764958658   1035305007  1023397404  30776985    -           -           27.22500485346436631     -           
D10          411423535   710162161   942892117   480245273   579828903   1125386419  1035305007  1038528147  67314845    -           -           10.54985955921015639     -           
D224         704468334   677539153   26929181    709339475   499007419   95487575    920911924   9003253     3024030     -           -           224.0517299762237808     -           
D10          423478318   902339076   762769985   764576262   892520041   958858054   920911924   497030645   82380374    -           -           10.95332580063304883     -           
D1           546946633   94221234    452725399   708417865   708760691   1147167504  920911924   1169439952  62532937    -           -           1.506745701069501981     -           
D8           616656832   991875222   866412353   742446498   564451034   634448449   920911924   249380731   113498168   -           -           8.739129798112688479     -           
D184         945422796   613410736   332012060   949348223   1137752212  141167502   920911924   1072383101  3320316     -           -           184.7446857467783186     -           
D2           655363271   281401072   373962199   794318445   871532340   940174905   920911924   208898389   99542575    -           -           2.826941858797604944     -           
D2           772586646   1060183169  954034220   1173414847  1169399962  644239163   920911924   254053952   371758445   -           -           2.851806551428845147     -           
D4           618986130   426233650   192752480   749862751   382709261   252681375   920911924   1009489648  95479646    -           -           4.464131025370580029     -           
D24          453439501   640901585   1054168659  496162458   1017380323  544150869   920911924   263175252   26209931    -           -           24.45262389282901965     -           
D62          904400453   1095422185  1050609011  1015247888  787171671   682152392   920911924   232650652   17620973    -           -           62.16581712031452519     -           
D15          968099118   1169265481  1040464380  1095720009  596085601   194283582   920911924   1235426978  74752881    -           -           15.64174471081589484     -           
D5           756946887   659198835   97748052    916944489   665564086   254140750   920911924   1136559850  116956479   -           -           5.636274626564296621     -           
D1           441363820   375871945   65491875    693708071   421694850   992108803   920911924   1034700266  189019569   -           -           1.988534557498647137     -           
D3           474171660   571419832   1144382571  803848486   26083037    902310039   920911924   130981145   144494834   -           -           3.954603885700162816     -           
D11          553364551   696030542   1098964752  676106164   1148333181  81081291    920911924   883481200   62398099    -           -           11.15467543330126130     -           
D4           700561861   310537141   390024720   908337478   314285720   835043403   920911924   783049140   77235010    -           -           4.020678459159906886     -           
D1           793021227   461570763   331450464   1240745288  450701156   335855304   920911924   1142313727  345297166   -           -           1.336734872014559192     -           
D67          48356044    801952936   488033851   66557900    463707486   82767001    920911924   1089331483  11952332    -           -           67.09593876743048971     -           
D2           578048241   693994720   1125684264  920360924   837770629   127012429   920911924   825687874   235735558   -           -           2.943954343960277727     -           
D77          273988279   239963931   34024348    328167019   849091481   156998745   920911924   296872428   3094579     -           -           77.54332043227851025     -           
D16          924755930   1065191187  1101195486  1096416749  224068333   650439434   920911924   1002629603  66451835    -           -           16.02952254064917846     -           
D4           640910790   1045865290  836676243   1040075237  602173611   391557279   920911924   167869185   241746343   -           -           4.326292083764841067     -           
D17          706486587   1180527234  767590096   834562406   807388273   999806550   920911924   386529704   66107492    -           -           17.85769204495006405     -           
D1           801086581   365735353   435351228   1072149698  149479484   946240876   920911924   365965440   258960347   -           -           1.412321837057161496     -           
D467         745552375   291769943   453782432   748121091   889289389   331623667   920911924   716076387   624735      -           -           467.0299294901038040     -           
D117         559059975   683425493   1117265225  835691533   1113529341  619715550   920911924   28079627    5796859     -           -           117.8958282407765998     -           
D3           679857242   1051532140  869955845   1028828463  108958999   858893990   920911924   249069710   330886021   -           -           3.177928571361435664     -           
D3           704108582   886436142   1059303183  1118242719  455284041   1016730191  920911924   855092059   289974445   -           -           3.056945731890270537     -           
D4           643229244   872533318   1012326669  1092933437  517455184   494119075   920911924   891268317   193525051   -           -           4.508632414725471381     -           
D19          243171738   327351014   1157451467  263741714   392675522   854894264   920911924   667758634   16902002    -           -           19.36758817091608437     -           
D6           590875316   1172975133  659530926   1002778462  98267814    789047101   920911924   383063949   178972170   -           -           6.553952678787992568     -           
D47          281690850   760587195   762734398   334822395   546287286   1113280673  652181559   1159443670  16033125    -           -           47.43848719448017775     -           
D1422        1138692011  999247141   139444870   1139692002  474584580   852908596   652181559   794654095   702253      -           -           1422.916158421537537     -           
D5           694080275   88226094    605854181   769521768   871720641   186075964   652181559   676727981   15106838    -           -           5.840142986904340934     -           
D23          598749959   147677585   451072374   616178738   137351992   545996127   652181559   450314680   6171473     -           -           23.92906604306621774     -           
D37          558884715   383765804   175118911   741803243   319762483   509924124   652181559   611632372   10129131    -           -           37.88733742312148988     -           
D19          601620149   1032232197  811018695   711312081   520249478   421774684   652181559   2501292     53160489    -           -           19.41728182748657560     -           
D7           1079896078  508889081   571006997   1206337010  1147882791  48115097    652181559   560041690   68368622    -           -           7.443313410646187954     -           
D2           725482304   340780207   384702097   911676739   829458813   565791982   652181559   428679641   166898999   -           -           2.041834936349738083     -           
D6           378477926   817004706   803103963   634200533   1012982191  1170575078  652181559   446593993   122755319   -           -           6.655554420415786626     -           
D2           435059259   372899613   62159646    687338840   743537084   233509301   652181559   740355346   182779678   -           -           2.040159043282700169     -           
D7973        982847973   1196122744  1028355972  983029383   592539989   812661916   652181559   46171771    150003      -           -           7973.992146823730192     -           
D5           545263830   488890093   56373737    696485285   755930493   1176744883  652181559   321185066   91599465    -           -           5.337259262376696195     -           
D2           636168921   880392638   997407026   960817731   923000192   274023317   652181559   926809534   311520111   -           -           2.826118144263244693     -           
D1           555039980   460531322   94508658    876259487   392275678   249231320   652181559   807594774   233820473   -           -           1.969593663425700109     -           
D11          437491547   707242500   971879790   814479377   517543917   1222064163  652181559   414711108   60503717    -           -           11.68924051393404474     -           
D3           875106536   316620232   558486304   987937724   1087827152  976123889   652181559   237799905   85288220    -           -           3.712355961937064696     -           
D8           334584834   508576565   1067639012  605885892   995353905   291144204   652181559   833820201   63283776    -           -           8.036444680544978858     -           
D28          774615510   496304246   278311264   801647828   847323183   108799013   652181559   910741712   17710606    -           -           28.02299627692016862     -           
D10          999125085   924736234   74388851    1128753298  810393711   946344542   652181559   145472667   91727594    -           -           10.08133096786556943     -           
D0           385979149   74164520    311814629   659126663   366480098   776151042   652181559   921340131   112831635   -           -           0.657302537537455696     -           
D15          629138168   416382002   212756166   779769398   899783973   919090875   652181559   974211804   26613248    -           -           15.64566647408087881     -           
D3           504836359   739947231   1006519871  767163455   878925743   344848803   652181559   249922125   242509263   -           -           3.051212237612548432     -           
D2           377009519   154101943   222907576   699904532   1082495642  98958851    652181559   954827939   54114506    -           -           2.847701187552187947     -           
D2           407662882   373302972   34359910    684422899   467296159   1110294822  652181559   513273458   130902865   -           -           2.851755551721499754     -           
D5           443407330   516433085   1168604988  799183865   297051821   575439842   652181559   156957956   87630795    -           -           5.893283120391638578     -           
D2           902283407   623153268   279130139   1229425119  1055017234  927379319   652181559   415355835   247999983   -           -           2.512714962565138562     -           
D90          295910852   1132977255  404564340   579257094   462273594   1014819052  731185207   156175912   12564610    -           -           90.17209885543602228     -           
D3           454518628   105558378   348960250   667518477   22777392    1192113633  731185207   604052096   28518930    -           -           3.701344265019760559     -           
D70          300268949   596875558   945024134   348900779   994851518   886377491   731185207   66159537    8477969     -           -           70.40313051392379472     -           
D5           847253513   532222557   315030956   1224750185  994424070   836038187   731185207   46391118    92260169    -           -           5.768714308338195218     -           
D5           601427864   1134150934  708907673   988009912   445821716   912182031   731185207   1213541920  214845816   -           -           5.278906311119412258     -           
D16          701549665   838752162   1104428246  1026437285  694793857   518236909   731185207   1226182541  51774425    -           -           16.20012510037533009     -           
D36          335796968   1040849280  536578431   489452220   150715846   295543418   731185207   76679442    28486464    -           -           36.53838117640715253     -           
D0           533827086   44105498    489721588   805038349   502658773   129931811   731185207   854251395   262615823   -           -           0.167946841497056329     -           
D0           665984929   43709987    622274942   943074426   22159162    871724129   731185207   100853536   111805935   -           -           0.390945140792391745     -           
D46          67718703    640924247   668425199   94652057    542231380   761126252   731185207   516214199   13851995    -           -           46.26945411112262168     -           
D1           594069382   151975012   442094370   1049110593  562843460   1225750016  731185207   910354641   139028171   -           -           1.093123867680025798     -           
D43          461300071   903699522   799231292   681591707   436913524   628439304   731185207   1133112400  20716799    -           -           43.62158082433487914     -           
D0           985422111   9928570     975493541   1193850664  915963224   1146827867  731185207   646377896   151707899   -           -           0.065445306839296482     -           
D47          359087008   575157348   1025560403  397638341   923427684   539827422   731185207   549558045   12125011    -           -           47.43561453263836214     -           
D6325        316523484   503962349   1054191878  318551970   799724774   459527506   731185207   1055384572  79668       -           -           6325.781355123763619     -           
D26          697079076   503023586   194055490   923056559   1063045900  193340993   731185207   1226867770  19146627    -           -           26.27217765301428810     -           
D164         299185444   1231457332  309358855   590868697   862477818   381484553   731185207   965896034   7502191     -           -           164.1463583105255518     -           
D130         1129009682  521982853   607026829   1165300806  1202819683  826296322   731185207   1120254034  3984838     -           -           130.9922393331924660     -           
D155         528348509   1126637737  643341515   536620217   1138279483  958658420   731185207   583584060   7230905     -           -           155.8086763690022203     -           
D3           711375855   316824850   394551005   1027073148  525859974   206311866   731185207   517056227   79981269    -           -           3.961238099385494871     -           
D7           401511275   1059011650  584130368   656245867   681057945   397707739   731185207   1141919880  146776683   -           -           7.215121832396226040     -           
D44          501198878   561284798   1181544823  989864885   1130998723  1084940031  731185207   347545948   12532871    -           -           44.78501358547454928     -           
D24          232496575   505743242   968384076   444127052   1043885208  505517927   951943226   510884310   20866098    -           -           24.23755711297819074     -           
D3           452807112   714035766   980402089   711195035   1150756187  560402570   951943226   115476410   194419189   -           -           3.672660963522484398     -           
D94          803763745   922421158   1122973330  962573656   1041570250  477006540   951943226   819991243   9714190     -           -           94.95605480230466976     -           
D7           907531465   957600772   1191561436  1062122357  533180229   581303559   951943226   832574764   134577005   -           -           7.115634442897581202     -           
D6           923288849   950721803   1214197789  1080683936  1121046814  1165887394  951943226   321365106   136313414   -           -           6.974528588947233028     -           
D6           438861791   656266262   1024226272  783397647   453129856   1108461880  951943226   324289114   94325935    -           -           6.957431824025916096     -           
D3           721195408   1062623908  900202243   1167605328  1205544029  702244246   951943226   68420295    274785488   -           -           3.867103447617291929     -           
D552         928392221   622848654   305543567   994625426   1025615148  996296997   951943226   1076124074  1127351     -           -           552.4886694560966371     -           
D4           608158334   903656466   946132611   1029759323  771170813   872636828   951943226   825964667   186557345   -           -           4.843853593649716659     -           
D283         79555344    896292453   424893634   83027733    1164407617  875033267   951943226   644992318   3162786     -           -           283.3870053174637803     -           
D3           985793793   839131262   146662531   1235296652  700451533   1150766066  951943226   1134947400  237285216   -           -           3.536382401506210989     -           
D0           655716709   36437250    619279459   1072619277  12567730    597209937   951943226   96081248    238814141   -           -           0.152575763928485290     -           
D92          820755580   1229035227  833351096   871222382   2690688     1134513577  951943226   262565899   13286748    -           -           92.50083067730343045     -           
D8           629515643   654583528   1216562858  1179205591  939238324   1110903026  951943226   313238144   79825695    -           -           8.200160712662758526     -           
D3           731293761   889871339   1083053165  1199858495  1231459190  1235516924  951943226   716988584   262729027   -           -           3.387030923690057284     -           
D5           459231390   994709106   706153027   737876977   844834493   449883519   951943226   974340731   180585803   -           -           5.508235362222798876     -           
D2           1146598782  53712054    1092886728  1212515674  867545425   901761832   951943226   680385208   26011618    -           -           2.064925526739628423     -           
D196         333504909   1030624219  544511433   497637670   997050204   867136565   951943226   249745027   5239387     -           -           196.7070229780697627     -           
D24          480201124   686272101   1035559766  512468078   288887371   705140913   951943226   131785922   28463768    -           -           24.11037431867769579     -           
D7           477813258   1162918741  556525260   639087950   831635137   282741161   951943226   86982617    155263874   -           -           7.489950566350031946     -           
D21          1019719036  820040908   199678128   1108947225  670072343   1215863453  951943226   543322840   38208957    -           -           21.46200714141451178     -           
D8           925287972   1171620115  995298600   1186631184  1173775033  17579665    951943226   184814753   141258336   -           -           8.294166193491051742     -           
D2           773033529   815325899   1199338373  1180966941  735264311   442796861   834142267   291659634   365100117   -           -           2.233157046619078459     -           
D3           604159121   961970636   883819228   922702856   206219479   877317202   834142267   678568454   285615386   -           -           3.368063077666271102     -           
D5           561109733   995491109   807249367   753258752   579189646   16765493    834142267   992081980   176811695   -           -           5.630233390387440152     -           
D19          726782454   605050791   121731663   789971631   704130285   1055940744  834142267   744020041   31701507    -           -           19.08586840997811239     -           
D78          290725799   724080334   808276208   431458342   1045153391  85302456    834142267   317159848   9260713     -           -           78.18840018041807364     -           
D4           308381153   611479947   938531949   474206759   789919021   42342420    834142267   683602312   142555547   -           -           4.289415318226796183     -           
D16          542320836   569334005   1214617574  711788931   370422354   196182007   834142267   201433600   33916551    -           -           16.78631783638613489     -           
D87          381771969   1074450458  548952254   504937740   1166892715  364578979   834142267   1108019130  12274656    -           -           87.53405863268184460     -           
D1           388679705   286135762   102543943   589547496   831232780   11323591    834142267   449003690   187811914   -           -           1.523522953927193351     -           
D3           677844891   799084195   1120391439  1106526060  455384382   431028019   834142267   1014588484  249163722   -           -           3.207064770849746738     -           
D9           924018640   1087528945  1078120438  1192262611  381314562   957505525   834142267   559033120   119286727   -           -           9.116931718647959885     -           
D2           1065823479  156636031   909187448   1176199575  613726507   275369599   834142267   145929059   72438615    -           -           2.162327799889603079     -           
D41          506229604   845814592   902045755   627680229   298862180   920583160   834142267   89313574    20427104    -           -           41.40648581414183821     -           
D4           215767196   120558935   95208261    401990325   237811645   524925645   834142267   1047646639  29544067    -           -           4.080647901319747210     -           
D21          190736115   756233677   676133181   346758084   851206397   987777478   140017724   970639344   34714146    -           -           21.78459689027061187     -           
D107         278076765   1199962824  319744684   545019855   239629839   131018414   140017724   948044161   11133675    -           -           107.7777844242803925     -           
D12          778045100   622295828   155749272   1141436277  305107843   514141532   140017724   590892266   51262746    -           -           12.13933853641004717     -           
D4           720671202   1002439974  959861971   971462751   918157806   1066033531  140017724   344092806   219088104   -           -           4.575510745211433296     -           
D27          385012363   417613488   1209029618  755028504   182802936   1132431050  140017724   1193932840  14996222    -           -           27.84791316106149935     -           
D297         314030801   937561434   618100110   391749896   962212759   906042201   140017724   808047943   3154421     -           -           297.2214025965462441     -           
D9           416408054   637999772   1020039025  767951864   228946274   560915980   140017724   523976964   64864244    -           -           9.835923964518880386     -           
D3           589863646   309444983   280418663   1099292789  971573478   950139122   140017724   795206549   80434503    -           -           3.847167216287766457     -           
D11          936388499   1185643389  992375853   1075454786  801990619   466879070   140017724   937511024   101990777   -           -           11.62500594539053271     -           
D6           583767842   463957921   119809921   753040457   1210097935  611478037   140017724   1184458232  75949997    -           -           6.108728628389544241     -           
D3           356246272   543577323   1054299692  535247128   1092693434  109044381   140017724   1196486334  177245416   -           -           3.066806100079902771     -           
D11          246509579   885686110   602454212   417502963   1219622369  890461735   140017724   963211362   75516195    -           -           11.72842606807718529     -           
D9           401620775   535793259   1107458259  746528702   1042733171  293457505   140017724   359826763   56712848    -           -           9.447475799487269621     -           
D0           397926693   89169605    308757088   682345539   1114995351  567974300   140017724   966765922   113507847   -           -           0.785580973974424869     -           
D1           362983354   16295726    346687628   450100875   560067075   40986034    140017724   586044520   14513270    -           -           1.122815602548564176     -           
D13          528577188   862599621   907608310   760650967   398897660   567749031   140017724   267673794   64429630    -           -           13.38824421310505740     -           
D7           456120008   1074786968  622963783   768554420   1133468624  442183253   91750461    1213658819  143685596   -           -           7.480130214304849318     -           
D76          132934952   773970113   600595582   173860752   1093510607  1218294409  91750461    1144542537  10157552    -           -           76.19651988983172323     -           
D8           551007155   630650846   1161987052  709955551   512097345   319882382   91750461    1047986765  74161967    -           -           8.503696321862660411     -           
D3           482736082   807405982   916960843   755549060   364757307   379108674   91750461    376118540   209923104   -           -           3.846198758570185776     -           
D12          224681840   320569037   1145743546  324098914   779659833   119785074   91750461    818225949   25847692    -           -           12.40223061308529984     -           
D9           959834603   1152905917  1048559429  1241006874  881594598   559553631   91750461    226382439   116317790   -           -           9.911690352782665489     -           
D1           568525547   489593640   78931907    877082816   1074050575  229344715   91750461    820277435   259968278   -           -           1.883282236458095860     -           
D129         550496673   1229021372  563106044   618122341   278759272   637063341   91750461    962736860   9491329     -           -           129.4888599899971858     -           
D30          1115132780  361323700   753809080   1184084988  660457782   849400701   91750461    229406829   11897452    -           -           30.36983885289051807     -           
D10          861044594   1167643935  935031402   1009989292  1155766898  915872258   91750461    807166843   116321104   -           -           10.03810912076625407     -           
D9           927234606   47889396    879345210   940042999   864441546   335941941   91750461    805497817   5030310     -           -           9.520167941935984064     -           
D6           571405558   721152606   1091883695  801401056   1153248642  1133484935  91750461    497767252   111414562   -           -           6.472696145410507470     -           
D9           786028471   292943767   493084704   854685213   895383566   747218040   91750461    759008839   30804309    -           -           9.509830816201720350     -           
D6           800078482   422403460   377675022   866905174   911460534   673898058   91750461    908149374   64984870    -           -           6.500027775696096645     -           
D2           376460176   286529569   89930607    503492071   366706744   498419646   91750461    606572010   122396386   -           -           2.340996971920396407     -           
D1           739154667   547805859   191348808   1131015305  881267582   394014106   91750461    1217995414  347294029   -           -           1.577354671421661557     -           
D2           644869347   531034508   113834839   865584336   1194108075  1056202539  91750461    928520221   203439369   -           -           2.610283892494770763     -           
D2           385853475   149086833   236766642   466008668   746474588   700353246   91750461    1030321724  65232703    -           -           2.285461526866363333     -           
D9           750796325   1148819954  843607114   909520301   253436344   998192305   91750461    352109546   115900421   -           -           9.912129257925646361     -           
D65          1145691294  475687293   670004001   1182415974  157933998   1011215170  91750461    1004517251  7226214     -           -           65.82801076746412436     -           
D2           620003545   514992911   105010634   836569875   410768998   1122009235  91750461    321267920   186870885   -           -           2.755875592926099750     -           
D3           820447930   516420047   304027883   1154914985  379527849   450191847   91750461    795545341   151513820   -           -           3.408402263239089345     -           
D3           376166041   640098913   977697871   591351729   14386505    276005229   91750461    940938504   160980353   -           -           3.976254872543359375     -           
D11          525203628   681501637   1085332734  993518704   252013276   42855962    91750461    575513764   56888552    -           -           11.97959190453643467     -           
D959         898499524   1091136789  1048993478  1010669805  1111216464  912755117   91750461    958173109   1137276     -           -           959.4300671077205533     -           
D1           933196291   273073072   660123219   1088975787  731450892   737296937   91750461    65385321    154298811   -           -           1.769767830550554274     -           
D13          925446577   1213420001  953657319   1203065501  11564347    963892912   91750461    189072117   92589805    -           -           13.10533055988183580     -           
D1           676491777   261487112   415004665   943668926   452023383   183466154   91750461    635480856   142137479   -           -           1.839677429483605798     -           
D6           790209914   528326363   261883551   966078659   313246641   237717770   91750461    891810495   86734934    -           -           6.091275321659897729     -           
D71          872610626   268196778   604413848   981215604   1508208     921937459   91750461    1187844770  3770802     -           -           71.12459842760240394     -           
D9           832377892   1148145391  925863244   1009619627  239574820   906219380   91750461    1000246682  123410952   -           -           9.303431927176122910     -           
D675         808432304   1137117538  912945509   824250916   1088454776  1176183775  473399359   223975787   1683092     -           -           675.6122291591903472     -           
D13          310310111   165194046   145116065   608484757   628012710   1125201117  473399359   767057203   12135465    -           -           13.61250236393908268     -           
D15          362705192   1133298071  471037864   506832046   947406163   513996833   473399359   1188394622  74451484    -           -           15.22196751645675726     -           
D7           542875378   653581163   1130924958  633433497   1078056342  149796449   473399359   86295626    90084783    -           -           7.255178302422063890     -           
D0           534920779   99628013    435292766   718440658   990833724   762727803   473399359   767261173   167881021   -           -           0.593444169010623303     -           
D49          672184133   540688311   131495822   732296279   1218984521  711461390   473399359   549720595   10950527    -           -           49.37555160587248449     -           
D4           972973587   104629611   868343976   1108874435  1112044282  158081407   473399359   862548234   21667651    -           -           4.828839591333642950     -           
D7           578164577   256867959   321296618   1122237347  1102866458  499373753   473399359   200635040   34091807    -           -           7.534595012813489176     -           
D54          857200203   1025751121  1073079825  996949610   1196349615  808958797   473399359   990245997   18703761    -           -           54.84197114152602784     -           
D277         210376016   701017966   750988793   262339253   875352814   767642916   473399359   952885408   2523068     -           -           277.8434691415372078     -           
D25          1171507958  1137788958  33719000    1237792492  1203750576  43924264    473399359   552595326   44670880    -           -           25.47048453041444448     -           
D27          250700345   736111736   756219352   474550450   679479630   983184802   473399359   437755274   26850240    -           -           27.41546205918457339     -           
D940         139470845   924839887   456261701   185633184   235699471   752088194   473399359   1159181471  983828      -           -           940.0422502713889013     -           
D1           494394550   174228453   320166097   629544858   489794630   111599503   473399359   894427661   88943626    -           -           1.958863842587213613     -           
D31          742864663   300546049   442318614   847640195   1177702099  702274336   473399359   107467853   9435939     -           -           31.85120728313313598     -           
D15          634307642   908815405   967122980   826780626   21450446    1227614017  473399359   1128415344  56888690    -           -           15.97532664225525319     -           
D6           659629307   719945607   1181314443  1209651226  598424167   427379335   473399359   102429382   109607388   -           -           6.568404011233257378     -           
D20          578105915   1168980955  650755703   752098332   166333170   627966885   473399359   146878437   56128664    -           -           20.82680882979862125     -           
D44          227018639   760653840   707995542   256999689   1134453566  1174850459  473399359   771581487   17151289    -           -           44.34966025002552286     -           
D5           635588027   364937543   270650484   917173127   556850682   927360961   473399359   831120338   72417827    -           -           5.039332967005486093     -           
D5156        243117597   942846492   541901848   267411072   793573454   733097632   473399359   72950779    182847      -           -           5156.477776501665326     -           
D148         848829726   1146207909  944252560   1017054019  228734152   275244448   473399359   70989862    7708261     -           -           148.6986376045128726     -           
D15          376579232   648514086   969695889   710115144   206082236   228074661   473399359   86068963    43043320    -           -           15.06654426284961290     -           
D17          182399314   178927647   3471667     207019524   173834373   912043437   473399359   340379410   10057844    -           -           17.78986102787038653     -           
D1           656717234   161259952   495457282   1178084488  832840017   379519853   473399359   526657050   135349980   -           -           1.191429448308747441     -           
D4           642199210   685223156   1198606797  1136932629  937659863   887753984   473399359   538078290   147465791   -           -           4.646658396861682992     -           
D9           855709818   476627233   379082585   1124918718  653017760   100252006   473399359   936790221   48083118    -           -           9.912569168247366986     -           
D2838        521499421   310255160   211244261   1042889529  725094700   563498647   473399359   719730674   109313      -           -           2838.227475231674183     -           
D3           579438866   1013001706  808067903   892352325   438241735   384308652   473399359   929752827   266525407   -           -           3.800769755507774161     -           
D29          428718724   1058075025  612274442   822034851   987901454   270095430   473399359   1013500580  35402597    -           -           29.88693244735689870     -           
D7           388474587   1240591346  389513984   620684600   498353830   516435242   473399359   360256283   156264574   -           -           7.939044111175191889     -           
D24          467355633   424012871   43342762    512356196   1137191867  527959433   473399359   1043407001  17350003    -           -           24.43877796447643265     -           
D91          517604980   666673180   1092562543  536506881   313186925   996807703   473399359   1123734689  7253653     -           -           91.90861211585390147     -           
D23          939916549   898342579   41573970    1090328549  768614039   210025396   473399359   35752506    37444549    -           -           23.99127784928054548     -           
D4           493252011   894773945   840108809   795774602   16580226    387100789   708575298   1011111712  190729420   -           -           4.691326304038464543     -           
D0           364346052   32027359    332318693   632450381   1183712281  503942906   708575298   866434504   96241723    -           -           0.332780399203783997     -           
D15          628780727   716786588   1153624882  725749274   832735700   455377863   708575298   882812433   46969445    -           -           15.26069954626885627     -           
D13          468699666   703953765   1006376644  884284761   719202662   678639432   708575298   398044135   53114571    -           -           13.25349620163551730     -           
D2           498178282   439037701   59140581    664841846   926170768   972827846   708575298   397889064   164851154   -           -           2.663237049587168798     -           
D1           546122649   216620303   329502346   692056343   210029825   243799478   708575298   419618715   108321567   -           -           1.999789229415412722     -           
D8           824286546   767771210   56515336    1008991380  471096792   1239608394  708575298   825437086   85467210    -           -           8.983225379651447613     -           
D12          876810956   878379571   1240062128  1011080650  339508119   1228488408  708575298   614195715   71192792    -           -           12.33804078087006336     -           
D1           492349481   326515221   165834260   791822674   105141282   503392140   708575298   1100824770  192876288   -           -           1.692873833200273949     -           
D19          218472622   1004122857  455980508   386168954   1021269842  491838785   708575298   736477928   50776290    -           -           19.77542780301593519     -           
D8           592496348   531585250   60911098    1122628166  1189926975  74053460    708575298   7846284     62364530    -           -           8.523839592794173226     -           
D7           571049169   637857237   1174822675  1053679414  473672866   514556811   708575298   695444418   88418924    -           -           7.214035278239757814     -           
D38          914964215   957897152   1198697806  1026208563  563311067   400133710   708575298   238241522   25009431    -           -           38.30143724581338935     -           
D1           756442092   53357570    703084522   995787119   710952622   362481409   708575298   396823743   38407011    -           -           1.389266402428452451     -           
D204         615944119   803544555   1054030307  768945492   678142860   1012466480  708575298   595524920   3938627     -           -           204.0164135877807164     -           
D14          486525815   1227884631  500271927   887884602   1170483502  247820840   708575298   254280253   85167028    -           -           14.41737089851250885     -           
D26          569976198   956962189   854644752   623307403   364352909   377220549   708575298   709219607   36664148    -           -           26.10076167595657752     -           
D27          497842102   899469925   840002920   963197273   430935061   679428489   708575298   276291574   32486931    -           -           27.68713132674797751     -           
D6           1077433478  147687165   929746313   1105154836  859548493   698028751   708575298   505885360   24021874    -           -           6.148028459394966437     -           
D8           482005724   892033708   831602759   858834869   1040938895  979148686   708575298   179942650   105176579   -           -           8.481296087791560514     -           
D14          415440307   253754832   161685475   548124332   75688780    563931829   708575298   642531320   17388232    -           -           14.59348092434009392     -           
D6           454040653   1218430106  477241290   722282038   747171232   220247463   708575298   296131578   185799268   -           -           6.557776675417257295     -           
D3           704209187   682809282   21399905    1193427338  931020680   817563963   708575298   593622964   214991036   -           -           3.175989542187237983     -           
D68          502773661   932621332   811783072   991962164   998818994   630761072   708575298   1107116432  13585158    -           -           68.65001732037271852     -           
D9           549978349   416652134   133326215   1056839013  207870589   436759348   708575298   856594945   43117685    -           -           9.663137851672695322     -           
D9           488919812   609479277   1121071278  630373521   1002854586  499195168   708575298   1077861752  64558685    -           -           9.440701541550916038     -           
D0           503605197   129907530   373697667   768213333   725336046   509055764   708575298   357034854   238997061   -           -           0.543552834735486558     -           
D17          1167668043  54445116    1113222927  1225893345  579469744   758895866   120717378   455365014   3162003     -           -           17.21855292357407630     -           
D3           1000829220  284118487   716710733   1186351750  897043580   79217191    120717378   1079902079  73216570    -           -           3.880521676991970533     -           
D58          1072019654  822892549   249127105   1223158550  353888432   24544909    120717378   945382537   14047382    -           -           58.57978013269661208     -           
D73          219690402   830390954   630930191   428040115   428048670   1116153582  120717378   633352843   11340689    -           -           73.22226665416889573     -           
D2           848734860   230069653   618665207   1094651199  1061157844  269845226   120717378   906781278   110985843   -           -           2.072963963521005106     -           
D11          710433599   1133343037  818721305   1015308956  436528946   338356264   120717378   194723878   100682885   -           -           11.25656100339198663     -           
D80          1071103535  609696860   461406675   1084397968  337561465   113277715   120717378   546932660   7548895     -           -           80.76637176699371232     -           
D44          246096945   24143020    221953925   253112825   8206010     863798581   120717378   509730714   541145      -           -           44.61469661550970627     -           
D101         987941663   381850097   606091566   1086358792  524560569   224855308   120717378   416687046   3770373     -           -           101.2764776853642862     -           
D27          585178921   1233238262  593571402   652690904   891950768   549065244   120717378   1241568278  45083057    -           -           27.35480564239465837     -           
D0           345841203   63232347    282608856   619552814   232917367   194929096   120717378   32648216    72129592    -           -           0.876649170565112859     -           
D28          787129783   989099678   1039660848  912496326   881292067   435066176   120717378   842584721   34930525    -           -           28.31619845393105314     -           
D4047        161224741   1181405400  221450084   161775881   601378826   650841034   120717378   172868340   291861      -           -           4047.835784842784750     -           
D248         120703633   1162645423  199688953   129628945   650700404   60432581    120717378   1127795428  4674577     -           -           248.7167123356829933     -           
D1           759688994   195048980   564640014   1048402452  721077877   212854288   120717378   198247774   182262078   -           -           1.070156678450686818     -           
D3           818781274   104738092   714043182   1211313700  337801329   895056070   120717378   127120530   33716422    -           -           3.106441484212055478     -           
D3           442140569   634779852   1048991460  697389457   207052508   301023617   120717378   1121005043  186891681   -           -           3.396512079101048911     -           
D6           1107427820  401226259   706201561   1188094529  166300508   667959058   120717378   829410919   58760603    -           -           6.828150810501383044     -           
D53          266180791   498442432   1009369102  394602137   688877535   233760293   120717378   917851210   9338099     -           -           53.37729145942873383     -           
D5           437140101   289882968   147257133   824487418   979212015   201698651   120717378   1121425579  49792784    -           -           5.821786707085910279     -           
D10          118763114   143407177   1216986680  224404086   616028082   445759543   120717378   118219048   13122142    -           -           10.92864084232589466     -           
D7           398154258   490650756   1149134245  509898811   791200740   408414032   120717378   860572723   62920599    -           -           7.797935235804096524     -           
D152         29917616    1167292607  104255752   52202110    247122738   414288268   797311044   314257811   7633122     -           -           152.9246626740670462     -           
D0           546923123   89648659    457274464   866527226   909913977   282898798   797311044   332766066   227319020   -           -           0.394373770395455690     -           
D5           419728363   797476873   863882233   699731076   985563212   1230310927  797311044   295593403   139725650   -           -           5.707447938155950607     -           
D22          1107001070  29902501    1077098569  1108511562  209668993   1083108064  797311044   760630620   1320926     -           -           22.63752927870297049     -           
D94          672126532   528619606   143506926   681514638   1022054865  820557555   797311044   1087728145  5571006     -           -           94.88763896502714231     -           
D2           661424834   672199924   1230855653  1037678581  500656823   16060709    797311044   26780400    285171087   -           -           2.357181196283057966     -           
D8           822818588   993395600   1071053731  1057058525  892825367   924396166   797311044   142468607   120098777   -           -           8.271488060198981043     -           
D8           431388542   1150695761  522323524   580155715   107362114   899952180   797311044   802219428   133854196   -           -           8.596635708005746790     -           
D3           723471350   856316552   1108785541  1201890750  140750958   345996131   797311044   1065439844  245051950   -           -           3.494428638498897886     -           
D15          561779713   870818590   932591866   646303120   815772995   1104837029  797311044   571116441   54639271    -           -           15.93759532406645762     -           
D3           444110497   264762530   179347967   623088637   699591255   823708551   797311044   496145040   86154217    -           -           3.073123280779163717     -           
D11          191005177   800841377   631794543   312194744   279323595   961934602   797311044   362077689   69815610    -           -           11.47080684391356030     -           
D3           438350342   321817039   116533303   612618020   380351887   1178004815  797311044   440410136   89814986    -           -           3.583110718293715483     -           
D5           490358827   412685968   77672859    903090460   1080706141  338688827   797311044   307798385   77627194    -           -           5.316255125748845179     -           
D121         1063226753  319194776   744031977   1068637938  1174260489  560106476   797311044   423424302   2634493     -           -           121.1598497319977695     -           
D147         570621763   379346633   191275130   589556837   687398903   361069176   797311044   232387014   2569543     -           -           147.6319458362829499     -           
D3           621414869   202056724   419358145   811233203   17633267    1007696467  797311044   200592409   51959867    -           -           3.888707490340573812     -           
D585         587855405   623073209   1206412939  685653957   925400161   650876159   797311044   324838928   1064093     -           -           585.5439411780737210     -           
D32          1107033740  1094306950  12726790    1163503285  579323967   1228579056  797311044   1082652419  34112385    -           -           32.07946175560577192     -           
D2           662518126   238320333   424197793   801848473   583763980   1121386869  797311044   744895838   105196738   -           -           2.265472651823101206     -           
D14          310975418   979952683   572653478   431781379   523906350   637842315   797311044   644421225   69363496    -           -           14.12778679725139574     -           
D1           878935832   109668121   769267711   1073252907  259335294   405858823   797311044   1169337332  101667532   -           -           1.078693648233735033     -           
D2           666594338   777753505   1130471576  1024074595  305700159   695950630   797311044   626238095   309114081   -           -           2.516072714914594912     -           
D6           247755387   131555368   116200019   361085075   1110050421  647883551   797311044   974541034   21096011    -           -           6.236030498846440684     -           
D24          1073091441  1070213493  2877948     1201677142  382584993   226972817   1013022786  391441548   44405833    -           -           24.10074129225320466     -           
D4           1012084327  67759816    944324511   1050417300  1081311399  888239217   1013022786  159644193   15427029    -           -           4.392279031821357177     -           
D3           457448927   364012121   93436806    798744419   1077008190  495044901   1013022786  512509781   116153435   -           -           3.133890280558642109     -           
D32          777133288   416091158   361042130   824915267   477967141   610154543   1013022786  190076114   12621624    -           -           32.96653093136033841     -           
D1           610674958   348332409   262342549   1005116456  789757839   1200424725  1013022786  1050811552  216233460   -           -           1.610908917611548185     -           
D0           704493286   175420671   529072615   1178927014  755355924   248937963   1013022786  446566556   230059558   -           -           0.762501121557401236     -           
D1           686745289   461682324   225062965   1102892457  508684736   74197144    1013022786  460376626   270598121   -           -           1.706154951460287486     -           
D8           325252981   963414923   603468801   531046016   989047153   843960579   1013022786  1020180854  119459946   -           -           8.064752707991346321     -           
D2           873373481   518590954   354782527   1187784442  891851939   413743466   1013022786  855958006   244551559   -           -           2.120579219043130287     -           
D2           577293706   364286396   213007310   780596862   584294069   1228949558  1013022786  12583615    170687394   -           -           2.134231400826237935     -           
D7           786177422   308343078   477834344   972640008   377715987   198525663   1013022786  116048766   40327078    -           -           7.646055536183405105     -           
D30          990780610   506039537   484741073   1112528118  619890906   1145115     1013022786  1184606394  16800546    -           -           30.12042209818657084     -           
D8           468278553   1197081232  512828064   635540786   286337047   825560992   1013022786  1102680206  133754087   -           -           8.949866571179989438     -           
D3           334707161   455776198   1120561706  528904825   997287842   716084775   1013022786  755740844   140509497   -           -           3.243739446309454797     -           
D0           326264649   29210565    297054084   465981531   1098624445  799317158   1013022786  389556792   46830885    -           -           0.623745739590443358     -           
D6           624465026   1197833759  668262010   1050810639  562833625   214231110   1013022786  257387301   198119413   -           -           6.046019119792162921     -           
D4           645119223   334344710   310774513   757888244   11812986    963705946   1013022786  34689002    81274118    -           -           4.113790690413890434     -           
D22          491290184   873082014   859838913   547885643   1012726916  421427904   1013022786  407695349   38526512    -           -           22.66184942981601864     -           
D13          861617600   234101597   627516003   911310925   898526807   890948370   1013022786  132429212   16831075    -           -           13.90889155921413219     -           
D13          607830459   202611103   405219356   1200508815  502223001   1152199237  1013022786  623147930   15152103    -           -           13.37181399836049161     -           
D4           965301120   854359474   110941646   1161863601  1141058121  438236918   1013022786  1027968531  179051196   -           -           4.771593226330641209     -           
D2382        619104756   680421972   1180313527  638442856   99662028    425901881   1013022786  833798857   285556      -           -           2382.796971522223311     -           
D13          874954755   913376734   1203208764  1143291940  695139263   1170655113  1013022786  1167701413  69943200    -           -           13.05883536927106566     -           
D3           757024781   165329963   591694818   858979768   790220183   661533678   1013022786  1193557545  43339872    -           -           3.814731224863792860     -           
D57          586822020   712763553   1115689210  1161342865  917475250   488418197   295895115   581911635   12301175    -           -           57.94272116281574727     -           
D3           376622063   493185203   1125067603  611086644   1156950132  68589098    295895115   798961164   142157482   -           -           3.469287694614624645     -           
D94          1086328379  227324593   859003786   1194721857  714109719   599588098   295895115   344254219   2393599     -           -           94.97187833049729716     -           
D9           259588935   1081700682  419518996   400363436   686571122   509108666   295895115   203134445   118814434   -           -           9.104118460893396167     -           
D5           592468063   1149641056  684457750   966065100   774204130   601014443   295895115   655770192   218871026   -           -           5.252595910068059899     -           
D5           759196084   949126181   1051700646  957524054   256710686   300916901   295895115   256979672   164212174   -           -           5.779877081464130667     -           
D0           1034795019  34788982    1000006037  1199220593  45274935    38304671    295895115   1115186096  48241575    -           -           0.721141090439107761     -           
D5           925411490   552497404   372914086   1089955892  1051290342  725850618   295895115   716252217   102689480   -           -           5.380272682265018773     -           
D2           924406643   357207257   567199386   1177880330  400590187   390468507   295895115   332571305   163985582   -           -           2.178284533575640814     -           
D5           339648163   571501338   1009777568  460947011   156019214   1176664760  295895115   777652026   97050467    -           -           5.888702606655153962     -           
D28          642817303   440613243   202204060   699858066   363232818   1050887224  295895115   633949723   15368910    -           -           28.66912767398598859     -           
D19          688012305   479709142   208303163   909307025   229358138   225060585   295895115   216326531   24128145    -           -           19.88172493160995178     -           
D15          486358689   1129659423  598330009   898881649   160019831   562488563   295895115   59997077    73835729    -           -           15.29963119887392186     -           
D3           626475457   155482937   470992520   772381058   71369201    79175029    295895115   1160002709  42853053    -           -           3.628281443564826058     -           
D9           246092385   228124621   17967764    283058336   931997090   284148933   295895115   977411886   24296679    -           -           9.389127666377779448     -           
D2           625412850   699631939   1167411654  986167225   449504996   342456310   295895115   230607693   264658475   -           -           2.643527432854738545     -           
D124         230077403   861445860   610262286   257970608   82750585    371869968   295895115   347771946   6931763     -           -           124.2751461641143818     -           
D4           578776303   522314009   56462294    1030098063  88643221    66038598    295895115   775480381   127454543   -           -           4.098041519006505715     -           
D96          505274900   747867799   999037844   754028120   423469394   236767903   295895115   1028474072  7768460     -           -           96.26976247544558380     -           
D18          828643373   944434673   1125839443  880436267   68103342    1168758174  295895115   874806075   51749963    -           -           18.24995842026012656     -           
D45          477620176   728019236   991231683   631485333   892781046   76701303    295895115   379908153   16024705    -           -           45.43105386339405312     -           
D3           665262966   976646452   930247257   1012579224  1168003143  328250570   295895115   925895207   317946708   -           -           3.071730033449505003     -           
D155         780614853   1080603020  941642576   790285809   1093456577  374807929   295895115   424883690   6938373     -           -           155.7429991152104391     -           
D83          776938138   988925365   1029643516  831587014   324349074   325342340   295895115   545795138   11853874    -           -           83.42634357341743298     -           
D4           518206849   978188365   781649227   808225913   1120246830  760557336   1025671244  210378159   228187785   -           -           4.286769184424135586     -           
D18          467098307   590950538   1117778512  575762584   464793436   595885549   1025671244  660450987   32441199    -           -           18.21605107752028524     -           
D60          694261956   1174874668  761018031   723607221   834073497   1161646518  1025671244  1160479094  19320861    -           -           60.80860827061485510     -           
D11          133656130   142513548   1232773325  194025766   173433316   568335781   1025671244  1169600098  12916858    -           -           11.03314350904840790     -           
D2           945155505   511825615   433329890   1185212568  509568293   384287508   1025671244  1169428874  224984316   -           -           2.274939089531912082     -           
D6           1062678737  395729368   666949369   1173979746  814031645   1093587612  1025671244  1214064896  60969656    -           -           6.490595387318570404     -           
D6           211700686   308868428   1144463001  265659633   890714628   357958109   1025671244  706435832   49823845    -           -           6.199208993203956860     -           
D0           922928344   50867480    872060864   1190790773  361666094   522974255   1025671244  819626790   119341057   -           -           0.426236211398730949     -           
D1           772028290   598895862   173132428   1222770120  781932826   508973328   1025671244  569329384   321286460   -           -           1.864055715264191338     -           
D794         206228178   751277555   696581366   257548858   525128107   626569481   1025671244  612142687   945458      -           -           794.6175874549689145     -           
D12          387786522   716648675   912768590   716552328   1077148286  473043976   1025671244  962691734   59020716    -           -           12.14232431541494684     -           
D3           949066107   692977634   256088473   1202274441  977357473   790613832   1025671244  245092994   189441105   -           -           3.658010936961120449     -           
D5           492453329   1223446824  510637248   765979249   399577904   942283074   1025671244  763405621   218927409   -           -           5.588367530536114827     -           
D6           698299835   862164249   1077766329  979656333   231917342   1122853641  1025671244  29418975    135586839   -           -           6.358760594750645377     -           
D8           545235790   553334337   1233532196  1027532005  437589284   524501316   1025671244  1062468055  62939575    -           -           8.791516895371473353     -           
D15          97455698    170514005   1168572436  140733485   85692678    522900729   1025671244  1029976209  10900124    -           -           15.64330873667125254     -           
D4           655880922   1236519514  660992151   1037774626  1239044757  75211332    1025671244  1108354455  273987218   -           -           4.513055473996600819     -           
D170         993463137   771805638   221657499   1134740473  400324026   39567370    1025671244  495169533   4521785     -           -           170.6860538482037513     -           
D2           795334960   928738852   1108226851  1230544748  772064202   1011802475  1025671244  86222902    360125172   -           -           2.578933449284128353     -           
D3           548056876   704841823   1084845796  913711032   740891226   1166105214  1025671244  1014935571  182402720   -           -           3.864206756346615883     -           
D4           332769125   202332505   130436620   622335474   959375243   81612668    1025671244  830644832   43202776    -           -           4.683321854132706657     -           
D18          621120941   1026474460  836277224   683870068   125416805   809805919   1025671244  975991184   56378798    -           -           18.20674608919473593     -           
D14          462059596   883021712   820668627   863773233   660246225   968788504   1025671244  1174339457  60345959    -           -           14.63265687765439273     -           
D17          714351289   1231272080  724709952   794802661   962834731   227877498   1025671244  572356988   70740313    -           -           17.40552208187147829     -           
D8           87599861    303222961   1026007643  140457858   244151605   317995812   1025671244  505565211   34741864    -           -           8.727884059416040544     -           
D118         333434694   955862005   619203432   344279719   629751726   357731469   480510032   1086156184  8083944     -           -           118.2420369314780013     -           
D2           219608382   151484868   68123514    295662463   514044850   1181705691  480510032   1096468571  67500220    -           -           2.244212952194822476     -           
D0           796005831   312737508   483268323   1226600505  93653480    1018446013  480510032   903397963   365411157   -           -           0.855851010591885129     -           
D8           458170631   307715393   150455238   668158431   648984665   451335325   480510032   204560809   38195031    -           -           8.056424748025469595     -           
D570         868717045   1080218599  1030129189  872390024   1119992741  966416148   480510032   1036401878  1894001     -           -           570.3368683543461698     -           
D75          248069525   440290049   1049410219  274984100   156806212   799027983   480510032   1173764544  5838350     -           -           75.41343855712658542     -           
D31          575510846   1044895123  772246466   683972719   1082269257  703000848   480510032   735810788   33201481    -           -           31.47134078145489955     -           
D98          927789457   982319751   1187100449  1233739288  913852622   1071561937  480510032   443217488   9939964     -           -           98.82528256641573349     -           
D26          517173793   994021531   764783005   997114014   921850909   18247715    480510032   1206699395  37233572    -           -           26.69691564913514072     -           
D29          856421916   855481878   940038      959856253   903094120   461685380   480510032   817284395   28947220    -           -           29.55316185802989026     -           
D12          1081109060  1228294599  1094445204  1203776829  250663776   99229529    480510032   1080005092  99766908    -           -           12.31164344594101282     -           
D5           889632958   1000867346  1130396355  1123659132  887605241   133943049   480510032   853613415   187554436   -           -           5.336409883688381542     -           
D18          639162591   1118643411  762149923   711483084   843670158   1010422854  480510032   12496757    60598647    -           -           18.45987437640315632     -           
D6           345738224   137297290   208440934   386292294   793410856   742909581   480510032   741627886   21305664    -           -           6.444168555366310104     -           
D0           568137136   8845404     559291732   830600206   636368786   94754798    480510032   107596296   43210996    -           -           0.204702617824407472     -           
D19          746626198   625304392   121321806   1103642975  373512458   1017992940  480510032   104056789   32592644    -           -           19.18544540295656897     -           
D21          158885458   970134247   430381954   216101726   857496408   1016350782  480510032   83290520    44452922    -           -           21.82385776575047192     -           
D566         685712242   901982356   1025360629  694833839   1510267     212948526   480510032   1141484805  1592467     -           -           566.4056812480258617     -           
D6           804403930   1063044010  982990663   965346727   151737620   313562027   480510032   1131549629  160632742   -           -           6.617853849497258784     -           
D9           921629865   237052788   684577077   1220661516  110389674   561919159   480510032   219603344   24534912    -           -           9.661856052306199427     -           
D83          723960113   964209005   1001381851  750344525   373034494   684744537   480510032   246181032   11580989    -           -           83.25791562361383816     -           
D5           740203393   1114156048  867678088   1014267879  60561365    676494373   480510032   498567984   192074421   -           -           5.800647697904553360     -           
D16          378212043   404203922   1215638864  449090609   102942542   363657468   367788113   334879134   23819213    -           -           16.96965898915300014     -           
D9           537210443   1093317163  685524023   746868802   823217255   347557651   367788113   330535937   117893725   -           -           9.273751957536331980     -           
D167         602085706   1230155261  613561188   616954052   1121391709  855304658   367788113   543439232   7351866     -           -           167.3255825119772313     -           
D60          770006745   1190663265  820974223   816910350   1228110563  929525420   367788113   1229726495  19549065    -           -           60.90640473086564498     -           
D0           875933599   137969156   737964443   1107919435  756158766   746566152   367788113   751262449   179976091   -           -           0.766597136505203905     -           
D3           845585171   440047749   405537422   989697466   742682324   886183265   367788113   390815340   125023696   -           -           3.519714766711104109     -           
D3           274306405   296900855   1219036293  374159552   970475976   881100601   367788113   709275367   74600111    -           -           3.979898300687515062     -           
D161         416204529   1197389519  460445753   552470079   586600851   984413307   367788113   548620773   7407879     -           -           161.6372944266503273     -           
D13          1127134714  192569400   934565314   1166894896  512828239   658776314   367788113   565627807   13849618    -           -           13.90431129580613703     -           
D4           975664813   552611348   423053465   1187336125  237538582   526158004   367788113   948981692   128979565   -           -           4.284487608560317287     -           
D272         479407808   1078568116  642470435   486399645   414412542   222116000   367788113   649587531   3962892     -           -           272.1669215310434904     -           
D32          1111848492  1211975527  1141503708  1194527444  793242148   14346536    367788113   847801270   37022116    -           -           32.73652772845290636     -           
D21          94926373    204819445   1131737671  116252570   562762754   1067035440  367788113   848699972   9621585     -           -           21.28749525156198277     -           
D3           642120425   456185564   185934861   1164424295  313181764   24538272    367788113   256114305   119816555   -           -           3.807366719899432928     -           
D9           595886551   1076441798  761075496   1078108961  649361182   942340480   367788113   699680700   113664141   -           -           9.470372876877677719     -           
D7           634279598   1190453249  685457092   873166826   619466668   203562928   367788113   440156856   156505142   -           -           7.606480105299032283     -           
D412         812882970   960524236   1093989477  1218161251  1178084956  833819739   367788113   766116584   2326408     -           -           412.8786678862864983     -           
D17          367210339   886284970   722556112   684607130   1109702058  750428325   367788113   889006161   49813548    -           -           17.79204665365333944     -           
D44          553515846   483338142   70177704    572231800   31545086    1149091914  367788113   789901889   10753180    -           -           44.94839126658346647     -           
D14          1104814845  1110132972  1236312616  1219131184  473700513   1201844046  910983250   960719690   75967794    -           -           14.61320532751023413     -           
D3           503919263   698208088   1047341918  810762501   770687882   133849766   910983250   55498159    197076025   -           -           3.542836263315134349     -           
D3           679013394   154416134   524597260   997148928   715982057   350830129   910983250   221820082   42742326    -           -           3.612721825199686137     -           
D641         401876259   174140140   227736119   424187641   69588617    683391608   910983250   80129813    271383      -           -           641.6766709779168186     -           
D3           535338560   291617834   243720726   994182728   1112210715  166693690   910983250   703788405   76494392    -           -           3.812277297399788470     -           
D4           556063457   179526753   376536704   814467688   476708778   46048188    910983250   1092956623  39254995    -           -           4.573348003228633706     -           
D24          948055434   762899018   185156416   1002004030  770393127   1023981356  910983250   327558005   30929302    -           -           24.66589831222185356     -           
D3           477471900   381302644   96169256    598551428   606753302   694572550   910983250   574289674   114233316   -           -           3.337928525159857917     -           
D22          311010406   985169781   567471368   577768362   644812433   87380398    910983250   1044259112  44252450    -           -           22.26249125189678763     -           
D62          432829353   733772954   940687142   538115687   235958527   511834220   910983250   102999936   11684017    -           -           62.80142813896967113     -           
D152         864938764   1216017491  890552016   926150928   829784929   686835104   910983250   590971743   7968468     -           -           152.6036737551057493     -           
D79          438794641   594447403   1085977981  654434229   1096975321  158059673   910983250   373543174   7515465     -           -           79.09655663355494304     -           
D48          443757798   741669352   943719189   872325185   34822954    964084053   910983250   1235307542  15190411    -           -           48.82483772163899976     -           
D1           308610718   40044513    268566205   340104089   386902981   227156726   910983250   353571084   25170379    -           -           1.590938022824368278     -           
D2           647962531   230981581   416980950   1217614222  843992167   255959007   910983250   43174266    78310840    -           -           2.949547993611101604     -           
D79          133620251   1137949677  237301317   252850464   967382930   30404770    910983250   1157503978  14390038    -           -           79.07899040989328867     -           
D3           321307881   301584222   19723659    543730436   8312038     567801542   910983250   434391648   98885326    -           -           3.049837970903792136     -           
D11          438693028   264718825   173974203   853827552   1234065987  189325385   910983250   100930156   23558504    -           -           11.23665683525575308     -           
D1           703962760   254984426   448978334   1159838238  1182331392  1157576553  910983250   712991954   248087282   -           -           1.027801280034983816     -           
D21          1051726554  665486587   386239967   1102742947  1105969945  606034315   910983250   101501375   31398694    -           -           21.19472188875116907     -           
D152         220777064   437577239   1024830568  257093525   584495174   168351660   910983250   159242897   2878298     -           -           152.0263846898410102     -           
D0           766295468   185809059   580486409   1029026655  254392821   1023042368  910983250   1128434312  240833094   -           -           0.771526271219187176     -           
D203         108137755   998763831   351004667   114589873   399280900   1160744532  910983250   387674393   4903867     -           -           203.6686213145666471     -           
D1           641625403   419156073   222469330   1052705249  160747691   757273642   910983250   1128721465  230545557   -           -           1.818105186906724903     -           
D4           773472916   509587345   263885571   989287080   1168753291  231280743   910983250   823918449   126030424   -           -           4.043367695089242895     -           
D10          473651113   388939232   84711881    522332968   816773810   1231207649  910983250   83724785    35514418    -           -           10.95158681750043038     -           
D2           416700311   442517094   1215813960  644283218   618827417   1021561947  469401683   23174084    189117404   -           -           2.339906770293864651     -           
D1           620523951   279619438   340904513   1034126754  396747498   284928556   469401683   788804477   206921148   -           -           1.351333301127828654     -           
D0           751627429   184300787   567326642   1221159412  107188868   795500831   469401683   609596503   282095446   -           -           0.653327764107188033     -           
D15          942808954   1013386940  1171052757  1234763621  620574595   232351513   469401683   1175080904  66944953    -           -           15.13761522843999905     -           
D40          898804228   765556347   133247881   1008779842  831320500   38683180    469401683   728164751   18999316    -           -           40.29388989582572341     -           
D13          916994406   463473602   453520804   961186297   1116132891  464938600   469401683   57231526    33156586    -           -           13.97832702076142579     -           
D5           539844332   443352313   96492019    1005423099  1194692450  417712765   469401683   1029455119  74265565    -           -           5.969823470675810518     -           
D325         549692865   838402784   952920824   686471551   441209085   195655753   469401683   463377922   2578121     -           -           325.1991601635454658     -           
D2           428199463   413276936   14922527    650799428   858809938   314646172   469401683   921337103   205599498   -           -           2.010106736739211299     -           
D23          1064998343  659831076   405167267   1114352388  87989104    883794127   469401683   656599262   28563398    -           -           23.10058054017242626     -           
D26          698134655   861030675   1078734723  1031101573  263808861   313502055   469401683   455384284   32200819    -           -           26.73940296363269518     -           
D185         483792795   1046820737  678602801   961944099   863379261   533539308   469401683   917288659   5641491     -           -           185.5574593666816095     -           
D2           997267844   174346178   822921666   1231654334  492012124   22617228    469401683   1063352351  59721884    -           -           2.919301373680709737     -           
D20          469988827   1019116288  692503282   890732875   427415422   733951334   469401683   633681972   49244779    -           -           20.69491037821491695     -           
D7           779685070   235685156   543999914   1153263341  502827146   296836667   469401683   1231272492  32528528    -           -           7.245490973338848902     -           
D74          853317045   384228502   469088543   913900343   674009849   999389689   469401683   80271097    5150873     -           -           74.59483120628289612     -           
D384         532880484   923971228   850539999   585927954   1215651837  638517935   469401683   55614651    2405784     -           -           384.0624212314987546     -           
D3           649270340   606452463   42817877    1136177978  38357999    329549159   469401683   157820681   162362702   -           -           3.735171043162363730     -           
D15          821875659   1204914300  858592102   946083969   116971738   870412760   469401683   232901256   76625799    -           -           15.72465560848507432     -           
D14          341078900   732537043   850172600   633121674   174596001   1148772070  469401683   812326758   49036126    -           -           14.93872177014962397     -           
D17          652063517   536851346   115212171   859011012   586573391   702633545   469401683   751787177   31221032    -           -           17.19518259357986629     -           
D39          335723123   625438406   951915460   495715141   800066164   1058009769  469401683   219334857   15739087    -           -           39.73790893969897999     -           
D8           766394878   446361947   320032931   909733747   800291167   498564383   484737105   716536885   49700533    -           -           8.981029378497812085     -           
D0           781934874   14642395    767292479   1076332188  1028031766  1027409852  484737105   890691224   193140246   -           -           0.075812241639166183     -           
D8           248475971   944393353   545713361   387337298   890280264   264854618   484737105   679491996   109614644   -           -           8.615576519137351757     -           
D4           732154032   314116486   418037546   1062374657  469451788   383266567   484737105   991706225   71712782    -           -           4.380202207188113271     -           
D31          59388883    386809351   914210275   82951049    318251782   918922038   484737105   1121325428  12264551    -           -           31.53881059322921809     -           
D55          778092686   685538235   92554451    863182376   901167550   597916426   484737105   699970157   12285476    -           -           55.80070605322903239     -           
D28          498171307   1087784559  652017491   555611117   10200215    503829313   484737105   303889764   38652827    -           -           28.14243209170703089     -           
D32          496212487   297024993   199187494   517395222   221317261   518516276   484737105   383044488   9009582     -           -           32.96767741278119229     -           
D39          665799199   1053721680  853708262   693591081   750581090   554184933   484737105   572728289   26585913    -           -           39.63458693331314218     -           
D13          989119806   235904641   753215165   1097129967  160176376   667469775   484737105   419005620   17028357    -           -           13.85363491028523773     -           
D2           699249864   790264654   1150615953  1102290619  404326541   762406721   484737105   867988261   296209109   -           -           2.667928264150715230     -           
D10          435647118   1019030717  658247144   602792371   676511118   1112486892  484737105   200604161   101356612   -           -           10.05391455862790678     -           
D3           469776411   432210346   37566065    814233810   878315568   1100278352  484737105   828969537   125319012   -           -           3.448880892868833022     -           
D35          1085650883  408045899   677604984   1128621300  701532756   340336460   484737105   859434177   11390458    -           -           35.82348479753843085     -           
D16          546145674   287879768   258265906   573962970   747824832   447927207   484737105   883186660   17617050    -           -           16.34097468077799631     -           
D8           683325563   1040241401  884714905   824858895   1117353924  1178662511  484737105   679238727   117192235   -           -           8.876367969260079390     -           
D2           876416731   527895688   348521043   1218848915  240257006   1047227829  484737105   609664108   191552363   -           -           2.755881889068630283     -           
D70          1199139019  657383514   541755505   1209053770  275505856   981665467   484737105   1197889975  9368899     -           -           70.16657069309851669     -           
D6           721447917   460170306   261277611   1043889339  1201024081  256614960   484737105   741794963   76565073    -           -           6.010185688714748564     -           
D3           875210152   813915091   61295061    1195739002  247060895   714491360   484737105   286610586   234152452   -           -           3.476004987554006054     -           
D12          826991443   789645571   37345872    1081140217  326827720   450656112   484737105   1180316724  64545121    -           -           12.23400868672939663     -           
D702         345964141   876908105   710686779   380435726   16290228    284759666   484737105   1232651013  1248291     -           -           702.4869241226605014     -           
D12          352873191   414821903   1179682031  671194363   913796038   616521151   484737105   835853156   34552019    -           -           12.00572108391118909     -           
D192         49072609    674146449   616556903   53630525    1196340743  623246406   484737105   1130093495  3493449     -           -           192.9744642042863657     -           
D9           934386431   822427694   111958737   1218361813  413729763   390151907   484737105   903123876   82460285    -           -           9.973621774409341418     -           
D8           185957148   321708831   1105879060  260484573   492257657   516668207   484737105   1181340451  36902298    -           -           8.717853587329439483     -           
D20          538188711   252914255   285274456   669705756   37149528    1038010224  484737105   887050428   12120531    -           -           20.86659858384092248     -           
D5           784213917   931437714   1094406946  1096296151  453745385   922297181   484737105   1041051261  160049449   -           -           5.819687101828135628     -           
D3           769471824   985466999   1025635568  1230068250  699884959   161909462   484737105   136256342   308875398   -           -           3.190500134944382977     -           
D6           708747388   303250817   405496571   841595394   115332220   866792325   484737105   761628759   44507358    -           -           6.813498500629940784     -           
D91          476230681   1016488799  701372625   708808103   959634021   659724117   484737105   845637242   11075837    -           -           91.77534835516268431     -           
D16          1018334984  310926270   707408714   1046085000  539697414   32434810    167641174   1074013945  19334408    -           -           16.08149936631108643     -           
D59          705399745   783035704   1163994784  725762459   241592207   638126077   167641174   186897797   13067469    -           -           59.92252241042240084     -           
D13          736338447   707776431   28562016    812177479   388820546   993937195   167641174   637721486   53787159    -           -           13.15883649850329518     -           
D37          891670335   817384807   74285528    1181670319  225670539   1233422250  167641174   266053277   21670383    -           -           37.71898295475442219     -           
D13          291194202   1103108010  429716935   396055430   991229571   1063514617  167641174   399242618   81471746    -           -           13.53976150210405457     -           
D0           732879366   176590581   556288785   916578658   824065434   137878056   167641174   774711801   181781490   -           -           0.971444237804410118     -           
D56          198723250   643612643   796741350   385965993   279475972   441234306   167641174   95394617    11480507    -           -           56.06134319677693676     -           
D114         833181689   871331699   1203480733  1108377544  758594885   370222949   167641174   970659018   7594124     -           -           114.7376180583830340     -           
D12          934269678   704285417   229984261   1227117408  107660129   1024157868  167641174   968734940   55726488    -           -           12.63825233343253212     -           
D55          251017900   1235341137  257307506   308209239   912433986   144253714   167641174   1200819730  22252544    -           -           55.51460260004429156     -           
D215         559717928   706862626   1094486045  563965508   304308094   1124710773  167641174   1180566448  3284948     -           -           215.1822878170369820     -           
D55          664247132   610445966   53801166    827583073   1181718323  891484092   167641174   335117782   10903368    -           -           55.98691762031695160     -           
D10          566252243   1108846405  699036581   719043532   850405678   490000231   167641174   1147909795  107878376   -           -           10.27867164963625333     -           
D18          542846997   34523942    508323055   560880906   221248966   1071861009  167641174   282718279   1829727     -           -           18.86835686416607504     -           
D9           774681680   1106348993  909963430   993798124   466375647   465515918   167641174   387484797   117332348   -           -           9.429189919560801766     -           
D2           274918993   84649839    190269154   335029784   408533920   133477359   167641174   340007550   34475829    -           -           2.455338753420548640     -           
D9           597455470   581350267   16105203    705111026   730825082   678828165   167641174   1136567439  59177690    -           -           9.823808043200064078     -           
D3           466781631   722219852   986192522   734404546   846777348   506560065   167641174   1179954122  199158716   -           -           3.626353224731575393     -           
D0           866487385   45873533    820613852   1209239176  346324730   629333483   167641174   473236975   180983803   -           -           0.253467615552315474     -           
D9           670947714   1207672001  704906456   1215617619  414446797   1161990194  167641174   237778334   126277809   -           -           9.563612249560015726     -           
D322         561009793   1060130688  742509848   700439731   833601494   1021706463  167641174   1019857207  3290041     -           -           322.2241570849724973     -           
D21          105851287   905501947   441980083   169809516   265000721   704567001   167641174   63399249    41893058    -           -           21.61460610013238947     -           
D3           564065598   1095510798  710185543   847518173   822731627   101999088   167641174   231305658   280613023   -           -           3.903991291238111924     -           
D2991        412860506   732228125   922263124   413285445   368381212   1192784269  167641174   752518422   244737      -           -           2991.897935334665375     -           
D8           784662251   208177742   576484509   911573357   704739645   524749521   115998807   1216693421  23195615    -           -           8.974874863201514596     -           
D5           593645129   1200784952  634490920   964997995   224723623   73076050    115998807   784215401   222292263   -           -           5.401829716403579912     -           
D6           546948368   1050341072  738238039   737258516   1112509627  1094771630  115998807   1099877386  166328072   -           -           6.314875531052870017     -           
D2           572320602   386477054   185843548   984432863   1070171983  671492899   115998807   590569631   160208341   -           -           2.412340403674737509     -           
D41          843060451   893312926   1191378268  869562323   239637715   368793415   115998807   825996685   21502419    -           -           41.54476414955917285     -           
D1           548384513   285328951   263055562   831007592   454551665   1021516250  115998807   1088501448  265761434   -           -           1.073628128451474264     -           
D0           818654642   170888520   647766122   1030975860  272691598   801010574   115998807   944673122   181690988   -           -           0.940544833186773138     -           
D4           495352726   1080885527  656097942   749886756   81177645    1023502389  115998807   233361569   240818696   -           -           4.488378788497384771     -           
D40          420259368   250666270   169593098   431759227   953838644   452994223   115998807   415572331   6264444     -           -           40.01412894743731446     -           
D45          831821774   1046211057  1027241460  894049778   729565857   283649719   115998807   1066212306  22857722    -           -           45.77057403183046849     -           
D13          1044384956  675409923   368975033   1210231553  1196588469  467574366   115998807   218898826   49305374    -           -           13.69850521770710024     -           
D6           531216464   752900295   1019946912  939339975   718527324   242579134   115998807   553754284   123092953   -           -           6.116518262422382538     -           
D1           681610077   155267895   526342182   1235752599  416772566   623038153   115998807   423065731   127467555   -           -           1.218097381721960541     -           
D2           612799464   545679923   67119541    952994352   463388791   1092556778  115998807   753333831   272604576   -           -           2.001726937261684117     -           
D7           637209944   974892758   903947929   892515452   759106125   256282616   115998807   859095134   126598928   -           -           7.700639913791371124     -           
D4           182781153   225294631   1199117265  313200681   520224794   251218873   115998807   1068997098  52361625    -           -           4.302666905391114198     -           
D4           456869163   712144713   986355193   760229612   925094344   808426879   115998807   958997815   153508714   -           -           4.639115881069787347     -           
D2           865983054   149682648   716300406   1025636972  719210763   149073848   115998807   1126630415  67713464    -           -           2.210530065335307613     -           
D9           346331563   1059533799  528428507   582854306   1018007193  1079569974  115998807   727603621   109808820   -           -           9.648895225356214555     -           
D15          1102039182  691899269   410139913   1219630804  1226258926  1210266352  115998807   104455606   43714584    -           -           15.82765305509941487     -           
D6           462887729   1078283687  626234785   766823557   1124696277  240216869   115998807   47855696    158951901   -           -           6.783710545242236517     -           
D43          499512376   674888368   1066254751  983549616   983629331   556580742   115998807   4583226     15475136    -           -           43.61114293276647132     -           
D5           1025895778  779770215   246125563   1174670667  78068860    347825689   115998807   721984954   133246444   -           -           5.852090244149404842     -           
D6           352114010   990852700   602892053   555029912   1118347215  566926630   115998807   864221121   149198108   -           -           6.641188104074349253     -           
D72          1029191800  1057858126  1212964417  1071468945  380152434   672101898   115998807   239882552   14540320    -           -           72.75342812262728743     -           
D5           429375157   765511221   905494679   572864856   806144817   880634458   80805978    365887453   142395759   -           -           5.375941154258674234     -           
D7           587089109   992566245   836153607   1035893803  486134339   1119083753  80805978    1084452510  138284415   -           -           7.177715905295618454     -           
D18          1010385343  581496262   428889081   1091913312  1239471062  851635632   80805978    1184602459  32049715    -           -           18.14357044984643389     -           
D20          1015145308  983069285   32076023    1084289969  722563106   802040351   80805978    743693181   47120054    -           -           20.86307636659329804     -           
D3           985953450   317350789   668602661   1136401137  844664040   457808027   80805978    271471515   83267328    -           -           3.811228204656693199     -           
D15          476513066   580051389   1138092420  549833943   448791129   386976238   80805978    1175916213  36587804    -           -           15.85368143439272824     -           
D28          854254586   777405612   76848974    1061061684  599968622   259877512   80805978    82001555    27026194    -           -           28.76489423557012874     -           
D17          721671826   706743685   14928141    767035012   705081723   954334899   80805978    556786921   41224036    -           -           17.14397117739757456     -           
D63          351987410   1134223938  459394215   686098839   138248779   406241911   80805978    370572615   17875981    -           -           63.44960525523046819     -           
D11          1030931103  839596453   191334650   1110795544  862530714   610849383   80805978    300377603   72557811    -           -           11.57141376550072603     -           
D1           716149754   367112470   349037284   1194580944  293199028   537743050   80805978    709151849   237718564   -           -           1.544315529350076336     -           
D12788       1154236340  917473350   236762990   1176431813  270186714   64119365    80805978    103154896   71744       -           -           12788.15441012488849     -           
D198         756686913   980172014   1018145642  907038932   440205197   722944506   80805978    850879488   4926818     -           -           198.9462598374853708     -           
D50          991475253   1080329771  1152776225  1099280276  367243314   531882644   80805978    984730829   21230046    -           -           50.88683138039361761     -           
D7           1086509571  438122916   648386655   1155203297  901438912   177009852   80805978    681677087   56103681    -           -           7.809165248889818833     -           
D23          526878441   890705320   877803864   581290735   635950674   1135824176  80805978    176103012   37167795    -           -           23.96443803028939435     -           
D30          507664819   515151545   1234144017  753007807   204412467   625927317   80805978    784781559   16978843    -           -           30.34079206692705739     -           
D6           673952702   847634147   1067949298  1214882461  1224687046  772689336   80805978    1049315330  133022943   -           -           6.372089865730906284     -           
D36          126331799   879531981   488430561   160326228   1053629234  932340596   80805978    1140040197  24348512    -           -           36.12261730819526055     -           
D89          277443543   1212842119  306232167   297743848   698309101   663789141   1076002907  667328976   13539578    -           -           89.57754215087058104     -           
D29          546107184   1037454662  750283265   801409217   771411002   666601606   1076002907  918394982   35503118    -           -           29.22150843201997075     -           
D6           589013292   1142276163  688367872   998949493   384317902   1098620256  1076002907  24401453    179077091   -           -           6.378683932273615054     -           
D22          476054486   1233909330  483775899   687001779   616759183   1138306810  1076002907  438134323   54159900    -           -           22.78271064015997075     -           
D5           643472413   827677923   1057425233  1121662420  700492670   977212209   1076002907  849928179   165282406   -           -           5.007658970066057726     -           
D340         751716411   961553906   1031793248  834926567   1142672340  149990377   1076002907  154845825   2825007     -           -           340.3722206706036480     -           
D2496        698920600   1092863661  847687682   931748234   161253711   426189602   1076002907  684247886   437698      -           -           2496.844081992606774     -           
D3           717932533   677672665   40259868    983884257   1140979682  325108796   1076002907  478499416   186029085   -           -           3.642831791598609432     -           
D22          366914219   703652120   904892842   702027597   403632501   923228869   1076002907  522900436   31800841    -           -           22.12683997885464727     -           
D3           972435098   235427549   737007549   1196046575  392526385   1018038772  1076002907  99235268    77989190    -           -           3.018720273925142702     -           
D23          952733190   860110387   92622803    1044348428  732162148   359126775   1076002907  1001372785  36580810    -           -           23.51261185851270105     -           
D4           560523899   242163338   318360561   685586603   1157065304  650837557   1076002907  164960573   60273083    -           -           4.017769225443470346     -           
D7           599325314   1114241104  726714953   751526201   94676612    670472826   1076002907  262486052   142722653   -           -           7.807037499506122549     -           
D3           358220118   95654725    262565393   468470125   869397834   937494102   1076002907  606481573   27470097    -           -           3.482140052144701200     -           
D198         195515458   386062572   1051083629  227777404   342226903   180728851   1076002907  995575319   1943782     -           -           198.6141305969496579     -           
D5           409777140   826756617   824651266   669777385   521046973   1021463347  1076002907  248700170   149776895   -           -           5.519920926388546110     -           
D7           923841033   609862012   313979021   1064138958  624941296   296512582   1076002907  350675015   82053483    -           -           7.432493901569053442     -           
D17          437868313   994695476   684803580   820004885   876629268   275696850   1076002907  488283965   55731741    -           -           17.84791679125904213     -           
D4           934034899   946434027   1229231615  1172829063  271920822   309915594   1076002907  49333704    217652407   -           -           4.348373813297640214     -           
D2           373915452   462249637   1153296558  581648532   592085479   388390012   1076002907  617522958   166182372   -           -           2.781580449459464930     -           
D24          561352714   248651841   312700873   836926104   170428186   958148927   1076002907  1150300790  10205934    -           -           24.36345767080210395     -           
D120         355281039   1122353522  474558260   701216027   1168402901  164305371   1076002907  1104339691  9346051     -           -           120.0885295832432328     -           
D15          289769276   907263294   624136725   522551449   613698793   537276140   1076002907  844428398   56987103    -           -           15.92050211782129019     -           
D77          776082070   620164736   155917334   968112261   91174135    1220394724  1076002907  133573070   7961306     -           -           77.89736206597259293     -           
D3           530078890   567680694   1204028939  879493579   884536349   252839801   632979563   557686760   180664201   -           -           3.142186946045830075     -           
D2           777663388   17540936    760122452   931487725   1016006721  116789993   632979563   1049022446  8541703     -           -           2.053564259960806410     -           
D38          1182550039  1234404797  1189775985  1219673428  785388193   521013082   632979563   151612401   31724980    -           -           38.90955319751186604     -           
D40          708230705   873925748   1075935700  746369176   1137698135  245320001   632979563   85287430    21738227    -           -           40.20225513331883046     -           
D3           763921660   492801123   271120537   1070801423  454259580   69140304    632979563   1023705512  150162134   -           -           3.281793551229100140     -           
D18          866361996   303406194   562955802   1149737572  15228183    644918147   632979563   1134225613  16235268    -           -           18.68809273736657750     -           
D10          607280415   270591742   336688673   639625301   266181842   174662500   632979563   636759302   25072467    -           -           10.79238600653058991     -           
D84          671575820   184315338   487260482   719389823   473042941   570486173   632979563   622489055   2179778     -           -           84.55693102692109012     -           
D3           700634532   1142809197  799456078   1085005242  571957844   164117421   632979563   17172858    316263822   -           -           3.613467989392729213     -           
D2           465526776   329319500   136207276   636963240   130831077   286242306   632979563   112048762   122653848   -           -           2.684950414274813457     -           
D4556        340296039   228608666   111687373   510418972   1072008626  6500953     632979563   1056672965  50173       -           -           4556.408147808582305     -           
D4           616852261   765561167   1092921837  1075242645  843936210   406453911   632979563   488433401   158461877   -           -           4.831200926643068856     -           
D9           691214117   242848168   448365949   857933849   821646778   211069032   632979563   557218016   24335189    -           -           9.979300674426650230     -           
D1           832036695   469450453   362586242   1125850596  305096864   286834825   632979563   631559309   244408893   -           -           1.920758476656575667     -           
D99          55339164    327028975   969940932   107385409   184965912   380240974   632979563   12322840    3292919     -           -           99.31279056666744611     -           
D0           270386549   37838330    232548219   469550503   700363567   918209672   632979563   865397176   71222595    -           -           0.531268623391214543     -           
D138         394831826   923551257   712911312   783007491   592484574   121821074   632979563   963890224   6656161     -           -           138.7513398489008904     -           
D41          356853911   577771684   1020712970  528351502   430278226   48299971    632979563   638652542   13858729    -           -           41.69009178258698903     -           
D6           684022243   556472913   127549330   980041327   1172561077  26563516    632979563   752144039   91984075    -           -           6.049665803564366984     -           
D5           622209626   547018829   75190797    887238247   216415620   803915962   632979563   939629062   92152384    -           -           5.936024715323696888     -           
D4           498124062   375530074   122593988   634014439   786517195   117935107   632979563   1168935740  90452931    -           -           4.151662857669034517     -           
D14          157352008   624607682   774375069   215140657   278801540   538966310   632979563   921980047   41774710    -           -           14.95181371695937566     -           
D2           480586876   336048668   144538208   807554201   69020797    32335880    632979563   111205103   153619551   -           -           2.187538407790294869     -           
D265         746983925   1047394024  941220644   800057699   348506399   962341630   632979563   452967557   3951089     -           -           265.0899597553990811     -           
D70          1167112085  1181295109  1227447719  1186610089  429478390   1011327926  632979563   513152541   16729849    -           -           70.61002815984770693     -           
D34          501690792   956717285   786604250   975291305   581553912   264465509   632979563   116682789   28090279    -           -           34.05866082711389231     -           
D2           565549514   138923827   426625687   1062814854  1007907607  339534475   632979563   517287010   68284174    -           -           2.034495240434481934     -           
D26          128199054   375368656   994461141   242007002   1105490865  278164751   7340145     593019259   14391106    -           -           26.08337788631394974     -           
D5           646250443   567203382   79047061    1185549128  683879678   610430767   7340145     27192671    106951758   -           -           5.303357257577757627     -           
D23          177254717   544620864   874264596   254298080   489286411   419837440   7340145     44562988    23167991    -           -           23.50747045783987053     -           
D15          754696379   1229950409  766376713   980322419   1023116565  399070368   7340145     1174723564  77818259    -           -           15.80542182265989785     -           
D10          959642373   1220903849  980369267   1241528014  653220776   1006366245  7340145     557464592   113985450   -           -           10.71104995418274876     -           
D9           668566385   611932158   56634227    820095293   833321780   181347834   7340145     1229100709  62450753    -           -           9.798635382346790918     -           
D6           838246488   985272327   1094604904  1185705568  392445567   794140532   7340145     387802054   143328328   -           -           6.874233033681938995     -           
D68          470320425   946401267   765549901   622501106   519149862   683450364   7340145     107977040   13778382    -           -           68.68740226537484590     -           
D6           964875896   1000907347  1205599292  1238173190  335474230   599921825   7340145     1037697609  144984014   -           -           6.903570396388666684     -           
D8           460023632   217665002   242358630   604561523   109335314   5716192     7340145     417119187   26409959    -           -           8.241777353762646886     -           
D31          922804927   97520206    825284721   927595154   215813282   1164503747  7340145     407293129   3081343     -           -           31.64860452082095372     -           
D14          1127977498  536588189   591389309   1205952084  854923529   1091781837  7340145     1119543937  36333294    -           -           14.76849825397058686     -           
D45          667308422   642442909   24865513    748962487   1164058760  269613750   7340145     72876203    14075902    -           -           45.64133147559566697     -           
D35          761499832   246814859   514684973   788445170   306870444   1163679551  7340145     995534744   7030368     -           -           35.10696154170023532     -           
D178         373444661   1108112383  506963021   557068723   1104155390  803929249   7340145     614997705   6196537     -           -           178.8276876261692619     -           
D24473       494198099   1000017121  735811721   988355337   74195212    60702823    7340145     608475172   40861       -           -           24473.63307310149041     -           
D7           379114362   468652335   1152092770  458671626   419354939   1047542316  7340145     214003481   60885306    -           -           7.697297850486289746     -           
D85          143821500   650194664   735257579   177875387   377837973   983039541   7340145     462752403   7605952     -           -           85.48498123574800366     -           
D8           1048575014  1074159905  1216045852  1201404042  781273078   737830386   7340145     1070583897  131600846   -           -           8.162256836859544200     -           
D5           450464610   612337877   1079757476  622839542   304602966   146025231   7340145     1229866661  105714746   -           -           5.792360102723985166     -           
D12          196206461   1126138095  311699109   298847596   104765642   577574428   7340145     737090897   93565326    -           -           12.03584856851778617     -           
D0           710427917   63538256    646889661   1198963240  32893933    880878977   7340145     876617061   221892594   -           -           0.286346898085296168     -           
D48          418630566   619793756   1040467553  463735722   192789872   737716683   7340145     1119693600  12684162    -           -           48.86359508811066903     -           
D17          145644135   758618046   628656832   248085464   534766839   133681329   7340145     1072544358  43202806    -           -           17.55946236455104328     -           
D12          1004923530  591464985   413458545   1141594954  1059609852  952064001   390201460   299527636   48223562    -           -           12.26506214949447326     -           
D328         892095572   900942486   1232783829  908265568   440289963   56743829    390201460   1181123284  2745792     -           -           328.1175289315432487     -           
D2           751499298   895340923   1097789118  1184462913  151055704   177902075   390201460   644110162   318535683   -           -           2.810802590678671312     -           
D4           256151400   600115414   897666729   385069319   1181664476  570160334   390201460   848150062   127233481   -           -           4.716646980679558708     -           
D3           559578667   539695174   19883493    955785632   884743742   1167879568  390201460   72615627    163371702   -           -           3.303480146151626675     -           
D9           1072435485  310552383   761883102   1220728713  964653077   751439913   390201460   766212748   34382889    -           -           9.032178273326595679     -           
D3           678324036   1040104346  879850433   1077575845  499053983   620142760   390201460   629457434   279072227   -           -           3.727007725494661996     -           
D1           560383643   359665596   200718047   917054676   976528790   687416749   390201460   672025444   203712610   -           -           1.765553914409127643     -           
D7           629257544   929770274   941118013   794790562   1194408550  187669539   390201460   418193951   132658490   -           -           7.008750619730407002     -           
D10          278786912   746055671   774361984   383795725   693340226   951253960   390201460   4534133     68769286    -           -           10.84867554099660130     -           
D1           750028011   337901392   412126619   1000359567  1171211202  173730261   390201460   492728957   249364899   -           -           1.355047937199854258     -           
D0           644127773   93602364    550525409   774542466   450117412   12621792    390201460   279725038   122469001   -           -           0.764294337634059740     -           
D0           563893188   44889562    519003626   1072055285  476995808   367090574   390201460   797204979   55731091    -           -           0.805467131443739366     -           
D33          635866603   781597455   1095899891  723324242   852938424   1221744180  390201460   643619442   23663130    -           -           33.03018049598679464     -           
D26          311724840   768772339   784583244   343182860   240585787   1130740608  390201460   647579891   28602660    -           -           26.87765190370406109     -           
D5           786851854   914339980   1114142617  994327600   395457709   499921194   390201460   1047553593  164424616   -           -           5.560846071855810203     -           
D6           415547561   992969680   664208624   683644826   170287863   520800312   390201460   995402957   147450296   -           -           6.734267118731318111     -           
D2           419397446   173888210   245509236   777459506   907632111   497647779   390201460   959185677   61335386    -           -           2.835038977336834564     -           
D23          364827805   349892990   14934815    714702646   409037987   420725268   390201460   972942259   14952964    -           -           23.39957415800639926     -           
D9           915105459   562856895   352248564   1057311642  1156940750  405012419   58228855    396215040   61868361    -           -           9.097653241533261241     -           
D13          349950619   873249696   718331666   491899795   1165417972  725486448   58228855    1213798035  66052267    -           -           13.22058629721217592     -           
D45          221632117   422481159   1040781701  251963080   49349964    600231665   58228855    506064085   9315376     -           -           45.35309782450005238     -           
D0           790954232   14287428    776666804   1131271545  1100606419  1074523622  58228855    90035032    110319606   -           -           0.129509418298683916     -           
D3           480757221   531037933   1191350031  801066475   75351367    88708477    58228855    336641618   160447967   -           -           3.309720546350082453     -           
D11          140680585   147160267   1235151061  172555286   1155221484  1127343061  58228855    505844241   13181781    -           -           11.16391381407413763     -           
D43          403983318   1161357395  484256666   780968638   909637705   255878009   58228855    999553934   26997998    -           -           43.01642644021234463     -           
D4           642489269   727417968   1156702044  1128400570  623192941   269180501   58228855    540945643   156577968   -           -           4.645723643571616665     -           
D7           336456872   307981661   28475211    630670726   474594176   779441214   58228855    1206503467  42243018    -           -           7.290711591676522733     -           
D14          605237738   475916091   129321647   891275837   145829658   89805147    58228855    319964143   33161540    -           -           14.35144721867561036     -           
D2           674559994   796320496   1119870241  1038042584  70799058    517799087   58228855    1042334408  311077404   -           -           2.559878942541258959     -           
D169         803675908   170434049   633241859   1004343533  578798879   859823206   58228855    1095622869  1005408     -           -           169.5172994446035838     -           
D3           1006845889  67915129    938930760   1147859160  422252446   141627239   58228855    1226467313  19752992    -           -           3.438219840315836709     -           
D0           606732549   119400626   487331923   977631079   900299054   1022229224  58228855    1034575143  235834019   -           -           0.506290935066496916     -           
D15          164514812   337338930   1068806625  212117839   169229173   69952409    58228855    510036582   21705731    -           -           15.54146828779919920     -           
D10          776064159   347485070   428579089   838070674   443866697   143076037   58228855    1161122348  31985979    -           -           10.86366842171690289     -           
D3           419302148   373818248   45483900    579568702   239673047   914033128   58228855    390257093   98769040    -           -           3.784771503296984561     -           
D119         457197200   629866484   1068961459  570180837   443233348   127118837   58228855    989175850   5262652     -           -           119.6861361914107184     -           
D199         558941602   1019859617  780712728   669706877   37570574    227843181   58228855    1202213843  5115227     -           -           199.3771961635329184     -           
D35          675148514   1026491621  890287636   755973439   976930763   591480060   58228855    394356993   28549114    -           -           35.95528817461725782     -           
D2           69239647    55496487    13743160    111433886   497999991   306474507   58228855    1084679534  27045408    -           -           2.051974479364482133     -           
D7           188814829   603522876   826922696   295140524   539670074   326107167   58228855    232122380   82489134    -           -           7.316392435396400209     -           
D10          513545022   1220687749  534488016   646041265   351414191   1197143919  58228855    920271955   116056293   -           -           10.51806599578361511     -           
D111         28037090    1046756200  222911633   46678637    1118846277  809759962   58228855    1195149706  9395543     -           -           111.4098674233091158     -           
D5           593182445   986944096   847869092   1013006496  797348969   165432839   903184507   126585211   173358394   -           -           5.693085135525655596     -           
--------------------------------------------------------------------------------------------------------------------------------------------------------------------------------------
case         s           s_zk        s_rxk       s_zr        z           r           x           k^{-1}      a           m1          m2          f                        x_recovered 
--------------------------------------------------------------------------------------------------------------------------------------------------------------------------------------

Statistics:

Total Key Count: 10000
Transaction Limit Per Key: 100
Total Transaction Count: 1000000
Maximum Transaction Count: 2.376675e+36
Total Cases: 250311
Case A Count: 0
Case B Count: 0
Case C Count: 0
Case D Count: 250311
Case E Count: 0
Case D0 Count: 17529
Case D1 Count: 17456
Case D2 Count: 17542
Case D3 Count: 16925
Case D4 Count: 15126
Case D5 Count: 13021
Case D6 Count: 11036
Case D7 Count: 9390
Case D8 Count: 8207
Case D9 Count: 7310
Case D10 Count: 6193
Case D11 Count: 5558
Case D12 Count: 4969
Case D13 Count: 4385
Case D14 Count: 3984
Case D15 Count: 3690
Case D16 Count: 3473
Case D17 Count: 2957
Case D18 Count: 2776
Case D19 Count: 2673
Case D20 Count: 2451
Case D21 Count: 2269
Case D22 Count: 2167
Case D23 Count: 2036
Case D24 Count: 1820
Case D25 Count: 1695
Case D26 Count: 1626
Case D27 Count: 1559
Case D28 Count: 1400
Case D29 Count: 1336
Case D30 Count: 1303
Case D31 Count: 1244
Case D32 Count: 1174
Case D33 Count: 1137
Case D34 Count: 1076
Case D35 Count: 1024
Case D36 Count: 925
Case D37 Count: 937
Case D38 Count: 864
Case D39 Count: 891
Case D40 Count: 817
Case D41 Count: 815
Case D42 Count: 762
Case D43 Count: 746
Case D44 Count: 729
Case D45 Count: 681
Case D46 Count: 677
Case D47 Count: 660
Case D48 Count: 633
Case D49 Count: 577
Case D50 Count: 573
Case D51 Count: 555
Case D52 Count: 573
Case D53 Count: 555
Case D54 Count: 507
Case D55 Count: 507
Case D56 Count: 483
Case D57 Count: 523
Case D58 Count: 432
Case D59 Count: 417
Case D60 Count: 488
Case D61 Count: 430
Case D62 Count: 404
Case D63 Count: 379
Case D64 Count: 386
Case D65 Count: 402
Case D66 Count: 359
Case D67 Count: 371
Case D68 Count: 354
Case D69 Count: 357
Case D70 Count: 347
Case D71 Count: 345
Case D72 Count: 290
Case D73 Count: 305
Case D74 Count: 292
Case D75 Count: 304
Case D76 Count: 279
Case D77 Count: 282
Case D78 Count: 311
Case D79 Count: 264
Case D80 Count: 279
Case D81 Count: 261
Case D82 Count: 276
Case D83 Count: 245
Case D84 Count: 248
Case D85 Count: 251
Case D86 Count: 246
Case D87 Count: 211
Case D88 Count: 230
Case D89 Count: 228
Case D90 Count: 241
Case D91 Count: 208
Case D92 Count: 218
Case D93 Count: 233
Case D94 Count: 224
Case D95 Count: 192
Case D96 Count: 192
Case D97 Count: 162
Case D98 Count: 189
Case D99 Count: 182
Case D100 Count: 172
Case D101 Count: 168
Case D102 Count: 154
Case D103 Count: 182
Case D104 Count: 168
Case D105 Count: 151
Case D106 Count: 172
Case D107 Count: 180
Case D108 Count: 149
Case D109 Count: 163
Case D110 Count: 151
Case D111 Count: 175
Case D112 Count: 148
Case D113 Count: 145
Case D114 Count: 151
Case D115 Count: 155
Case D116 Count: 142
Case D117 Count: 153
Case D118 Count: 131
Case D119 Count: 135
Case D120 Count: 135
Case D121 Count: 144
Case D122 Count: 121
Case D123 Count: 137
Case D124 Count: 114
Case D125 Count: 126
Case D126 Count: 154
Case D127 Count: 115
Case D128 Count: 125
Case D129 Count: 105
Case D130 Count: 123
Case D131 Count: 120
Case D132 Count: 126
Case D133 Count: 124
Case D134 Count: 112
Case D135 Count: 108
Case D136 Count: 109
Case D137 Count: 109
Case D138 Count: 103
Case D139 Count: 121
Case D140 Count: 100
Case D141 Count: 110
Case D142 Count: 102
Case D143 Count: 87
Case D144 Count: 92
Case D145 Count: 103
Case D146 Count: 95
Case D147 Count: 111
Case D148 Count: 99
Case D149 Count: 77
Case D150 Count: 92
Case D151 Count: 92
Case D152 Count: 96
Case D153 Count: 92
Case D154 Count: 78
Case D155 Count: 88
Case D156 Count: 78
Case D157 Count: 93
Case D158 Count: 88
Case D159 Count: 81
Case D160 Count: 93
Case D161 Count: 80
Case D162 Count: 85
Case D163 Count: 76
Case D164 Count: 81
Case D165 Count: 80
Case D166 Count: 76
Case D167 Count: 85
Case D168 Count: 72
Case D169 Count: 76
Case D170 Count: 82
Case D171 Count: 69
Case D172 Count: 60
Case D173 Count: 74
Case D174 Count: 77
Case D175 Count: 74
Case D176 Count: 74
Case D177 Count: 55
Case D178 Count: 66
Case D179 Count: 81
Case D180 Count: 47
Case D181 Count: 67
Case D182 Count: 68
Case D183 Count: 55
Case D184 Count: 66
Case D185 Count: 66
Case D186 Count: 67
Case D187 Count: 63
Case D188 Count: 48
Case D189 Count: 71
Case D190 Count: 61
Case D191 Count: 48
Case D192 Count: 51
Case D193 Count: 54
Case D194 Count: 36
Case D195 Count: 48
Case D196 Count: 60
Case D197 Count: 53
Case D198 Count: 55
Case D199 Count: 43
Case D200 Count: 47
Case D201 Count: 53
Case D202 Count: 56
Case D203 Count: 43
Case D204 Count: 55
Case D205 Count: 44
Case D206 Count: 56
Case D207 Count: 52
Case D208 Count: 49
Case D209 Count: 53
Case D210 Count: 40
Case D211 Count: 44
Case D212 Count: 52
Case D213 Count: 48
Case D214 Count: 48
Case D215 Count: 44
Case D216 Count: 52
Case D217 Count: 51
Case D218 Count: 38
Case D219 Count: 51
Case D220 Count: 37
Case D221 Count: 40
Case D222 Count: 43
Case D223 Count: 41
Case D224 Count: 40
Case D225 Count: 48
Case D226 Count: 47
Case D227 Count: 47
Case D228 Count: 42
Case D229 Count: 34
Case D230 Count: 42
Case D231 Count: 44
Case D232 Count: 35
Case D233 Count: 49
Case D234 Count: 37
Case D235 Count: 37
Case D236 Count: 34
Case D237 Count: 45
Case D238 Count: 31
Case D239 Count: 31
Case D240 Count: 41
Case D241 Count: 25
Case D242 Count: 38
Case D243 Count: 37
Case D244 Count: 49
Case D245 Count: 33
Case D246 Count: 36
Case D247 Count: 37
Case D248 Count: 39
Case D249 Count: 25
Case D250 Count: 41
Case D251 Count: 29
Case D252 Count: 26
Case D253 Count: 28
Case D254 Count: 37
Case D255 Count: 34
Case D256 Count: 35
Case D257 Count: 38
Case D258 Count: 41
Case D259 Count: 33
Case D260 Count: 46
Case D261 Count: 35
Case D262 Count: 34
Case D263 Count: 34
Case D264 Count: 41
Case D265 Count: 24
Case D266 Count: 42
Case D267 Count: 27
Case D268 Count: 33
Case D269 Count: 30
Case D270 Count: 36
Case D271 Count: 32
Case D272 Count: 32
Case D273 Count: 26
Case D274 Count: 40
Case D275 Count: 24
Case D276 Count: 37
Case D277 Count: 23
Case D278 Count: 28
Case D279 Count: 29
Case D280 Count: 32
Case D281 Count: 27
Case D282 Count: 27
Case D283 Count: 27
Case D284 Count: 31
Case D285 Count: 22
Case D286 Count: 31
Case D287 Count: 27
Case D288 Count: 27
Case D289 Count: 24
Case D290 Count: 28
Case D291 Count: 32
Case D292 Count: 23
Case D293 Count: 29
Case D294 Count: 28
Case D295 Count: 26
Case D296 Count: 26
Case D297 Count: 26
Case D298 Count: 24
Case D299 Count: 26
Case D300 Count: 33
Case D301 Count: 29
Case D302 Count: 25
Case D303 Count: 19
Case D304 Count: 18
Case D305 Count: 31
Case D306 Count: 25
Case D307 Count: 27
Case D308 Count: 23
Case D309 Count: 29
Case D310 Count: 29
Case D311 Count: 31
Case D312 Count: 29
Case D313 Count: 26
Case D314 Count: 22
Case D315 Count: 29
Case D316 Count: 27
Case D317 Count: 25
Case D318 Count: 28
Case D319 Count: 23
Case D320 Count: 23
Case D321 Count: 29
Case D322 Count: 30
Case D323 Count: 35
Case D324 Count: 27
Case D325 Count: 16
Case D326 Count: 29
Case D327 Count: 22
Case D328 Count: 20
Case D329 Count: 19
Case D330 Count: 27
Case D331 Count: 15
Case D332 Count: 18
Case D333 Count: 22
Case D334 Count: 20
Case D335 Count: 31
Case D336 Count: 21
Case D337 Count: 17
Case D338 Count: 20
Case D339 Count: 20
Case D340 Count: 19
Case D341 Count: 27
Case D342 Count: 25
Case D343 Count: 15
Case D344 Count: 28
Case D345 Count: 22
Case D346 Count: 19
Case D347 Count: 14
Case D348 Count: 15
Case D349 Count: 18
Case D350 Count: 17
Case D351 Count: 28
Case D352 Count: 22
Case D353 Count: 17
Case D354 Count: 22
Case D355 Count: 16
Case D356 Count: 30
Case D357 Count: 16
Case D358 Count: 19
Case D359 Count: 23
Case D360 Count: 23
Case D361 Count: 24
Case D362 Count: 18
Case D363 Count: 18
Case D364 Count: 26
Case D365 Count: 19
Case D366 Count: 14
Case D367 Count: 24
Case D368 Count: 17
Case D369 Count: 11
Case D370 Count: 17
Case D371 Count: 17
Case D372 Count: 18
Case D373 Count: 18
Case D374 Count: 14
Case D375 Count: 15
Case D376 Count: 13
Case D377 Count: 19
Case D378 Count: 19
Case D379 Count: 19
Case D380 Count: 24
Case D381 Count: 16
Case D382 Count: 19
Case D383 Count: 15
Case D384 Count: 16
Case D385 Count: 11
Case D386 Count: 22
Case D387 Count: 13
Case D388 Count: 19
Case D389 Count: 20
Case D390 Count: 14
Case D391 Count: 15
Case D392 Count: 16
Case D393 Count: 14
Case D394 Count: 13
Case D395 Count: 18
Case D396 Count: 17
Case D397 Count: 15
Case D398 Count: 20
Case D399 Count: 22
Case D400 Count: 14
Case D401 Count: 14
Case D402 Count: 21
Case D403 Count: 21
Case D404 Count: 10
Case D405 Count: 15
Case D406 Count: 17
Case D407 Count: 17
Case D408 Count: 11
Case D409 Count: 14
Case D410 Count: 14
Case D411 Count: 10
Case D412 Count: 14
Case D413 Count: 18
Case D414 Count: 9
Case D415 Count: 13
Case D416 Count: 22
Case D417 Count: 16
Case D418 Count: 19
Case D419 Count: 14
Case D420 Count: 14
Case D421 Count: 14
Case D422 Count: 15
Case D423 Count: 11
Case D424 Count: 27
Case D425 Count: 14
Case D426 Count: 14
Case D427 Count: 12
Case D428 Count: 17
Case D429 Count: 23
Case D430 Count: 13
Case D431 Count: 10
Case D432 Count: 16
Case D433 Count: 9
Case D434 Count: 10
Case D435 Count: 9
Case D436 Count: 15
Case D437 Count: 12
Case D438 Count: 15
Case D439 Count: 17
Case D440 Count: 12
Case D441 Count: 16
Case D442 Count: 9
Case D443 Count: 13
Case D444 Count: 18
Case D445 Count: 17
Case D446 Count: 12
Case D447 Count: 17
Case D448 Count: 15
Case D449 Count: 9
Case D450 Count: 12
Case D451 Count: 13
Case D452 Count: 8
Case D453 Count: 7
Case D454 Count: 11
Case D455 Count: 10
Case D456 Count: 15
Case D457 Count: 18
Case D458 Count: 15
Case D459 Count: 13
Case D460 Count: 16
Case D461 Count: 15
Case D462 Count: 8
Case D463 Count: 16
Case D464 Count: 9
Case D465 Count: 14
Case D466 Count: 12
Case D467 Count: 17
Case D468 Count: 6
Case D469 Count: 11
Case D470 Count: 15
Case D471 Count: 15
Case D472 Count: 13
Case D473 Count: 9
Case D474 Count: 10
Case D475 Count: 10
Case D476 Count: 12
Case D477 Count: 18
Case D478 Count: 17
Case D479 Count: 16
Case D480 Count: 14
Case D481 Count: 15
Case D482 Count: 12
Case D483 Count: 13
Case D484 Count: 6
Case D485 Count: 14
Case D486 Count: 13
Case D487 Count: 13
Case D488 Count: 12
Case D489 Count: 11
Case D490 Count: 15
Case D491 Count: 17
Case D492 Count: 14
Case D493 Count: 14
Case D494 Count: 7
Case D495 Count: 9
Case D496 Count: 8
Case D497 Count: 11
Case D498 Count: 9
Case D499 Count: 14
Case D500 Count: 5
Case D501 Count: 14
Case D502 Count: 13
Case D503 Count: 7
Case D504 Count: 7
Case D505 Count: 10
Case D506 Count: 14
Case D507 Count: 15
Case D508 Count: 12
Case D509 Count: 12
Case D510 Count: 11
Case D511 Count: 4
Case D512 Count: 17
Case D513 Count: 8
Case D514 Count: 13
Case D515 Count: 9
Case D516 Count: 9
Case D517 Count: 10
Case D518 Count: 8
Case D519 Count: 14
Case D520 Count: 14
Case D521 Count: 13
Case D522 Count: 6
Case D523 Count: 7
Case D524 Count: 9
Case D525 Count: 8
Case D526 Count: 11
Case D527 Count: 5
Case D528 Count: 11
Case D529 Count: 10
Case D530 Count: 8
Case D531 Count: 12
Case D532 Count: 9
Case D533 Count: 9
Case D534 Count: 11
Case D535 Count: 8
Case D536 Count: 6
Case D537 Count: 5
Case D538 Count: 9
Case D539 Count: 8
Case D540 Count: 8
Case D541 Count: 10
Case D542 Count: 6
Case D543 Count: 16
Case D544 Count: 4
Case D545 Count: 9
Case D546 Count: 10
Case D547 Count: 7
Case D548 Count: 5
Case D549 Count: 10
Case D550 Count: 7
Case D551 Count: 10
Case D552 Count: 5
Case D553 Count: 3
Case D554 Count: 14
Case D555 Count: 6
Case D556 Count: 16
Case D557 Count: 8
Case D558 Count: 12
Case D559 Count: 13
Case D560 Count: 10
Case D561 Count: 8
Case D562 Count: 6
Case D563 Count: 7
Case D564 Count: 7
Case D565 Count: 9
Case D566 Count: 7
Case D567 Count: 13
Case D568 Count: 9
Case D569 Count: 10
Case D570 Count: 12
Case D571 Count: 8
Case D572 Count: 6
Case D573 Count: 9
Case D574 Count: 9
Case D575 Count: 5
Case D576 Count: 9
Case D577 Count: 7
Case D578 Count: 10
Case D579 Count: 9
Case D580 Count: 5
Case D581 Count: 5
Case D582 Count: 9
Case D583 Count: 9
Case D584 Count: 9
Case D585 Count: 7
Case D586 Count: 9
Case D587 Count: 8
Case D588 Count: 10
Case D589 Count: 8
Case D590 Count: 7
Case D591 Count: 11
Case D592 Count: 6
Case D593 Count: 9
Case D594 Count: 10
Case D595 Count: 6
Case D596 Count: 5
Case D597 Count: 8
Case D598 Count: 7
Case D599 Count: 7
Case D600 Count: 8
Case D601 Count: 11
Case D602 Count: 7
Case D603 Count: 8
Case D604 Count: 7
Case D605 Count: 7
Case D606 Count: 10
Case D607 Count: 6
Case D608 Count: 6
Case D609 Count: 8
Case D610 Count: 7
Case D611 Count: 9
Case D612 Count: 5
Case D613 Count: 7
Case D614 Count: 10
Case D615 Count: 9
Case D616 Count: 11
Case D617 Count: 7
Case D618 Count: 8
Case D619 Count: 8
Case D620 Count: 8
Case D621 Count: 8
Case D622 Count: 2
Case D623 Count: 6
Case D624 Count: 6
Case D625 Count: 8
Case D626 Count: 9
Case D627 Count: 10
Case D628 Count: 12
Case D629 Count: 6
Case D630 Count: 6
Case D631 Count: 6
Case D632 Count: 11
Case D633 Count: 5
Case D634 Count: 11
Case D635 Count: 6
Case D636 Count: 8
Case D637 Count: 14
Case D638 Count: 7
Case D639 Count: 6
Case D640 Count: 7
Case D641 Count: 8
Case D642 Count: 9
Case D643 Count: 10
Case D644 Count: 6
Case D645 Count: 5
Case D646 Count: 10
Case D647 Count: 10
Case D648 Count: 3
Case D649 Count: 6
Case D650 Count: 10
Case D651 Count: 9
Case D652 Count: 5
Case D653 Count: 5
Case D654 Count: 6
Case D655 Count: 6
Case D656 Count: 8
Case D657 Count: 8
Case D658 Count: 7
Case D659 Count: 5
Case D660 Count: 8
Case D661 Count: 6
Case D662 Count: 7
Case D663 Count: 10
Case D664 Count: 6
Case D665 Count: 6
Case D666 Count: 3
Case D667 Count: 5
Case D668 Count: 8
Case D669 Count: 4
Case D670 Count: 4
Case D671 Count: 8
Case D672 Count: 7
Case D673 Count: 9
Case D674 Count: 4
Case D675 Count: 5
Case D676 Count: 6
Case D677 Count: 6
Case D678 Count: 8
Case D679 Count: 3
Case D680 Count: 2
Case D681 Count: 5
Case D682 Count: 4
Case D683 Count: 5
Case D684 Count: 8
Case D685 Count: 8
Case D686 Count: 4
Case D687 Count: 9
Case D688 Count: 4
Case D689 Count: 7
Case D690 Count: 2
Case D691 Count: 3
Case D692 Count: 2
Case D693 Count: 6
Case D694 Count: 5
Case D695 Count: 8
Case D696 Count: 5
Case D697 Count: 6
Case D698 Count: 2
Case D699 Count: 10
Case D700 Count: 5
Case D701 Count: 5
Case D702 Count: 8
Case D703 Count: 6
Case D704 Count: 5
Case D705 Count: 11
Case D706 Count: 9
Case D707 Count: 4
Case D708 Count: 13
Case D709 Count: 4
Case D710 Count: 8
Case D711 Count: 6
Case D712 Count: 5
Case D713 Count: 5
Case D714 Count: 1
Case D715 Count: 7
Case D716 Count: 4
Case D717 Count: 7
Case D718 Count: 5
Case D719 Count: 8
Case D720 Count: 8
Case D721 Count: 1
Case D722 Count: 3
Case D723 Count: 4
Case D724 Count: 7
Case D725 Count: 6
Case D726 Count: 3
Case D727 Count: 4
Case D728 Count: 7
Case D729 Count: 4
Case D730 Count: 2
Case D731 Count: 2
Case D732 Count: 6
Case D733 Count: 4
Case D734 Count: 8
Case D735 Count: 4
Case D736 Count: 5
Case D737 Count: 5
Case D738 Count: 6
Case D739 Count: 5
Case D740 Count: 3
Case D741 Count: 7
Case D742 Count: 3
Case D743 Count: 5
Case D744 Count: 5
Case D745 Count: 2
Case D746 Count: 6
Case D747 Count: 5
Case D748 Count: 3
Case D749 Count: 5
Case D750 Count: 5
Case D751 Count: 7
Case D752 Count: 4
Case D753 Count: 6
Case D754 Count: 7
Case D755 Count: 6
Case D756 Count: 1
Case D757 Count: 4
Case D758 Count: 2
Case D759 Count: 5
Case D760 Count: 7
Case D761 Count: 6
Case D762 Count: 5
Case D763 Count: 7
Case D764 Count: 3
Case D765 Count: 5
Case D766 Count: 5
Case D767 Count: 6
Case D768 Count: 3
Case D769 Count: 7
Case D770 Count: 4
Case D771 Count: 9
Case D772 Count: 6
Case D773 Count: 1
Case D774 Count: 6
Case D775 Count: 9
Case D776 Count: 6
Case D777 Count: 7
Case D778 Count: 6
Case D779 Count: 4
Case D780 Count: 9
Case D781 Count: 4
Case D782 Count: 3
Case D783 Count: 3
Case D784 Count: 2
Case D785 Count: 4
Case D786 Count: 2
Case D787 Count: 4
Case D788 Count: 4
Case D789 Count: 5
Case D790 Count: 4
Case D791 Count: 2
Case D792 Count: 3
Case D793 Count: 2
Case D794 Count: 5
Case D795 Count: 3
Case D796 Count: 2
Case D797 Count: 7
Case D798 Count: 5
Case D799 Count: 3
Case D800 Count: 2
Case D801 Count: 7
Case D802 Count: 11
Case D803 Count: 9
Case D804 Count: 1
Case D805 Count: 4
Case D806 Count: 6
Case D807 Count: 9
Case D808 Count: 5
Case D809 Count: 2
Case D810 Count: 5
Case D811 Count: 7
Case D812 Count: 3
Case D813 Count: 4
Case D814 Count: 8
Case D815 Count: 5
Case D816 Count: 4
Case D817 Count: 3
Case D818 Count: 4
Case D819 Count: 6
Case D820 Count: 1
Case D821 Count: 6
Case D822 Count: 4
Case D823 Count: 11
Case D824 Count: 5
Case D825 Count: 3
Case D826 Count: 4
Case D827 Count: 4
Case D828 Count: 3
Case D829 Count: 5
Case D830 Count: 6
Case D831 Count: 4
Case D832 Count: 4
Case D833 Count: 6
Case D834 Count: 8
Case D835 Count: 4
Case D836 Count: 3
Case D837 Count: 3
Case D838 Count: 3
Case D839 Count: 7
Case D840 Count: 3
Case D841 Count: 3
Case D842 Count: 2
Case D843 Count: 5
Case D844 Count: 1
Case D845 Count: 2
Case D846 Count: 2
Case D847 Count: 1
Case D848 Count: 1
Case D849 Count: 8
Case D850 Count: 9
Case D851 Count: 1
Case D852 Count: 4
Case D853 Count: 5
Case D854 Count: 7
Case D855 Count: 6
Case D856 Count: 6
Case D857 Count: 1
Case D858 Count: 2
Case D859 Count: 4
Case D860 Count: 5
Case D861 Count: 3
Case D862 Count: 4
Case D863 Count: 4
Case D864 Count: 2
Case D865 Count: 2
Case D866 Count: 1
Case D867 Count: 6
Case D868 Count: 3
Case D869 Count: 5
Case D870 Count: 4
Case D871 Count: 3
Case D872 Count: 9
Case D873 Count: 3
Case D874 Count: 5
Case D875 Count: 5
Case D876 Count: 3
Case D877 Count: 8
Case D878 Count: 1
Case D879 Count: 6
Case D880 Count: 3
Case D881 Count: 6
Case D882 Count: 4
Case D883 Count: 4
Case D884 Count: 3
Case D885 Count: 4
Case D886 Count: 4
Case D887 Count: 3
Case D888 Count: 4
Case D889 Count: 3
Case D890 Count: 2
Case D891 Count: 1
Case D892 Count: 4
Case D893 Count: 1
Case D894 Count: 3
Case D895 Count: 1
Case D896 Count: 4
Case D897 Count: 8
Case D898 Count: 2
Case D899 Count: 4
Case D900 Count: 3
Case D901 Count: 3
Case D902 Count: 2
Case D903 Count: 5
Case D904 Count: 4
Case D905 Count: 4
Case D906 Count: 1
Case D907 Count: 1
Case D908 Count: 4
Case D909 Count: 1
Case D910 Count: 1
Case D911 Count: 2
Case D912 Count: 5
Case D913 Count: 3
Case D915 Count: 8
Case D916 Count: 7
Case D917 Count: 6
Case D918 Count: 4
Case D919 Count: 6
Case D921 Count: 5
Case D922 Count: 1
Case D923 Count: 1
Case D924 Count: 3
Case D925 Count: 3
Case D926 Count: 1
Case D927 Count: 2
Case D928 Count: 2
Case D929 Count: 3
Case D930 Count: 2
Case D931 Count: 3
Case D932 Count: 6
Case D933 Count: 4
Case D934 Count: 6
Case D935 Count: 4
Case D936 Count: 3
Case D937 Count: 2
Case D938 Count: 3
Case D939 Count: 2
Case D940 Count: 3
Case D941 Count: 7
Case D942 Count: 2
Case D943 Count: 5
Case D944 Count: 5
Case D945 Count: 3
Case D946 Count: 4
Case D947 Count: 4
Case D948 Count: 2
Case D949 Count: 6
Case D950 Count: 1
Case D951 Count: 2
Case D952 Count: 5
Case D953 Count: 4
Case D954 Count: 4
Case D955 Count: 2
Case D956 Count: 4
Case D957 Count: 5
Case D958 Count: 7
Case D959 Count: 3
Case D960 Count: 2
Case D961 Count: 3
Case D962 Count: 1
Case D963 Count: 3
Case D964 Count: 5
Case D965 Count: 4
Case D966 Count: 3
Case D967 Count: 2
Case D968 Count: 1
Case D969 Count: 2
Case D970 Count: 7
Case D971 Count: 3
Case D972 Count: 2
Case D973 Count: 3
Case D974 Count: 2
Case D976 Count: 2
Case D977 Count: 2
Case D978 Count: 5
Case D979 Count: 2
Case D980 Count: 1
Case D981 Count: 1
Case D982 Count: 2
Case D983 Count: 5
Case D984 Count: 7
Case D985 Count: 3
Case D986 Count: 3
Case D987 Count: 2
Case D988 Count: 2
Case D989 Count: 3
Case D990 Count: 5
Case D991 Count: 3
Case D992 Count: 4
Case D993 Count: 2
Case D994 Count: 3
Case D995 Count: 3
Case D996 Count: 6
Case D997 Count: 3
Case D998 Count: 2
Case D999 Count: 1
Case D1000 Count: 2
Case D1001 Count: 6
Case D1002 Count: 3
Case D1003 Count: 3
Case D1004 Count: 2
Case D1005 Count: 2
Case D1006 Count: 4
Case D1007 Count: 5
Case D1008 Count: 2
Case D1009 Count: 1
Case D1010 Count: 1
Case D1011 Count: 2
Case D1012 Count: 4
Case D1013 Count: 6
Case D1014 Count: 1
Case D1015 Count: 2
Case D1016 Count: 3
Case D1017 Count: 4
Case D1018 Count: 1
Case D1019 Count: 1
Case D1020 Count: 4
Case D1021 Count: 2
Case D1022 Count: 4
Case D1023 Count: 3
Case D1024 Count: 4
Case D1025 Count: 2
Case D1027 Count: 7
Case D1028 Count: 6
Case D1029 Count: 5
Case D1030 Count: 5
Case D1031 Count: 2
Case D1032 Count: 4
Case D1033 Count: 1
Case D1034 Count: 5
Case D1035 Count: 3
Case D1036 Count: 2
Case D1038 Count: 1
Case D1039 Count: 2
Case D1040 Count: 3
Case D1041 Count: 1
Case D1042 Count: 2
Case D1043 Count: 2
Case D1044 Count: 3
Case D1045 Count: 4
Case D1046 Count: 4
Case D1047 Count: 1
Case D1048 Count: 5
Case D1049 Count: 2
Case D1050 Count: 2
Case D1051 Count: 6
Case D1052 Count: 4
Case D1054 Count: 4
Case D1055 Count: 3
Case D1056 Count: 3
Case D1057 Count: 1
Case D1060 Count: 1
Case D1061 Count: 1
Case D1062 Count: 5
Case D1063 Count: 2
Case D1064 Count: 4
Case D1065 Count: 3
Case D1066 Count: 3
Case D1070 Count: 4
Case D1071 Count: 4
Case D1072 Count: 2
Case D1073 Count: 2
Case D1074 Count: 5
Case D1075 Count: 3
Case D1076 Count: 3
Case D1077 Count: 1
Case D1078 Count: 3
Case D1079 Count: 2
Case D1080 Count: 4
Case D1081 Count: 2
Case D1083 Count: 1
Case D1085 Count: 3
Case D1086 Count: 2
Case D1087 Count: 1
Case D1088 Count: 4
Case D1089 Count: 2
Case D1090 Count: 3
Case D1091 Count: 1
Case D1092 Count: 1
Case D1093 Count: 3
Case D1094 Count: 4
Case D1096 Count: 1
Case D1097 Count: 2
Case D1098 Count: 5
Case D1100 Count: 3
Case D1101 Count: 5
Case D1102 Count: 4
Case D1103 Count: 2
Case D1104 Count: 1
Case D1106 Count: 1
Case D1107 Count: 1
Case D1108 Count: 2
Case D1109 Count: 3
Case D1110 Count: 2
Case D1111 Count: 2
Case D1113 Count: 3
Case D1114 Count: 5
Case D1115 Count: 4
Case D1116 Count: 2
Case D1117 Count: 2
Case D1119 Count: 3
Case D1120 Count: 1
Case D1121 Count: 2
Case D1122 Count: 1
Case D1123 Count: 4
Case D1124 Count: 3
Case D1125 Count: 4
Case D1126 Count: 1
Case D1127 Count: 3
Case D1128 Count: 1
Case D1129 Count: 3
Case D1131 Count: 1
Case D1132 Count: 5
Case D1133 Count: 5
Case D1135 Count: 2
Case D1136 Count: 1
Case D1137 Count: 1
Case D1138 Count: 5
Case D1139 Count: 2
Case D1140 Count: 2
Case D1141 Count: 3
Case D1142 Count: 3
Case D1143 Count: 3
Case D1144 Count: 4
Case D1145 Count: 1
Case D1147 Count: 4
Case D1149 Count: 3
Case D1150 Count: 2
Case D1151 Count: 3
Case D1152 Count: 4
Case D1154 Count: 6
Case D1155 Count: 4
Case D1156 Count: 2
Case D1157 Count: 2
Case D1158 Count: 3
Case D1159 Count: 2
Case D1160 Count: 1
Case D1161 Count: 3
Case D1162 Count: 1
Case D1163 Count: 3
Case D1164 Count: 3
Case D1165 Count: 3
Case D1166 Count: 3
Case D1167 Count: 3
Case D1168 Count: 2
Case D1169 Count: 1
Case D1170 Count: 4
Case D1171 Count: 4
Case D1172 Count: 1
Case D1173 Count: 3
Case D1175 Count: 5
Case D1176 Count: 5
Case D1178 Count: 1
Case D1179 Count: 4
Case D1180 Count: 4
Case D1181 Count: 4
Case D1182 Count: 3
Case D1183 Count: 1
Case D1184 Count: 1
Case D1185 Count: 3
Case D1186 Count: 1
Case D1187 Count: 3
Case D1188 Count: 2
Case D1189 Count: 3
Case D1190 Count: 3
Case D1191 Count: 1
Case D1192 Count: 4
Case D1193 Count: 3
Case D1194 Count: 2
Case D1195 Count: 3
Case D1196 Count: 2
Case D1197 Count: 1
Case D1198 Count: 2
Case D1199 Count: 2
Case D1200 Count: 2
Case D1202 Count: 6
Case D1203 Count: 1
Case D1204 Count: 3
Case D1205 Count: 1
Case D1206 Count: 1
Case D1207 Count: 2
Case D1208 Count: 2
Case D1209 Count: 5
Case D1210 Count: 2
Case D1211 Count: 4
Case D1212 Count: 1
Case D1213 Count: 3
Case D1214 Count: 1
Case D1215 Count: 1
Case D1216 Count: 4
Case D1217 Count: 6
Case D1218 Count: 3
Case D1219 Count: 1
Case D1220 Count: 1
Case D1221 Count: 3
Case D1222 Count: 3
Case D1223 Count: 2
Case D1226 Count: 1
Case D1227 Count: 1
Case D1228 Count: 2
Case D1230 Count: 4
Case D1231 Count: 2
Case D1233 Count: 2
Case D1234 Count: 1
Case D1235 Count: 6
Case D1237 Count: 1
Case D1238 Count: 7
Case D1239 Count: 2
Case D1240 Count: 1
Case D1241 Count: 2
Case D1242 Count: 2
Case D1243 Count: 2
Case D1244 Count: 1
Case D1245 Count: 4
Case D1246 Count: 6
Case D1247 Count: 3
Case D1248 Count: 2
Case D1249 Count: 4
Case D1250 Count: 1
Case D1251 Count: 4
Case D1252 Count: 1
Case D1253 Count: 1
Case D1255 Count: 1
Case D1256 Count: 2
Case D1257 Count: 2
Case D1258 Count: 3
Case D1259 Count: 1
Case D1260 Count: 2
Case D1261 Count: 1
Case D1262 Count: 1
Case D1263 Count: 4
Case D1264 Count: 1
Case D1266 Count: 1
Case D1267 Count: 2
Case D1269 Count: 2
Case D1272 Count: 3
Case D1273 Count: 1
Case D1274 Count: 3
Case D1275 Count: 1
Case D1276 Count: 2
Case D1277 Count: 2
Case D1278 Count: 3
Case D1279 Count: 2
Case D1281 Count: 1
Case D1282 Count: 1
Case D1283 Count: 2
Case D1284 Count: 3
Case D1285 Count: 3
Case D1286 Count: 1
Case D1287 Count: 1
Case D1288 Count: 5
Case D1289 Count: 3
Case D1290 Count: 1
Case D1291 Count: 3
Case D1292 Count: 1
Case D1293 Count: 1
Case D1294 Count: 2
Case D1295 Count: 3
Case D1296 Count: 4
Case D1297 Count: 2
Case D1298 Count: 3
Case D1299 Count: 1
Case D1301 Count: 2
Case D1302 Count: 1
Case D1304 Count: 1
Case D1306 Count: 1
Case D1308 Count: 1
Case D1309 Count: 1
Case D1311 Count: 1
Case D1313 Count: 1
Case D1314 Count: 3
Case D1315 Count: 3
Case D1316 Count: 1
Case D1317 Count: 5
Case D1318 Count: 2
Case D1319 Count: 2
Case D1320 Count: 1
Case D1321 Count: 1
Case D1322 Count: 1
Case D1323 Count: 1
Case D1324 Count: 2
Case D1325 Count: 1
Case D1326 Count: 2
Case D1327 Count: 1
Case D1328 Count: 4
Case D1329 Count: 1
Case D1330 Count: 2
Case D1331 Count: 1
Case D1332 Count: 5
Case D1333 Count: 4
Case D1334 Count: 4
Case D1335 Count: 2
Case D1336 Count: 1
Case D1337 Count: 2
Case D1338 Count: 2
Case D1339 Count: 2
Case D1340 Count: 3
Case D1341 Count: 2
Case D1342 Count: 1
Case D1343 Count: 3
Case D1344 Count: 2
Case D1345 Count: 3
Case D1346 Count: 2
Case D1348 Count: 2
Case D1349 Count: 3
Case D1350 Count: 2
Case D1351 Count: 1
Case D1352 Count: 2
Case D1353 Count: 2
Case D1354 Count: 1
Case D1355 Count: 2
Case D1356 Count: 2
Case D1357 Count: 4
Case D1358 Count: 1
Case D1359 Count: 1
Case D1360 Count: 1
Case D1361 Count: 1
Case D1362 Count: 2
Case D1363 Count: 4
Case D1364 Count: 3
Case D1366 Count: 1
Case D1367 Count: 2
Case D1368 Count: 1
Case D1369 Count: 4
Case D1370 Count: 2
Case D1371 Count: 2
Case D1372 Count: 2
Case D1374 Count: 1
Case D1375 Count: 5
Case D1376 Count: 1
Case D1377 Count: 3
Case D1378 Count: 2
Case D1379 Count: 2
Case D1380 Count: 4
Case D1382 Count: 2
Case D1385 Count: 1
Case D1386 Count: 3
Case D1387 Count: 2
Case D1388 Count: 2
Case D1389 Count: 2
Case D1390 Count: 2
Case D1392 Count: 1
Case D1393 Count: 3
Case D1394 Count: 3
Case D1395 Count: 1
Case D1397 Count: 1
Case D1399 Count: 1
Case D1400 Count: 3
Case D1401 Count: 1
Case D1402 Count: 1
Case D1403 Count: 2
Case D1404 Count: 2
Case D1405 Count: 3
Case D1408 Count: 2
Case D1409 Count: 2
Case D1411 Count: 4
Case D1413 Count: 1
Case D1414 Count: 1
Case D1416 Count: 2
Case D1417 Count: 3
Case D1418 Count: 1
Case D1419 Count: 2
Case D1420 Count: 2
Case D1421 Count: 1
Case D1422 Count: 1
Case D1423 Count: 2
Case D1425 Count: 3
Case D1426 Count: 2
Case D1427 Count: 1
Case D1428 Count: 4
Case D1429 Count: 1
Case D1430 Count: 1
Case D1431 Count: 1
Case D1432 Count: 2
Case D1433 Count: 1
Case D1434 Count: 4
Case D1435 Count: 1
Case D1436 Count: 1
Case D1437 Count: 1
Case D1438 Count: 2
Case D1439 Count: 3
Case D1442 Count: 1
Case D1443 Count: 1
Case D1444 Count: 1
Case D1447 Count: 1
Case D1448 Count: 1
Case D1450 Count: 2
Case D1452 Count: 2
Case D1453 Count: 3
Case D1454 Count: 1
Case D1455 Count: 4
Case D1456 Count: 1
Case D1457 Count: 1
Case D1458 Count: 2
Case D1459 Count: 1
Case D1460 Count: 2
Case D1462 Count: 1
Case D1463 Count: 2
Case D1464 Count: 1
Case D1467 Count: 3
Case D1468 Count: 2
Case D1469 Count: 1
Case D1470 Count: 3
Case D1471 Count: 2
Case D1474 Count: 1
Case D1475 Count: 2
Case D1476 Count: 3
Case D1477 Count: 1
Case D1478 Count: 3
Case D1479 Count: 2
Case D1481 Count: 3
Case D1482 Count: 1
Case D1484 Count: 3
Case D1485 Count: 1
Case D1486 Count: 1
Case D1487 Count: 3
Case D1489 Count: 2
Case D1490 Count: 3
Case D1491 Count: 3
Case D1492 Count: 2
Case D1493 Count: 1
Case D1494 Count: 1
Case D1495 Count: 2
Case D1496 Count: 3
Case D1497 Count: 1
Case D1498 Count: 1
Case D1499 Count: 1
Case D1500 Count: 2
Case D1501 Count: 1
Case D1502 Count: 3
Case D1504 Count: 2
Case D1506 Count: 1
Case D1508 Count: 1
Case D1509 Count: 1
Case D1510 Count: 4
Case D1511 Count: 1
Case D1512 Count: 1
Case D1514 Count: 1
Case D1517 Count: 5
Case D1519 Count: 2
Case D1521 Count: 1
Case D1522 Count: 1
Case D1523 Count: 1
Case D1524 Count: 1
Case D1527 Count: 2
Case D1528 Count: 1
Case D1529 Count: 1
Case D1531 Count: 2
Case D1533 Count: 1
Case D1534 Count: 2
Case D1535 Count: 3
Case D1538 Count: 1
Case D1540 Count: 3
Case D1541 Count: 1
Case D1542 Count: 1
Case D1543 Count: 1
Case D1544 Count: 2
Case D1546 Count: 4
Case D1547 Count: 2
Case D1549 Count: 1
Case D1550 Count: 2
Case D1551 Count: 3
Case D1552 Count: 1
Case D1554 Count: 2
Case D1555 Count: 1
Case D1556 Count: 1
Case D1557 Count: 2
Case D1559 Count: 2
Case D1560 Count: 1
Case D1561 Count: 3
Case D1564 Count: 1
Case D1566 Count: 1
Case D1568 Count: 5
Case D1569 Count: 2
Case D1570 Count: 3
Case D1573 Count: 1
Case D1574 Count: 1
Case D1575 Count: 1
Case D1576 Count: 1
Case D1577 Count: 1
Case D1578 Count: 1
Case D1580 Count: 3
Case D1581 Count: 2
Case D1582 Count: 2
Case D1584 Count: 2
Case D1585 Count: 1
Case D1586 Count: 1
Case D1587 Count: 1
Case D1588 Count: 3
Case D1589 Count: 1
Case D1590 Count: 1
Case D1591 Count: 3
Case D1593 Count: 1
Case D1595 Count: 1
Case D1597 Count: 2
Case D1598 Count: 2
Case D1601 Count: 1
Case D1602 Count: 2
Case D1603 Count: 2
Case D1604 Count: 2
Case D1605 Count: 2
Case D1606 Count: 1
Case D1607 Count: 1
Case D1608 Count: 3
Case D1609 Count: 1
Case D1610 Count: 1
Case D1611 Count: 1
Case D1612 Count: 3
Case D1614 Count: 3
Case D1615 Count: 1
Case D1616 Count: 2
Case D1617 Count: 4
Case D1618 Count: 1
Case D1619 Count: 3
Case D1620 Count: 3
Case D1621 Count: 1
Case D1622 Count: 2
Case D1625 Count: 5
Case D1627 Count: 1
Case D1628 Count: 3
Case D1629 Count: 2
Case D1631 Count: 1
Case D1632 Count: 2
Case D1633 Count: 1
Case D1634 Count: 2
Case D1635 Count: 2
Case D1636 Count: 1
Case D1637 Count: 2
Case D1638 Count: 2
Case D1639 Count: 4
Case D1640 Count: 1
Case D1641 Count: 2
Case D1642 Count: 1
Case D1643 Count: 1
Case D1644 Count: 2
Case D1645 Count: 4
Case D1647 Count: 1
Case D1649 Count: 1
Case D1650 Count: 2
Case D1651 Count: 1
Case D1652 Count: 1
Case D1653 Count: 4
Case D1654 Count: 2
Case D1656 Count: 1
Case D1657 Count: 1
Case D1659 Count: 4
Case D1660 Count: 2
Case D1661 Count: 2
Case D1662 Count: 3
Case D1665 Count: 2
Case D1667 Count: 1
Case D1669 Count: 1
Case D1671 Count: 1
Case D1672 Count: 1
Case D1675 Count: 1
Case D1676 Count: 1
Case D1677 Count: 1
Case D1678 Count: 1
Case D1679 Count: 1
Case D1680 Count: 1
Case D1681 Count: 2
Case D1682 Count: 2
Case D1683 Count: 2
Case D1685 Count: 2
Case D1688 Count: 2
Case D1690 Count: 3
Case D1691 Count: 2
Case D1693 Count: 1
Case D1696 Count: 1
Case D1697 Count: 1
Case D1698 Count: 1
Case D1700 Count: 1
Case D1703 Count: 1
Case D1704 Count: 1
Case D1707 Count: 1
Case D1708 Count: 1
Case D1709 Count: 1
Case D1710 Count: 2
Case D1711 Count: 1
Case D1713 Count: 1
Case D1714 Count: 1
Case D1715 Count: 1
Case D1716 Count: 1
Case D1718 Count: 3
Case D1720 Count: 1
Case D1721 Count: 1
Case D1722 Count: 2
Case D1723 Count: 2
Case D1724 Count: 2
Case D1725 Count: 2
Case D1726 Count: 3
Case D1727 Count: 2
Case D1728 Count: 3
Case D1729 Count: 3
Case D1730 Count: 2
Case D1732 Count: 1
Case D1733 Count: 3
Case D1735 Count: 3
Case D1736 Count: 3
Case D1737 Count: 3
Case D1738 Count: 1
Case D1740 Count: 1
Case D1741 Count: 1
Case D1742 Count: 1
Case D1744 Count: 1
Case D1748 Count: 1
Case D1749 Count: 1
Case D1753 Count: 1
Case D1754 Count: 2
Case D1755 Count: 3
Case D1756 Count: 1
Case D1757 Count: 1
Case D1760 Count: 1
Case D1761 Count: 4
Case D1762 Count: 1
Case D1763 Count: 1
Case D1765 Count: 2
Case D1766 Count: 1
Case D1769 Count: 2
Case D1770 Count: 1
Case D1771 Count: 1
Case D1772 Count: 1
Case D1773 Count: 1
Case D1774 Count: 1
Case D1775 Count: 2
Case D1776 Count: 3
Case D1778 Count: 2
Case D1779 Count: 1
Case D1780 Count: 2
Case D1781 Count: 2
Case D1782 Count: 1
Case D1783 Count: 1
Case D1784 Count: 2
Case D1785 Count: 2
Case D1786 Count: 2
Case D1787 Count: 2
Case D1788 Count: 2
Case D1791 Count: 3
Case D1793 Count: 4
Case D1794 Count: 1
Case D1795 Count: 1
Case D1797 Count: 1
Case D1799 Count: 2
Case D1802 Count: 1
Case D1803 Count: 1
Case D1804 Count: 1
Case D1806 Count: 1
Case D1807 Count: 2
Case D1808 Count: 2
Case D1811 Count: 2
Case D1813 Count: 2
Case D1815 Count: 1
Case D1817 Count: 2
Case D1818 Count: 1
Case D1819 Count: 2
Case D1822 Count: 2
Case D1823 Count: 1
Case D1828 Count: 3
Case D1829 Count: 1
Case D1831 Count: 1
Case D1832 Count: 1
Case D1833 Count: 1
Case D1834 Count: 1
Case D1835 Count: 1
Case D1836 Count: 2
Case D1839 Count: 1
Case D1842 Count: 3
Case D1843 Count: 1
Case D1845 Count: 2
Case D1846 Count: 1
Case D1849 Count: 2
Case D1850 Count: 2
Case D1852 Count: 1
Case D1854 Count: 2
Case D1857 Count: 2
Case D1858 Count: 2
Case D1859 Count: 2
Case D1860 Count: 1
Case D1862 Count: 2
Case D1864 Count: 3
Case D1865 Count: 2
Case D1866 Count: 1
Case D1867 Count: 1
Case D1869 Count: 2
Case D1871 Count: 1
Case D1872 Count: 1
Case D1873 Count: 1
Case D1874 Count: 2
Case D1875 Count: 1
Case D1877 Count: 3
Case D1879 Count: 3
Case D1880 Count: 1
Case D1882 Count: 2
Case D1883 Count: 1
Case D1884 Count: 1
Case D1885 Count: 2
Case D1887 Count: 1
Case D1888 Count: 2
Case D1889 Count: 1
Case D1896 Count: 4
Case D1901 Count: 1
Case D1903 Count: 3
Case D1904 Count: 2
Case D1905 Count: 1
Case D1906 Count: 1
Case D1907 Count: 1
Case D1908 Count: 2
Case D1909 Count: 2
Case D1911 Count: 1
Case D1912 Count: 2
Case D1913 Count: 2
Case D1914 Count: 1
Case D1915 Count: 1
Case D1916 Count: 1
Case D1921 Count: 1
Case D1923 Count: 2
Case D1924 Count: 1
Case D1925 Count: 2
Case D1927 Count: 1
Case D1928 Count: 3
Case D1930 Count: 1
Case D1931 Count: 2
Case D1934 Count: 1
Case D1935 Count: 1
Case D1936 Count: 1
Case D1937 Count: 2
Case D1938 Count: 1
Case D1939 Count: 2
Case D1940 Count: 2
Case D1941 Count: 3
Case D1944 Count: 1
Case D1946 Count: 1
Case D1947 Count: 1
Case D1950 Count: 1
Case D1951 Count: 1
Case D1952 Count: 1
Case D1956 Count: 1
Case D1957 Count: 1
Case D1958 Count: 1
Case D1960 Count: 2
Case D1962 Count: 1
Case D1963 Count: 1
Case D1964 Count: 2
Case D1966 Count: 1
Case D1968 Count: 1
Case D1969 Count: 2
Case D1970 Count: 1
Case D1971 Count: 3
Case D1973 Count: 1
Case D1974 Count: 1
Case D1975 Count: 2
Case D1976 Count: 1
Case D1978 Count: 1
Case D1979 Count: 1
Case D1980 Count: 1
Case D1981 Count: 1
Case D1983 Count: 1
Case D1985 Count: 1
Case D1989 Count: 4
Case D1990 Count: 1
Case D1994 Count: 1
Case D1995 Count: 1
Case D1997 Count: 1
Case D2001 Count: 1
Case D2002 Count: 1
Case D2003 Count: 1
Case D2004 Count: 1
Case D2005 Count: 2
Case D2006 Count: 2
Case D2008 Count: 1
Case D2011 Count: 2
Case D2012 Count: 1
Case D2015 Count: 1
Case D2019 Count: 1
Case D2020 Count: 1
Case D2021 Count: 2
Case D2022 Count: 1
Case D2025 Count: 1
Case D2026 Count: 1
Case D2028 Count: 1
Case D2031 Count: 1
Case D2032 Count: 1
Case D2034 Count: 1
Case D2035 Count: 1
Case D2039 Count: 1
Case D2041 Count: 2
Case D2042 Count: 1
Case D2043 Count: 3
Case D2046 Count: 1
Case D2047 Count: 1
Case D2048 Count: 1
Case D2049 Count: 2
Case D2051 Count: 1
Case D2053 Count: 1
Case D2054 Count: 1
Case D2056 Count: 1
Case D2059 Count: 1
Case D2061 Count: 1
Case D2062 Count: 2
Case D2063 Count: 1
Case D2064 Count: 2
Case D2068 Count: 1
Case D2070 Count: 1
Case D2073 Count: 1
Case D2074 Count: 2
Case D2080 Count: 1
Case D2082 Count: 1
Case D2083 Count: 2
Case D2085 Count: 1
Case D2087 Count: 1
Case D2089 Count: 2
Case D2091 Count: 2
Case D2094 Count: 1
Case D2096 Count: 1
Case D2099 Count: 2
Case D2107 Count: 1
Case D2108 Count: 1
Case D2110 Count: 2
Case D2114 Count: 1
Case D2115 Count: 1
Case D2117 Count: 3
Case D2118 Count: 2
Case D2119 Count: 2
Case D2120 Count: 3
Case D2123 Count: 1
Case D2124 Count: 1
Case D2125 Count: 1
Case D2127 Count: 1
Case D2130 Count: 1
Case D2131 Count: 1
Case D2133 Count: 1
Case D2137 Count: 2
Case D2138 Count: 1
Case D2140 Count: 3
Case D2141 Count: 2
Case D2143 Count: 2
Case D2146 Count: 1
Case D2148 Count: 2
Case D2149 Count: 1
Case D2151 Count: 1
Case D2153 Count: 1
Case D2154 Count: 1
Case D2159 Count: 1
Case D2163 Count: 2
Case D2164 Count: 1
Case D2166 Count: 2
Case D2168 Count: 1
Case D2169 Count: 2
Case D2170 Count: 1
Case D2171 Count: 2
Case D2172 Count: 3
Case D2173 Count: 1
Case D2174 Count: 1
Case D2175 Count: 1
Case D2180 Count: 1
Case D2184 Count: 2
Case D2185 Count: 1
Case D2188 Count: 2
Case D2189 Count: 1
Case D2191 Count: 1
Case D2193 Count: 1
Case D2194 Count: 1
Case D2195 Count: 1
Case D2196 Count: 1
Case D2197 Count: 1
Case D2199 Count: 1
Case D2204 Count: 2
Case D2206 Count: 1
Case D2207 Count: 1
Case D2210 Count: 3
Case D2211 Count: 1
Case D2213 Count: 1
Case D2216 Count: 1
Case D2217 Count: 1
Case D2219 Count: 2
Case D2220 Count: 1
Case D2221 Count: 1
Case D2225 Count: 3
Case D2226 Count: 2
Case D2228 Count: 1
Case D2229 Count: 1
Case D2231 Count: 1
Case D2232 Count: 1
Case D2233 Count: 2
Case D2236 Count: 1
Case D2242 Count: 1
Case D2245 Count: 1
Case D2247 Count: 1
Case D2248 Count: 1
Case D2249 Count: 1
Case D2250 Count: 3
Case D2251 Count: 2
Case D2257 Count: 1
Case D2258 Count: 1
Case D2259 Count: 2
Case D2260 Count: 1
Case D2262 Count: 1
Case D2263 Count: 1
Case D2266 Count: 1
Case D2267 Count: 1
Case D2270 Count: 1
Case D2271 Count: 1
Case D2273 Count: 1
Case D2274 Count: 1
Case D2275 Count: 2
Case D2276 Count: 1
Case D2277 Count: 2
Case D2281 Count: 1
Case D2282 Count: 1
Case D2283 Count: 1
Case D2284 Count: 2
Case D2288 Count: 1
Case D2289 Count: 1
Case D2290 Count: 1
Case D2292 Count: 3
Case D2297 Count: 3
Case D2305 Count: 2
Case D2307 Count: 2
Case D2309 Count: 1
Case D2315 Count: 2
Case D2316 Count: 3
Case D2317 Count: 2
Case D2318 Count: 1
Case D2320 Count: 1
Case D2321 Count: 1
Case D2324 Count: 1
Case D2327 Count: 2
Case D2328 Count: 2
Case D2331 Count: 1
Case D2332 Count: 1
Case D2335 Count: 1
Case D2336 Count: 2
Case D2337 Count: 1
Case D2339 Count: 1
Case D2341 Count: 2
Case D2343 Count: 3
Case D2344 Count: 1
Case D2347 Count: 1
Case D2349 Count: 2
Case D2352 Count: 1
Case D2353 Count: 1
Case D2354 Count: 3
Case D2358 Count: 1
Case D2360 Count: 1
Case D2361 Count: 1
Case D2363 Count: 3
Case D2364 Count: 2
Case D2365 Count: 1
Case D2367 Count: 2
Case D2370 Count: 1
Case D2371 Count: 2
Case D2372 Count: 1
Case D2375 Count: 1
Case D2376 Count: 1
Case D2378 Count: 1
Case D2379 Count: 1
Case D2380 Count: 1
Case D2382 Count: 2
Case D2384 Count: 1
Case D2385 Count: 1
Case D2386 Count: 2
Case D2388 Count: 1
Case D2390 Count: 1
Case D2391 Count: 3
Case D2392 Count: 1
Case D2395 Count: 1
Case D2397 Count: 1
Case D2398 Count: 1
Case D2399 Count: 2
Case D2401 Count: 1
Case D2402 Count: 1
Case D2404 Count: 1
Case D2405 Count: 1
Case D2408 Count: 1
Case D2409 Count: 1
Case D2412 Count: 1
Case D2413 Count: 1
Case D2421 Count: 1
Case D2423 Count: 1
Case D2424 Count: 1
Case D2429 Count: 1
Case D2432 Count: 2
Case D2433 Count: 1
Case D2435 Count: 1
Case D2441 Count: 2
Case D2442 Count: 1
Case D2443 Count: 1
Case D2445 Count: 2
Case D2447 Count: 1
Case D2449 Count: 1
Case D2450 Count: 1
Case D2451 Count: 1
Case D2453 Count: 1
Case D2457 Count: 2
Case D2458 Count: 1
Case D2461 Count: 1
Case D2462 Count: 2
Case D2464 Count: 1
Case D2465 Count: 4
Case D2467 Count: 1
Case D2469 Count: 1
Case D2474 Count: 1
Case D2476 Count: 1
Case D2479 Count: 1
Case D2480 Count: 1
Case D2481 Count: 1
Case D2485 Count: 1
Case D2486 Count: 1
Case D2488 Count: 2
Case D2490 Count: 2
Case D2492 Count: 1
Case D2493 Count: 1
Case D2495 Count: 1
Case D2496 Count: 5
Case D2497 Count: 1
Case D2500 Count: 1
Case D2503 Count: 1
Case D2504 Count: 2
Case D2509 Count: 1
Case D2515 Count: 1
Case D2518 Count: 1
Case D2524 Count: 1
Case D2528 Count: 2
Case D2531 Count: 1
Case D2532 Count: 3
Case D2533 Count: 1
Case D2534 Count: 1
Case D2537 Count: 1
Case D2541 Count: 2
Case D2544 Count: 2
Case D2549 Count: 1
Case D2551 Count: 2
Case D2557 Count: 6
Case D2561 Count: 3
Case D2563 Count: 1
Case D2564 Count: 1
Case D2569 Count: 1
Case D2570 Count: 1
Case D2571 Count: 1
Case D2574 Count: 2
Case D2576 Count: 1
Case D2578 Count: 1
Case D2580 Count: 1
Case D2581 Count: 1
Case D2583 Count: 1
Case D2588 Count: 2
Case D2595 Count: 2
Case D2597 Count: 1
Case D2598 Count: 1
Case D2603 Count: 1
Case D2604 Count: 1
Case D2607 Count: 1
Case D2613 Count: 1
Case D2618 Count: 2
Case D2624 Count: 1
Case D2627 Count: 1
Case D2628 Count: 1
Case D2629 Count: 1
Case D2631 Count: 1
Case D2634 Count: 1
Case D2636 Count: 1
Case D2637 Count: 2
Case D2639 Count: 1
Case D2640 Count: 1
Case D2641 Count: 1
Case D2644 Count: 1
Case D2646 Count: 1
Case D2647 Count: 1
Case D2651 Count: 1
Case D2652 Count: 1
Case D2664 Count: 1
Case D2670 Count: 1
Case D2671 Count: 2
Case D2674 Count: 1
Case D2675 Count: 1
Case D2676 Count: 1
Case D2677 Count: 1
Case D2678 Count: 1
Case D2679 Count: 1
Case D2682 Count: 2
Case D2683 Count: 1
Case D2685 Count: 1
Case D2689 Count: 1
Case D2690 Count: 1
Case D2696 Count: 1
Case D2704 Count: 2
Case D2706 Count: 1
Case D2707 Count: 3
Case D2709 Count: 2
Case D2715 Count: 1
Case D2716 Count: 1
Case D2717 Count: 1
Case D2720 Count: 1
Case D2721 Count: 1
Case D2725 Count: 1
Case D2726 Count: 1
Case D2730 Count: 1
Case D2734 Count: 1
Case D2735 Count: 1
Case D2737 Count: 1
Case D2738 Count: 1
Case D2742 Count: 1
Case D2743 Count: 1
Case D2744 Count: 1
Case D2745 Count: 3
Case D2747 Count: 1
Case D2748 Count: 1
Case D2749 Count: 2
Case D2753 Count: 2
Case D2758 Count: 2
Case D2760 Count: 1
Case D2761 Count: 1
Case D2769 Count: 2
Case D2770 Count: 1
Case D2773 Count: 1
Case D2774 Count: 1
Case D2775 Count: 1
Case D2776 Count: 1
Case D2778 Count: 1
Case D2779 Count: 1
Case D2781 Count: 2
Case D2782 Count: 1
Case D2785 Count: 2
Case D2788 Count: 1
Case D2789 Count: 2
Case D2790 Count: 1
Case D2792 Count: 1
Case D2794 Count: 1
Case D2798 Count: 1
Case D2799 Count: 1
Case D2805 Count: 1
Case D2807 Count: 2
Case D2808 Count: 1
Case D2812 Count: 1
Case D2813 Count: 1
Case D2816 Count: 1
Case D2817 Count: 1
Case D2819 Count: 1
Case D2821 Count: 3
Case D2826 Count: 2
Case D2827 Count: 1
Case D2831 Count: 2
Case D2832 Count: 1
Case D2837 Count: 1
Case D2838 Count: 3
Case D2839 Count: 2
Case D2841 Count: 1
Case D2843 Count: 1
Case D2852 Count: 1
Case D2855 Count: 1
Case D2859 Count: 2
Case D2860 Count: 1
Case D2861 Count: 1
Case D2863 Count: 1
Case D2864 Count: 1
Case D2869 Count: 1
Case D2870 Count: 3
Case D2871 Count: 1
Case D2874 Count: 1
Case D2876 Count: 2
Case D2878 Count: 3
Case D2882 Count: 1
Case D2883 Count: 2
Case D2886 Count: 1
Case D2894 Count: 1
Case D2895 Count: 2
Case D2896 Count: 1
Case D2897 Count: 1
Case D2900 Count: 1
Case D2901 Count: 1
Case D2902 Count: 2
Case D2908 Count: 1
Case D2914 Count: 1
Case D2917 Count: 1
Case D2920 Count: 1
Case D2922 Count: 1
Case D2924 Count: 1
Case D2925 Count: 1
Case D2926 Count: 1
Case D2928 Count: 1
Case D2929 Count: 1
Case D2930 Count: 1
Case D2938 Count: 1
Case D2944 Count: 1
Case D2945 Count: 1
Case D2954 Count: 1
Case D2955 Count: 2
Case D2959 Count: 1
Case D2963 Count: 1
Case D2975 Count: 1
Case D2976 Count: 1
Case D2984 Count: 1
Case D2987 Count: 2
Case D2991 Count: 1
Case D2993 Count: 1
Case D3001 Count: 1
Case D3003 Count: 3
Case D3004 Count: 1
Case D3007 Count: 1
Case D3013 Count: 1
Case D3016 Count: 1
Case D3022 Count: 1
Case D3027 Count: 2
Case D3028 Count: 2
Case D3029 Count: 1
Case D3031 Count: 2
Case D3033 Count: 1
Case D3037 Count: 2
Case D3044 Count: 2
Case D3046 Count: 1
Case D3047 Count: 2
Case D3048 Count: 1
Case D3054 Count: 1
Case D3061 Count: 1
Case D3062 Count: 1
Case D3068 Count: 1
Case D3073 Count: 1
Case D3077 Count: 1
Case D3080 Count: 1
Case D3081 Count: 1
Case D3089 Count: 1
Case D3093 Count: 1
Case D3097 Count: 1
Case D3101 Count: 1
Case D3104 Count: 1
Case D3106 Count: 1
Case D3107 Count: 1
Case D3113 Count: 1
Case D3120 Count: 2
Case D3124 Count: 1
Case D3126 Count: 1
Case D3127 Count: 2
Case D3130 Count: 1
Case D3132 Count: 1
Case D3133 Count: 2
Case D3134 Count: 1
Case D3136 Count: 1
Case D3139 Count: 1
Case D3152 Count: 1
Case D3155 Count: 1
Case D3157 Count: 1
Case D3158 Count: 1
Case D3159 Count: 1
Case D3163 Count: 2
Case D3170 Count: 1
Case D3171 Count: 1
Case D3174 Count: 1
Case D3176 Count: 1
Case D3178 Count: 1
Case D3179 Count: 1
Case D3181 Count: 1
Case D3183 Count: 1
Case D3187 Count: 1
Case D3188 Count: 1
Case D3190 Count: 1
Case D3192 Count: 2
Case D3194 Count: 1
Case D3196 Count: 1
Case D3199 Count: 1
Case D3208 Count: 1
Case D3209 Count: 1
Case D3210 Count: 1
Case D3211 Count: 1
Case D3215 Count: 1
Case D3216 Count: 1
Case D3220 Count: 1
Case D3230 Count: 2
Case D3231 Count: 1
Case D3234 Count: 1
Case D3239 Count: 1
Case D3242 Count: 2
Case D3246 Count: 2
Case D3251 Count: 2
Case D3253 Count: 1
Case D3254 Count: 1
Case D3259 Count: 1
Case D3263 Count: 1
Case D3265 Count: 1
Case D3272 Count: 1
Case D3273 Count: 2
Case D3276 Count: 2
Case D3277 Count: 1
Case D3282 Count: 1
Case D3285 Count: 1
Case D3289 Count: 1
Case D3292 Count: 2
Case D3293 Count: 1
Case D3294 Count: 2
Case D3302 Count: 1
Case D3304 Count: 1
Case D3306 Count: 1
Case D3309 Count: 1
Case D3311 Count: 1
Case D3318 Count: 1
Case D3320 Count: 1
Case D3323 Count: 1
Case D3326 Count: 1
Case D3331 Count: 2
Case D3336 Count: 1
Case D3341 Count: 1
Case D3343 Count: 1
Case D3353 Count: 1
Case D3356 Count: 1
Case D3357 Count: 1
Case D3370 Count: 1
Case D3377 Count: 1
Case D3379 Count: 1
Case D3380 Count: 1
Case D3382 Count: 1
Case D3383 Count: 1
Case D3384 Count: 1
Case D3392 Count: 1
Case D3394 Count: 2
Case D3396 Count: 1
Case D3397 Count: 1
Case D3398 Count: 1
Case D3401 Count: 1
Case D3403 Count: 2
Case D3405 Count: 1
Case D3414 Count: 1
Case D3424 Count: 1
Case D3425 Count: 2
Case D3430 Count: 1
Case D3431 Count: 1
Case D3435 Count: 1
Case D3437 Count: 1
Case D3442 Count: 1
Case D3444 Count: 1
Case D3446 Count: 1
Case D3447 Count: 1
Case D3452 Count: 1
Case D3456 Count: 1
Case D3457 Count: 1
Case D3458 Count: 1
Case D3463 Count: 1
Case D3466 Count: 3
Case D3467 Count: 1
Case D3468 Count: 1
Case D3470 Count: 1
Case D3475 Count: 1
Case D3479 Count: 1
Case D3480 Count: 2
Case D3483 Count: 1
Case D3486 Count: 1
Case D3491 Count: 1
Case D3492 Count: 1
Case D3493 Count: 1
Case D3496 Count: 1
Case D3502 Count: 1
Case D3503 Count: 1
Case D3504 Count: 1
Case D3505 Count: 1
Case D3509 Count: 1
Case D3512 Count: 1
Case D3515 Count: 1
Case D3517 Count: 1
Case D3521 Count: 1
Case D3523 Count: 1
Case D3526 Count: 1
Case D3528 Count: 1
Case D3540 Count: 1
Case D3541 Count: 1
Case D3544 Count: 1
Case D3547 Count: 1
Case D3554 Count: 1
Case D3564 Count: 1
Case D3569 Count: 1
Case D3570 Count: 1
Case D3573 Count: 1
Case D3585 Count: 1
Case D3589 Count: 1
Case D3594 Count: 1
Case D3602 Count: 1
Case D3603 Count: 1
Case D3618 Count: 1
Case D3621 Count: 1
Case D3624 Count: 3
Case D3627 Count: 1
Case D3629 Count: 1
Case D3636 Count: 1
Case D3640 Count: 1
Case D3643 Count: 1
Case D3645 Count: 1
Case D3653 Count: 1
Case D3654 Count: 2
Case D3658 Count: 1
Case D3660 Count: 1
Case D3661 Count: 1
Case D3662 Count: 2
Case D3666 Count: 1
Case D3668 Count: 1
Case D3669 Count: 1
Case D3674 Count: 1
Case D3681 Count: 1
Case D3682 Count: 2
Case D3685 Count: 2
Case D3688 Count: 1
Case D3692 Count: 1
Case D3695 Count: 1
Case D3697 Count: 1
Case D3701 Count: 1
Case D3702 Count: 1
Case D3721 Count: 1
Case D3731 Count: 1
Case D3733 Count: 2
Case D3734 Count: 1
Case D3736 Count: 1
Case D3739 Count: 1
Case D3743 Count: 1
Case D3745 Count: 1
Case D3750 Count: 1
Case D3753 Count: 1
Case D3756 Count: 2
Case D3757 Count: 1
Case D3766 Count: 1
Case D3768 Count: 1
Case D3782 Count: 1
Case D3785 Count: 1
Case D3790 Count: 1
Case D3793 Count: 1
Case D3796 Count: 1
Case D3797 Count: 1
Case D3806 Count: 1
Case D3815 Count: 1
Case D3816 Count: 1
Case D3817 Count: 1
Case D3820 Count: 2
Case D3827 Count: 1
Case D3829 Count: 1
Case D3836 Count: 2
Case D3838 Count: 1
Case D3844 Count: 1
Case D3849 Count: 1
Case D3857 Count: 1
Case D3861 Count: 1
Case D3864 Count: 1
Case D3867 Count: 1
Case D3869 Count: 1
Case D3872 Count: 1
Case D3882 Count: 1
Case D3884 Count: 2
Case D3888 Count: 3
Case D3889 Count: 1
Case D3890 Count: 1
Case D3894 Count: 1
Case D3895 Count: 1
Case D3899 Count: 1
Case D3903 Count: 1
Case D3904 Count: 1
Case D3910 Count: 1
Case D3912 Count: 1
Case D3927 Count: 1
Case D3928 Count: 1
Case D3930 Count: 1
Case D3937 Count: 1
Case D3941 Count: 1
Case D3948 Count: 1
Case D3954 Count: 1
Case D3955 Count: 1
Case D3956 Count: 1
Case D3959 Count: 1
Case D3966 Count: 1
Case D3969 Count: 1
Case D3970 Count: 1
Case D3975 Count: 1
Case D3984 Count: 1
Case D3994 Count: 1
Case D3998 Count: 1
Case D4002 Count: 1
Case D4004 Count: 1
Case D4005 Count: 1
Case D4022 Count: 2
Case D4023 Count: 1
Case D4024 Count: 1
Case D4035 Count: 1
Case D4041 Count: 2
Case D4047 Count: 1
Case D4053 Count: 1
Case D4056 Count: 1
Case D4057 Count: 1
Case D4067 Count: 1
Case D4068 Count: 1
Case D4070 Count: 1
Case D4073 Count: 1
Case D4080 Count: 1
Case D4092 Count: 1
Case D4098 Count: 1
Case D4100 Count: 1
Case D4103 Count: 1
Case D4105 Count: 1
Case D4116 Count: 1
Case D4122 Count: 1
Case D4129 Count: 1
Case D4131 Count: 2
Case D4136 Count: 2
Case D4137 Count: 1
Case D4140 Count: 1
Case D4142 Count: 1
Case D4145 Count: 1
Case D4146 Count: 1
Case D4147 Count: 1
Case D4151 Count: 1
Case D4153 Count: 1
Case D4181 Count: 1
Case D4183 Count: 1
Case D4190 Count: 2
Case D4201 Count: 1
Case D4210 Count: 1
Case D4213 Count: 1
Case D4217 Count: 1
Case D4226 Count: 1
Case D4227 Count: 1
Case D4229 Count: 1
Case D4233 Count: 1
Case D4249 Count: 1
Case D4257 Count: 1
Case D4259 Count: 1
Case D4260 Count: 1
Case D4264 Count: 1
Case D4273 Count: 1
Case D4287 Count: 1
Case D4291 Count: 1
Case D4293 Count: 1
Case D4298 Count: 1
Case D4301 Count: 2
Case D4302 Count: 1
Case D4304 Count: 1
Case D4306 Count: 1
Case D4307 Count: 1
Case D4311 Count: 1
Case D4326 Count: 1
Case D4330 Count: 1
Case D4331 Count: 1
Case D4343 Count: 1
Case D4348 Count: 1
Case D4356 Count: 1
Case D4357 Count: 1
Case D4360 Count: 1
Case D4364 Count: 1
Case D4371 Count: 1
Case D4374 Count: 1
Case D4376 Count: 1
Case D4380 Count: 1
Case D4403 Count: 1
Case D4404 Count: 1
Case D4408 Count: 1
Case D4423 Count: 1
Case D4426 Count: 1
Case D4438 Count: 1
Case D4442 Count: 1
Case D4448 Count: 1
Case D4450 Count: 1
Case D4453 Count: 1
Case D4460 Count: 1
Case D4461 Count: 1
Case D4468 Count: 1
Case D4474 Count: 1
Case D4476 Count: 1
Case D4485 Count: 1
Case D4488 Count: 1
Case D4490 Count: 2
Case D4504 Count: 1
Case D4509 Count: 1
Case D4522 Count: 1
Case D4526 Count: 1
Case D4527 Count: 1
Case D4535 Count: 1
Case D4538 Count: 1
Case D4553 Count: 1
Case D4554 Count: 1
Case D4555 Count: 1
Case D4556 Count: 1
Case D4561 Count: 1
Case D4562 Count: 1
Case D4574 Count: 1
Case D4575 Count: 1
Case D4584 Count: 1
Case D4585 Count: 1
Case D4588 Count: 1
Case D4597 Count: 1
Case D4599 Count: 1
Case D4616 Count: 1
Case D4627 Count: 1
Case D4645 Count: 1
Case D4648 Count: 1
Case D4654 Count: 1
Case D4659 Count: 1
Case D4665 Count: 1
Case D4670 Count: 1
Case D4674 Count: 1
Case D4682 Count: 1
Case D4687 Count: 1
Case D4689 Count: 1
Case D4696 Count: 1
Case D4699 Count: 1
Case D4708 Count: 1
Case D4716 Count: 1
Case D4720 Count: 1
Case D4722 Count: 1
Case D4724 Count: 1
Case D4727 Count: 2
Case D4729 Count: 1
Case D4731 Count: 2
Case D4740 Count: 1
Case D4758 Count: 1
Case D4767 Count: 1
Case D4779 Count: 1
Case D4786 Count: 1
Case D4788 Count: 2
Case D4789 Count: 1
Case D4794 Count: 1
Case D4798 Count: 1
Case D4809 Count: 2
Case D4818 Count: 2
Case D4823 Count: 1
Case D4824 Count: 1
Case D4825 Count: 1
Case D4832 Count: 2
Case D4834 Count: 1
Case D4845 Count: 1
Case D4849 Count: 1
Case D4851 Count: 1
Case D4855 Count: 1
Case D4862 Count: 1
Case D4875 Count: 1
Case D4882 Count: 1
Case D4887 Count: 1
Case D4889 Count: 1
Case D4893 Count: 1
Case D4899 Count: 1
Case D4907 Count: 1
Case D4910 Count: 1
Case D4932 Count: 2
Case D4946 Count: 1
Case D4953 Count: 1
Case D4969 Count: 1
Case D4970 Count: 1
Case D4977 Count: 1
Case D4979 Count: 1
Case D4980 Count: 1
Case D4988 Count: 1
Case D4989 Count: 1
Case D4990 Count: 1
Case D5005 Count: 1
Case D5008 Count: 1
Case D5012 Count: 1
Case D5030 Count: 1
Case D5033 Count: 1
Case D5034 Count: 1
Case D5035 Count: 1
Case D5036 Count: 1
Case D5057 Count: 1
Case D5080 Count: 1
Case D5082 Count: 1
Case D5085 Count: 1
Case D5086 Count: 1
Case D5098 Count: 1
Case D5121 Count: 1
Case D5123 Count: 1
Case D5126 Count: 1
Case D5137 Count: 1
Case D5149 Count: 1
Case D5151 Count: 1
Case D5152 Count: 1
Case D5156 Count: 1
Case D5162 Count: 1
Case D5169 Count: 1
Case D5175 Count: 2
Case D5176 Count: 1
Case D5184 Count: 1
Case D5188 Count: 1
Case D5192 Count: 1
Case D5193 Count: 1
Case D5195 Count: 1
Case D5219 Count: 1
Case D5220 Count: 1
Case D5222 Count: 1
Case D5223 Count: 2
Case D5226 Count: 1
Case D5227 Count: 2
Case D5238 Count: 1
Case D5246 Count: 1
Case D5249 Count: 1
Case D5251 Count: 1
Case D5252 Count: 1
Case D5277 Count: 1
Case D5282 Count: 1
Case D5286 Count: 1
Case D5300 Count: 1
Case D5306 Count: 1
Case D5319 Count: 1
Case D5320 Count: 1
Case D5336 Count: 1
Case D5339 Count: 1
Case D5340 Count: 1
Case D5350 Count: 1
Case D5364 Count: 1
Case D5369 Count: 1
Case D5377 Count: 1
Case D5379 Count: 1
Case D5414 Count: 2
Case D5420 Count: 1
Case D5423 Count: 1
Case D5435 Count: 1
Case D5440 Count: 1
Case D5456 Count: 1
Case D5458 Count: 1
Case D5480 Count: 1
Case D5498 Count: 1
Case D5517 Count: 1
Case D5524 Count: 1
Case D5531 Count: 1
Case D5548 Count: 1
Case D5550 Count: 1
Case D5559 Count: 1
Case D5561 Count: 1
Case D5572 Count: 2
Case D5603 Count: 1
Case D5611 Count: 1
Case D5614 Count: 1
Case D5630 Count: 1
Case D5635 Count: 1
Case D5638 Count: 1
Case D5640 Count: 2
Case D5642 Count: 1
Case D5649 Count: 1
Case D5651 Count: 1
Case D5662 Count: 1
Case D5673 Count: 1
Case D5675 Count: 1
Case D5680 Count: 1
Case D5687 Count: 1
Case D5693 Count: 1
Case D5702 Count: 1
Case D5713 Count: 1
Case D5715 Count: 1
Case D5723 Count: 1
Case D5726 Count: 1
Case D5730 Count: 1
Case D5741 Count: 1
Case D5748 Count: 1
Case D5749 Count: 1
Case D5765 Count: 1
Case D5784 Count: 1
Case D5797 Count: 1
Case D5804 Count: 1
Case D5812 Count: 1
Case D5832 Count: 1
Case D5845 Count: 1
Case D5854 Count: 1
Case D5857 Count: 2
Case D5858 Count: 1
Case D5863 Count: 1
Case D5878 Count: 1
Case D5894 Count: 1
Case D5901 Count: 1
Case D5910 Count: 1
Case D5947 Count: 1
Case D5961 Count: 1
Case D5969 Count: 1
Case D5975 Count: 1
Case D5988 Count: 1
Case D5989 Count: 1
Case D5991 Count: 1
Case D6046 Count: 1
Case D6055 Count: 1
Case D6069 Count: 1
Case D6075 Count: 1
Case D6081 Count: 1
Case D6102 Count: 1
Case D6124 Count: 1
Case D6152 Count: 1
Case D6170 Count: 1
Case D6198 Count: 1
Case D6203 Count: 1
Case D6213 Count: 1
Case D6220 Count: 1
Case D6236 Count: 2
Case D6249 Count: 3
Case D6261 Count: 1
Case D6295 Count: 2
Case D6296 Count: 1
Case D6306 Count: 1
Case D6325 Count: 1
Case D6338 Count: 1
Case D6350 Count: 2
Case D6357 Count: 1
Case D6379 Count: 1
Case D6382 Count: 1
Case D6389 Count: 1
Case D6391 Count: 1
Case D6432 Count: 2
Case D6433 Count: 1
Case D6456 Count: 1
Case D6482 Count: 1
Case D6484 Count: 1
Case D6503 Count: 1
Case D6517 Count: 1
Case D6581 Count: 1
Case D6586 Count: 1
Case D6590 Count: 1
Case D6626 Count: 1
Case D6633 Count: 1
Case D6651 Count: 1
Case D6666 Count: 1
Case D6668 Count: 1
Case D6684 Count: 1
Case D6692 Count: 1
Case D6712 Count: 1
Case D6723 Count: 1
Case D6745 Count: 1
Case D6747 Count: 1
Case D6754 Count: 2
Case D6763 Count: 1
Case D6785 Count: 1
Case D6816 Count: 1
Case D6831 Count: 1
Case D6845 Count: 1
Case D6855 Count: 1
Case D6879 Count: 1
Case D6886 Count: 1
Case D6904 Count: 1
Case D6936 Count: 1
Case D6985 Count: 1
Case D6987 Count: 1
Case D7000 Count: 1
Case D7013 Count: 1
Case D7057 Count: 1
Case D7084 Count: 1
Case D7119 Count: 1
Case D7122 Count: 1
Case D7123 Count: 1
Case D7133 Count: 1
Case D7137 Count: 1
Case D7145 Count: 1
Case D7156 Count: 1
Case D7198 Count: 1
Case D7208 Count: 1
Case D7219 Count: 1
Case D7231 Count: 1
Case D7237 Count: 1
Case D7251 Count: 1
Case D7283 Count: 1
Case D7289 Count: 1
Case D7296 Count: 1
Case D7313 Count: 1
Case D7325 Count: 1
Case D7335 Count: 1
Case D7344 Count: 1
Case D7348 Count: 1
Case D7373 Count: 2
Case D7381 Count: 1
Case D7383 Count: 2
Case D7427 Count: 1
Case D7450 Count: 1
Case D7461 Count: 1
Case D7467 Count: 1
Case D7473 Count: 1
Case D7487 Count: 1
Case D7490 Count: 1
Case D7504 Count: 1
Case D7518 Count: 1
Case D7527 Count: 1
Case D7532 Count: 1
Case D7537 Count: 1
Case D7550 Count: 1
Case D7578 Count: 1
Case D7581 Count: 1
Case D7595 Count: 1
Case D7612 Count: 1
Case D7617 Count: 1
Case D7642 Count: 1
Case D7644 Count: 1
Case D7645 Count: 1
Case D7650 Count: 1
Case D7662 Count: 1
Case D7676 Count: 1
Case D7718 Count: 1
Case D7730 Count: 1
Case D7744 Count: 1
Case D7747 Count: 1
Case D7752 Count: 1
Case D7754 Count: 1
Case D7774 Count: 1
Case D7815 Count: 1
Case D7851 Count: 1
Case D7853 Count: 1
Case D7860 Count: 1
Case D7895 Count: 1
Case D7960 Count: 1
Case D7973 Count: 1
Case D7989 Count: 1
Case D8016 Count: 1
Case D8047 Count: 1
Case D8063 Count: 1
Case D8065 Count: 1
Case D8067 Count: 1
Case D8076 Count: 1
Case D8096 Count: 1
Case D8101 Count: 1
Case D8119 Count: 1
Case D8149 Count: 1
Case D8189 Count: 1
Case D8218 Count: 1
Case D8231 Count: 1
Case D8253 Count: 1
Case D8264 Count: 1
Case D8274 Count: 1
Case D8276 Count: 1
Case D8284 Count: 1
Case D8285 Count: 1
Case D8291 Count: 1
Case D8301 Count: 1
Case D8322 Count: 1
Case D8330 Count: 1
Case D8343 Count: 1
Case D8351 Count: 1
Case D8362 Count: 1
Case D8379 Count: 1
Case D8398 Count: 1
Case D8432 Count: 1
Case D8433 Count: 1
Case D8459 Count: 1
Case D8499 Count: 1
Case D8506 Count: 1
Case D8583 Count: 1
Case D8596 Count: 1
Case D8608 Count: 1
Case D8631 Count: 1
Case D8651 Count: 1
Case D8661 Count: 1
Case D8697 Count: 1
Case D8700 Count: 1
Case D8724 Count: 1
Case D8739 Count: 1
Case D8750 Count: 1
Case D8801 Count: 1
Case D8822 Count: 1
Case D8848 Count: 1
Case D8873 Count: 1
Case D8903 Count: 1
Case D8907 Count: 1
Case D8917 Count: 1
Case D8921 Count: 1
Case D8930 Count: 1
Case D8961 Count: 1
Case D8974 Count: 1
Case D8979 Count: 1
Case D8986 Count: 1
Case D8997 Count: 1
Case D9011 Count: 1
Case D9013 Count: 1
Case D9108 Count: 1
Case D9120 Count: 1
Case D9121 Count: 1
Case D9132 Count: 1
Case D9142 Count: 1
Case D9155 Count: 1
Case D9171 Count: 1
Case D9197 Count: 1
Case D9200 Count: 1
Case D9230 Count: 1
Case D9369 Count: 1
Case D9382 Count: 1
Case D9415 Count: 1
Case D9421 Count: 1
Case D9505 Count: 1
Case D9525 Count: 1
Case D9527 Count: 1
Case D9531 Count: 1
Case D9536 Count: 1
Case D9551 Count: 1
Case D9553 Count: 1
Case D9564 Count: 1
Case D9591 Count: 1
Case D9617 Count: 1
Case D9667 Count: 1
Case D9669 Count: 1
Case D9674 Count: 1
Case D9717 Count: 1
Case D9741 Count: 1
Case D9749 Count: 1
Case D9829 Count: 1
Case D9855 Count: 1
Case D9856 Count: 1
Case D9938 Count: 1
Case D9954 Count: 1
Case D9961 Count: 1
Case D9979 Count: 1
Case D9994 Count: 1
Case D9999 Count: 1
Case D10004 Count: 1
Case D10010 Count: 1
Case D10033 Count: 1
Case D10090 Count: 1
Case D10094 Count: 1
Case D10119 Count: 1
Case D10122 Count: 1
Case D10137 Count: 1
Case D10262 Count: 1
Case D10297 Count: 1
Case D10310 Count: 1
Case D10314 Count: 1
Case D10390 Count: 1
Case D10425 Count: 1
Case D10455 Count: 1
Case D10467 Count: 1
Case D10476 Count: 1
Case D10481 Count: 1
Case D10585 Count: 1
Case D10647 Count: 1
Case D10652 Count: 1
Case D10658 Count: 1
Case D10677 Count: 1
Case D10714 Count: 1
Case D10755 Count: 1
Case D10758 Count: 1
Case D10787 Count: 1
Case D10794 Count: 1
Case D10801 Count: 1
Case D10807 Count: 1
Case D10809 Count: 1
Case D10813 Count: 1
Case D10814 Count: 1
Case D10832 Count: 1
Case D10858 Count: 1
Case D10866 Count: 1
Case D10955 Count: 1
Case D10958 Count: 1
Case D10960 Count: 1
Case D10977 Count: 1
Case D10997 Count: 1
Case D11013 Count: 1
Case D11050 Count: 1
Case D11064 Count: 1
Case D11116 Count: 1
Case D11131 Count: 1
Case D11214 Count: 1
Case D11257 Count: 1
Case D11281 Count: 1
Case D11345 Count: 1
Case D11346 Count: 1
Case D11348 Count: 1
Case D11361 Count: 1
Case D11379 Count: 1
Case D11406 Count: 1
Case D11425 Count: 1
Case D11444 Count: 1
Case D11447 Count: 1
Case D11483 Count: 1
Case D11542 Count: 1
Case D11595 Count: 1
Case D11597 Count: 1
Case D11649 Count: 1
Case D11689 Count: 1
Case D11711 Count: 1
Case D11788 Count: 1
Case D11791 Count: 1
Case D11796 Count: 1
Case D11842 Count: 1
Case D12075 Count: 1
Case D12102 Count: 1
Case D12159 Count: 1
Case D12201 Count: 1
Case D12205 Count: 1
Case D12209 Count: 1
Case D12386 Count: 1
Case D12389 Count: 1
Case D12395 Count: 1
Case D12438 Count: 1
Case D12502 Count: 1
Case D12587 Count: 1
Case D12674 Count: 1
Case D12685 Count: 2
Case D12728 Count: 1
Case D12742 Count: 1
Case D12769 Count: 1
Case D12788 Count: 2
Case D12819 Count: 1
Case D12833 Count: 1
Case D12851 Count: 1
Case D12866 Count: 1
Case D12879 Count: 1
Case D12900 Count: 1
Case D12913 Count: 1
Case D12924 Count: 1
Case D12945 Count: 1
Case D12947 Count: 1
Case D12966 Count: 1
Case D13101 Count: 1
Case D13134 Count: 1
Case D13137 Count: 1
Case D13166 Count: 1
Case D13201 Count: 1
Case D13208 Count: 1
Case D13226 Count: 1
Case D13283 Count: 1
Case D13307 Count: 1
Case D13363 Count: 1
Case D13389 Count: 1
Case D13409 Count: 1
Case D13430 Count: 1
Case D13489 Count: 1
Case D13523 Count: 1
Case D13566 Count: 1
Case D13572 Count: 1
Case D13627 Count: 1
Case D13653 Count: 1
Case D13658 Count: 1
Case D13786 Count: 1
Case D13796 Count: 1
Case D13919 Count: 1
Case D13923 Count: 1
Case D13924 Count: 1
Case D13930 Count: 1
Case D14001 Count: 1
Case D14104 Count: 1
Case D14228 Count: 1
Case D14350 Count: 1
Case D14393 Count: 1
Case D14456 Count: 1
Case D14491 Count: 1
Case D14681 Count: 1
Case D14709 Count: 1
Case D14722 Count: 1
Case D14749 Count: 1
Case D14797 Count: 1
Case D14838 Count: 1
Case D15027 Count: 1
Case D15041 Count: 1
Case D15146 Count: 1
Case D15166 Count: 1
Case D15178 Count: 1
Case D15203 Count: 1
Case D15463 Count: 1
Case D15492 Count: 1
Case D15503 Count: 1
Case D15545 Count: 1
Case D15577 Count: 1
Case D15597 Count: 1
Case D15609 Count: 1
Case D15747 Count: 1
Case D15843 Count: 1
Case D15994 Count: 1
Case D16103 Count: 1
Case D16132 Count: 1
Case D16143 Count: 1
Case D16254 Count: 1
Case D16308 Count: 1
Case D16346 Count: 1
Case D16515 Count: 1
Case D16557 Count: 1
Case D16560 Count: 1
Case D16624 Count: 1
Case D16676 Count: 1
Case D16758 Count: 1
Case D16912 Count: 1
Case D17165 Count: 1
Case D17348 Count: 1
Case D17362 Count: 1
Case D17372 Count: 1
Case D17380 Count: 1
Case D17470 Count: 1
Case D17529 Count: 1
Case D17599 Count: 1
Case D17759 Count: 1
Case D17777 Count: 1
Case D17913 Count: 1
Case D17948 Count: 1
Case D17998 Count: 1
Case D18037 Count: 1
Case D18088 Count: 1
Case D18113 Count: 1
Case D18222 Count: 1
Case D18254 Count: 1
Case D18664 Count: 1
Case D18778 Count: 1
Case D18897 Count: 1
Case D18904 Count: 1
Case D18965 Count: 1
Case D19284 Count: 1
Case D19342 Count: 1
Case D19391 Count: 1
Case D19578 Count: 1
Case D19659 Count: 1
Case D19736 Count: 1
Case D19780 Count: 1
Case D19903 Count: 1
Case D19991 Count: 1
Case D20056 Count: 1
Case D20109 Count: 1
Case D20197 Count: 1
Case D20278 Count: 1
Case D20339 Count: 1
Case D20462 Count: 1
Case D20636 Count: 1
Case D20726 Count: 1
Case D20739 Count: 1
Case D20834 Count: 1
Case D20903 Count: 1
Case D20957 Count: 1
Case D21022 Count: 1
Case D21059 Count: 1
Case D21121 Count: 1
Case D21155 Count: 1
Case D21244 Count: 1
Case D21264 Count: 1
Case D21292 Count: 1
Case D21297 Count: 1
Case D21364 Count: 1
Case D21457 Count: 1
Case D21650 Count: 1
Case D21662 Count: 1
Case D21765 Count: 1
Case D21888 Count: 1
Case D21924 Count: 1
Case D21951 Count: 1
Case D21955 Count: 1
Case D22228 Count: 1
Case D22347 Count: 1
Case D22402 Count: 1
Case D22603 Count: 1
Case D22720 Count: 1
Case D22739 Count: 1
Case D22741 Count: 1
Case D22760 Count: 1
Case D22792 Count: 1
Case D23080 Count: 1
Case D23137 Count: 1
Case D23220 Count: 1
Case D23230 Count: 1
Case D23286 Count: 1
Case D23305 Count: 1
Case D23363 Count: 1
Case D23365 Count: 1
Case D23415 Count: 1
Case D23550 Count: 1
Case D23585 Count: 1
Case D23636 Count: 1
Case D24013 Count: 1
Case D24473 Count: 1
Case D24521 Count: 1
Case D24533 Count: 1
Case D24782 Count: 1
Case D24783 Count: 1
Case D25217 Count: 1
Case D25256 Count: 1
Case D25347 Count: 1
Case D25713 Count: 1
Case D25875 Count: 1
Case D25899 Count: 1
Case D26090 Count: 1
Case D26176 Count: 1
Case D26182 Count: 1
Case D26332 Count: 1
Case D26530 Count: 1
Case D26957 Count: 1
Case D27022 Count: 1
Case D27229 Count: 1
Case D27447 Count: 1
Case D27893 Count: 1
Case D27930 Count: 1
Case D28205 Count: 1
Case D28480 Count: 1
Case D28824 Count: 1
Case D28914 Count: 1
Case D29929 Count: 1
Case D30174 Count: 1
Case D31051 Count: 1
Case D31152 Count: 1
Case D31312 Count: 1
Case D31359 Count: 1
Case D31621 Count: 1
Case D31650 Count: 1
Case D31651 Count: 1
Case D31679 Count: 1
Case D32486 Count: 1
Case D32518 Count: 1
Case D32885 Count: 1
Case D33089 Count: 1
Case D33278 Count: 1
Case D33452 Count: 1
Case D34025 Count: 1
Case D34052 Count: 1
Case D34183 Count: 1
Case D34300 Count: 1
Case D34450 Count: 1
Case D34788 Count: 1
Case D35046 Count: 1
Case D35169 Count: 1
Case D35218 Count: 1
Case D36035 Count: 1
Case D36155 Count: 1
Case D36356 Count: 1
Case D36621 Count: 1
Case D36815 Count: 1
Case D36975 Count: 1
Case D37120 Count: 1
Case D37185 Count: 1
Case D37558 Count: 1
Case D37818 Count: 1
Case D37909 Count: 1
Case D38567 Count: 1
Case D38785 Count: 1
Case D38978 Count: 1
Case D42560 Count: 1
Case D43386 Count: 1
Case D43393 Count: 1
Case D43432 Count: 1
Case D43474 Count: 1
Case D44497 Count: 1
Case D44861 Count: 1
Case D45404 Count: 1
Case D45406 Count: 1
Case D46068 Count: 1
Case D46143 Count: 1
Case D46267 Count: 1
Case D46841 Count: 1
Case D47636 Count: 1
Case D47774 Count: 1
Case D48381 Count: 1
Case D49047 Count: 1
Case D51009 Count: 1
Case D51391 Count: 1
Case D51614 Count: 1
Case D54018 Count: 1
Case D54972 Count: 1
Case D56418 Count: 1
Case D56552 Count: 1
Case D56604 Count: 1
Case D56872 Count: 1
Case D56922 Count: 1
Case D57076 Count: 1
Case D58106 Count: 1
Case D58608 Count: 1
Case D59207 Count: 1
Case D59422 Count: 1
Case D59463 Count: 1
Case D60008 Count: 1
Case D60151 Count: 1
Case D60674 Count: 1
Case D61166 Count: 1
Case D61551 Count: 1
Case D61916 Count: 1
Case D62536 Count: 1
Case D62609 Count: 1
Case D62955 Count: 1
Case D63959 Count: 1
Case D64100 Count: 1
Case D65318 Count: 1
Case D65456 Count: 1
Case D66158 Count: 1
Case D67892 Count: 1
Case D68437 Count: 1
Case D68659 Count: 1
Case D70338 Count: 1
Case D70385 Count: 1
Case D71408 Count: 1
Case D73511 Count: 1
Case D74004 Count: 1
Case D74841 Count: 1
Case D75471 Count: 1
Case D75506 Count: 1
Case D77411 Count: 1
Case D77786 Count: 1
Case D78239 Count: 1
Case D79828 Count: 1
Case D80884 Count: 1
Case D81696 Count: 1
Case D81871 Count: 1
Case D82469 Count: 1
Case D84816 Count: 1
Case D87568 Count: 1
Case D88206 Count: 1
Case D88871 Count: 1
Case D91469 Count: 1
Case D92441 Count: 1
Case D94844 Count: 1
Case D95839 Count: 1
Case D96229 Count: 1
Case D96342 Count: 1
Case D97449 Count: 1
Case D99841 Count: 1
Case D107767 Count: 1
Case D109683 Count: 1
Case D112447 Count: 1
Case D113293 Count: 1
Case D115539 Count: 1
Case D119231 Count: 1
Case D124355 Count: 1
Case D125577 Count: 1
Case D128122 Count: 1
Case D136840 Count: 1
Case D137416 Count: 1
Case D138943 Count: 1
Case D141052 Count: 1
Case D141399 Count: 1
Case D141721 Count: 1
Case D142773 Count: 1
Case D145065 Count: 1
Case D151017 Count: 1
Case D151785 Count: 1
Case D157411 Count: 1
Case D165096 Count: 1
Case D171198 Count: 1
Case D173713 Count: 1
Case D174109 Count: 1
Case D177148 Count: 1
Case D179429 Count: 1
Case D180613 Count: 1
Case D181161 Count: 1
Case D182253 Count: 1
Case D185454 Count: 1
Case D188560 Count: 1
Case D220578 Count: 1
Case D244644 Count: 1
Case D250712 Count: 1
Case D251021 Count: 1
Case D253358 Count: 1
Case D256757 Count: 1
Case D286262 Count: 1
Case D303792 Count: 1
Case D323030 Count: 1
Case D415289 Count: 1
Case D433201 Count: 1
Case D440821 Count: 1
Case D446135 Count: 1
Case D466365 Count: 1
Case D489832 Count: 1
Case D529862 Count: 1
Case D550494 Count: 1
Case D657806 Count: 1
Case D677530 Count: 1
Case D709673 Count: 1
Case D884875 Count: 1
Case D1049974 Count: 1
Case D1373507 Count: 1
Case D1721020 Count: 1
Case D2468664 Count: 1
Case D2868618 Count: 1
Case D36771721 Count: 1
Spent time: 137.856 sec.
