Elliptic curve parameters:
name = secp256k1
mode = legacy
p = 115792089237316195423570985008687907853269984665640564039457584007908834671663
a = 0
b = 7
g = (55066263022277343669578718895168534326250603453777594175500187360389116729240, 32670510020758816978083085130507043184471273380659243275938904335757337482424)
n = 115792089237316195423570985008687907852837564279074904382605163141518161494337

----------------------------------------------------------------------------------------------------------------------------------------------------------------------------------------------------------------------------------------------------------------------------------------------------------------------------------------------------------------------------------------------------------------------------------------------------------------------------------------------------------------------------------------------------------------------------------------------------------------------------------------------------------------------------------------------------------------------------------------------------------------------------------------------------------------------------------------------------------------------------------------------------------------------------------------------------------------------------------------------------------------------------------------------------------------------------------------------------------------------------------------------------------------------------------------------------------------------------------------------------------------------------------------------------------------------------------------------------------------------------------------------------
case                                                                             s                                                                               s_zk                                                                            s_rxk                                                                           s_zr                                                                            z                                                                               r                                                                               x                                                                               k-1                                                                             q                                                                               a                                                                               m1                                                                                                                                                                                             m2                                                                                                                                                                                             f                                                                                    
----------------------------------------------------------------------------------------------------------------------------------------------------------------------------------------------------------------------------------------------------------------------------------------------------------------------------------------------------------------------------------------------------------------------------------------------------------------------------------------------------------------------------------------------------------------------------------------------------------------------------------------------------------------------------------------------------------------------------------------------------------------------------------------------------------------------------------------------------------------------------------------------------------------------------------------------------------------------------------------------------------------------------------------------------------------------------------------------------------------------------------------------------------------------------------------------------------------------------------------------------------------------------------------------------------------------------------------------------------------------------------------------------
D156                                                                             58876750108013040566439327791749376896493760642012715083024835856688976087295   114826998749398072011384183151862858625075100445996788307468609918232680739653  59841840595931163978626129648574426124256224475090831158161389079974456841979   64162601762735793670547611709063676970371978028650922484019584881582869400959   24012187263876854669230848503339492147126997092821763481367139000395190624845   50542333800304020510102633405292135622456758712120727353350032014730498967984   75634491789985312176930018744551614795850185482247757938243584522398729011209   18022022264189844928196117037036297060314953417815636091426337657349689351818   5285851654722753104108283917314300073878217386638207400994749024893893313664    732381906062756421248204701292076083833369388992433672082596582856149636991     -                                                                                                                                                                                              -                                                                                                                                                                                              156.7856848986091192758096113600847136803393205418438342401834501550404051667084     
D23                                                                              104031239468953708687296961717917503830851173782605035169274669898997859673833  50912105632389256907755764563072874243178287451399729899437633432758784364898   53119133836564451779541197154844629587672886331205305269837036466239075308935   109391105646675260754663936633395802387039894996265751705642224067801389919818  74039551904030961851273558646898956611081441518792996438236426739075480837249   37001711259626866488547576467148270322112363523872424205534998938050718930034   75634491789985312176930018744551614795850185482247757938243584522398729011209   114138201211253471563910909174450381731039534987869864305251123525157630428163  5359866177721552067366974915478298556188721213660716536367554168803530245985    2193782092244219407324438323829831263265470723051420978291140691730785000118    -                                                                                                                                                                                              -                                                                                                                                                                                              23.20745793868096963409083523637097805203653833138980702093225832924110516672542     
D234                                                                             22078138330986434518555740724676811162763070321200341283226685535667518393861   62411692971281277521023023969442464017392197202207733394057651602020276455420   75458534597021352421103701763922254998208437398067512271774197075165403432778   25713424560149182252783056620531098044954156167888300718824260944738112006319   19635426766891668868127053562960683516154594704761614454238351625851105868545   21794951404739370771214969180426891829736246330099064453727591308930634797146   47004994212287100668586526399309665157810930450884605030558772067262508211874   11379420656661594580200966733654834159441694935833090553254070459253516359133   3635286229162747734227315895854286882191085846687959435597575409070593612458    266420956009948113191845349551089869616555241072584669641233081243956719113     -                                                                                                                                                                                              -                                                                                                                                                                                              234.2596990341511856099775547272286991427516364061519895149852974742195632914818     
D67                                                                              62648000337596369152966955256835943724310519646961333543045012915394282202543   92263585753661562412819374818864114869676464586466550367813628854970839281672   86176503821251002163718565446659736707471619339569687557836547201941604415208   93286512835765230316819070928244082917474710596229691011510949738657000909875   54205156374614107711590765646085145113653949601226027159924751486108060653786   37996255564001065379163485798666571963361272114841889278467436854258394812364   14587565585717704753319039934613086820442202508178466732616465766832474504146   55186298005375989500898881945945325721321714618559281238632310836137503541420   30638512498168861163852115671408139193164190949268357468465936823262718707332   1370975341258646825262723914019665337982137748424618606113139268868844787879    -                                                                                                                                                                                              -                                                                                                                                                                                              67.29777186871751865573528048344957244661473768238826389923493389676717990914744     
D3                                                                               28999349947042648085460550880478646925280257658088411234296084094110691657163   30832691934549007199744042083688695923956169024603852338648672039309739796353   113958747249809836309287493805477858854161652912559463278252575196319113355147  47786930605228446548992678513937013355732312064079994620378400683689013644837   38141304658942116502943558843438870425095607268023424485415135946458256599301   114895152375214925426508475469255072348324190092293047530060680182738634535095  14587565585717704753319039934613086820442202508178466732616465766832474504146   11761716825865634071504531441633075320609906063030234562428857891730288475789   18787580658185798463532127633458366430452054405991583386082316589578321987674   10211769288856849621928423247020280494828203252096827848213767504532369669489   -                                                                                                                                                                                              -                                                                                                                                                                                              3.019329076323125037509080573041317753932697433719443839525685735957540237055759     
D25                                                                              39956665320209273089384884053330276764731783934385512843394232901638671747777   74343808356255349369459518359030182993356142349295314296668971509394043512484   81404946201270119143496350702988001624213205864165102929330424533762789729630   46138131117833881787372780284996885767050502409458391015593700081207077796352   42131002263122088199074640337122595884890526048414315641512647973547127257623   113124571697382535419102355013815551150467159669702278693666649039038958546146  14587565585717704753319039934613086820442202508178466732616465766832474504146   10463786297318554595641147242955329172270658383184968689114398028158456084350   6181465797624608697987896231666609002318718475072878172199467179568406048575    2867870534461620901457506663330622750819473083948243810197429824228235456327    -                                                                                                                                                                                              -                                                                                                                                                                                              25.92300017134900088271498411866191079249000528050181961304605967064372171759611     
D5                                                                               56953362049871334186586190218046671070847051567735969648582845267310372011151   107794759433838520407734096670665377401699596623299324738944363367060191217358  64950691853349009202423078556069201521985019223511549292243645041768342288130   95499793499934308579719009828199549466272454500905615305865928040861008387423   42343146090080319579217309289142453265926342931854817249206626731851805082727   52979720612628258127162309528630577088153707985746833863186613698234304740151   14587565585717704753319039934613086820442202508178466732616465766832474504146   2937071091474555153555693496335212624693886873767798382956983942281661860711    38546431450062974393132819610152878395425402933169645657283082773550636376272   18406930599808359793453370607893792675421648634566323991299762493759735634879   -                                                                                                                                                                                              -                                                                                                                                                                                              5.856205022849426332269236090435022238023185789375312267420480115111855469633771     
D8                                                                               42711360758122152245988475520103443658268045154274801940472652285403274237910   56258426279295387323037860425219356760832525428478932129183673530836158685044   102245023716142960346521600103571994750273084004870774193894141896085277047203  60594726047001103007363936123276006147092003198082768735486537544068560774268   101650828421117495465620090310691096400461211492777024042020321780252039108856  18380764531256105532469395018149453440148668089910087169873249860210734090711   47487602729430164483251867656791266522478529051419560564132299629514632679071   98426698821918410303376591964869420278479803940931340928280520267016217275869   17883365288878950761375460603172562488823958043807966795013885258665286536358   6944630180364250723237554313758318680620129066658868350444881768072701165194    -                                                                                                                                                                                              -                                                                                                                                                                                              8.100996715183556888926689834948468865485995327064092868080648565364171157023598     
D0                                                                               70611923168509485475614142805169114148014404416346671884515842158896407880870   284449119018325628129165857332752295546074043589249148025460475697349318059     70327474049491159847484976947836361852468330372757422736490381683199058562811   99154912436637822578689287380624985043845336721243822079460984370873186441340   79364908080519460275347036045513849483645754946178246913622657638121343092532   92681932783049887495171806396441746706816875823311550380234702169382549492662   47487602729430164483251867656791266522478529051419560564132299629514632679071   90796383193853023907198195127143778660235253353793813503358321238193493909814   28542989268128337103075144575455870895830932304897150194945142211976778560470   13525944632252811269463853654257372356352539806552371494625557734942850759930   -                                                                                                                                                                                              -                                                                                                                                                                                              0.021029889353535617452689727764854386833723046559294763446343815090480613541136     
D13                                                                              56856502095837082022939377079940450075228916192822095628227555438677417053710   77721240668810272762058982411726631099690051702485476941580698500110394834595   94927350664343004684451379676901726828376428769411523069252020080085183713452   82433592241898503804644370512986332431089333673592430631947253715851536156046   11922146705024581436629425799151645857015100931442935572368482585367071714565   75576464696550801875992384374530927313051639008656253991911816797311112744960   95348335340078484401098312920657182452521995859475873351978263579171552074432   12729779153132321334629459606809738807588604348169397626026859615539257937505   25577090146061421781704993433045882355860417480770335003719698277174119102336   5702321803714238459529390213848685363508081231281425620788158884329178849038    -                                                                                                                                                                                              -                                                                                                                                                                                              13.62975351867832468681054020492631659616757019099988677705217265163047298485777     
D12                                                                              34309515112629618542791941514562098193310891651265904195835481173708204703471   108463635087669249477674985739145442584477333571458841364826847211366983345122  41637969262276564488687940784104563461671122358881967213613797103859382852686   46960711961766517161741388981110598532383243553832595465584405623310362111826   54430877071963769440280902782958373854899684307669493180181162530972438548072   107509550452012788642805611845691578790627851109519985021040478580010873309958  95348335340078484401098312920657182452521995859475873351978263579171552074432   35195986201900906746048906915944331254401894556338663467173646567836088830127   12651196849136898618949447466548500339072351902566691269748924449602157408355   9007121414355821304893046581465097515166187846132521656337632274503889886761    -                                                                                                                                                                                              -                                                                                                                                                                                              12.04198656796128473988376302827955347772597940323976016653278913326494426052335     
D2                                                                               47571735104025843892543845026393343030735993081100910217744136080565322962337   15665256056815875751395438406466231412539705572298660064707840673357871267649   31906479047209968141148406619927111618196287508802250153036295407207451694688   88874481969558907023347863900787648729166171317147818651812138186288673374050   41670096657453511220480510616520971790010934075677846975424334481840063028287   59453429509691744413735466273014104307312409928729920091913104758214260173162   2992982797665427567128842892266785847956839230839644237345510077532177842589    38311559273494423803006302136123980980076993256097984605122507149711179647799   41302746865533063130804018874394305698430178236046908434068002105723350411713   6268988238492780761739826151999037332305814845054001783676133974841972550624    -                                                                                                                                                                                              -                                                                                                                                                                                              2.498849170050794240125494975646835162731983740384081263555470781155906452860532     
D1                                                                               29937219705069071667647832817299168643834286823198107223280897217909916318690   17820850397063143188889689112240981976852969926157814124464314369845170208943   12116369308005928478758143705058186666981316897040293098816582848064746109747   46281254554291861588337254968322842272299079648390916530908834725966901960208   99778943213529425417230400849682223291509394347511161911267207471330039567457   41669569464626960086033250064478655064093605024877356621390629179231485196390   2992982797665427567128842892266785847956839230839644237345510077532177842589    57931213349390281874530042232732476756679975980385155456465020642929033547602   16344034849222789920689422151023673628464792825192809307627937508056985641518   13593184855846281746958410666275495015369493998005297915652959709852930677172   -                                                                                                                                                                                              -                                                                                                                                                                                              1.311013613516672528011209839042438518461186427307085110072820162307761179779971     
D0                                                                               60072810831908995985830640468189165667076777388761438726093139169820931678570   6143461296535121489614834508896832826093324579515097945580035845802828410890    53929349535373874496215805959292332840983452809246340780513103324018103267680   73293678540295214792261859648860198600019033567337641716449141836914687521324   63179869719616102395216681199528231239088959023339612775415561568190423817792   112263598153900136176016538058284113432758221753915706897398376243866688797623  2992982797665427567128842892266785847956839230839644237345510077532177842589    109082390846775272921056297592306187457084347341182451583551060473008620377471  13220867708386218806431219180671032932942256178576202990356002667093755842754   7189339998364120760105763745505033935307752674456626764669128501445908307554    -                                                                                                                                                                                              -                                                                                                                                                                                              0.854523683388602993218877584413523222023203025992533435558021602012074538442602     
D3                                                                               16940183241971489193454101281677220035766299976805836174404323646481147111484   10993229585602922143766832086672922809991200843161732238141606108787761672205   5946953656368567049687269195004297225775099133644103936262717537693385439279    30881681881370856451974303471711692544279690593675004765628489530957002910115   64841251266568170202920537494467217906585562931900012232331452250354977735488   8380268285339091449947000700399956715211814723607381184824254766328061978009    56082492336132436754399320175476197578966761507241598093019311217699785855815   49350058401681880818206092823150859665934829749814955781523913947967220874383   13941498639399367258520202190034472508513390616869168591224165884475855798631   2998684602572121934933899091642747527252909359936667583180157762005291312853    -                                                                                                                                                                                              -                                                                                                                                                                                              3.666017285103434576249021434886520041047278509647459821825813774785791421164510     
D2                                                                               68083483154353222255573716795064005223701950255646448015881431175832870666211   7092907774718183689134046115938644270968728275530223832942913059132010493772    60990575379635038566439670679125360952733221980116224182938518116700860172439   77361006382486468713279335055390333497779209917772956490058357578935300782615   101033708416586019212816624560710157441149354341370013774504846774862314623934  109800789821461829299420464649346774749980380895409326274911699560337328638005  61561396478426061896759733841594046207930721049697672196244409414547141113341   30010507630282536882726441142833024588896074301414613744894463471671649736926   9277523228133246457705618260326328274077259662126508474176926403102430116404    3140820557420497051634388972779707305161132620760888696642946354115859851383    -                                                                                                                                                                                              -                                                                                                                                                                                              2.258297678917215573177545573969293782753938167454362691417031580229273283700897     
D4                                                                               49486907639530253811067767489871277815901288334369851361711687377512098803012   66256854599651506011137006387545215355347050188714020065118166203918736582091   99022142277194943223501746111013970313391802424730735679198684315111523715258   66144684642070012552173580223269675688168354306787364937979520092914819723036   17825717599336661486363657650770309313134285214330414119720907748250924832704   67115583439932946933551219886459053273878895341545561930831336499205220514873   61561396478426061896759733841594046207930721049697672196244409414547141113341   86462487617817768229340353060304282473656078870407061489795308220667726501181   16657777002539758741105812733398397872267065972417513576267832715402720920024   16171353634450736328856142023074482071367156389534824209176021946706656962964   -                                                                                                                                                                                              -                                                                                                                                                                                              4.097174305711850510256223512098261783048863673796867783400625072055061004185818     
D1                                                                               65003452331065308989056963484321689793987050071624250312654084360236273932507   24153657352801918834001911756898070937191520797217168965213863263291058827626   40849794978263390155055051727423618856795529274407081347440221096945215104881   111107639897635316678511226674284137450565683949292821448141775405346698697758  67752608523058584137320383657340569844252046036050550444528030100177170245372   77850172914578063945711688641476053846030728689985671447378853985123424333625   61561396478426061896759733841594046207930721049697672196244409414547141113341   59822297416523503511310331307671965454691341747530785279020672550861573442190   46104187566570007689454263189962447656578633877668571135487691045110424765251   18899264764495301299602700294359242137408416193955679177166393315125849167256   -                                                                                                                                                                                              -                                                                                                                                                                                              1.278021005249774031324965315654171210886273471959515520655024680937359733344674     
D4                                                                               57930948500920243172218784071232544907518410619268788086493111450009482531758   105600236527925906571915557347530802729185771583379587682194381108818698554303  68122801210310532023874211732389650031170203314964104786903893482708945471792   94373863215092923704912546599749004291800111150322407345731146787008155874987   35941386442191958144682903932038201702136410857662003641883857835780430211548   11567587803275553797428291226644719127761989314768829508281709626808365705711   61561396478426061896759733841594046207930721049697672196244409414547141113341   36831420785213956776334800342590069201276575822147132085187723643881262823192   36442914714172680532693762528516459384281700531053619259238035336998673343229   21488033786747562639525021542716085523236710088215168827255076113010809188529   -                                                                                                                                                                                              -                                                                                                                                                                                              4.914374091921492667749165714234534676259205889476927269859866260006062752543247     
D95                                                                              38616907952573470424956299465930387650647063284426463727308685169841709628883   60227222794076614550202886825957899239803385024629663381700909360519424269794   94181774395813051298324397648660396263681242538871704728212938950840446853426   39803937712243418766767762278758386601215993871729635519522343463372378849008   28238881147653186301092347935076775204430553819083808401953390561228280259622   37762537589496918219704402754222466940120936673217912477034175052903810619910   190328081640734896452239331368728768398597062046500399117747298462441307630     108549121680722193292412136957837554129649679813092944769900551545952921102985  1187029759669948341811462812827998950568930587303171792213658293530669220125    631955643135123486989489455434421232441284490724966376471619776860294584883     -                                                                                                                                                                                              -                                                                                                                                                                                              95.30292742587148743303947852566080676334270777814139501031670761758677582756974     
D6                                                                               52669841151659534812200825446579461209146984231689333657422411396472086529316   96042473405405906616432096389902343587242412233862318156686330988415016156754   72419456983569823619339714065365025474742136276901919883341243549575231866899   90965925621254490517434732460447300783567514537689440390462182314549459152034   48104391730258677214192892668075825167811177342964130378965364563308391264360   22705554560932986624917796088267900074594819057248731263666407553648609850690   190328081640734896452239331368728768398597062046500399117747298462441307630     17785439892099985798386449734412750307477458888331286014923001991511175124113   38296084469594955705233907013867839574420530306000106733039770918077372622718   14373756682064579106966918432711621634726453925689226924382640478394713906598   -                                                                                                                                                                                              -                                                                                                                                                                                              6.681793460803930586654965003706802806520101229034864590194160573727115911420351     
D0                                                                               68189461853279428323808502415814599721690793780302690989137156152136586236509   11968916115151832640811756931196689829130288988323460940627810036543674211079   56220545738127595682996745484617909892560504791979230048509346115592912025430   95488357393114560831684468407422196798695954054242742105396774067152710453428   64092874648843290060918428726138900319819021683749845254182527141854319613040   88327467213552327877732998931314702198147585164947830489906232003790443893821   101232628169640438589560494942772732097534833678249799878495808604705822675384  82723486693134197204988343797248421554443291905562405237072923899103288871010   27298895539835132507875965991607597077005160273940051116259617915016124216919   13591670773609163308056570432599405567680473232422588756617920322104337802671   -                                                                                                                                                                                              -                                                                                                                                                                                              0.880606682909931853214233198851482708021797816701165394434988687159021042905907     
D0                                                                               47485305816997391537092297523514972324827738345769953906457991431959674261881   7078619432031056432881856035291943300669336875024522602512737121819017460827    40406686384966335104210441488223029024158401470745431303945254310140656801054   87080803125034427242281702305009029157345696365875902298179592570632193628742   110172673560757239722547642766775202380214108627537149966924397436089489046392  71328421711033492302939494796695068346798245358475553844645403110388337312904   101232628169640438589560494942772732097534833678249799878495808604705822675384  8171577227873608891308163797043095304668163689101500955511548056127817798183    39595497308037035705189404781494056832517958020105948391721601138672519366861   7889808508960355831902892742020915492309780325664005514736390293287154895020    -                                                                                                                                                                                              -                                                                                                                                                                                              0.897185200881866497249338208699929268435976221348061116874480997024503172988523     
D4                                                                               85209776039201598238696651005219613430889209299432125393841361884497855726688   53381666452579308169732515332139049900213282015345374461610346288842526465033   31828109586622290068964135673080563530675927284086750932231015595655329261655   99639296717954529883408614629395080986959066240235056696849210826970000988480   7394842848073442419117226774800474446813915483138980326190563905769424823298    100796543590607831263365139355617369262927076343152592805676918630520104515182  101232628169640438589560494942772732097534833678249799878495808604705822675384  62266335714223950683373764088476985294355594311311665823402772962655398716956   14429520678752931644711963624175467556069856940802931303007848942472145261792   13062172645436940015136832884342275650539924595417468878802117172137129417728   -                                                                                                                                                                                              -                                                                                                                                                                                              4.086737168584839905048644212046260873519710540449635639204370023534025870434307     
D10                                                                              47386634690136924833348712683858332634030075037638860540041067952421586971254   111026612834637837326085987666641197421759116027543657333874547627545486729937  52152111092815282930833710025905043065108523289170107588771683466394261735654   83690616590295558031063308795490996482266157569569776042093592045049045947180   46996821995040698739064244122548755281557098664169402964194721573657684517742   76817354094269839254127721752649031023888877365655931338863385053710643399765   101232628169640438589560494942772732097534833678249799878495808604705822675384  21151594400271996025089388925186333584916216428115888222659852968618632466405   36303981900158633197714596111632663848236082531930915502052524092627458975926   11082652789978291635634116572225668785793992505707945037988543859794127995328   -                                                                                                                                                                                              -                                                                                                                                                                                              10.01805388462912523401814256577092561214142131977395650900371964771820005534672     
D26                                                                              42577088037276109944397323534790258979270582087923529068823368597807498511408   110354104745279300505801860102179513909294493927620009147251447824031791537137  48015072529313004862166448441298652922813652439378424304177083915293868468608   81051459802974355894786253837446129078466281777313279930990764145345393670619   48080806216014162092392040090081795728665187341337651255469017844880995927785   91298658391577606310690664162554285507825452755218846413358923920801180107099   41615360378761417881860116729719683145687192704591617312317905489496610262290   64666355042457533155131716420001819340644374589487946398579491193001536948144   38474371765698245950388930302655870099195699689389750862167395547537895159211   4102716271577863994008393232134388880074882398533778206655973050269603352197    -                                                                                                                                                                                              -                                                                                                                                                                                              26.89781535949065425686276642341460079200745721755446936117340358473552955612553     
D280                                                                             96794622087302720953666671651990129859754625004791219110063497866241971386389   55191211668806716868416328111015614785466020470821355250679671455839761155922   41603410418496004085250343540974515074288604533969863859383826410402210230467   97058551119919052267827115573360100656294707133728712714790012204698190909223   99366719915640812659773020902298236280995587857229949635256898566118927338531   107977813390405363916525697475461930187438416559000059480206312577994237707121  41615360378761417881860116729719683145687192704591617312317905489496610262290   31634492976687431521356764969569705974276283131130516614227654575778979869434   263929032616331314160443921369970796540082128937493604726514338456219522834     196596149725459970944196430580818326084565813668559780159249991265626029145     -                                                                                                                                                                                              -                                                                                                                                                                                              280.7339398349327841244550606789262648713529922315774472637313511789231190807247     
D6                                                                               45129513738105441076530340756240570509274041867914242873046460141584668254813   61544518783582444655517256462232304541257165860316717651635098198132005593253   99377084191839191844584069302696173820854440286672429604016525084970824155897   80647700908952861245393615293572816721669445455910899677586962910005624407403   33724053757865194993847752013169425208838893236562328835960942296177292814938   108294702407783433035442493041102162528214096162586973858026760152110846370609  67899852692966725810513499921210929455494041726362467727879816259243323145657   75538249732625353702737116992268956445033710764247587822246674351132813998602   35518187170847420168863274537332246212395403587996656804540502768420956152590   9611326567258020907667066218908324296878638279917586068505957373163712102223    -                                                                                                                                                                                              -                                                                                                                                                                                              6.403332396720367416314170558326034887702388406177725746206485844162555630616832     
D9                                                                               63488930760209796285821464919640100553985855363168291826556940331859180201207   108107551204086801923854566081923590287860803129766406563740948492802630834549  71173468793439189785537883846404418118962616512476789645421154980574710860995   89729674856410301270924899776804152656532166442656068277796068141559846284716   33748886681740968153231565768144720094537834310460937428283495538641403432615   93198750761544360768713139930026631774292823360600045604684392808345634183671   67899852692966725810513499921210929455494041726362467727879816259243323145657   70496979931139695647753527806385915487616829493478473682511108241632174950047   26240744096200504985103434857164052102546311079487776451239127809700666083509   11007442567808786315614595205311996348893233204192738924078684712457848034189   -                                                                                                                                                                                              -                                                                                                                                                                                              9.821314127974360155096379740637019540314037792769473625474943003118740186274169     
D5                                                                               87045694686434265039962110449443057323123433950446739561044517537077754401793   86169460601695619006870496012294463051674614710330424454992090826425226777158   876234084738646033091614437148594271448819240116315106052426710652527624635     104705792018540605848183971873950280290375604579493631058479563815786377901251  23778540598372723527811672527265063055751943264466481275341888000691773757011   30690074194395853259714220393747927836847282656394512656519771414563442064616   67899852692966725810513499921210929455494041726362467727879816259243323145657   63680683009219134786436548547477005748332262067613395433357130754397062969897   17660097332106340808221861424507222967252170629046891497435046278708623499458   16405305358008901807074664751414165454114751434259173571304332422243260403961   -                                                                                                                                                                                              -                                                                                                                                                                                              5.252536220523842439701493547584993290202388067444309817076007606473123583871375     
D10                                                                              59696708059927070409103937031242427472568731232341262683479038950851232980658   86731097581516955472626391738960074848514068798805452012290856737758127069334   88757699715726310360048530300970260476892226712610715053793345354611267405661   68243586604686782358391740818903950865579085533697364291019280994330665305529   27789398898412245714748551334331880393175709807262494965385808358751816360246   40613991536681791575192431539693007969202358488038362893406436197672216416494   38762579833574823481369345534802955166292239967767972085955625323251470515266   66479847759711445320272899515111194151632604082006710879207788566212880400778   8546878544759711949287803787661523393010354301356101607540242043479432324871    8415436791368798713377114305273287114506605424204653038237586689974639031432    -                                                                                                                                                                                              -                                                                                                                                                                                              10.30619084091651227407779864017819276641892654060558315762675089909606680389445     
D12                                                                              35035031340906451459184300662393483050153185762020848646446544742978591736529   99763526788357807504174300730095095556396137615516562727083008507248247578607   51063593789864839378580984940986295346594612425579190301968699377248505652259   44018220790379547352620761005957109964765076314172985071978460835292076897636   36420151639048009980608642924545716464808336700724548852724723637479471859677   18469260467172326181135984533771865448481396969377515293161154509754955080245   38762579833574823481369345534802955166292239967767972085955625323251470515266   100091105419991551896404811929599919439813647748665924375480650471468521027668  8983189449473095893436460343563626914611890552152136425531916092313485161107    8085462992487163778874919631702602306317514105564439369850796466038136253208    -                                                                                                                                                                                              -                                                                                                                                                                                              12.33862883066262316730589846626331267457939500485800026005010306659823360096029     
D3                                                                               53694622986687581112783536094710152749361143307528868409658655989717842394193   18515246099437580396730607266314830925773703660415193962925979061249331209606   35179376887250000716052928828395321823587439647113674446732676928468511184587   101469927707622067209356981638313763982656230395346657119216834565298062297908  68586104732646934556138387814596103738166826440762737139680279572227993035880   10445844309166334837716443877898192081471505432221155561776101809353519932485   38762579833574823481369345534802955166292239967767972085955625323251470515266   40714227536868085893182065422865836796161940475901657128548230936495964328272   47775304720934486096573445543603611233295087087817788709558178575580219903715   5919318265753095016210090551106541516066056219711079700100477414137622490478    -                                                                                                                                                                                              -                                                                                                                                                                                              3.127935560849919549785893869919393793890280914194833581412335133312328780245170     
D14                                                                              84690086939088232129482642709027692423593843339310654917288067770601252303182   19687532092465681377270140249426483923530883756315421822333132851339267492371   65002554846622550752212502459601208500062959582995233094954934919261984810811   98585802561709366776217371825844070457400954031112201427993383800955932669042   36263840200862012822601893647829650446975437037008225589498144293023665055365   36059905290082041839264037743827807546050572763395845844808269199693285181343   38762579833574823481369345534802955166292239967767972085955625323251470515266   30629699868478031327707323155835213120883206303581566764301256666635963497985   13895715622621134646734729116816378033807110691801546510705316030354680365860   1315793203361424249074268008129424220751179188501375853056171588473170108022    -                                                                                                                                                                                              -                                                                                                                                                                                              14.96248197830056549089468912342737248064373377663285771335986644816562668827862     
D14                                                                              101728352611573066032047739756026212733624995409223405959935020497570429917293  41666295611251714515780115366170324653441552526003017711609556428095387270904   60062057000321351516267624389855888080183442883220388248325464069475042646389   114092813151645773236726525168451748460183666921871251142232225172426747303442  24891833864372107325115190653732587793243652491699916879530313525481110487488   90439574933671325918292474940037172657514508784159880449532995773384428470135   62224075411050821207449487074197730478572143410248591078631595867193923313143   85138134521189634456418823916812151570091246592668418022046661644366033647051   12364460540072707204678785412425535726558671512647845182297204674856317386149   2812668290991408394617456456621926921155623308040644501557383098719890828101    -                                                                                                                                                                                              -                                                                                                                                                                                              14.81379647386901508226976095969778418950904908159581870627264590142258016170132     
D15                                                                              29537572739311718098879848540607254152658568456017930239259472661140212263323   98683277242608445431507511411088106697770100774385856899401613063286208988778   46646384734019468090943322138207055307726031960706977722463022739372164768882   41091262933249550996150277994799837064072374153363932866178059869634249842017   82426288800983198055670555720533060784303098364431935464899334267875457331561   114938568253541787921439931306336740035169192719798386410798770975408816905653  62224075411050821207449487074197730478572143410248591078631595867193923313143   63690762197379169080970703494860634670553295444354830645851305464578203101229   11553690193937832897270429454192582911413805697346002626918587208494037578694   6430192351436052304338989632222088329830957061325924985422298244152137105935    -                                                                                                                                                                                              -                                                                                                                                                                                              15.34686240304608435441900553938713114203511797295440331272100518700902137629082     
D6490                                                                            35483063983942131053661811581495075052116760161707054326203491188673991099319   62637306894558544394968818934007701792865363286292328922383418402192952493004   88637846326699782082263977656175281112088961154489629786425235927999200100652   35719553401660369302912754485479106795441765759962849711635895101858671860428   55812501441967191706852477401254127991415989426089623453579900800878450689603   55573436229895067106071731860625111971943663090441235912598563134060330701878   62224075411050821207449487074197730478572143410248591078631595867193923313143   108042448308091402403383822596140633892817791818459841756215185566577465307832  236489417718238249250942903984031743325005598255795385432403913184680761109     9651326206393666020375983890313553365920423337746511342904210971876932969       -                                                                                                                                                                                              -                                                                                                                                                                                              6490.020703378932477926017663121344667918379323529220353248689128866974226010899     
D2                                                                               22684339642587293433642868134580220105707592460369283358608476720007087061987   16840257225222811537605654270855889253827856078815143725691364938814770279049   5844082417364481896037213863724330851879736381554139632917111781192316782938    38771786927168294567433355997116420897431308198083680213449719904274422601763   83229363741488546404326883117960266245875277173154232491451096060236713387787   61659431829142803832593280852459237418309772605316225075595404894440221644026   95000015224994168003740254946301932176813155437669177530139642560233680328265   48680517208408595438402640830657925914285391481702349449528122554281325031363   16087447284581001133790487862536200791723715737714396854841243184267335539776   6596892358006292299852380272044019313983876722654886503767233535739751522211    -                                                                                                                                                                                              -                                                                                                                                                                                              2.552756102619243136475318606172544098608609751020301249352092978881794686828703     
D2                                                                               73594305921521174720790341667769204274383600029340327382025197341738478462101   37342508962204289442209546261535686198016090173265990502602059942166608537497   36251796959316885278580795406233518076367509856074336879423137399571869924604   103419599869607892198754519258131639757457825633524074191128935956410875536710  70438514034765554056943293697941688243375930290176877174785145924017401689611   74434546282651086457540180643683445038635090067942534593776947647176310987383   95000015224994168003740254946301932176813155437669177530139642560233680328265   16803509678842517611979428617072231622229336218426349865839963179582634916073   29825293948086717477964177590362435483074225604183746809103738614672397074609   13943718025347739764861986487044333308235148820972833763817720112393684312883   -                                                                                                                                                                                              -                                                                                                                                                                                              2.678088361678054775855953733037661852089968001300298569601869377450053466865378     
D1333                                                                            91377122839727801089487524341288944436333449916159439567872739931863378488252   111103921355737970672193469302426628482614630071454880555823776531850570094069  96065290721306025840865040047550223806556384123779463394654126541530969888520   102788849097115642869709220732477476473062676218354084527117973480409570135898  102733453990632056460788593758326026597888863771717669234712842293337076209819  5913599787281904028805190982838382484757568255146054747762278695418787997655    46867756712552567602780319993803300937483135864850024480325075424210570232178   54720447691820309828326743398828190646906332292374254433494491385318503913690   11411726257387841780221696391188532036729226302194644959245233548546191647646   83312780625066847713953211780688142499639498602279893910871543493845307084      -                                                                                                                                                                                              -                                                                                                                                                                                              1333.575959440602624441835498305451246627686577280557517679173824032348988858535     
D33                                                                              102896693656510359318851682678903755700013611392695526859019952047082505276679  38696938733114282416633733690361068134790843079554678944425524185680474570282   64199754923396076902217948988542687565222768313140847914594427861402030706397   105505207676521833423325066176168415014950944891551576772302264521632305930480  96322961851708927712220716428192027957024089164084710844344377228979153441180   66123729599648594127014193713580224866029245161541084466675112211064560348638   46867756712552567602780319993803300937483135864850024480325075424210570232178   92150074294555777661706097485518884773531776279500895772403434775870463381936   2608514020011474104473383497264659314937333498856049913282312474549800653801    1164646876062869244389726285582042417457604937309580241009765539640279778440    -                                                                                                                                                                                              -                                                                                                                                                                                              33.22632767790583787362371707475195824304497792291417638652391504491286410899119     
D42                                                                              82325725437568269892339821607242324908874059051363305014914691218040160502343   109688931515519306121860328187582446691758340352324073905627744414234158278513  88428883159365159194050478428347786069953282978114135491892109945324163718167   92297328260023628629575536846550988453905733434090278621018295620324217914336   15276921022787071625302448518537050846804867631951948876216273735648948672819   85701393205985172100239364320311593999807654339993363275411794310326474974210   46867756712552567602780319993803300937483135864850024480325075424210570232178   49087399609065127290287417594879887423610345978066500716636471455592733742011   9971602822455358737235715239308663545031674382726973606103604402284057411993    2552902857925399994454099692773016548620663989547516166085855999767701206399    -                                                                                                                                                                                              -                                                                                                                                                                                              42.96635540792073353289275003285205449819949525828365791790443729059248861884175     
D28                                                                              12715114914249290061469508872428927590169499499171913764453375296502755456239   88234549643118644203232810317568459636461474914599346529707918569832450205601   40272654508446841281807683563548375806545588863647471617350619868188466744975   17525183162235984962805470830951824820228794044979870723172812892198367665944   37107118462100104373042219479833915708102349843115192202569153063063945968797   55291493945733902159830891160152534594128944519228890727753163511102735171363   46867756712552567602780319993803300937483135864850024480325075424210570232178   79787474757528137753984367121455040927089162582994325272383994895250132410384   4810068247986694901335961958522897230059294545807956958719437595695612209705    3094978418275900258797584955383133130050910407555999847014500105111531036829    -                                                                                                                                                                                              -                                                                                                                                                                                              28.50893858325218882675552034600915094885272897546532508636507951532077666745904     
D85                                                                              84276981515160547942677303847079695346180789923125104322830575517175131224328   86900338823758934277434794554937828240860452366640491512331005444390834358885   113168731928717809088813494300829774958157901835559517193104733214302458359780  96171140914662527485604239769431284943357782445301394513125472799503942807253   99477541415383711501556297836713335620418573715841647407243150282468670398684   76460450993819765965756555843430491281338412862892667033889343780281882950900   114749540004890138959640914621191756790358734425872366769432602952198454910077  34270561106101157843334369044959232064073095281720559629689819686086064472032   11894159399501979542926935922351589597176992522176290190294897282328811582925   1017865718646691142188752390618568165941842267891072990766294540873450143853    -                                                                                                                                                                                              -                                                                                                                                                                                              85.37505216237928575183766982915869186882124305813680856091226196022026880021595     
D9                                                                               35057090244481645442539794640234383315778282091717658365412897030852743499748   26768621692864947961874099209536387640829893198460991337689893664631702535813   8288468551616697480665695430697995674948388893256667027723003366221040963935    45809451310290796784834160354803485400378514892518598011481718304239392030598   36695459409429020773852401566180801526644303981386705086890229106565667136009   81948208260260424981030386758547935021875801918739671845274546320672969541333   114749540004890138959640914621191756790358734425872366769432602952198454910077  91393249199191096176713942088183240782888866755873781183732272167287931490427   10752361065809151342294365714569102084600232800800939646068821273386648530850   2800007047054191415656697496527077061977583689314839427206433210692797907198    -                                                                                                                                                                                              -                                                                                                                                                                                              9.560197972011342334243959528817291889212861476973128426920825159604812162221877     
D8                                                                               9435297013848859831635396426002527038526019653782085895435500992017642012859    24011251737991087749417209857019720044404313700199498947869246860414441646152   101216134513173967505789171577670714846959270232657491330171417273121361861044  16068429082207316808718520084779762205423710119777497530491224379538036721392   52350945669707071136580954136378295693782902487950611473849835334110354439338   2870154672941451756423967627571468926875552896638036346191498751597177616430    114749540004890138959640914621191756790358734425872366769432602952198454910077  5721100787859311530207187870515784501108224155826069612314101356256534594791    6633132068358456977083123658777235166897690465995411635055723387520394708533    2802164945490402854552272767225291871628329187786674260379777604497247304326    -                                                                                                                                                                                              -                                                                                                                                                                                              8.568821680762590917724092616909998925913462960712819288124710052418682084022565     
D0                                                                               75658396864550551036144634807124007044123903480728943643935078334474170396946   28020523296006470783336534543878379950764107182243028143412592480346168560302   47637873568544080252808100263245627093359796298485915500522485854128001836644   113586659121758237697209790666680619368331419194468543554843803325945953514158  111160932091263697120529684065460116502329750010179752120990797893228099896616  27903164251514842830467151710329776944235880236348144005370078684852486988860   114749540004890138959640914621191756790358734425872366769432602952198454910077  78761009574098174672766925916684968785200563055138278118997108314996227296162   37928262257207686661065155859556612324207515713739599910908724991471783117212   37730134607342864375079478947567394719916387766989343733026353343002387279734   -                                                                                                                                                                                              -                                                                                                                                                                                              0.742656329949939963246774351842787917264303457107064068470640891666117013720061     
D3                                                                               89842260541277004667589907733294747619941070672209954912870507403741091345044   30126568341590793830588012049346291949240363404984281060288099811025793993416   59715692199686210837001895683948455670700707267225673852582407592715297351628   103447001350581020197174437020030231260813555466693447865917902292915028143243  80219399347363916141049408279598306009988017651293611414366380694654703172619   105951907104509510837151854512176061357251018030958690062980834111434422587570  53580442685059498118263857208587201562896135441620489841997289501317670437043   1062503722759951776884409016081874662196212432401821263704642166077085758536    13604740809304015529584529286735483640872484794483492953047394889173936798199   8213815685452911490082732012881845774706161905308997194586138068697470555850    -                                                                                                                                                                                              -                                                                                                                                                                                              3.667792107259783081189908640262120858722108306883856254587624312111654920414419     
D5                                                                               96237409984326353802074074258425040645074567562764426094168101844443230446806   34409445126720404293862959747128701604680362532550421387751066918274444425015   61827964857605949508211114511296339040394205030214004706417034926168786021791   107445871828752378592856500821711080799835731327210055262310891809693487995564  43580553542433031987694219611385763953485899793127932633743728515610858498612   55006552586047932169091712277988819502365722400870579223143138524117826561271   45067544943104685758945785515372830905879530918600394944064743868874978855079   109164229281789107646441891162485525547847711375993323786410130431171908156984  11208461844426024790782426563286040154761163764445629168142789965250257548758   6569715228918155475814661752136719406985257447199392749025782122441170056742    -                                                                                                                                                                                              -                                                                                                                                                                                              5.237585485480267532278167497359226177273362720666224111445521816940794037821103     
D7251                                                                            110195381650908057649153102247404320398801471675716435072299031099691574329386  52233085051273535204600421617620192487483857273788951668022368595493071813971   57962296599634522444552680629784127911317614401927483404276662504198502515415   110207881727883498794881964844541681746478920039779665707959576784676395823141  26811872746098357277650385211667263354501128248429081156065713540717730119703   64915251457430164583157989684812497592349693334278875746267756893643723285547   45067544943104685758945785515372830905879530918600394944064743868874978855079   2388743922670382514043291294956823526763413956620064233149147690690635785347    12500076975441145728862597137361347677448364063230635660545684984821493755      7203112394358049229308481564040622094142458338381724588817958490106879061       -                                                                                                                                                                                              -                                                                                                                                                                                              7251.460506459113201906515293094916339406718289366967764540648335752822065954919     
D7                                                                               78128373639277483187972918792719638932880044244575178221418083258007891188588   38190829216734680213504646425254359482956812916949426258145594406328889754897   39937544422542802974468272367465279449923231327625751963272488851679001433691   85427294534977523983114331458908180295130661351524427615254189851885579327544   84385066899288118489718983876869516437651426238209037749777518298467694636001   20430328533693217847208826233254697317685085198650690285893167506116418339695   45067544943104685758945785515372830905879530918600394944064743868874978855079   57114150848600448497038498365247410013177233233627913264183825250413535310240   7298920895700040795141412666188541362250617106949249393836106593877688138956    5139164682277075236558792130834225310373873175082684283057017319231009799028    -                                                                                                                                                                                              -                                                                                                                                                                                              7.431330104761885633378361050818067506808220998335477749175100889787175477026864     
D5                                                                               70852389018432214568342378554921512676917279990067463822625482857503104503531   66581548943718890610742194236434676694402066667446096178165160996405498244605   4270840074713323957600184318486835982515213322621367644460321861097606258926    85677905722172421059875646394229941037000616184616090789824643237755574615825   64933818543410077774167312393283273354476006644477933240459426460274177847998   27265485659633656275733615565995707019030305783089686996704598196175941609889   45067544943104685758945785515372830905879530918600394944064743868874978855079   11600282657093570656229433733585258583144644730077804235131874727851087987752   14825516703740206491533267839308428360083336194548626967199160380252470112294   11550322203471388602209307197687799236583935211872955953828841336493224054355   -                                                                                                                                                                                              -                                                                                                                                                                                              5.764475464044471087321097438932954440062934655866361274871260600688900843657052     
D5                                                                               49827736583404482776493338401348410477879902823249455903625290907612973802217   114548374380559441710223530199073120909832472970861088635647605703158146298655  51071451440161236489840793210963197420884994131463271650582848345972988997899   77032361863053245568822920687409755861566133692770807155841596713377524412811   82487613295722376112129871172593794551687733862705120067431115156969767249074   50431487265103265343604321243454698855875621328709536805450494061263750395380   53676697836818736411744633392110031705122374219830675470768101679988217139266   10138289152142272243786190157989783805842424952244851925646548495400898465491   27204625279648762792329582286061345383686230869521351252216305805764550610594   22623111303755719984163756115287065094193671953728104651408985101848423191623   -                                                                                                                                                                                              -                                                                                                                                                                                              5.063334253301533112671292580444283639797766937156784342716945884484849306956193     
D4                                                                               57003625242434041887455176282506243140596465315192656263716542953359869282547   111863788367772095809372157980651934845931060420779122753020987499891612582692  60931926111978141501654003310542216147502969173488437893300718594986418194192   91036770537577522783235584703892865255974347181748421813265428560914051349858   85907383025829732948793786666849956379705726147614288282008532505680740418788   78970364784925468898281929000250757303578651982536701843632140297708984475543   53676697836818736411744633392110031705122374219830675470768101679988217139266   76436886162108483179623065311958395422978787591213386899750085386720296237754   34033145295143480895780408421386622115377881866555765549548885607554182067311   22970479947290560991674767861119621025218583448636890714167657345805687215236   -                                                                                                                                                                                              -                                                                                                                                                                                              4.869893385965876386300459040283900045221917722658590240322412143929197508065766     
D6                                                                               50303607388040307541933710296181173524116127023660292960301975644936789612469   107545608578961223968526272519037042048244291293162780744323568736140748823915  58550088046395278996978422785832039328709400009572416598583570050314202282891   84440481278360501397222319912584029934076876632277924411918299736415980004599   66771846906609640197549159594017703528007827057621294127975330698495310462887   101910010358516418121835741492891379587884904695628799344900581146716405663128  53676697836818736411744633392110031705122374219830675470768101679988217139266   88652136329234005142152678435704170025858426730246277204624106173348601557011   34136873890320193855288609616402856409960749608617631451616324091479190392130   16166733497720113686645100679778317114155377415042661508685651553457599220339   -                                                                                                                                                                                              -                                                                                                                                                                                              6.652278185579521178873789552715316405868305893658659343540155021701612958042941     
D15                                                                              40348652109898258384623637522925378355080230913242373006710059579137926500739   98557745384580987669219519569802688295309746324192851228205096491443131458396   57582995962633466138975102961810597912608048868124426161110126229212956536680   51621579927136936434143839634239772978122783087026297514477063027601812218281   77644736524669404763906022258974624904725987527188617500979037265793440630271   106261343037237587938624648412798963434605601433419013115422315318536636314615  53676697836818736411744633392110031705122374219830675470768101679988217139266   72557007314738564587374692075734558405724963632362650473378143831549593839536   11272927817238678049520202111314394623042552173783924507767003448463885717542   6529868658182224236063031188982194485952574391890599483409049233746269348113    -                                                                                                                                                                                              -                                                                                                                                                                                              15.09337331939802842608386145488678295318828599747391656478568943470873862020129     
D3                                                                               51557603795105187373941641747717955666611913906994829017991030997890448081144   55646966771818307768200269162100378897876217049780605222096099715909170325077   111702726260603075029312357594305484621573261136289128178500094423499439250404  86321891858349663957635311603188306466338696885750027028920232951120243126116   11492439346420424864650446671912515825848932283718759885765818759769144217141   95186807062258257807953056437714480020560074003226019007654741272537996242227   53676697836818736411744633392110031705122374219830675470768101679988217139266   80055755015434507413925224784716291627660149789670060917674457330364251266371   34764288063244476583693669855470350799726782978755198010929201953229795044972   16793315731860710790247971892247604866885130928239631007061829044660653036172   -                                                                                                                                                                                              -                                                                                                                                                                                              3.313637858082037385162223972814792048746511846274381028509119868175436085873835     
D19                                                                              98319178272466628398140005310615473397487503655017106004513370803615611539547   67814054111303582966393928582865579195327890774403936583379095219640377012207   30505124161163045431746076727749894202159612880613169421134275583975234527340   110167649823085932712229590570451578926769003384020691463645648566740872202511  20481910684881532960806340916102247386538745867323801190148058111026257039321   61981307277307841965953689214054502380729715661655728303798971686723101401350   38579276278987998127048814770957497214657423893729424749593072816728460167918   7877471922426070996298444420221587257287605032900010176128952904003767884533    11848471550619304314089585259836105529281499729003585459132277763125260662964   3531405867512193885423323231926629163235505822988422331455148698613526235835    -                                                                                                                                                                                              -                                                                                                                                                                                              19.20313230919482300804856167846502991981425640027934059122564951942988124412459     
D0                                                                               59473067066633279224541934530390889610255156412436288982587866927274183941301   18177511378297957920850443880135828138741893449661045686252224327552332641171   41295555688335321303691490650255061471513262962775243296335642599721851300130   99077731681122944202474047409981349500286981040073443075243523475374533628076   399805429384730666708246701732170267030198755407642482204709518967587601956     65483606453498598669053332148547292059467579000763775278305144369171595909793   38579276278987998127048814770957497214657423893729424749593072816728460167918   11954258829420854642554070890164849422962390086307382091938955118034734150050   39604664614489664977932112879590459890031824627637154092655656548100349686775   19868402452143614246609821650800429720223331784799134889932210379173834254526   -                                                                                                                                                                                              -                                                                                                                                                                                              0.914895468927687991315994230474047130692534878509985822339365374993155865921374     
D13                                                                              59366683624988187834027207820806128914434863757248545783227941106085998011073   81439150531925121819887686360109190984351930287125581554254317982778812895478   93719622330379261437710506469384845782920497749197868611578786264825346609932   65310727620193982547079968009301128483389522110512848959535881724752723069563   49471366748295485084921808759809096152558711286326116120421844275251411163314   82304867873601854217720855663650591079297484026403570873290347706660827734305   66601957878222737735142796451266015378358842403088272731019157824750665390059   78486364150316114989740663092668047633591732760908559761500176456118744372024   5944043995205794713052760188494999568954658353264303176307940618666725058490    5870287668136035416552366124351132793842938577869817196456475538085472484663    -                                                                                                                                                                                              -                                                                                                                                                                                              13.87311067802987392370578014108875956948067832566057621264808867177475718497245     
D13                                                                              72118297085238512907740863432237663040014816836257979491948215566287557691421   31929565596432236582356909973588231827317140990848081669996467960304438125242   40188731488806276325383953458649431212697675845409897821951747605983119566179   106969750075736853377236023306903388101719510286266721703911022185298923754070  75436712585826513797374710906726972589787176394647245894995166470115683775327   98171665145980126626767923400333968009909333648462320665717288539871506628497   66601957878222737735142796451266015378358842403088272731019157824750665390059   103851064775584221454716312866016530771079776728451238916381685523446510465689  34851452990498340469495159874665725061704693450008742211962806619011366062649   2415391104241831968750543682906212916605429936240495068022602328264825566123    -                                                                                                                                                                                              -                                                                                                                                                                                              13.21921138997264795200231616462826592680473209062838342007830952551756574499561     
D2                                                                               47600153781910292836106836825068144073542263440858679432377564148665220238249   18371733247430657661109970561048419171532693410926364961577013569988791886509   29228420534479635174996866264019724902009570029932314470800550578676428351740   61392472962489136613480852433545101667863603126177578112298712653999095341235   53039095728340022816063371788769144479413629518227300005486769819536108964135   70589154227636155439493414831586529310929743654005222206222460965950277809913   103571088450823619935581956219744658795036118648445884937875376902159988762478  10750422445003467732256021705658650438971935800902427494861072144627376880960   13792319180578843777374015608476957594321339685318898679921148505333875102986   6223196240173761503984789999637271290578244384901983392614118632663594929291    -                                                                                                                                                                                              -                                                                                                                                                                                              2.952137862668089307452454677556684125004493963679177550389336773897923889957205     
D732                                                                             43728661904116109369348250092672725927623087104001321910693008562824388923545   115462269788318143448300231883185971002139734118290203890434369823867462806766  44058481353114161344619003218174662778320917264786022402863801880475087611116   44053819467635651556259413742366678415634362975648830140554689889394698752966   113954346419506920079064333957724542019306473433366777127548919669020221565143  41649740765069758225412058860502100478971146711387203223887411293571108112855   82312386941557634240874269033623104138289440249158202606373974040388354563379   69091399883109880708028048311151416870345988190682282438923608861825432160966   325157563519542186911163649693952488011275871647508229861681326570309829421     157548392497456323252321033683092534112120303235219109227710802402871781131     -                                                                                                                                                                                              -                                                                                                                                                                                              732.8685996601477496151526580022376022733263115422100404440979401789484327001578     
D9                                                                               45373368520055835538127433767887464117351204782824744108269449030835554230986   85135531805249544086977722368574018619036389120637515101403122875776391643114   76029925952122486874720696408001353351152379941262133389471489296577324082209   81554231877797697791217492142431220896049180310115432578378987518710652858437   21625235577571765753704602738345353968812445972214031112884443720104903360505   32656961906935629665084843883625155094946192011622926514585438075529676013242   82312386941557634240874269033623104138289440249158202606373974040388354563379   80596850716242657846005444620791526217664671865947377248356573174682420055020   36180863357741862253090058374543756778697975527290688470109538487875098627451   9192505162313973285037375393343707338653229255534055638159910542960455603535    -                                                                                                                                                                                              -                                                                                                                                                                                              9.261407016041195855037266029712442586206166150315886497568802868820166557269372     
D1048                                                                            55220212275669955905252012830523183513441465632649447492718097354098300453468   28634733872508148158854871530686970364324136317446078788691205502466245263630   26585478403161807746397141299836213149117329315203368704026891851632055189838   73617843118752135169317410980286141369593819882983296777732788299526861704695   104880849536364421872970176640789294889074947309195237463164262997789187938828  110313444920380221147508970589700989519863691671044702067919359598828577453553  82312386941557634240874269033623104138289440249158202606373974040388354563379   7677444262498313067909769577984141262029928058525892240797122307995353936008    18397630843082179264065398149762957856152354250333849285014690945428561251227   27319746423418113055818381234309944984402881647899637674024517812616699787      -                                                                                                                                                                                              -                                                                                                                                                                                              1048.133223080095862207779452463802499937891523880998016806449170787761249365500     
D2                                                                               75654556610443909232716757367419065068076027491162510637034661744704218063910   96029384133016961086613512026599824839676341050596983587335757769724444158302   95417261714743143569674230349507148081237250719640431432304067116497935399945   115620053164004142834420925969691244096827554390721663341476796761289783982048  25097021534767361493252530256118704337134332358697110871207330546036012969869   47690700656356030828206094015032521326350137406457820693060266733226986290401   2356134637793704596081902188248268808100162498814869661896261755911733575818    12989604983714644688060449859753657519350969109126847899827313989036740278753   39965496553560233601704168602272179028751526899559152704442135016585565918138   35689060056883675631012588765146886039324500591603357932592526728118652145772   -                                                                                                                                                                                              -                                                                                                                                                                                              2.690723263094033067162676425192923207307016264554998916228837349334360258853412     
D59                                                                              41645043917011260265721202655212123458514766740962627862401238840454237062352   73357163395404999469872421569087839320387289201610180021807120032014574376932   84079969758922456219419766094812191990965041818427352223199281949957824179757   61850976824009682086653185944078552475313040169483497522474885961542361691923   22725983216440700565831945448897219972307729113448215939095883836649355751296   16531345749256626371543431954978402152544841187894662121544046193491238047734   105482678854800389291624221201839375321369707872834021541208611127033653868617  110857006163639579484763627609869024676342096714418689797434101585301899202118  20205932906998421820931983288866429016798273428520869660073647121088124629571   1233178103014416623857236077479265424918219883920888542253944598277987803210    -                                                                                                                                                                                              -                                                                                                                                                                                              59.48626821712825070841808987719641283251821455941267073285781586713845609480522     
D92                                                                              87729832338060681763131458754161565801172963998190516701089946513259534578314   22740145270248050074442273080818422427628007341207674342540732674540202470075   64989687067812631688689185673343143373544956656982842358549213838719332108239   94459452185174432949226372288046286877599381108894184890429842266960183754999   46294231098518111701539854385797664472683720972841661093136174359073239199921   114161350442225015937677988225195608432148505944122671549465950159691698104020  105482678854800389291624221201839375321369707872834021541208611127033653868617  39091075934338328082059648503914058511962370384173756861727892587532049428146   6729619847113751186094913533884721076426417110703668189339895753700649176685    244774325581916343897582813660191807629541559042830239671301715151095281409     -                                                                                                                                                                                              -                                                                                                                                                                                              92.90249382236707436681789138032303130644839223792428650576388981877405752988650     
D76                                                                              106986637469939640051640702031234037578356833105952052203151311064665926809899  84963305366097561149230174267368461059110321921231367467352067533406888651065   22023332103842078902410527763865576519246511184720684735799243531259038158834   113214609704058566101815389551860765704500585610482291406627256086843384731775  20581003242029865380338080939870606001066832239229387094649663080550457431359   12519794044208320816810981789903445458842391536050478265052850568046134783036   105482678854800389291624221201839375321369707872834021541208611127033653868617  32090133653625569026482031225391691128846328882863511408916133388118722224284   6227972234118926050174687520626728126143752504530239203475945022177457921876    1111109489917897198671014180579659433913040528937985744060245687649142138007    -                                                                                                                                                                                              -                                                                                                                                                                                              76.46708640061720933747622150268165401000836988635325878793449163660229434441193     
D16                                                                              27430883280918774158548529222827808273350898373977067119494197670243344441095   66702367987993317160286464753041802781826261857998595998019552954110746403044   76520604530241652421833049478473913344362200795053375504079807857650759532388   39170327046075512434527933782796113182187694357763998086348032956849168645258   12989472653178707622425930991904054301443790848793091078259089086671545300257   92070280736671691438353012780400159784213432750299247005586541672450602380894   38641898176849713022484430422997745610179875239063805894645130351100583081696   101559954943332090256678963587636435465189507117861997417245779844179629393539  11739443765156738275979404559968304908836795983786930966853835286605824204163   3951995750605297606589720102891198455677306406403205185786527097031696032769    -                                                                                                                                                                                              -                                                                                                                                                                                              16.87814769987468097704420123919421355595790002166223684552115639247398181064070     
D0                                                                               60765449625048572022750129566771818942353822583270574697118716771823348595737   16378616285069598914743040046175072332278495702360183148032238574018250067358   44386833339978973108007089520596746610075326880910391549086478197805098528379   102619316980448730424633682813087757064576083527798706769329717951959109440175  59654196003152842264561865052902672871943152588710987004876120335452904764763   106603540833867495835669356992273988782679787444328748832373690097672392531842  38641898176849713022484430422997745610179875239063805894645130351100583081696   31305867570684097713255771179290543238013207920964108313868814997207113607422   41853867355400158401883553246315938122222260944528132072211001180135760844438   18911582269648413620866576320455880820131561638742442624907715591687587751299   -                                                                                                                                                                                              -                                                                                                                                                                                              0.866062714982657808505319477269338445985548372679079124845448316996476684838200     
D7                                                                               22867148469502376112288186799125430191628477289566755898547735532094399785659   73836139496343572731467879483297498879024202984763654358860337989771801594792   64823098210474998804391292324515839165441838583878005922292560683840759685204   36414845120515798976634885060860847011685122229322124558206559054466728265701   111188664612718156426843267227268935808942692360553739028202849805383677230316  74606776076984584369158755836822686343751204656976867706977772010256141507216   24194087583812834280160112342788316324144687306520851634761681295367782863070   3263085481619802524444513856845241382544683918908416284304426015995231997368    13547696651013422864346698261735416820056644939755368659658823522372328480042   9319451818488953247941488537390013371571832349811387238888912009722071305617    -                                                                                                                                                                                              -                                                                                                                                                                                              7.922798565239569184304980411727403475684083684373227091138455557346608697443465     
D3                                                                               85224851994560750224033506955072615710684901101843667208723911214362577857997   28757214950763385221816216992190567570044708000605872218417138339027230282555   56467637043797365002217289962882048140640193101237794990306772875335347575442   104375404295577916140224604388525786664778392352536906979943097877627593954645  25184062165982785004192911234908195082128881965093454989386747070461212929545   78733833706061618788030135450064669458196333639352429553549761931578708447884   24194087583812834280160112342788316324144687306520851634761681295367782863070   107337976258256193642596578631599678392855553639822050988558907168536192545484  19150552301017165916191097433453170954093491250693239771219186663265016096648   8622642790492086559269117221259931894310936099070708123847164561302513471405    -                                                                                                                                                                                              -                                                                                                                                                                                              3.335081325933279966855152997774378142495855700503074996489550772685990125320947     
D10                                                                              83764501808278136301711580942741438223168449170475501504493277728327388120454   25854199506345203087240980304192041970559648339456293872375570620826238106821   57910302301932933214470600638549396252608800831019207632117707107501150013633   86891623272624603052106210132366478007769487508906822571648802019555005504184   9684217184409760254339121499022386058133340911652578959209904627882638439469    57487364997686329546541833802001426136804783257917729857566031255126928010415   60821023619975847278190468022968051789125898507771353020157323817232291213014   31265584817105143157466785893484363032291916882449838990685602647925042788865   3127121464346466750394629189625039784601038338431321067155524291227617383730    2459343735270000791451222012490403823541452371261153758449646156409336143474    -                                                                                                                                                                                              -                                                                                                                                                                                              10.51264170012687612696140810305707671632757739853870242936381743018643710240559     
D4                                                                               56077234618910906741441129678746196996371999362714910332760370993583825743951   52319977699262513869938513711576247248417107310364906011484046439646440028527   3757256919648392871502615967169949747954892052350004321276324553937385715424    99579403360922866921311556566925994757060036374225463080602665036724773430307   67441556275172272147191300184107249897389913926070791635249822770369775347021   82793622951669696925378830911050601486616264334226024163403983732842291634150   60821023619975847278190468022968051789125898507771353020157323817232291213014   7950657496244663412512840955578088805974240192660433399036065154840134505704    43502168742011960179870426888179797760688037011510552747842294043140947686356   12575065876898946561570702790566399235683962351204357584918076950442878057595   -                                                                                                                                                                                              -                                                                                                                                                                                              4.160612613201259500684109581498622787821735639756081242625791039633523783745074     
D8                                                                               46385108775446693586142333954625203468671071607350272745050088519669554826588   97666675187108244771576718413673468542951975064812383203043009480844477711597   64510522825654644238136600549639642778556660821612793924612242180343238609328   81875659331849662011470042696446462906569868653886104399906891066824971467727   40548134645859307388832951022547774588551018290401597477485479917729387171322   65006439218863471299261197384841138555310682591043798987266167017890013783301   60821023619975847278190468022968051789125898507771353020157323817232291213014   57822891999248323620918140486493062554794392065896087106288975635989403730682   35490550556402968425327708741821259437898797046535831654856802547155416641139   10894558219043725160814625212803944030772274560814441090193285972514138185449   -                                                                                                                                                                                              -                                                                                                                                                                                              8.964721030760711464040362443427595436191927658833052245531723134778846568528790     
D10                                                                              54389256621862527915377731352466434730896615917482003438288252030041821837438   96352416458910035772342457384167689474575483919342418195383492672980171107047   73828929400268687566606258976986653109158696277214489625509922498579812224728   69418032443897379224393504101979274841327605005782716527692671149992538139872   41827125917442038907908796334985645971556047177358588682182558688339237282125   19274983877160349926663542667735319614394231807655885032294946694784540777699   93884426874892704075560433089272598371863329047461949720321587638304170966303   80924205758257538915662682124849267215785355921406590935616138849980185937326   15028775822034851309015772749512840110430989088300713089404419119950716302434   9302929155757973988330413103927914399603648652579864170074994670189672930136    -                                                                                                                                                                                              -                                                                                                                                                                                              10.35721274941382028794807698883532867020442020937661004337589535943059093504174     
D21                                                                              74745400127178818297602302855654075450101247838023390639947553539833888450624   55281945967651272728050449488184371163703365671181793559114263501594838014713   19463454159527545569551853367469704286397882166841597080833290038239050435911   110829110465015968653385842800659059511216223714645047606083524311839339985316  67782862572970739717838078207069342677923795860178648296202306457598186199779   14845252867681017281102289467986653370281969053396574753503323636326088880501   93884426874892704075560433089272598371863329047461949720321587638304170966303   76482353652277589898548711293365582905697026446825469780727350459676981030393   36083710337837150355783539945004984061114975876621656966135970772005451534692   2577979451504517586035222965644107327871296084780076707675611995822985381240    -                                                                                                                                                                                              -                                                                                                                                                                                              21.44390481289078577557742163886121399421805218489635384116219470870232297944460     
D0                                                                               48097182229558481174084921247353245020008769752042732552091457253269665018157   6549922080919437688606946199357953919900191411900546324182109349125148557954    41547260148639043485477975047995291100108578340142186227909347904144516460203   81826913204147306730689859899098341708476044502732042402527670326862201266413   70397294488961796448178153204658221756669546972322408970444303603034612189018   43136984285590119911756087967865072019954386111093911447717254904034767880062   93884426874892704075560433089272598371863329047461949720321587638304170966303   43142320961273915733440675503474195379365510341624035336535844801498003465494   33729730974588825556604938651745096688467274750689309850436213073592536248256   14367451254969655617479982595608148331541495001353422701655244179677128769901   -                                                                                                                                                                                              -                                                                                                                                                                                              0.455886152991390209690946059212410072654437158733764972634519420931197356323726     
D6                                                                               65590895382509601983121734214310693767475215226855181679111159758232135654437   94603931935394870208258738875064008031693435263669745200284676211369402535465   86779052684430927198433980347934593588619344242260340861431646688380894613309   91349478998738425432753873241400221739049143968146125276083601253537704245058   33336405232174176129039051141822852331464034976045215357315486438741749057484   22497544782071138851570011744609740613932386614896071932714270610874356908512   96496571252411607247361898143425986588005584731360052520793859884831497796564   62295885259471586101189709717051211065185124071743173240424049841277350950321   25758583616228823449632139027089527971573928741290943596972441495305568590621   14073728150051955083857456160131637824327357744273294485166276767620998473195   -                                                                                                                                                                                              -                                                                                                                                                                                              6.722023541078959018509263102105302618064388282695787716880299895793111998413678     
D16                                                                              47297353961441284852918173511510516456322057166667253926271364942474804945490   113018086984105623019410641299902965868166680194640514485923695026092373844417  50071356214651857257078517220295458440992941251101643822952833057900592595410   87560240109117751015430723226094476321626833376668223934193767415048965009422   85450556875245019579432365415977244554463629763324761444299164461199039627385   24737796774485043750918509262858204524340348015273414114469420045446820988109   96496571252411607247361898143425986588005584731360052520793859884831497796564   109975970738802391153133647488804808313161623183739107262396616741132542034766  40262886147676466162512549714583959865304776210000970007922402472574160063932   7034467813764818690405623796926556591017280956666283918348962469900644881558    -                                                                                                                                                                                              -                                                                                                                                                                                              16.06633081225497860245284578323963071366359070087522715308110044847274443818476     
D4                                                                               82550678546413414948255237058673750043680313650389170811920015784182337947633   99289460339127064673764849078744527309591894569280899008150001417943522231153   99053307444602545698061372988617130586925983360183176186375177507756977210817   113610220098507722586810784368753085550812744453673769448661236550481000608600  101568649904053853591117913658239361631177027466605038226190826636339082704741  67433301544745285116555342147758563186545721518656970251409695313791342427533   96496571252411607247361898143425986588005584731360052520793859884831497796564   63500919919727485092657647145164186351550835131612953471891799564269897164118   31059541552094307638555547310079335507132430803284598636741220766298662660967   20431595442224799671144142438515079029415452043819973538437574251585012625699   -                                                                                                                                                                                              -                                                                                                                                                                                              4.859603872829787176698440813321958071868960281346831215786883204414412399580419     
D2                                                                               65742920032669086109144144967537563127511543308298964780480288680962597709340   56254848820554921738139692087732440286222026781427940320882018392203679730937   9488071212114164371004452879805122841289516526871024459598270288758917978403    106988629642072097868565200262007729516690763660850021009377624878539441063695  47528752987886953706893848031964074008068571968785574461353061449757510423466   89686368744838981458912570739958738574225211582255299783907434676887711509634   96496571252411607247361898143425986588005584731360052520793859884831497796564   86974531640639778811623586611668591760164123084662975777326560054599832211482   41245709609403011759421055294470166389179220352551056228897336197576843354355   24497210423266074349723089673067396738332322955747908551582952483385754354985   -                                                                                                                                                                                              -                                                                                                                                                                                              2.296377744591164812685457112892505731736536330468404622226556627974580372209524     
D7                                                                               19052097004140351502853392331437313342602200628895875433052567919934405196881   33729318316127115812132424597417524865023911488374680815229126252825281003277   101114867925329431114291952742707696330415853419596099000428604808627285687941  33686931928830697874074807954566177304206430156293997777130820510080088356927   76038746168995234591763573403471337613131704452798601155727222831658703134673   33957341631953253834931471634174871035924463618184109458853837656782389195533   26004066620676719547581010155404064078616650034832956238995278831937328786453   29009583008599701255929386661537278652740834773859081720663046046575068153609   14634834924690346371221415623128863961604229527398122344078252590145683160046   4417262079450005131631976708308449380997971101497753088974315329788722036835    -                                                                                                                                                                                              -                                                                                                                                                                                              7.635797403337853388102822580560282524659270814341882613561310961521718481021654     
D6                                                                               81824169775596702965231070735288662240742100618018668764829269269914920023087   102873197935920835252995219132038891412123533273610758707464953094468697953372  94743061076992063135806836611937678681456131623482814439969479316964383564052   114980244648318248046315325543703668825169885915266063483131969879974037389165  92095083993043286610930361157036571845237601956862204249619572755705888114432   11233013089461730159909120078417457998889797755919545932250233621960927433978   26004066620676719547581010155404064078616650034832956238995278831937328786453   36366077883472511954826647422246985928738779479460802823361384056148258274568   33156074872721545081084254808415006584427785297247394718302700610059117366078   15512020030153612803062561118458649071886530023523879328223868049796685290931   -                                                                                                                                                                                              -                                                                                                                                                                                              6.631837615987277711589422219933138504649085523152466015198411476218543326539992     
D0                                                                               58432774681492350264305830698249089386392164341234126412168443588073315953458   12064327721954812324489446403738158995570540678101256665786408719819658926746   46368446959537537939816384294510930390821623663132869746382034868253657026712   92756948075361049118809980966126391567122091772529169758027829713282637808504   81676304905271530453519604290425628573811378314289191300307106119694292143285   68362959062327671790490470439291313132683953729304950558913893776087348234000   112206303617100322146319666064009821626323873424158548498127521985484215709082  5161972586610553150219578692194848711416638276673503795999526151805946653140    34324173393868698854504150267877302180729927431295043345859386125209321855046   24108601287623651409801680430371787205662236909939083066309057462863994098412   -                                                                                                                                                                                              -                                                                                                                                                                                              0.500415912894462861375273435104164625722662276057777631666729823203176825371326     
D27                                                                              48443783339589703885404160209273109395618438143257366804317131322006313281181   102582179359819407849336230434258105922357019063820369950891608729180541513795  61653693217086491459638914783702911326098983358511901236030685734343933261723   57377658944316428804699839086928622651135945676814578226483326502859772929053   100580291215795598833946362238235932806461328755065011991192189849423674644648  20033937625661108098711769266420513982748247673251391476188449180112721267630   112206303617100322146319666064009821626323873424158548498127521985484215709082  9298550195581849088862490452425773385694420776899298576558866048650957092370    8933875604726724919295678877655513255517507533557211422166195180853459647872    3774405315956079288925765820995543118030900475471309693486155417739015041821    -                                                                                                                                                                                              -                                                                                                                                                                                              27.17836871577072066872073080963898538090010482388405719392754565740731368657876     
D24                                                                              73962694877129886858268615976470945248580399603352765122539104251892044489317   100891394890876101854354164542816987646911903930590450582941543462368403022374  88863389223569980427485436442341865454506059951837218922202723931041802961280   97233965118724369472179051583814449940286005803692307628989166875784143585844   30020402309641610716386037589645893919933878973860259570851119505325046430473   88091480618905628956053693191984923613333312073245578110297659316654024042263   112206303617100322146319666064009821626323873424158548498127521985484215709082  24505694415699076843527529669992882237423721828262590627054737528099743652016   23271270241594482613910435607343504691705606200339542506450062623892099096527   4148884152346439016537309154440431173463581002334137603188916380215747199736    -                                                                                                                                                                                              -                                                                                                                                                                                              24.31771801432827655898324297355492893344885981842585916019032447516746191614779     
D2                                                                               65373963135816830592883893398336951806990867727410885630737888916502104331227   66044361437680770206633216605505321275662621752452319850819421254889691337735   115121690935452255809821661801519538384165810254033470162523630803130574487829  104637330989181171336949912051983174935924563066977049064774677619761488892831  30647053056664305872904175656053717471626883165278536281430117718671880887264   39939989936142485179537473791949617221977089133634814298640198527390355928174   112206303617100322146319666064009821626323873424158548498127521985484215709082  33849738009006566296825037419343508469723759805088971006047579159622550262031   39263367853364340744066018653646223128933695339566163434036788703259384561604   26110595282452489848817874744690728678057172387844722196701100213242719769623   -                                                                                                                                                                                              -                                                                                                                                                                                              2.529408491964393910079280721744576047834920661914974138974145852308847031319076     
D6                                                                               98065793142831002270600211131090118512860373142099814709677506045492461417694   14051703993887094990910599063955954484553218588545774846015091194676950337897   84014089148943907279689612067134164028307154553554039863662414850815511079797   111752429867867098526526768627913389487669199641833285650060868605992744278824  48994451280720227918869923348798036241113541950234822654302218972733649488211   69959126546053491469855838785358675516008276359849951335051724109936825064686   56458723515943657593153897786561126499955292672879007120333655737569517915323   74442978027228284197351430413006790591802996349756845765310645898950790799350   13686636725036096255926557496823270974808826499733470940383362560500282861130   2259336067578328479114308653327221689198587643965518126993968121990481389784    -                                                                                                                                                                                              -                                                                                                                                                                                              6.219395244262367453405319325966212961998838679171365116286724090916125112090375     
D6                                                                               89637508859043097386286518219240712202667535157364530666809102844909890020052   95362396834500586242752637184529498846621308454308892271075081984912685715591   110067201261858706567104866043399121208883790982130542778339184001515365798798  108168625699232201643743446366908854752174248976535010821532114801486325875859  105773453822772605028406068380694273441381124663961401616145476686150756982997  50442033296580420685754490864569012398609773669257867376062539257251721172820   56458723515943657593153897786561126499955292672879007120333655737569517915323   32228863409198112874726412473691230637527534060429444229649594293275335461633   18531116840189104257456928147668142549506713819170480154723011956576435855807   15513041498286680356458805628568142004640679880682610047917055018604146596824   -                                                                                                                                                                                              -                                                                                                                                                                                              6.147240490849764962550854596133642920531701121373525635999039070497008434876726     
D2                                                                               59490356900301469275637821716110930774191400877119385633992445189464117849870   51484450141216127286466470235372379974202066909318512718466039086163950256002   8005906759085341989171351480738550799989333967800872915526406103300167593868    101563016641748235857682382316904582904097932484063074697944031122061790218542  18662719048087695652718086361295744577310732484686042388045867595957793049576   102907189172201540088672824365494349591894814189341452154545004385644262568576  24859196685560766001605764270573821350522184919038628765942650424039771068710   5268292679585872331403866410791821660589290304102549725851608034619269662863    42072659741446766582044560600793652129906531606943689063951585932597672368672   17417697158854702693593261115317278644284869270175696570040859256866445481198   -                                                                                                                                                                                              -                                                                                                                                                                                              2.955870094172740648535351139619162005960037751347730072863382170348715832238133     
D126                                                                             51346064067524295061730915140731612981522793959220960271095524831624961531810   87019410250336971425523624662693890178183530132574380416947128397645163787652   80118743054503519059778275486725630656176828105721484236753559575497959238495   102003693575204789562123109594973486466770913284623901900997151151483032076823  84043972205170443591693882299351370689976248485963166053674929142435025084568   75231732902544759608724426136089013556578290380303778964356126184404567772624   55484254341608461682215177753507360576237931390772992616158085758855743060545   73358852502704898015818136652503802732044614136727120361431544023815081445001   50657629507680494500392194454241873485248119325402941629901626319858070545013   688434559843800561338720686489739496274674633818018641193898511766890986797     -                                                                                                                                                                                              -                                                                                                                                                                                              126.4018620304025284849339566504372073004738669886808435624850422079719791690785     
D2                                                                               82679121027830734612246176798086564570556110949885653563990494833021145421281   44091364587631601928890777588051614378167005723375076770174926252489337848472   38587756440199132683355399210034950192389105226510576793815568580531807572809   103967025064895230271989727030526578193427115922741454508394357336554209620592  48920123405558259963442533300520378512001028466806036050085061014349760672761   5797596624862546729717958859304669182265155459122616667925641697146910945667    55484254341608461682215177753507360576237931390772992616158085758855743060545   69750423508061457387579232279163400736183049522743156099347555846095721774242   21287904037064495659743550232440013622871004972855800944403862503533064199311   18815408916637247633015526100766523701943096031318250730778907322421952823348   -                                                                                                                                                                                              -                                                                                                                                                                                              2.343364674293337496811549445278743209784269949688899420662045047080270308424715     
D3                                                                               60935645799622668769833451900363214337674281370852244360853170642405432840743   18577259014145752322147860630997664365449349280755205510944889181568730296510   42358386785476916447685591269365549972224932090097038849908281460836702544233   88358518436339586683966271200407399853985586649772053298869988829074686283987   2384132603196633996033147669552992196256624183020585298230719330432331133946    58397714740555695977248506635824098508846452306381258723155642618782454837757   55484254341608461682215177753507360576237931390772992616158085758855743060545   36306317128855726803573982645435238030381738499393690091272406986022403908066   27422872636716917914132819300044185516311305278919808938016818186669253443244   6089900526188832941567813300274843305051670813012626484819534269066925954255    -                                                                                                                                                                                              -                                                                                                                                                                                              3.050502866878800787251822688876456126607618435620197578711467755548244140414239     
D5                                                                               52122031357851165228157703668701020465997000722306750657820275943101552009096   27873636564530184650930617730915127496719757715288849570651767069836812569888   24248394793320980577227085937785892969277243007017901087168508873264739439208   75620359097515808998200669547399748569828908844221210873904378270764713471552   26623842218577466726180213072529784615586626989671471972262271395864652755248   58690338576689723181149932825421284157677064906199116524683209887398248235305   87407108535650756072479216804310122728755332895408432322005226279241620189530   35658467393675706785529172660704394441538077940031395886544412888638411059454   23498327739664643770042965878698728103831908121914460216084102327663161462456   5125375878521877688071771911303564258333184478477830225652071287775229084184    -                                                                                                                                                                                              -                                                                                                                                                                                              5.438359493073656318437561527573990344236772378504170415901835224269342649261828     
D5                                                                               31640491627880429157742938912165586553402233920943184137792573447857587168534   33159928608338240397748963263626547464122613715761248356360452441172892768746   114272652256858384183564960657226946942117184484256840164037284148202855894125  57744095303520741819298493551507085489777039187143027985329970902844566124560   63751115208907711559725224977265197457652483458341691520233504973034279078704   25884963491337361983068071404122721843203695760847167451968763893295671247151   2266446721054377242123340770393824416965363469095856060237442112224923472550    87778890902489436005284935016865807344763775119196304144418690860511356891346   26103603675640312661555554639341498936374805266199843847537397454986978956026   5536887952240116496187384272824087617027428654743340290255175992870608212508    -                                                                                                                                                                                              -                                                                                                                                                                                              5.988910899835417889724716616276619587354887827405091304550754263847734050693676     
D29                                                                              29199682822372085893748118702568891427806669304258888602368354456846239116099   110083106303779996417606055473018192397639954854921567205879533450421900517947  34908665755908284899713048238238606883004278728412225779093984147942500092489   54691112944943151084254825272049754190989770654610234147884156869766208081724   68733025126058639877753750387856683694733593852713148311254868450243932303560   107361429829619582265760839669428040094478505193940063349377300190528576482348  2266446721054377242123340770393824416965363469095856060237442112224923472550    78596563381601556899500756204134205455724076551921119134615556438372678550130   25491430122571065190506706569480862763183101350351345545515802412919968965625   3708252699801020703241412133088028664623567953907543056852552043926270150474    -                                                                                                                                                                                              -                                                                                                                                                                                              29.68597752512575298580563899584986841445660346279370224903725790112429353755463     
D9                                                                               87289381753914388071103944045757712889227486457696390904719758034745606703234   43714810656729922159886288030842872204779268073601925400477689971218375968619   43574571097184465911217656014914840684448218384094465504242068063527230734615   99104301741552157536819994612716780056830168296537813619797038013351008741560   9235008526642080792050709805205846325913897869578269629387944356234227907876    90658091478601054849067221311131159438469917007252030166340811855210786082704   2266446721054377242123340770393824416965363469095856060237442112224923472550    102237634784933553207997861389070537078527576943726421075404223236719007960738  11814919987637769465716050566959067167602681838841422715077279978605402038326   4584941840450001811091590077044242716008713585806431899178798184507792434952    -                                                                                                                                                                                              -                                                                                                                                                                                              9.534430790607239422776540443574768945726205591075195843410685706445941972393529     
D389                                                                             65261792516225404936250533499031641568327566017264374605398438442245641734957   108773007857664083445091883471795621825094491856943255138535948865924650464832  72280873895877516914729635035923927596070638439396023849467652717839152764462   76092237690024431422731064154347170911323770531673576033920538337790879948176   68631143431662052651435278622474681896441364644137090090359178160579248853909   80140420327925384894474962972703670978758692110776163868097723878089042589008   58716633488926029680933192086609225029461496079582742034968405541209905937850   55504373642575997654530669766592928990630642191262490878729158051886709675536   10830445173799026486480530655315529342996204514409201428522099895545238213219   279121473431246017367349567138465510350338930809166034265839068974212455643     -                                                                                                                                                                                              -                                                                                                                                                                                              389.6977417054849246856454713436490425017719756617734727156436993188525770635621     
----------------------------------------------------------------------------------------------------------------------------------------------------------------------------------------------------------------------------------------------------------------------------------------------------------------------------------------------------------------------------------------------------------------------------------------------------------------------------------------------------------------------------------------------------------------------------------------------------------------------------------------------------------------------------------------------------------------------------------------------------------------------------------------------------------------------------------------------------------------------------------------------------------------------------------------------------------------------------------------------------------------------------------------------------------------------------------------------------------------------------------------------------------------------------------------------------------------------------------------------------------------------------------------------------------------------------------------------------------------------------------------------------
case                                                                             s                                                                               s_zk                                                                            s_rxk                                                                           s_zr                                                                            z                                                                               r                                                                               x                                                                               k-1                                                                             q                                                                               a                                                                               m1                                                                                                                                                                                             m2                                                                                                                                                                                             f                                                                                    
----------------------------------------------------------------------------------------------------------------------------------------------------------------------------------------------------------------------------------------------------------------------------------------------------------------------------------------------------------------------------------------------------------------------------------------------------------------------------------------------------------------------------------------------------------------------------------------------------------------------------------------------------------------------------------------------------------------------------------------------------------------------------------------------------------------------------------------------------------------------------------------------------------------------------------------------------------------------------------------------------------------------------------------------------------------------------------------------------------------------------------------------------------------------------------------------------------------------------------------------------------------------------------------------------------------------------------------------------------------------------------------------------

Statistics:

Total Key Count: 9965
Transaction Limit Per Key: 10
Total Transaction Count: 99650
Total Cases: 24962
Case A Count: 0
Case B Count: 0
Case C Count: 0
Case D Count: 24962
Case D0 Count: 1739
Case D1 Count: 1694
Case D2 Count: 1746
Case D3 Count: 1713
Case D4 Count: 1498
Case D5 Count: 1309
Case D6 Count: 1075
Case D7 Count: 996
Case D8 Count: 800
Case D9 Count: 704
Case D10 Count: 648
Case D11 Count: 551
Case D12 Count: 475
Case D13 Count: 428
Case D14 Count: 422
Case D15 Count: 337
Case D16 Count: 324
Case D17 Count: 324
Case D18 Count: 277
Case D19 Count: 262
Case D20 Count: 254
Case D21 Count: 258
Case D22 Count: 228
Case D23 Count: 193
Case D24 Count: 207
Case D25 Count: 156
Case D26 Count: 171
Case D27 Count: 174
Case D28 Count: 130
Case D29 Count: 137
Case D30 Count: 123
Case D31 Count: 120
Case D32 Count: 128
Case D33 Count: 107
Case D34 Count: 105
Case D35 Count: 118
Case D36 Count: 104
Case D37 Count: 102
Case D38 Count: 86
Case D39 Count: 96
Case D40 Count: 73
Case D41 Count: 90
Case D42 Count: 81
Case D43 Count: 76
Case D44 Count: 77
Case D45 Count: 89
Case D46 Count: 76
Case D47 Count: 67
Case D48 Count: 65
Case D49 Count: 65
Case D50 Count: 61
Case D51 Count: 51
Case D52 Count: 54
Case D53 Count: 54
Case D54 Count: 54
Case D55 Count: 52
Case D56 Count: 39
Case D57 Count: 47
Case D58 Count: 49
Case D59 Count: 54
Case D60 Count: 36
Case D61 Count: 51
Case D62 Count: 38
Case D63 Count: 39
Case D64 Count: 42
Case D65 Count: 40
Case D66 Count: 38
Case D67 Count: 28
Case D68 Count: 26
Case D69 Count: 36
Case D70 Count: 38
Case D71 Count: 34
Case D72 Count: 38
Case D73 Count: 30
Case D74 Count: 33
Case D75 Count: 25
Case D76 Count: 31
Case D77 Count: 26
Case D78 Count: 32
Case D79 Count: 31
Case D80 Count: 20
Case D81 Count: 22
Case D82 Count: 27
Case D83 Count: 23
Case D84 Count: 29
Case D85 Count: 20
Case D86 Count: 16
Case D87 Count: 20
Case D88 Count: 19
Case D89 Count: 16
Case D90 Count: 25
Case D91 Count: 22
Case D92 Count: 28
Case D93 Count: 19
Case D94 Count: 14
Case D95 Count: 19
Case D96 Count: 14
Case D97 Count: 18
Case D98 Count: 14
Case D99 Count: 16
Case D100 Count: 23
Case D101 Count: 15
Case D102 Count: 27
Case D103 Count: 14
Case D104 Count: 23
Case D105 Count: 13
Case D106 Count: 21
Case D107 Count: 22
Case D108 Count: 10
Case D109 Count: 16
Case D110 Count: 11
Case D111 Count: 11
Case D112 Count: 12
Case D113 Count: 19
Case D114 Count: 16
Case D115 Count: 16
Case D116 Count: 18
Case D117 Count: 13
Case D118 Count: 7
Case D119 Count: 20
Case D120 Count: 11
Case D121 Count: 8
Case D122 Count: 22
Case D123 Count: 13
Case D124 Count: 9
Case D125 Count: 16
Case D126 Count: 14
Case D127 Count: 12
Case D128 Count: 8
Case D129 Count: 12
Case D130 Count: 17
Case D131 Count: 6
Case D132 Count: 13
Case D133 Count: 7
Case D134 Count: 6
Case D135 Count: 8
Case D136 Count: 11
Case D137 Count: 22
Case D138 Count: 11
Case D139 Count: 7
Case D140 Count: 11
Case D141 Count: 8
Case D142 Count: 9
Case D143 Count: 9
Case D144 Count: 10
Case D145 Count: 11
Case D146 Count: 4
Case D147 Count: 7
Case D148 Count: 8
Case D149 Count: 12
Case D150 Count: 7
Case D151 Count: 8
Case D152 Count: 4
Case D153 Count: 8
Case D154 Count: 3
Case D155 Count: 10
Case D156 Count: 10
Case D157 Count: 11
Case D158 Count: 9
Case D159 Count: 13
Case D160 Count: 7
Case D161 Count: 6
Case D162 Count: 7
Case D163 Count: 9
Case D164 Count: 5
Case D165 Count: 7
Case D166 Count: 6
Case D167 Count: 7
Case D168 Count: 5
Case D169 Count: 8
Case D170 Count: 5
Case D171 Count: 4
Case D172 Count: 2
Case D173 Count: 3
Case D174 Count: 6
Case D175 Count: 6
Case D176 Count: 10
Case D177 Count: 7
Case D178 Count: 12
Case D179 Count: 5
Case D180 Count: 5
Case D181 Count: 7
Case D182 Count: 7
Case D183 Count: 7
Case D184 Count: 5
Case D185 Count: 4
Case D186 Count: 4
Case D187 Count: 11
Case D188 Count: 6
Case D189 Count: 4
Case D190 Count: 5
Case D191 Count: 7
Case D192 Count: 7
Case D193 Count: 6
Case D194 Count: 5
Case D195 Count: 6
Case D196 Count: 4
Case D197 Count: 7
Case D198 Count: 4
Case D199 Count: 12
Case D200 Count: 8
Case D201 Count: 6
Case D202 Count: 2
Case D203 Count: 6
Case D204 Count: 8
Case D205 Count: 2
Case D206 Count: 10
Case D207 Count: 3
Case D208 Count: 8
Case D209 Count: 9
Case D210 Count: 7
Case D211 Count: 7
Case D212 Count: 9
Case D213 Count: 5
Case D214 Count: 3
Case D215 Count: 4
Case D216 Count: 4
Case D217 Count: 2
Case D218 Count: 6
Case D219 Count: 5
Case D220 Count: 5
Case D221 Count: 6
Case D222 Count: 4
Case D223 Count: 6
Case D224 Count: 3
Case D225 Count: 1
Case D226 Count: 9
Case D227 Count: 4
Case D228 Count: 4
Case D229 Count: 5
Case D230 Count: 3
Case D231 Count: 6
Case D232 Count: 2
Case D233 Count: 3
Case D234 Count: 8
Case D235 Count: 6
Case D237 Count: 4
Case D238 Count: 3
Case D239 Count: 3
Case D240 Count: 5
Case D241 Count: 2
Case D242 Count: 4
Case D243 Count: 5
Case D244 Count: 5
Case D245 Count: 4
Case D246 Count: 4
Case D247 Count: 4
Case D248 Count: 2
Case D249 Count: 2
Case D250 Count: 5
Case D251 Count: 5
Case D252 Count: 4
Case D253 Count: 3
Case D255 Count: 5
Case D256 Count: 5
Case D257 Count: 1
Case D258 Count: 2
Case D259 Count: 4
Case D260 Count: 5
Case D261 Count: 5
Case D262 Count: 1
Case D263 Count: 3
Case D264 Count: 1
Case D265 Count: 7
Case D266 Count: 4
Case D267 Count: 3
Case D268 Count: 2
Case D269 Count: 1
Case D270 Count: 3
Case D271 Count: 9
Case D272 Count: 1
Case D273 Count: 4
Case D274 Count: 3
Case D275 Count: 1
Case D276 Count: 1
Case D277 Count: 7
Case D278 Count: 1
Case D279 Count: 7
Case D280 Count: 2
Case D281 Count: 2
Case D282 Count: 1
Case D283 Count: 5
Case D284 Count: 2
Case D285 Count: 2
Case D286 Count: 3
Case D287 Count: 2
Case D289 Count: 2
Case D290 Count: 4
Case D291 Count: 4
Case D292 Count: 3
Case D293 Count: 3
Case D294 Count: 9
Case D295 Count: 4
Case D296 Count: 2
Case D297 Count: 4
Case D298 Count: 3
Case D299 Count: 5
Case D301 Count: 1
Case D302 Count: 3
Case D303 Count: 1
Case D304 Count: 2
Case D305 Count: 3
Case D307 Count: 1
Case D309 Count: 1
Case D310 Count: 2
Case D311 Count: 1
Case D312 Count: 2
Case D313 Count: 1
Case D314 Count: 3
Case D315 Count: 3
Case D316 Count: 5
Case D317 Count: 2
Case D318 Count: 2
Case D319 Count: 3
Case D320 Count: 2
Case D321 Count: 1
Case D323 Count: 3
Case D324 Count: 2
Case D325 Count: 1
Case D326 Count: 3
Case D327 Count: 3
Case D328 Count: 3
Case D329 Count: 1
Case D330 Count: 4
Case D331 Count: 3
Case D333 Count: 1
Case D334 Count: 1
Case D335 Count: 3
Case D336 Count: 2
Case D337 Count: 2
Case D338 Count: 2
Case D339 Count: 1
Case D340 Count: 3
Case D341 Count: 2
Case D342 Count: 4
Case D343 Count: 2
Case D344 Count: 2
Case D345 Count: 5
Case D346 Count: 3
Case D347 Count: 2
Case D348 Count: 5
Case D350 Count: 2
Case D352 Count: 2
Case D353 Count: 3
Case D354 Count: 4
Case D356 Count: 1
Case D357 Count: 2
Case D358 Count: 2
Case D359 Count: 2
Case D360 Count: 1
Case D363 Count: 1
Case D364 Count: 3
Case D365 Count: 5
Case D366 Count: 1
Case D367 Count: 2
Case D368 Count: 2
Case D369 Count: 1
Case D370 Count: 2
Case D371 Count: 2
Case D373 Count: 1
Case D374 Count: 2
Case D375 Count: 3
Case D376 Count: 2
Case D377 Count: 1
Case D378 Count: 1
Case D379 Count: 4
Case D381 Count: 1
Case D382 Count: 3
Case D383 Count: 1
Case D384 Count: 1
Case D385 Count: 1
Case D387 Count: 1
Case D389 Count: 4
Case D390 Count: 2
Case D391 Count: 2
Case D392 Count: 1
Case D394 Count: 3
Case D395 Count: 1
Case D396 Count: 3
Case D398 Count: 1
Case D399 Count: 1
Case D400 Count: 2
Case D402 Count: 6
Case D404 Count: 1
Case D405 Count: 4
Case D406 Count: 1
Case D407 Count: 1
Case D409 Count: 3
Case D410 Count: 1
Case D411 Count: 1
Case D412 Count: 1
Case D413 Count: 5
Case D414 Count: 1
Case D417 Count: 2
Case D418 Count: 1
Case D419 Count: 1
Case D420 Count: 3
Case D422 Count: 2
Case D423 Count: 1
Case D424 Count: 2
Case D426 Count: 3
Case D427 Count: 1
Case D429 Count: 1
Case D430 Count: 1
Case D433 Count: 3
Case D434 Count: 1
Case D436 Count: 2
Case D438 Count: 1
Case D439 Count: 1
Case D440 Count: 3
Case D442 Count: 2
Case D443 Count: 2
Case D445 Count: 1
Case D446 Count: 1
Case D447 Count: 1
Case D449 Count: 2
Case D451 Count: 1
Case D453 Count: 2
Case D455 Count: 1
Case D456 Count: 1
Case D457 Count: 1
Case D458 Count: 1
Case D460 Count: 1
Case D461 Count: 1
Case D462 Count: 2
Case D463 Count: 1
Case D464 Count: 2
Case D465 Count: 1
Case D466 Count: 1
Case D467 Count: 3
Case D469 Count: 1
Case D470 Count: 1
Case D472 Count: 1
Case D473 Count: 1
Case D475 Count: 3
Case D476 Count: 1
Case D478 Count: 1
Case D479 Count: 4
Case D480 Count: 1
Case D481 Count: 2
Case D484 Count: 2
Case D485 Count: 1
Case D486 Count: 2
Case D487 Count: 4
Case D488 Count: 1
Case D489 Count: 2
Case D491 Count: 1
Case D496 Count: 1
Case D497 Count: 1
Case D500 Count: 1
Case D501 Count: 1
Case D502 Count: 1
Case D505 Count: 2
Case D506 Count: 3
Case D507 Count: 1
Case D509 Count: 4
Case D510 Count: 3
Case D512 Count: 1
Case D516 Count: 2
Case D517 Count: 1
Case D518 Count: 1
Case D519 Count: 1
Case D521 Count: 2
Case D523 Count: 1
Case D524 Count: 2
Case D525 Count: 2
Case D526 Count: 2
Case D529 Count: 1
Case D531 Count: 2
Case D533 Count: 1
Case D535 Count: 2
Case D539 Count: 2
Case D541 Count: 1
Case D542 Count: 2
Case D543 Count: 1
Case D545 Count: 1
Case D548 Count: 3
Case D549 Count: 1
Case D550 Count: 3
Case D552 Count: 1
Case D553 Count: 1
Case D554 Count: 2
Case D555 Count: 1
Case D557 Count: 1
Case D558 Count: 1
Case D560 Count: 3
Case D561 Count: 3
Case D565 Count: 1
Case D566 Count: 1
Case D567 Count: 1
Case D573 Count: 1
Case D574 Count: 1
Case D576 Count: 1
Case D578 Count: 1
Case D579 Count: 1
Case D581 Count: 2
Case D582 Count: 1
Case D583 Count: 2
Case D587 Count: 1
Case D588 Count: 1
Case D590 Count: 1
Case D592 Count: 1
Case D594 Count: 1
Case D597 Count: 2
Case D598 Count: 2
Case D602 Count: 1
Case D603 Count: 1
Case D604 Count: 1
Case D606 Count: 1
Case D610 Count: 1
Case D614 Count: 1
Case D615 Count: 1
Case D616 Count: 1
Case D617 Count: 1
Case D618 Count: 1
Case D622 Count: 1
Case D623 Count: 2
Case D624 Count: 1
Case D627 Count: 1
Case D628 Count: 1
Case D629 Count: 2
Case D630 Count: 1
Case D631 Count: 1
Case D632 Count: 3
Case D634 Count: 1
Case D635 Count: 1
Case D636 Count: 2
Case D639 Count: 2
Case D640 Count: 1
Case D645 Count: 1
Case D650 Count: 1
Case D652 Count: 1
Case D654 Count: 2
Case D655 Count: 2
Case D658 Count: 1
Case D660 Count: 1
Case D661 Count: 1
Case D663 Count: 2
Case D665 Count: 1
Case D668 Count: 1
Case D671 Count: 1
Case D672 Count: 1
Case D674 Count: 3
Case D675 Count: 1
Case D679 Count: 1
Case D680 Count: 1
Case D681 Count: 2
Case D682 Count: 1
Case D683 Count: 1
Case D686 Count: 1
Case D689 Count: 1
Case D690 Count: 1
Case D694 Count: 1
Case D696 Count: 2
Case D699 Count: 1
Case D703 Count: 1
Case D707 Count: 1
Case D710 Count: 2
Case D711 Count: 2
Case D713 Count: 2
Case D714 Count: 2
Case D719 Count: 2
Case D726 Count: 1
Case D727 Count: 2
Case D729 Count: 1
Case D730 Count: 1
Case D732 Count: 1
Case D733 Count: 1
Case D735 Count: 1
Case D737 Count: 1
Case D741 Count: 1
Case D746 Count: 1
Case D747 Count: 1
Case D750 Count: 1
Case D752 Count: 1
Case D753 Count: 1
Case D754 Count: 1
Case D755 Count: 1
Case D759 Count: 1
Case D761 Count: 2
Case D762 Count: 1
Case D763 Count: 1
Case D765 Count: 2
Case D768 Count: 1
Case D776 Count: 1
Case D780 Count: 1
Case D782 Count: 1
Case D791 Count: 1
Case D795 Count: 1
Case D798 Count: 1
Case D799 Count: 1
Case D801 Count: 1
Case D804 Count: 2
Case D810 Count: 1
Case D816 Count: 1
Case D828 Count: 1
Case D829 Count: 1
Case D831 Count: 1
Case D833 Count: 1
Case D835 Count: 1
Case D836 Count: 1
Case D837 Count: 1
Case D838 Count: 1
Case D843 Count: 2
Case D848 Count: 1
Case D854 Count: 1
Case D858 Count: 1
Case D865 Count: 1
Case D871 Count: 1
Case D883 Count: 1
Case D887 Count: 1
Case D889 Count: 2
Case D891 Count: 1
Case D893 Count: 1
Case D897 Count: 2
Case D900 Count: 1
Case D902 Count: 1
Case D903 Count: 1
Case D904 Count: 3
Case D907 Count: 1
Case D908 Count: 1
Case D909 Count: 1
Case D913 Count: 2
Case D916 Count: 1
Case D917 Count: 1
Case D921 Count: 2
Case D922 Count: 2
Case D925 Count: 1
Case D927 Count: 1
Case D930 Count: 1
Case D932 Count: 1
Case D933 Count: 1
Case D937 Count: 1
Case D940 Count: 1
Case D943 Count: 1
Case D948 Count: 2
Case D950 Count: 1
Case D958 Count: 1
Case D960 Count: 1
Case D966 Count: 1
Case D986 Count: 1
Case D988 Count: 1
Case D990 Count: 1
Case D991 Count: 1
Case D994 Count: 1
Case D997 Count: 2
Case D1005 Count: 1
Case D1009 Count: 1
Case D1012 Count: 1
Case D1013 Count: 1
Case D1015 Count: 2
Case D1026 Count: 1
Case D1027 Count: 1
Case D1032 Count: 1
Case D1033 Count: 1
Case D1035 Count: 1
Case D1036 Count: 1
Case D1038 Count: 1
Case D1048 Count: 1
Case D1051 Count: 1
Case D1056 Count: 1
Case D1061 Count: 1
Case D1064 Count: 1
Case D1066 Count: 1
Case D1070 Count: 1
Case D1071 Count: 1
Case D1073 Count: 1
Case D1074 Count: 1
Case D1078 Count: 1
Case D1082 Count: 1
Case D1087 Count: 1
Case D1091 Count: 1
Case D1095 Count: 1
Case D1096 Count: 2
Case D1100 Count: 1
Case D1104 Count: 2
Case D1109 Count: 1
Case D1120 Count: 1
Case D1125 Count: 1
Case D1131 Count: 1
Case D1138 Count: 1
Case D1140 Count: 1
Case D1146 Count: 2
Case D1148 Count: 1
Case D1154 Count: 1
Case D1164 Count: 1
Case D1175 Count: 1
Case D1180 Count: 2
Case D1185 Count: 1
Case D1193 Count: 2
Case D1194 Count: 1
Case D1200 Count: 1
Case D1201 Count: 1
Case D1202 Count: 1
Case D1206 Count: 1
Case D1208 Count: 1
Case D1209 Count: 1
Case D1218 Count: 1
Case D1222 Count: 1
Case D1224 Count: 1
Case D1231 Count: 1
Case D1234 Count: 1
Case D1235 Count: 1
Case D1237 Count: 1
Case D1240 Count: 1
Case D1241 Count: 3
Case D1267 Count: 1
Case D1278 Count: 1
Case D1279 Count: 1
Case D1300 Count: 1
Case D1317 Count: 2
Case D1319 Count: 1
Case D1324 Count: 1
Case D1333 Count: 1
Case D1335 Count: 1
Case D1355 Count: 1
Case D1358 Count: 1
Case D1361 Count: 1
Case D1375 Count: 1
Case D1380 Count: 1
Case D1385 Count: 1
Case D1386 Count: 1
Case D1389 Count: 1
Case D1397 Count: 1
Case D1410 Count: 1
Case D1420 Count: 2
Case D1423 Count: 1
Case D1434 Count: 1
Case D1444 Count: 2
Case D1452 Count: 1
Case D1461 Count: 1
Case D1499 Count: 1
Case D1501 Count: 1
Case D1511 Count: 1
Case D1515 Count: 1
Case D1518 Count: 1
Case D1520 Count: 1
Case D1532 Count: 1
Case D1535 Count: 1
Case D1538 Count: 1
Case D1560 Count: 1
Case D1565 Count: 2
Case D1566 Count: 1
Case D1576 Count: 1
Case D1577 Count: 1
Case D1582 Count: 2
Case D1589 Count: 1
Case D1595 Count: 1
Case D1613 Count: 1
Case D1614 Count: 1
Case D1618 Count: 1
Case D1622 Count: 1
Case D1627 Count: 1
Case D1636 Count: 1
Case D1640 Count: 1
Case D1653 Count: 1
Case D1663 Count: 2
Case D1673 Count: 1
Case D1697 Count: 2
Case D1698 Count: 1
Case D1703 Count: 1
Case D1705 Count: 1
Case D1741 Count: 1
Case D1757 Count: 1
Case D1775 Count: 1
Case D1785 Count: 1
Case D1802 Count: 1
Case D1810 Count: 1
Case D1834 Count: 1
Case D1839 Count: 1
Case D1846 Count: 1
Case D1899 Count: 1
Case D1913 Count: 1
Case D1931 Count: 1
Case D1939 Count: 1
Case D1945 Count: 1
Case D1946 Count: 1
Case D1953 Count: 1
Case D1958 Count: 1
Case D1959 Count: 1
Case D1987 Count: 1
Case D1989 Count: 1
Case D2037 Count: 1
Case D2083 Count: 1
Case D2092 Count: 1
Case D2093 Count: 1
Case D2146 Count: 1
Case D2235 Count: 1
Case D2242 Count: 1
Case D2276 Count: 1
Case D2297 Count: 2
Case D2311 Count: 1
Case D2318 Count: 1
Case D2324 Count: 1
Case D2332 Count: 1
Case D2342 Count: 1
Case D2344 Count: 1
Case D2348 Count: 1
Case D2350 Count: 1
Case D2369 Count: 1
Case D2391 Count: 1
Case D2420 Count: 1
Case D2423 Count: 1
Case D2444 Count: 1
Case D2464 Count: 1
Case D2471 Count: 1
Case D2509 Count: 1
Case D2562 Count: 1
Case D2566 Count: 1
Case D2592 Count: 1
Case D2717 Count: 1
Case D2739 Count: 1
Case D2742 Count: 1
Case D2763 Count: 1
Case D2793 Count: 1
Case D2822 Count: 2
Case D2879 Count: 1
Case D2885 Count: 1
Case D3006 Count: 1
Case D3011 Count: 1
Case D3021 Count: 1
Case D3060 Count: 1
Case D3068 Count: 1
Case D3070 Count: 1
Case D3075 Count: 1
Case D3134 Count: 1
Case D3148 Count: 1
Case D3174 Count: 1
Case D3183 Count: 1
Case D3192 Count: 1
Case D3221 Count: 1
Case D3229 Count: 1
Case D3236 Count: 1
Case D3251 Count: 1
Case D3292 Count: 1
Case D3305 Count: 1
Case D3309 Count: 1
Case D3388 Count: 1
Case D3414 Count: 1
Case D3439 Count: 1
Case D3457 Count: 1
Case D3469 Count: 1
Case D3524 Count: 1
Case D3597 Count: 1
Case D3648 Count: 1
Case D3672 Count: 1
Case D3767 Count: 1
Case D3770 Count: 1
Case D3813 Count: 1
Case D3944 Count: 1
Case D3985 Count: 1
Case D3994 Count: 1
Case D4005 Count: 1
Case D4103 Count: 1
Case D4131 Count: 1
Case D4140 Count: 1
Case D4407 Count: 1
Case D4473 Count: 1
Case D4477 Count: 1
Case D4544 Count: 1
Case D4555 Count: 1
Case D4584 Count: 1
Case D4632 Count: 1
Case D4652 Count: 1
Case D4681 Count: 1
Case D4727 Count: 1
Case D4744 Count: 1
Case D4745 Count: 1
Case D4787 Count: 1
Case D4971 Count: 1
Case D4995 Count: 1
Case D5005 Count: 1
Case D5100 Count: 1
Case D5153 Count: 1
Case D5256 Count: 1
Case D5299 Count: 1
Case D5474 Count: 1
Case D5769 Count: 1
Case D5841 Count: 1
Case D5846 Count: 1
Case D5919 Count: 1
Case D5946 Count: 1
Case D6013 Count: 1
Case D6070 Count: 1
Case D6304 Count: 1
Case D6450 Count: 1
Case D6490 Count: 1
Case D6863 Count: 1
Case D7058 Count: 1
Case D7251 Count: 1
Case D7330 Count: 1
Case D7689 Count: 1
Case D7858 Count: 1
Case D8128 Count: 1
Case D8498 Count: 1
Case D8508 Count: 1
Case D8597 Count: 1
Case D8603 Count: 1
Case D8700 Count: 1
Case D8712 Count: 1
Case D8722 Count: 1
Case D8867 Count: 1
Case D8923 Count: 1
Case D8980 Count: 1
Case D9378 Count: 1
Case D9410 Count: 1
Case D9443 Count: 1
Case D9497 Count: 1
Case D9907 Count: 1
Case D10677 Count: 1
Case D10936 Count: 1
Case D11007 Count: 1
Case D11108 Count: 1
Case D11161 Count: 1
Case D11390 Count: 1
Case D11873 Count: 1
Case D11964 Count: 1
Case D12033 Count: 1
Case D12672 Count: 1
Case D12717 Count: 1
Case D13105 Count: 1
Case D13293 Count: 1
Case D13475 Count: 1
Case D13635 Count: 1
Case D13650 Count: 1
Case D13764 Count: 1
Case D13839 Count: 1
Case D13897 Count: 1
Case D15149 Count: 1
Case D16145 Count: 1
Case D16314 Count: 1
Case D16920 Count: 1
Case D18584 Count: 1
Case D19819 Count: 1
Case D20071 Count: 1
Case D21250 Count: 1
Case D24569 Count: 1
Case D25309 Count: 1
Case D25362 Count: 1
Case D26933 Count: 1
Case D28510 Count: 1
Case D31797 Count: 1
Case D32240 Count: 1
Case D34936 Count: 1
Case D37437 Count: 1
Case D38151 Count: 1
Case D40272 Count: 1
Case D41090 Count: 1
Case D43688 Count: 1
Case D44276 Count: 1
Case D45794 Count: 1
Case D46557 Count: 1
Case D47365 Count: 1
Case D53534 Count: 1
Case D54985 Count: 1
Case D59508 Count: 1
Case D87906 Count: 1
Case D95483 Count: 1
Case D138046 Count: 1
Case D180104 Count: 1
Case D200173 Count: 1
Case D212546 Count: 1
Case D225058 Count: 1
Case D232941 Count: 1
Case D318497 Count: 1
Case D487269 Count: 1
Case D933985 Count: 1
Case D5314418 Count: 1
Spent time: 731.463 sec.
