Elliptic curve parameters:
name = secp256k1
mode = test
p = 100003
a = 0
b = 2
g = (20002, 57568)
n = 99667

--------------------------------------------------------------------------------------------------------------------------------------------------------------------------------------
case         s           s_zk        s_rxk       s_zr        z           r           x           k-1         a           m1          m2          f                        x_recovered 
--------------------------------------------------------------------------------------------------------------------------------------------------------------------------------------
D2           56918       65993       90592       85949       44629       50042       87312       57974       27887       -           -           2.366443145551690752     -           
D13          35783       19491       16292       70082       63024       67499       87312       46176       1484        -           -           13.13409703504043126     -           
D2           72547       31123       41424       88035       2876        53087       87312       74969       10595       -           -           2.937517697026899480     -           
D7           43684       72226       71125       54951       74680       14824       87312       30539       9883        -           -           7.308104826469695436     -           
D1079        41446       44251       96862       42629       82149       54485       87312       47669       41          -           -           1079.292682926829268     -           
D2           38423       26757       11666       65419       66025       41880       87312       32235       11427       -           -           2.341559464426358624     -           
D8           45150       75569       69248       81022       22148       34069       87312       8774        9278        -           -           8.144966587626643673     -           
D127         94573       7758        86815       96542       77683       11647       87312       79619       61          -           -           127.1803278688524590     -           
D2           49036       25703       23333       68295       36749       68458       87312       30840       10518       -           -           2.443715535272865563     -           
D3           69185       66201       2984        93699       39802       45619       87312       77420       20157       -           -           3.284268492335168923     -           
D0           43175       419         42756       64472       67889       41931       87312       58678       581         -           -           0.721170395869191049     -           
D22          70526       27252       43274       87851       83377       12066       87312       97683       1226        -           -           22.22838499184339314     -           
D5           47181       40758       6423        86828       6614        9145        87312       37046       7534        -           -           5.409875232280329174     -           
D114         36095       97123       38639       71341       31095       42991       87312       97638       849         -           -           114.3969375736160188     -           
D11          28792       75853       52606       51153       85905       38503       87312       25248       6431        -           -           11.79489970455605660     -           
D41          66459       28676       37783       69199       41141       61300       87312       34658       699         -           -           41.02432045779685264     -           
D31          51520       8617        42903       68603       62667       50664       87312       93878       271         -           -           31.79704797047970479     -           
D7           75979       81522       94124       97583       54794       87109       87312       17587       11167       -           -           7.300259693740485358     -           
D1           48728       35702       13026       79150       35503       94108       87312       43396       18306       -           -           1.950289522560908991     -           
D18          70236       80730       89173       77547       92807       77296       87312       19602       4437        -           -           18.19472616632860040     -           
D0           56156       9592        46564       95396       90155       92490       87312       15255       16916       -           -           0.567037124615748403     -           
D330         10315       41959       68023       20503       88926       32076       87312       67845       127         -           -           330.3858267716535433     -           
D2           54120       42177       11943       93286       18080       6521        87312       30371       14954       -           -           2.820449378092817975     -           
D28          95452       37381       58071       98698       66481       35634       87312       33032       1318        -           -           28.36191198786039453     -           
D10          25260       35782       89145       30752       22647       20932       87312       41546       3292        -           -           10.86938031591737545     -           
D4           56432       5396        51036       84095       38966       1345        87312       77798       1106        -           -           4.878842676311030741     -           
D6           32646       82342       49971       53346       47219       35432       87312       28826       11946       -           -           6.892851163569395613     -           
D0           57012       1491        55521       66682       24331       822         87312       36240       8662        -           -           0.172131147540983606     -           
D0           62424       4737        57687       98659       66295       6666        87312       66561       26189       -           -           0.180877467639085112     -           
D49          84678       69392       15286       87057       14098       60642       87312       32016       1413        -           -           49.10969568294409058     -           
D4           64291       59138       5153        89480       34808       2843        87312       15332       13913       -           -           4.250557032990728096     -           
D193         22884       74885       47666       30383       85268       70711       87312       5996        387         -           -           193.5012919896640826     -           
D0           38514       7184        31330       61148       46828       20374       87312       52426       15880       -           -           0.452392947103274559     -           
D4           35005       59405       75267       55506       46002       5149        87312       86164       14504       -           -           4.095766685052399338     -           
D45          83729       48462       35267       85041       64402       89753       87312       42621       1073        -           -           45.16495806150978564     -           
D126         30831       84269       46229       60995       40167       3324        87312       81754       667         -           -           126.3403298350824587     -           
D121         36706       91774       44599       38340       16182       29714       87312       78436       758         -           -           121.0738786279683377     -           
D3           84772       17573       67199       90073       37673       5865        87312       50248       5257        -           -           3.342781053832984592     -           
D4           71489       14559       56930       81248       52693       18118       87312       84702       3176        -           -           4.584068010075566750     -           
D0           69744       7454        62290       98243       7247        98209       87312       61105       12746       -           -           0.584810921073277891     -           
D89          38945       48050       90562       40184       27205       88066       87312       44459       536         -           -           89.64552238805970149     -           
D135         39293       67785       71175       41575       39393       17456       87312       35281       499         -           -           135.8416833667334669     -           
D17          34533       88591       45609       63947       77161       76862       87312       55374       5119        -           -           17.30630982613791756     -           
D2           30206       29904       302         40323       42328       84935       87312       8176        9972        -           -           2.998796630565583634     -           
D7           31057       11551       19506       60571       45926       94818       87312       43371       1543        -           -           7.486066104990278677     -           
D2           68143       33859       34284       82127       5696        37722       87312       18746       12207       -           -           2.773736380765134758     -           
D1           60194       12531       47663       69094       75377       11043       87312       96109       6794        -           -           1.844421548425080953     -           
D6           43385       30944       12441       48910       6223        20284       87312       90639       4710        -           -           6.569851380042462845     -           
D411         40584       71681       68570       80994       23889       38954       87312       50285       174         -           -           411.9597701149425287     -           
D4           83043       28475       54568       89442       18080       12761       87312       23678       6255        -           -           4.552358113509192645     -           
D9           25333       86125       38875       41284       42226       5425        87312       86227       9382        -           -           9.179812406736303560     -           
D0           64705       2463        62242       89391       74220       76661       87312       36648       15333       -           -           0.160633926824496184     -           
D13          57764       83384       74047       83596       58396       88322       87312       91360       6100        -           -           13.66950819672131147     -           
D31          65627       41480       24147       76348       64850       62869       87312       3474        1301        -           -           31.88316679477325134     -           
D221         49356       87518       61505       54796       60560       6867        87312       21077       396         -           -           221.0050505050505050     -           
D5           48669       43136       5533        88904       96134       59019       87312       39990       8434        -           -           5.114536400284562485     -           
D8           35279       56971       77975       44867       28041       12065       87312       85569       6515        -           -           8.744589409056024558     -           
D18          39470       77615       61522       74800       79048       9311        87312       36317       4140        -           -           18.74758454106280193     -           
D0           42003       809         41194       52991       22875       46958       87312       44433       9039        -           -           0.089501051001216948     -           
D16          14661       34036       80292       18859       38204       71688       87312       82408       2067        -           -           16.46637639090469279     -           
D13          55013       24473       30540       58816       95205       24468       87312       5199        1771        -           -           13.81874647092038396     -           
D64          22322       32249       89740       29597       20445       71243       87312       13739       497         -           -           64.88732394366197183     -           
D14          47124       19703       27421       54747       91335       99481       87312       47044       1386        -           -           14.21572871572871572     -           
D44          15237       98332       16572       18491       47849       20582       87312       99065       2221        -           -           44.27375056280954525     -           
D5           53531       76494       76704       92034       67596       4062        87312       69262       15028       -           -           5.090098482832046845     -           
D16          34989       59200       75456       40218       43794       94165       87312       70588       3615        -           -           16.37621023513139695     -           
D4           17669       16864       805         24688       81168       14303       87312       77722       3631        -           -           4.644450564582759570     -           
D291         35370       49478       85559       35770       69921       99123       87312       33759       170         -           -           291.0470588235294117     -           
D2           32596       28474       4122        51042       18457       95366       87312       42699       14150       -           -           2.012296819787985865     -           
D7           52837       97568       54936       92551       38036       31339       87312       13796       13123       -           -           7.434885315857654499     -           
D10          49666       50138       99195       54665       66957       60283       87312       31029       4675        -           -           10.72470588235294117     -           
D0           42859       3792        39067       61209       96109       25950       87312       76640       6159        -           -           0.615684364344861178     -           
D30          21193       82619       38241       39686       8516        52647       87312       2011        2700        -           -           30.59962962962962963     -           
D5           75162       69047       6115        96282       10359       34213       87312       40368       11802       -           -           5.850449076427724114     -           
D33          47164       56964       89867       92603       19165       21800       87312       60110       1725        -           -           33.02260869565217391     -           
D5           57139       20746       36393       66024       42709       40294       87312       1424        3829        -           -           5.418124836772003134     -           
D46          30844       58008       72503       45641       21217       72635       87312       86357       1250        -           -           46.4064                  -           
D3           59756       60687       98736       79954       4265        44606       87312       58646       19360       -           -           3.134659090909090909     -           
D0           24416       1728        22688       28630       79760       8635        87312       36308       3346        -           -           0.516437537358039450     -           
D521         49044       43840       5204        53124       94818       98690       87312       13865       84          -           -           521.9047619047619047     -           
D66          73380       54849       18531       87890       32696       50708       87312       47741       830         -           -           66.08313253012048192     -           
D26          43970       30897       13073       45831       3076        71525       87312       85712       1167        -           -           26.47557840616966581     -           
D13          27798       79708       47757       38633       10103       39770       87312       76048       6128        -           -           13.00718015665796344     -           
D201         67730       22192       45538       68374       48831       34430       87312       63208       110         -           -           201.7454545454545454     -           
D6           53075       38389       14686       68688       32982       39111       87312       86375       6236        -           -           6.156029506093649775     -           
D2           55821       4108        51713       57906       30738       41713       87312       41173       1611        -           -           2.549968963376784605     -           
D185         22503       94599       27571       33499       51239       37820       87312       20490       511         -           -           185.1252446183953033     -           
D3           36744       27722       9022        64363       34999       82930       87312       74850       9125        -           -           3.038027397260273972     -           
D1           30356       10133       20223       52920       70463       1336        87312       5484        7792        -           -           1.300436344969199178     -           
D14          81269       64692       16577       87674       13950       66651       87312       28040       4409        -           -           14.67271490133817192     -           
D3           32853       13764       19089       61989       23856       44760       87312       21809       3717        -           -           3.702986279257465698     -           
D1           29918       13689       16229       49032       53947       92289       87312       98156       10804       -           -           1.267030729359496482     -           
D2           36966       40117       96516       59175       35870       11880       87312       35036       14757       -           -           2.718506471505048451     -           
D0           70814       1379        69435       81719       41587       18252       87312       35448       5384        -           -           0.256129271916790490     -           
D25          39062       78750       59979       57052       98629       99420       87312       9718        3082        -           -           25.55158987670343932     -           
D7           53636       70265       83038       75770       56662       75690       87312       81148       9368        -           -           7.500533731853116994     -           
D40          13273       73038       39902       19014       67758       44384       87312       86518       1791        -           -           40.78056951423785594     -           
D85          58032       91364       66335       59531       45188       3731        87312       65835       1070        -           -           85.38691588785046729     -           
D23          33126       38877       93916       64584       47039       11051       87312       16731       1668        -           -           23.30755395683453237     -           
D10          59142       32486       26656       77824       6409        75746       87312       90217       3096        -           -           10.49289405684754522     -           
D1           54951       26764       28187       93373       91028       55943       87312       10980       16529       -           -           1.619214713533789097     -           
D4           35065       56446       78286       56710       80943       89050       87312       40164       13420       -           -           4.206110283159463487     -           
D38          82270       89542       92395       86711       31642       44954       87312       81426       2332        -           -           38.39708404802744425     -           
D3           51078       72946       77799       79293       70038       28711       87312       95120       22863       -           -           3.190569916458907405     -           
D17          44593       4837        39756       47200       85663       67153       87312       79134       274         -           -           17.65328467153284671     -           
D28          71895       20220       51675       72844       25852       38895       87312       86421       720         -           -           28.08333333333333333     -           
D3           60567       30131       30436       86206       10053       26291       87312       64792       9289        -           -           3.243729141995909139     -           
D3           53865       74921       78611       84225       30342       65485       87312       29490       23505       -           -           3.187449478834290576     -           
D2           53027       65555       87139       82368       38566       15751       87312       61935       23686       -           -           2.767668665034197416     -           
D3           79216       76601       2615        99235       16783       32092       87312       6246        19159       -           -           3.998173182316404822     -           
D8           84261       34947       49314       90949       52586       48391       87312       95932       4005        -           -           8.725842696629213483     -           
D0           50760       12729       38031       82623       83312       54987       87312       99587       18897       -           -           0.673598983965708842     -           
D135         33714       95461       37920       66721       32256       72988       87312       79181       707         -           -           135.0226308345120226     -           
D13          67401       81736       85332       74204       52436       58833       87312       108         6174        -           -           13.23874311629413670     -           
D3           48018       53334       94351       78915       94159       33588       87312       56338       17121       -           -           3.115121780269844051     -           
D26          25515       34540       90642       49740       24877       62686       87312       18563       1290        -           -           26.77519379844961240     -           
D82          23716       31807       91576       25837       86667       95916       87312       33892       385         -           -           82.61558441558441558     -           
D14          25911       15920       9991        50705       23247       45692       87312       56263       1117        -           -           14.25246195165622202     -           
D2           63759       38764       24995       88973       52180       36906       87312       5517        13331       -           -           2.907808866551646538     -           
D0           62440       1885        60555       89058       7937        840         87312       98738       9204        -           -           0.204802259887005649     -           
D3           52304       21115       31189       67552       60398       84975       87312       46451       6560        -           -           3.21875                  -           
D7           25572       73777       51462       41064       59424       56798       87312       10878       10080       -           -           7.319146825396825396     -           
D4           48464       58629       89502       83215       57683       10835       87312       22653       13713       -           -           4.275432071756727193     -           
D31          30371       25050       5321        33328       81099       49982       87312       38034       801         -           -           31.27340823970037453     -           
D2           57105       69065       87707       87038       76592       86226       87312       96187       27172       -           -           2.541770940674223465     -           
D8           65377       79066       85978       74770       49141       31915       87312       50331       9019        -           -           8.766603836345492848     -           
D13          23029       84155       38541       31357       90017       86454       87312       55402       6373        -           -           13.20492703593284167     -           
D2           23519       19034       4485        39450       57408       18782       87312       91893       7588        -           -           2.508434370057986294     -           
D496         49828       70442       79053       51102       10444       42204       87312       85302       142         -           -           496.0704225352112676     -           
D1           65129       23672       41457       89872       38094       8045        87312       91468       15643       -           -           1.513264719043661701     -           
D0           72766       7097        65669       98348       41500       16708       87312       82157       21602       -           -           0.328534394963429312     -           
D14          77837       86742       90762       85029       22666       75385       87312       71731       5917        -           -           14.65979381443298969     -           
D101         28324       72224       55767       30448       18012       40351       87312       9455        712         -           -           101.4382022471910112     -           
D25          30736       78022       52381       58354       50780       26808       87312       48626       3118        -           -           25.02309172546504169     -           
D0           53484       3644        49840       77873       77318       59291       87312       38205       4706        -           -           0.774330641733956651     -           
D16          77533       58418       19115       82466       59176       42596       87312       90536       3538        -           -           16.51158846806105144     -           
D4           48733       45452       3281        61939       67467       91051       87312       94577       9115        -           -           4.986505759736697751     -           
D38          70046       68597       1449        87117       9659        91772       87312       93225       1762        -           -           38.93132803632236095     -           
D11          33972       40791       92848       64374       76730       7584        87312       19000       3570        -           -           11.42605042016806722     -           
D88          49425       61101       87991       50211       12255       38407       87312       36822       693         -           -           88.16883116883116883     -           
D19          39630       62569       76728       48743       69738       12453       87312       63360       3178        -           -           19.68816865953429830     -           
D88          7243        75450       31460       13629       38468       39592       87312       57318       857         -           -           88.03967327887981330     -           
D122         74968       80359       94276       75986       35915       28924       87312       93170       654         -           -           122.8730886850152905     -           
D0           57473       7315        50158       73345       85117       41677       87312       49285       9857        -           -           0.742112204524703256     -           
D11          85165       34022       51143       94286       58541       7302        87312       99545       3076        -           -           11.06046814044213264     -           
D58          33245       42123       90789       35413       48931       27735       87312       38771       725         -           -           58.10068965517241379     -           
D9           36326       29011       7315        69436       78659       40930       87312       71964       3216        -           -           9.020833333333333333     -           
D11          50820       74957       75530       72827       62912       17857       87312       85323       6806        -           -           11.01337055539230091     -           
D25          47439       71075       76031       69760       71396       95776       87312       44319       2797        -           -           25.41115480872363246     -           
D10          61492       35667       25825       66778       80065       93613       87312       66031       3346        -           -           10.65959354453078302     -           
D5           49575       99572       49670       82441       77569       98883       87312       39027       16709       -           -           5.959183673469387755     -           
D4           25310       25877       99100       45059       97373       17837       87312       17324       5561        -           -           4.653299766229095486     -           
D52          20503       72117       48053       22242       35003       9565        87312       49874       1374        -           -           52.48689956331877729     -           
D154         12322       94291       17698       13011       42570       54919       87312       29612       609         -           -           154.8292282430213464     -           
D6           66934       87721       78880       93850       8880        43671       87312       92460       13102       -           -           6.695237368340711341     -           
D3           81127       49148       31979       97387       4693        19368       87312       42018       16087       -           -           3.055137688817057251     -           
D6           54255       76760       77162       97429       51134       5976        87312       88422       11081       -           -           6.927172637848569623     -           
D61          52919       74581       78005       56896       40619       71944       87312       69768       1218        -           -           61.23234811165845648     -           
D35          57887       95922       61632       63405       94595       97434       87312       18649       2707        -           -           35.43479867011451791     -           
D9           56495       66526       89636       63575       94330       24508       87312       59784       6935        -           -           9.592790194664744051     -           
D10          43620       81358       61929       55612       10918       8440        87312       50270       7644        -           -           10.64338042909471480     -           
D327         44557       51377       92847       45112       26285       50258       87312       36987       157         -           -           327.2420382165605095     -           
D2           56059       21504       34555       71592       6312        3422        87312       14025       9460        -           -           2.273150105708245243     -           
D1048        87888       78628       9260        87987       75392       85749       87312       239         75          -           -           1048.373333333333333     -           
D44          78232       75414       2818        85887       72839       92178       87312       24509       1682        -           -           44.83590963139120095     -           
D3           61704       98207       63164       96465       23349       45298       87312       40513       26943       -           -           3.644991277882938054     -           
D1           43499       18916       24583       59354       31075       21292       87312       15803       11789       -           -           1.604546611247773348     -           
D284         62123       69985       91805       63562       39111       30747       87312       15679       246         -           -           284.4918699186991869     -           
D15          41351       31809       9542        51174       31818       13590       87312       95599       2059        -           -           15.44876153472559494     -           
D0           42907       4723        38184       57598       62633       13207       87312       54796       13525       -           -           0.349205175600739371     -           
D143         29673       19624       10049       30241       40717       49576       87312       24383       137         -           -           143.2408759124087591     -           
D5           26977       23035       3942        32665       74936       37333       87312       1063        4225        -           -           5.452071005917159763     -           
D1           45456       23933       21523       61046       51071       84575       87312       30302       14276       -           -           1.676449985990473522     -           
D6           70564       82059       88172       99443       42570       17845       87312       10966       12806       -           -           6.407855692644073090     -           
D3           46673       64659       81681       73939       6681        52403       87312       49239       19407       -           -           3.331735971556654815     -           
D0           43469       8944        34525       54370       58629       83520       87312       71611       10766       -           -           0.830763514768716329     -           
D39          17119       78237       38549       24696       32253       34385       87312       98798       1965        -           -           39.81526717557251908     -           
D2           57711       14107       43604       83510       89484       37997       87312       5372        6113        -           -           2.307704891215442499     -           
D4           77975       74272       3703        97802       72790       47985       87312       83448       18494       -           -           4.016005190872715475     -           
D1           69964       33263       36701       94376       26896       77407       87312       96033       21140       -           -           1.573462630085146641     -           
D6           22095       37034       84728       38519       21431       43457       87312       28482       5671        -           -           6.530417915711514724     -           
D1           60226       19510       40716       81027       79750       83945       87312       66824       18624       -           -           1.047573024054982817     -           
D8           85131       60627       24504       92954       94745       88673       87312       97731       6901        -           -           8.785248514708013331     -           
D16          87584       83686       3898        97904       61255       95980       87312       44424       5024        -           -           16.65724522292993630     -           
D7           39252       89906       49013       65872       33852       57826       87312       29109       12632       -           -           7.117321089297023432     -           
D42          36232       9281        26951       39506       51306       26898       87312       47860       218         -           -           42.57339449541284403     -           
D24          48574       78390       69851       63689       77222       26316       87312       77350       3229        -           -           24.27686590275627129     -           
D7           48024       98798       48893       65098       22242       78869       87312       345         13876       -           -           7.120063418852695301     -           
D12          22244       31786       90125       32099       18579       13590       87312       4068        2534        -           -           12.54380426203630623     -           
D0           44456       2954        41502       82287       24765       5533        87312       22147       6625        -           -           0.445886792452830188     -           
D157         57520       51077       6443        58135       17507       70898       87312       71706       325         -           -           157.16                   -           
D53          53637       56582       96722       57142       45102       84836       87312       69301       1062        -           -           53.27871939736346516     -           
D0           31805       11927       19878       51323       60753       70076       87312       2000        12287       -           -           0.970700740620167656     -           
D207         42735       84680       57722       85062       48333       7283        87312       14789       408         -           -           207.5490196078431372     -           
D29          48750       53534       94883       95684       67516       56528       87312       84708       1816        -           -           29.47907488986784141     -           
D2           55922       46221       9701        89199       61723       98459       87312       49588       22645       -           -           2.041112828438948995     -           
D4           15037       27138       87566       24135       19916       63912       87312       70613       5939        -           -           4.569456137396868159     -           
D31          21325       94151       26841       30471       24948       79114       87312       53245       3033        -           -           31.04220243982855258     -           
D9           71796       65079       6717        81057       5201        18987       87312       82107       6969        -           -           9.338355574687903573     -           
D3           64361       11211       53150       79676       5149        1564        87312       98411       3101        -           -           3.615285391809093840     -           
D60          30363       41364       88666       60047       4270        24499       87312       30540       679         -           -           60.91899852724594992     -           
D6           34176       82392       51451       54669       20851       82022       87312       83247       13683       -           -           6.021486516114887086     -           
D7           46636       10408       36228       57962       46674       28325       87312       34239       1332        -           -           7.813813813813813813     -           
D3           86254       9470        76784       89351       31726       73919       87312       38515       2635        -           -           3.593927893738140417     -           
D3           36061       38762       96966       60142       60334       24684       87312       30320       11980       -           -           3.235559265442404006     -           
D130         94402       57823       36579       95968       59196       96308       87312       27881       442         -           -           130.8212669683257918     -           
D0           20459       2533        17926       32039       31515       68495       87312       54541       8879        -           -           0.285279873859668881     -           
D13          37514       33858       3656        41882       31279       39264       87312       64296       2570        -           -           13.17431906614785992     -           
D0           37480       12277       25203       58745       5912        19650       87312       12157       16215       -           -           0.757138452050570459     -           
D114         97568       91825       5743        98576       65859       49807       87312       94178       800         -           -           114.78125                -           
D14          58811       8133        50678       87937       61671       53695       87312       44212       559         -           -           14.54919499105545617     -           
D1           62115       37571       24544       93895       31736       25865       87312       39694       30335       -           -           1.238536344156914455     -           
D7           44197       35260       8937        83796       45658       75312       87312       85313       4598        -           -           7.668551544149630274     -           
D191         42772       42653       119         56955       43286       93265       87312       85717       223         -           -           191.2690582959641255     -           
D16          32021       13649       18372       47610       42981       7229        87312       77659       843         -           -           16.19098457888493475     -           
D2           66386       33704       32682       93853       83403       63573       87312       81869       11452       -           -           2.943066713237862382     -           
D6           34147       16739       17408       49973       48077       15916       87312       31851       2495        -           -           6.709018036072144288     -           
D75          27221       72213       54675       31599       66216       32842       87312       93685       953         -           -           75.77439664218258132     -           
D2           28135       21017       7118        47849       25183       93483       87312       97032       8421        -           -           2.495784348652179076     -           
D37          19385       69899       49153       36925       81189       10996       87312       86238       1845        -           -           37.88563685636856368     -           
D36          26173       35574       90266       51360       44156       48837       87312       65508       986         -           -           36.07910750507099391     -           
D11          80774       60016       20758       99648       53463       83081       87312       55143       5278        -           -           11.37097385373247442     -           
D4           48951       97567       51051       73762       96666       87786       87312       68117       24140       -           -           4.041714995857497928     -           
D3           11498       15201       95964       19152       95562       25513       87312       80434       3844        -           -           3.954474505723204994     -           
D3           40792       67871       72588       64485       31880       56604       87312       74743       17099       -           -           3.969296450084800280     -           
D152         5860        65415       40112       6403        57629       59094       87312       9674        430         -           -           152.1279069767441860     -           
D19          34614       74488       59793       50033       44064       97689       87312       13591       3776        -           -           19.72669491525423728     -           
D54          65683       52861       12822       78626       87340       17668       87312       54361       968         -           -           54.60847107438016528     -           
D16          42116       67902       73881       54751       84595       92925       87312       58042       4211        -           -           16.12491094751840418     -           
D8           43302       70097       72872       78270       20707       57974       87312       44848       8334        -           -           8.410967122630189584     -           
D99          62620       66474       95813       68815       68195       12073       87312       43010       670         -           -           99.21492537313432835     -           
D18          62834       9566        53268       64106       69298       9407        87312       80878       506         -           -           18.90513833992094861     -           
D8           50902       37656       13246       97245       55864       86825       35224       26334       4559        -           -           8.259706075893836367     -           
D147         72419       86068       86018       82681       44924       40595       35224       67970       585         -           -           147.1247863247863247     -           
D13          82058       52889       29169       86934       11106       91975       35224       32913       4042        -           -           13.08485898070262246     -           
D1           17100       5553        11547       30942       80559       74347       35224       55117       3258        -           -           1.704419889502762430     -           
D224         48410       94474       53603       49707       8680        94609       35224       78757       421         -           -           224.4038004750593824     -           
D24          14119       99040       14746       19163       41416       60757       35224       77780       4031        -           -           24.56958571074175142     -           
D2           21272       24791       96148       33608       72669       35852       35224       87288       8936        -           -           2.774283795881826320     -           
D12          19508       74525       44650       26284       39796       32288       35224       24568       5956        -           -           12.51259234385493619     -           
D68          53171       86158       66680       58362       96508       22603       35224       13350       1261        -           -           68.32513877874702617     -           
D3           54114       51334       2780        93923       63241       10403       35224       67877       14305       -           -           3.588535477105907025     -           
D186         46863       45288       1575        49083       99151       48000       35224       60176       243         -           -           186.3703703703703703     -           
D6           32611       55223       77055       44883       2847        96217       35224       79767       8067        -           -           6.845543572579645469     -           
D5           84249       32384       51865       90746       95638       64740       35224       64235       6285        -           -           5.152585521081941129     -           
D36          16284       48135       67816       23772       84362       4889        35224       88398       1308        -           -           36.80045871559633027     -           
D6           54654       66448       87873       98963       27682       57650       35224       81084       10345       -           -           6.423199613339777670     -           
D307         24640       27680       96627       25622       42366       67311       35224       74538       90          -           -           307.5555555555555555     -           
D0           43763       2235        41528       50073       38315       33417       35224       68400       5903        -           -           0.378621040149076740     -           
D74          86503       83087       3416        95990       16170       69779       35224       29708       1120        -           -           74.18482142857142857     -           
D0           62513       2931        59582       75177       1738        72471       35224       55111       11857       -           -           0.247195749346377667     -           
D10          39684       56408       82943       56950       40436       83938       35224       24403       5152        -           -           10.94875776397515528     -           
D4           53972       76583       77056       90888       88697       71076       35224       80299       17056       -           -           4.490091463414634146     -           
D0           39326       12149       27177       61625       34325       49799       35224       48790       17027       -           -           0.713513830974334879     -           
D54          76098       75370       728         78233       14842       58864       35224       15168       1373        -           -           54.89439184268026220     -           
D7           26924       20376       6548        32972       64241       74430       35224       68933       2732        -           -           7.458272327964860907     -           
D12          68286       73504       94449       78714       90267       37547       35224       9662        5718        -           -           12.85484435117173837     -           
D20          68626       76598       91695       79436       63592       91813       35224       30579       3766        -           -           20.33935209771640998     -           
D29          82129       65229       16900       85935       22688       93815       35224       46959       2203        -           -           29.60916931457103949     -           
D3           60595       24471       36124       68256       43570       37224       35224       67910       6968        -           -           3.511911595866819747     -           
D30          78627       83748       94546       97603       75252       84616       35224       92087       2723        -           -           30.75578406169665809     -           
D8           67702       55543       12159       98130       41190       20110       35224       74506       6846        -           -           8.113204791118901548     -           
D17          74349       26621       47728       75898       21589       35925       35224       65935       1546        -           -           17.21927554980595084     -           
D265         40972       78608       62031       81648       19530       90669       35224       16161       296         -           -           265.5675675675675675     -           
D4           60122       8964        51158       68451       81720       81187       35224       8474        1819        -           -           4.927982407916437603     -           
D1           61254       32136       29118       92439       70145       51910       35224       20883       30069       -           -           1.068741893644617380     -           
D205         75463       38385       37078       79645       16795       57360       35224       4275        187         -           -           205.2673796791443850     -           
D13          69079       49482       19597       78414       9452        98895       35224       59371       3734        -           -           13.25174076057846813     -           
D45          42922       37973       4949        85016       53299       24571       35224       38017       828         -           -           45.86111111111111111     -           
D31          40514       91586       48595       43644       40921       78493       35224       53617       2954        -           -           31.00406228842247799     -           
D30          71835       23957       47878       72795       30769       13986       35224       16958       795         -           -           30.13459119496855345     -           
D13          8548        12102       96113       10082       12728       95361       35224       28739       878         -           -           13.78359908883826879     -           
D5           47234       89488       57413       77916       38352       60033       35224       66447       16552       -           -           5.406476558724021266     -           
D5           54704       82565       71806       93634       67659       31129       35224       42118       15774       -           -           5.234246227970077342     -           
D10          55213       20641       34572       59015       59898       68271       35224       58503       1985        -           -           10.39848866498740554     -           
D15          56357       51340       5017        74007       38376       26251       35224       73479       3407        -           -           15.06897563839154681     -           
D3           30339       30115       224         40588       19496       84353       35224       43225       9841        -           -           3.060156488161772177     -           
D6           49616       14058       35558       73391       65443       94088       35224       45657       2066        -           -           6.804453049370764762     -           
D9           63248       40008       23240       71688       41024       28553       35224       54674       4168        -           -           9.598848368522072936     -           
D4           47284       34479       12805       60459       35637       77527       35224       16043       7759        -           -           4.443742750354427116     -           
D6           36120       49616       86171       45412       49765       9522        35224       34923       8244        -           -           6.018437651625424551     -           
D7           20348       24408       95607       23772       15709       99567       35224       39744       3228        -           -           7.561338289962825278     -           
D1           48615       17190       31425       66444       45775       71348       35224       44973       12957       -           -           1.326695994443158138     -           
D3           43691       42666       1025        58703       16883       35353       35224       94752       13667       -           -           3.121826296919587327     -           
D8           50809       98072       52404       90421       94144       53706       35224       43220       11197       -           -           8.758774671787085826     -           
D11          58015       75136       82546       83673       52366       6566        35224       34249       6699        -           -           11.21600238841618152     -           
D4           47891       60133       87425       65043       98825       44548       35224       72489       13587       -           -           4.425774637521159932     -           
D4           37601       30518       7083        45368       51382       27770       35224       78672       6533        -           -           4.671360783713454768     -           
D8           29110       65040       63737       50129       2709        79524       35224       84901       8091        -           -           8.038561364479050797     -           
D141         40276       84084       55859       79957       55281       61059       35224       44072       595         -           -           141.3176470588235294     -           
D23          21495       66126       55036       40136       92211       25553       35224       85462       2854        -           -           23.16958654519971969     -           
D48          79346       66932       12414       89090       32069       64159       35224       34739       1394        -           -           48.01434720229555236     -           
D7           40577       82107       58137       70830       46070       96510       35224       80975       10324       -           -           7.953022084463386284     -           
D8           57085       98110       58642       72094       26169       57482       35224       11997       12058       -           -           8.136506883396914911     -           
D3           69941       63266       6675        96474       97996       11752       35224       15112       16875       -           -           3.749096296296296296     -           
D3           60041       69866       89842       98305       36856       12434       35224       28088       21777       -           -           3.208247233319557331     -           
D7           71155       68450       2705        91619       17101       87171       35224       25438       9763        -           -           7.011164601044760831     -           
D2           59657       49226       10431       97049       63737       35939       35224       87011       22265       -           -           2.210913990568156299     -           
D9           29525       83036       46156       39875       70158       81650       35224       90170       8825        -           -           9.409178470254957507     -           
D5           20322       24620       95369       28254       62398       11536       35224       71255       4458        -           -           5.522655899506505159     -           
D97          69751       86731       82687       71903       19651       663         35224       25739       887         -           -           97.78015783540022547     -           
D34          31015       90000       40682       45207       14184       59386       35224       75389       2631        -           -           34.20752565564424173     -           
D42          73996       65553       8443        83054       52005       29780       35224       59376       1532        -           -           42.78916449086161879     -           
D9           6889        29361       77195       10827       51934       11820       35224       31971       2951        -           -           9.949508641138597085     -           
D1           56416       40680       15736       90355       93813       81213       35224       99626       22477       -           -           1.809850068959380700     -           
D10          50403       68205       81865       59165       85036       71066       35224       19941       6593        -           -           10.34506294554830881     -           
D8           32972       15664       17308       64112       40568       79916       35224       65292       1832        -           -           8.550218340611353711     -           
D13          48527       91304       56890       62485       80954       46520       35224       51754       6653        -           -           13.72373365399068089     -           
D9           64006       51597       12409       72367       72158       72216       35224       34939       5479        -           -           9.417229421427267749     -           
D10          85696       91855       93508       98578       51316       54085       35224       39559       8404        -           -           10.92991432651118515     -           
D19          43193       98070       44790       81343       23352       88962       35224       1259        5043        -           -           19.44675788221296847     -           
D32          15646       80591       34722       18936       8585        99170       35224       73114       2486        -           -           32.41794046661303298     -           
D26          38658       63141       75184       74952       44650       84030       35224       42808       2364        -           -           26.70939086294416243     -           
D6           40358       82838       57187       67756       98722       62998       35224       12463       12960       -           -           6.391820987654320987     -           
D10          79580       60871       18709       86278       7945        86644       35224       9943        5902        -           -           10.31362250084717045     -           
D9           72790       67835       4955        83716       57070       82435       35224       84361       7234        -           -           9.377246336743157312     -           
D38          77481       34290       43191       78415       2564        61098       35224       77679       893         -           -           38.39865621500559910     -           
D5           48744       44596       4148        69204       12487       37671       35224       66842       7824        -           -           5.699897750511247443     -           
D6           71410       53197       18213       83990       48961       98714       35224       95151       8510        -           -           6.251116333725029377     -           
D8           85754       23529       62225       90935       28165       2498        35224       67848       2858        -           -           8.232680195941217634     -           
D3           35857       46667       88857       47905       87891       15662       35224       87010       11761       -           -           3.967944902644332964     -           
D5           30506       16185       14321       58054       57821       32300       35224       74027       2958        -           -           5.471602434077079107     -           
D9           59029       42192       16837       72690       7671        20434       35224       52509       4385        -           -           9.621892816419612314     -           
D1           52985       26779       26206       89382       53055       67844       35224       52371       16588       -           -           1.614359778152881601     -           
D11          83757       71979       11778       99288       40151       22934       35224       28449       6102        -           -           11.79596853490658800     -           
D6           52698       46390       6308        98422       89095       990         35224       35160       6974        -           -           6.651849727559506739     -           
D12          68132       88076       79723       98579       58534       61114       35224       92466       7238        -           -           12.16855484940591323     -           
D28          36457       50994       85130       71110       30220       76616       35224       10285       1804        -           -           28.26718403547671840     -           
D10          20328       24213       95782       26359       95083       96813       35224       79637       2235        -           -           10.83355704697986577     -           
D18          13556       89313       23910       22189       74914       8048        35224       42999       4923        -           -           18.14198659354052407     -           
D12          37580       90976       46271       67583       89818       50196       35224       5769        7577        -           -           12.00686287448858387     -           
D1           41775       8803        32972       59950       64220       96952       35224       83699       5425        -           -           1.622672811059907834     -           
D2           49337       23989       25348       59531       97164       46007       35224       58166       8561        -           -           2.802125919869174161     -           
D2           61302       57082       4220        95735       52252       96554       35224       43418       26869       -           -           2.124455692433659607     -           
D4           64557       77980       86244       87434       5376        28233       35224       2610        18803       -           -           4.147210551507738126     -           
D1           62647       9908        52739       90853       10007       35147       35224       30418       6235        -           -           1.589093825180433039     -           
D11          30358       97555       32470       41267       54645       30759       35224       4826        8540        -           -           11.42330210772833723     -           
D46          44206       14680       29526       66152       49617       83249       35224       26863       314         -           -           46.75159235668789808     -           
D1747        87919       43690       44229       87976       43307       9279        35224       53175       25          -           -           1747.6                   -           
D19          17484       36691       80460       33087       48698       46842       35224       31259       1881        -           -           19.50611376927166400     -           
D1           48761       36696       12065       74757       13470       91970       35224       4753        22765       -           -           1.611948166044366351     -           
D121         91454       12643       78811       92324       24311       1205        35224       7630        104         -           -           121.5673076923076923     -           
D18          71254       73449       97472       75460       15428       55898       35224       40400       3958        -           -           18.55709954522486104     -           
D9           89168       50956       38212       95151       43861       71499       35224       61911       5406        -           -           9.425823159452460229     -           
D42          83840       61918       21922       92992       63302       95282       35224       2750        1472        -           -           42.06385869565217391     -           
D15          74640       75831       98476       92069       34566       91057       35224       50199       4924        -           -           15.40028432168968318     -           
D43          10279       23644       86302       20018       83797       27594       35224       80021       540         -           -           43.78518518518518518     -           
D2           66210       31995       34215       83593       38449       31181       35224       59533       14061       -           -           2.275442713889481544     -           
D6           43901       90050       53518       74641       3580        64526       35224       76585       13161       -           -           6.842185244282349365     -           
D60          30998       70350       60315       45920       3907        5828        35224       16829       1154        -           -           60.96187175043327556     -           
D6           38531       20295       18236       56198       71455       50962       35224       38058       3197        -           -           6.348138880200187675     -           
D5223        50847       31342       19505       50856       47354       76011       35224       25291       6           -           -           5223.666666666666666     -           
D15          14487       15838       98316       16726       94193       71042       35224       60227       1053        -           -           15.04083570750237416     -           
D18          42364       17113       25251       56174       63866       74780       35224       70608       934         -           -           18.32226980728051391     -           
D6           51671       35279       16392       59390       44542       71497       35224       34283       5357        -           -           6.585588949038641030     -           
D8           79846       64169       15677       88918       59064       74907       35224       43397       7270        -           -           8.826547455295735901     -           
D9           79033       32878       46155       89808       3836        25174       35224       35500       3608        -           -           9.112527716186252771     -           
D53          36262       45282       90647       71678       40806       40444       35224       40331       846         -           -           53.52482269503546099     -           
D3           49109       91909       56867       74492       7080        13581       35224       84378       23726       -           -           3.873767175250779735     -           
D7           28459       76116       52010       46131       87206       53617       35224       27956       10787       -           -           7.056271437841846667     -           
D2           72059       10993       61066       80544       51195       69859       35224       29253       4179        -           -           2.630533620483369227     -           
D10          52309       41551       10758       76542       56574       32970       35224       89064       3843        -           -           10.81212594327348425     -           
D50          30348       49544       80471       59716       68061       10499       35224       9465        980         -           -           50.55510204081632653     -           
D6           54997       44201       10796       64647       3897        49735       35224       37249       6747        -           -           6.551207944271528086     -           
D6           51978       69381       82264       94042       27044       12261       35224       91477       9914        -           -           6.998285253177324995     -           
D25          82317       57777       24540       98321       18689       3397        35224       31526       2297        -           -           25.15324336090552895     -           
D26          28487       45839       82315       33844       32673       73721       35224       2759        1702        -           -           26.93243243243243243     -           
D505         73320       93021       79966       74626       80613       8449        35224       53260       184         -           -           505.5489130434782608     -           
D14          15897       65129       50435       27342       44280       37396       35224       68096       4452        -           -           14.62915543575920934     -           
D4           42342       49321       92688       74564       76860       75196       35224       44371       10120       -           -           4.873616600790513834     -           
D34          79558       71233       8325        98926       72602       41767       35224       10452       2086        -           -           34.14813039309683605     -           
D51          63554       68139       95082       73926       42841       13858       35224       35973       1322        -           -           51.54236006051437216     -           
D12          62914       96030       66551       70797       76121       36861       35224       57529       7733        -           -           12.41820768136557610     -           
D2           46089       13307       32782       86967       468         51936       35224       14297       5211        -           -           2.553636538092496641     -           
D10          54258       14534       39724       59070       47187       83884       35224       41025       1326        -           -           10.96078431372549019     -           
D2           7091        5027        2064        12243       87796       49971       35224       10847       1939        -           -           2.592573491490458999     -           
D9           39363       91767       47263       54231       57974       53706       35224       56447       9627        -           -           9.532253038329697725     -           
D147         35913       76342       59238       53610       55876       68749       35224       16408       519         -           -           147.0944123314065510     -           
D19          56730       46545       10185       64496       70463       83652       35224       94966       2368        -           -           19.65582770270270270     -           
D1           52458       19062       33396       92747       32067       76726       35224       76646       12169       -           -           1.566439313008464130     -           
D5           14991       18352       96306       20848       42282       28334       35224       30908       3277        -           -           5.600244125724748245     -           
D21          84138       68180       15958       95694       60884       60672       35224       66293       3246        -           -           21.00431300061614294     -           
D524         77467       81803       95331       77714       18094       84193       35224       63113       156         -           -           524.3782051282051282     -           
D3           79963       41119       38844       93468       83513       4819        35224       44019       12438       -           -           3.305917350056279144     -           
D9           39371       91297       47741       68935       28278       51281       35224       32355       9807        -           -           9.309370857550729071     -           
D9           40130       69037       70760       72735       36771       34463       35224       83818       7525        -           -           9.174352159468438538     -           
D6           47707       90132       57242       81839       87367       2562        35224       39665       13575       -           -           6.639558011049723756     -           
D49          45352       97749       47270       88722       51653       65124       35224       76057       1982        -           -           49.31836528758829465     -           
D0           51770       23080       28690       79862       74664       46452       35224       11288       23678       -           -           0.974744488554776585     -           
D137         35429       56331       78765       52939       36889       23110       35224       90812       409         -           -           137.7286063569682151     -           
D12          82093       62482       19611       94972       70875       9260        35224       7108        4819        -           -           12.96576053123054575     -           
D45          83989       59248       24741       86495       61454       71045       35224       32314       1291        -           -           45.89310611928737412     -           
D2           44431       34723       9708        73325       15348       75833       35224       24932       15537       -           -           2.234858724335457295     -           
D4           50064       43432       6632        70271       1933        89649       35224       47974       9650        -           -           4.500725388601036269     -           
D17          33735       54523       78879       43964       20368       70368       35224       98921       3048        -           -           17.88812335958005249     -           
D7           40251       42584       97334       57602       80467       72702       35224       7016        5549        -           -           7.674175527122003964     -           
D443         27449       83763       43353       30175       21599       87131       35224       90562       189         -           -           443.1904761904761904     -           
D28          14483       38696       75454       21042       81557       45270       35224       67734       1365        -           -           28.34871794871794871     -           
D4           41039       60278       80428       69268       89617       71436       35224       14711       12810       -           -           4.705542544886807181     -           
D3           60295       68300       91662       81462       52861       65259       35224       37552       17961       -           -           3.802683592227604253     -           
D28          11606       81739       29534       14525       22368       61388       35224       9089        2849        -           -           28.69041769041769041     -           
D1           43270       8535        34735       80734       64667       68916       35224       44437       5806        -           -           1.470031002411298656     -           
D7           54767       66892       87542       69879       70519       87714       35224       62134       9431        -           -           7.092779132647651362     -           
D34          49929       49305       624         74188       16960       26308       35224       54332       1411        -           -           34.94330262225372076     -           
D5           60292       16641       43651       71704       31482       21511       35224       65277       3232        -           -           5.148824257425742574     -           
D540         90461       84860       5601        91549       74424       21333       35224       79168       157         -           -           540.5095541401273885     -           
D15          48445       60814       87298       93043       41703       63861       35224       50252       3847        -           -           15.80816220431505068     -           
D10          47376       88859       58184       86362       76669       4668        35224       13253       8390        -           -           10.59106078665077473     -           
D1           53711       22665       31046       89095       96194       89138       35224       37817       18327       -           -           1.236699950892126370     -           
D1           45268       11560       33708       58211       68740       83004       35224       36016       6439        -           -           1.795309830719055754     -           
D6           20276       50031       69912       33366       90607       23956       35224       64382       7186        -           -           6.962287781797940439     -           
D90          45690       58417       86940       46383       77735       10509       35224       29822       645         -           -           90.56899224806201550     -           
D5           54213       71270       82610       67777       98818       63430       35224       64952       13521       -           -           5.271059832852599659     -           
D11          23145       60862       61950       41027       82571       85912       35224       95944       5263        -           -           11.56412692380771423     -           
D23          6242        13252       92657       11930       67151       63467       35224       7074        554         -           -           23.92057761732851985     -           
D9           21423       82568       38522       34469       26505       41564       35224       30691       8377        -           -           9.856511877760534797     -           
D2           61903       74708       86862       97342       88850       59817       35224       98407       26464       -           -           2.823004836759371221     -           
D42          77280       18677       58603       80126       78713       82616       35224       65567       438         -           -           42.64155251141552511     -           
D1108        45229       94244       50652       49333       69400       95648       35224       85692       85          -           -           1108.752941176470588     -           
D3           26944       23600       3344        37025       47218       5778        35224       55569       6782        -           -           3.479799469183131819     -           
D1           63587       22710       40877       84926       21584       77534       35224       57546       20909       -           -           1.086135157109378736     -           
D3           63507       54638       8869        87289       3191        17081       35224       88846       15943       -           -           3.427083986702628112     -           
D3           46358       14291       32067       60379       67516       29175       35224       68453       4295        -           -           3.327357392316647264     -           
D2           72070       2236        69834       73722       23627       36707       35224       15241       1034        -           -           2.162475822050290135     -           
D26          25890       54667       70890       49739       61687       90893       35224       31649       2041        -           -           26.78441940225379715     -           
D1           56748       28656       28092       96568       32075       22907       35224       17812       16928       -           -           1.692816635160680529     -           
D0           62231       10443       51788       98464       48316       3022        35224       43111       25998       -           -           0.401684744980383106     -           
D2           55493       40983       14510       75039       22661       26753       35224       66467       16401       -           -           2.498811048106822754     -           
D15          71204       43046       28158       94005       55684       59019       35224       39990       2801        -           -           15.36808282756158514     -           
D22          47775       21123       26652       94616       1813        91803       35224       42891       934         -           -           22.61563169164882227     -           
D10          79860       22488       57372       82966       91113       46340       35224       62030       2210        -           -           10.17556561085972850     -           
D3           57855       65886       91636       96286       22894       32411       35224       81194       19424       -           -           3.391989291598023064     -           
D199         66628       78591       87704       67647       50478       21059       35224       3988        393         -           -           199.9770992366412213     -           
D6           56321       93083       62905       99205       73119       65391       35224       19357       13437       -           -           6.927364739153084765     -           
D16          74002       33498       40504       79140       75284       79275       35224       56035       2070        -           -           16.18260869565217391     -           
D8           68896       32228       36668       78220       12369       19337       35224       4797        3628        -           -           8.883131201764057331     -           
D2           60719       65884       94502       91114       38804       14206       35224       40450       30324       -           -           2.172668513388734995     -           
D2           46139       42877       3262        72957       73688       66548       35224       70259       19321       -           -           2.219191553232234356     -           
D6           34606       30225       4381        49705       84030       22815       35224       81538       4408        -           -           6.856851179673321234     -           
D4           60121       46217       13904       85215       23746       12633       35224       99287       9933        -           -           4.652874257525420316     -           
D11          33820       50372       83115       43626       24263       11253       35224       67727       4402        -           -           11.44298046342571558     -           
D2           28563       18637       9926        49912       44428       26643       35224       30530       7214        -           -           2.583448849459384530     -           
D62          36448       76921       59194       71673       23012       91532       35224       84256       1223        -           -           62.89533932951757972     -           
D0           41544       3211        38333       65300       98320       86226       35224       96187       17788       -           -           0.180514953901506633     -           
D0           62923       4690        58233       94467       84054       2075        35224       45087       31379       -           -           0.149463016667197807     -           
D14          31757       76398       55026       37073       59989       34932       35224       40736       5177        -           -           14.75719528684566351     -           
D116         54146       95406       58407       67478       56239       36879       35224       81695       818         -           -           116.6332518337408313     -           
D5           53582       47326       6256        68677       48259       5875        35224       17979       8297        -           -           5.703989393756779558     -           
D94          45533       98514       46686       67777       68825       22583       35224       92367       1045        -           -           94.27177033492822966     -           
D26          31345       18333       13012       32877       15215       81321       35224       54050       705         -           -           26.00425531914893617     -           
D15          29656       55292       74031       42672       5733        47833       35224       81440       3624        -           -           15.25717439293598234     -           
D9           32230       15485       16745       39895       81213       89063       35224       61088       1570        -           -           9.863057324840764331     -           
D28          29677       73916       55428       56720       54121       8498        35224       69511       2634        -           -           28.06226271829916476     -           
D5           36416       29655       6761        67704       76800       41643       35224       53513       5128        -           -           5.782956318252730109     -           
D1           31504       9931        21573       44229       85441       28266       35224       81724       6054        -           -           1.640403039312851007     -           
D3           50408       68119       81956       81700       79460       60609       35224       37709       19116       -           -           3.563454697635488595     -           
D19          38871       95920       42618       72835       64549       61984       35224       92098       4907        -           -           19.54758508253515386     -           
D7           52550       44978       7572        61856       31831       77798       35224       41611       6020        -           -           7.471428571428571428     -           
D11          40082       26923       13159       42782       91809       68866       35224       27431       2282        -           -           11.79798422436459246     -           
D16          51012       41494       9518        99443       39163       97005       35224       46390       2581        -           -           16.07671445176288260     -           
D3           52108       20673       31435       67513       38778       90799       35224       16879       5893        -           -           3.508060410656711352     -           
D0           34812       6189        28623       52896       24756       52372       35224       24917       16728       -           -           0.369978479196556671     -           
D6           90546       53778       36768       98817       33485       78162       35224       44979       7836        -           -           6.862940275650842266     -           
D44          50905       76154       74418       75508       42608       91332       35224       68048       1699        -           -           44.82283696291936433     -           
D23          27789       93159       34297       32542       37611       95738       35224       84692       4024        -           -           23.15084493041749503     -           
D7           27542       87600       39609       43717       11980       56318       35224       37944       11367       -           -           7.706518870414357350     -           
D222         9822        76226       33263       19301       41431       59104       35224       60402       343         -           -           222.2332361516034985     -           
D179         79080       57846       21234       79823       6979        38870       35224       78111       322         -           -           179.6459627329192546     -           
D52          39115       91474       47308       76481       71186       44181       35224       74223       1749        -           -           52.30074328187535734     -           
D6           13404       45336       67735       20172       13745       42921       35224       74052       6636        -           -           6.831826401446654611     -           
D1           65186       32431       32755       99313       71912       26530       35224       47105       31059       -           -           1.044173991435654721     -           
D47          50708       11829       38879       52237       56923       27604       35224       70378       251         -           -           47.12749003984063745     -           
D15          40325       90438       49554       74682       43017       85232       35224       43215       5968        -           -           15.15382037533512064     -           
D236         36752       88060       48359       54942       60725       55885       35224       86571       372         -           -           236.7204301075268817     -           
D20          49919       59928       89658       52857       8871        19454       35224       21949       2911        -           -           20.58673995190656131     -           
D3           68479       33348       35131       97395       61475       81170       84626       49175       10647       -           -           3.132149901380670611     -           
D2           51606       30175       21431       72211       37464       98517       84626       39169       10396       -           -           2.902558676414005386     -           
D43          81191       61129       20062       94490       10881       49975       84626       66606       1397        -           -           43.75733715103793844     -           
D3           17990       22368       95289       29774       75019       91619       84626       10189       6206        -           -           3.604253947792458910     -           
D9           52742       96281       56128       94894       32050       22760       84626       73570       10590       -           -           9.091690273843248347     -           
D1160        67317       75446       91538       68779       65774       45025       84626       86576       65          -           -           1160.707692307692307     -           
D3           28827       44827       83667       46398       90048       49150       84626       3798        11256       -           -           3.982498223169864960     -           
D9           81626       87422       93871       93699       28953       33618       84626       11294       9188        -           -           9.514801915542011319     -           
D3           53954       96708       56913       83427       6598        37671       84626       66842       24481       -           -           3.950328826436828560     -           
D920         83002       80054       2948        85371       31596       5463        84626       33534       87          -           -           920.1609195402298850     -           
D5           69941       20983       48958       77247       17737       11046       84626       36846       4187        -           -           5.011464055409601146     -           
D19          43514       67435       75746       51510       31811       66110       84626       79022       3534        -           -           19.08177702320316921     -           
D32          13849       34461       79055       20243       93075       89035       84626       96018       1061        -           -           32.47973609802073515     -           
D0           48812       5201        43611       84345       26384       31542       84626       5217        13279       -           -           0.391671059567738534     -           
D11          79578       41219       38359       90431       45518       4217        84626       13478       3607        -           -           11.42750207929026892     -           
D161         22141       67902       53906       26485       36259       99074       84626       48729       421         -           -           161.2874109263657957     -           
D0           15251       314         14937       27171       49779       39734       84626       9138        3331        -           -           0.094265986190333233     -           
D19          54399       72439       81627       79694       40537       43186       84626       26103       3809        -           -           19.01785245471252297     -           
D7           38235       87445       50457       51769       12600       26052       84626       90696       11167       -           -           7.830661771290409241     -           
D4           46900       22104       24796       53841       38498       71478       84626       91554       5254        -           -           4.207080319756376094     -           
D2           75357       38802       36555       94815       81416       84688       84626       65354       16983       -           -           2.284755343578872990     -           
D243         77737       52789       24948       78117       97339       26296       84626       2332        217         -           -           243.2672811059907834     -           
D6           57463       8795        48668       68680       97189       40917       84626       24330       1378        -           -           6.382438316400580551     -           
D4           40667       71628       68706       66002       54960       37710       84626       42066       15332       -           -           4.671797547612835898     -           
D8           67359       2100        65259       74070       32854       22348       84626       57269       249         -           -           8.433734939759036144     -           
D5           52207       88949       62925       89235       45225       597         84626       35600       15179       -           -           5.860003952829567165     -           
D20          23512       50688       72491       27728       19273       9315        84626       23527       2432        -           -           20.84210526315789473     -           
D4           55990       53660       2330        70900       38137       14156       84626       44058       11260       -           -           4.765541740674955595     -           
D6           21788       72435       49020       32790       74247       43010       84626       29266       10786       -           -           6.715649916558501761     -           
D2           55925       57106       98486       87137       13841       73527       84626       91851       24713       -           -           2.310767612187917290     -           
D1           55309       12528       42781       70653       98973       9233        84626       30715       9277        -           -           1.350436563544249218     -           
D58          54659       55072       99254       61373       85339       58420       84626       42011       947         -           -           58.15417106652587117     -           
D5           46332       62233       83766       63333       89008       47345       84626       90133       12330       -           -           5.047283049472830494     -           
D4           29527       26735       2792        53593       47757       23709       84626       42345       5461        -           -           4.895623512177256912     -           
D2           53113       73400       79380       79969       45208       7632        84626       69862       26257       -           -           2.795445024184027116     -           
D25          47672       84388       62951       91994       27541       79687       84626       87185       3350        -           -           25.19044776119402985     -           
D73          92194       14303       77891       94034       70543       866         84626       19564       194         -           -           73.72680412371134020     -           
D0           58496       8038        50458       74247       86991       86617       84626       77132       11243       -           -           0.714933736547184915     -           
D0           78354       3130        75224       93096       6340        21583       84626       95423       4644        -           -           0.673987941429801894     -           
D3           47031       55983       90715       77752       52445       96968       84626       55780       16310       -           -           3.432434089515634580     -           
D2           45802       29973       15829       61267       25462       26937       84626       1563        14872       -           -           2.015398063474986551     -           
D264         51695       7409        44286       51756       16296       56442       84626       21217       28          -           -           264.6071428571428571     -           
D6           14878       37206       77339       24192       71558       36467       84626       23826       5564        -           -           6.686915887850467289     -           
D2           57014       70968       85713       90000       15500       9651        84626       7052        24028       -           -           2.953554186782087564     -           
D1           73410       13838       59572       85990       67341       133         84626       46161       10510       -           -           1.316650808753568030     -           
D1           46856       7870        38986       66661       48309       3552        84626       5748        7246        -           -           1.086116478056858956     -           
D3           62975       25966       37009       91055       294         29125       84626       67889       6815        -           -           3.810124724871606749     -           
D35          35437       3993        31444       36222       21350       30504       84626       41879       112         -           -           35.65178571428571428     -           
D43          46424       95478       50613       49374       59212       26451       84626       54602       2174        -           -           43.91812327506899724     -           
D42          17756       87800       29623       20368       61880       52340       84626       67391       2084        -           -           42.13051823416506717     -           
D5           67167       2623        64544       67952       40258       71510       84626       25433       442         -           -           5.934389140271493212     -           
D13          35274       74366       60575       50103       82925       67416       84626       26475       5616        -           -           13.24180911680911680     -           
D7           40888       63484       77071       51586       27133       8208        84626       98369       8794        -           -           7.219012963384125540     -           
D3           80549       11915       68634       93378       82127       15530       84626       21734       3575        -           -           3.332867132867132867     -           
D538         12913       30669       81911       14520       72010       3059        84626       80779       57          -           -           538.0526315789473684     -           
D8           52940       49817       3123        68661       19358       48519       84626       98264       5777        -           -           8.623333910334083434     -           
D6           42463       24168       18295       47979       8748        45840       84626       91330       3851        -           -           6.275772526616463256     -           
D2           16741       9609        7132        23104       93172       33940       84626       17446       4015        -           -           2.393275217932752179     -           
D125         55114       38770       16344       82517       94061       8039        84626       65454       308         -           -           125.8766233766233766     -           
D7           48047       67812       79902       87249       78526       11763       84626       65112       8845        -           -           7.666704352741661955     -           
D3           36242       64173       71736       56025       63233       54652       84626       92375       16459       -           -           3.898961054742086396     -           
D3           65367       69975       95059       88723       23282       6515        84626       10718       18655       -           -           3.751005092468507102     -           
D30          76382       87969       88080       82506       77035       974         84626       92595       2894        -           -           30.39702833448514167     -           
D6           82894       46918       35976       98127       43573       53563       84626       16008       6729        -           -           6.972507058998365284     -           
D24          59373       66980       92060       62072       9152        28844       84626       90483       2694        -           -           24.86265775798069784     -           
D219         13096       25431       87332       15692       50751       33855       84626       58633       116         -           -           219.2327586206896551     -           
D6           42293       99641       42319       70071       72943       80409       84626       47924       14515       -           -           6.864691698243196693     -           
D37          59198       41143       18055       70821       72719       99350       84626       96163       1083        -           -           37.98984302862419205     -           
D2           69363       46847       22516       93460       97565       65768       84626       92485       21169       -           -           2.213000141716661155     -           
D13          15987       49852       65802       28205       38616       12392       84626       18574       3769        -           -           13.22685062350756168     -           
D287         47678       35391       12287       57189       97730       44427       84626       40219       123         -           -           287.7317073170731707     -           
D9           51663       62476       88854       74057       1594        26245       84626       30427       6875        -           -           9.087418181818181818     -           
D1           64331       24683       39648       80926       91533       52556       84626       53874       14546       -           -           1.696892616526880242     -           
D3           35650       25747       9903        49335       74327       46744       84626       79296       8280        -           -           3.109541062801932367     -           
D1           57593       30104       27489       91753       13807       6359        84626       92530       23433       -           -           1.284683992659924038     -           
D17          40806       60731       79742       78119       5229        34          84626       54067       3493        -           -           17.38648726023475522     -           
D8           49075       87596       61146       62180       31864       25513       84626       19233       9760        -           -           8.975                    -           
D2           59336       76221       82782       89057       49145       65302       84626       81968       29615       -           -           2.573729528954921492     -           
D2           60856       27826       33030       78023       20596       54178       84626       27749       9355        -           -           2.974452164617851416     -           
D235         93831       82833       10998       94591       65556       5090        84626       5178        351         -           -           235.9914529914529914     -           
D3           44530       44809       99388       60109       93084       18598       84626       75209       13372       -           -           3.350957224050254262     -           
D7           49303       86952       62018       68364       28173       85968       84626       84780       11181       -           -           7.776764153474644486     -           
D1           51010       8017        42993       65921       7946        81375       84626       61926       6277        -           -           1.277202485263660984     -           
D15          10099       41211       68555       17565       96757       42635       84626       17556       2633        -           -           15.65172806684390429     -           
D66          67852       89866       77653       75242       96538       22018       84626       94510       1342        -           -           66.96423248882265275     -           
D6           67111       97456       69322       93245       49768       25205       84626       65464       14843       -           -           6.565788587212827595     -           
D3           59458       74336       84789       96904       35687       23197       84626       14561       22012       -           -           3.377067054333999636     -           
D6           35992       6793        29199       40356       74405       73208       84626       41406       1080        -           -           6.289814814814814814     -           
D1           48866       16154       32712       61412       7482        1660        84626       58401       11228       -           -           1.438724617028856430     -           
D8           64517       96709       67475       77939       5623        79120       84626       10918       10829       -           -           8.930556838119863329     -           
D28          46153       59367       86453       90234       28899       68724       84626       22371       2072        -           -           28.65202702702702702     -           
D2           46706       7580        39126       50706       26411       93231       84626       28903       2706        -           -           2.801182557280118255     -           
D157         72040       68533       3507        73444       20059       13916       84626       19749       436         -           -           157.1857798165137614     -           
D28          21039       90507       30199       38930       60744       59833       84626       26961       3148        -           -           28.75063532401524777     -           
D21          71037       94432       76272       79370       81897       24730       84626       56396       4373        -           -           21.59432883603933226     -           
D2           44634       65114       79187       67270       81593       95340       84626       77661       21998       -           -           2.959996363305755068     -           
D6           68621       89970       78318       96473       14874       7250        84626       4911        12917       -           -           6.965239606719826585     -           
D30          35778       53239       82206       52806       69375       94039       84626       43327       1722        -           -           30.91695702671312427     -           
D1           51655       19656       31999       91084       53286       45075       84626       39324       12226       -           -           1.607721249795517749     -           
D0           37426       8317        29109       62693       92268       59032       84626       74409       12159       -           -           0.684020067439756558     -           
D15          43416       2240        41176       44162       59128       19328       84626       42046       148         -           -           15.13513513513513513     -           
D2           66166       7528        58638       71929       75217       71688       84626       17259       2773        -           -           2.714749368914532996     -           
D3           26587       37066       89188       43673       79251       62031       84626       82862       9501        -           -           3.901273550152615514     -           
D115         9151        75599       33219       9859        65622       17878       84626       1160        655         -           -           115.4183206106870229     -           
D12          66172       57872       8300        96979       5330        7367        84626       91151       4558        -           -           12.69679684071961386     -           
D2           59126       51124       8002        92998       54825       88454       84626       77813       25254       -           -           2.024392175496950978     -           
D553         47626       58651       88642       55546       32507       12462       84626       95916       106         -           -           553.3113207547169811     -           
D6           47863       66944       80586       86060       98156       43939       84626       65323       9666        -           -           6.925719015104489964     -           
D8           50916       69615       80968       65080       27202       84867       84626       3465        8424        -           -           8.263888888888888888     -           
D1048        33039       7340        25699       41297       30834       70619       84626       71287       7           -           -           1048.571428571428571     -           
D95          90393       81361       9032        91603       35823       29455       84626       28378       853         -           -           95.38218053927315357     -           
D21          30984       9364        21620       31595       81107       73594       84626       67511       434         -           -           21.57603686635944700     -           
D19          82293       66466       15827       87549       53867       7064        84626       32201       3453        -           -           19.24876918621488560     -           
D5           75797       31507       44290       99145       71975       50323       84626       24966       5753        -           -           5.476620893446897271     -           
D11          15876       63278       52265       26100       64737       20743       84626       97023       5652        -           -           11.19568294409058740     -           
D11          19042       75747       42962       31248       10257       36500       84626       9977        6836        -           -           11.08060269163253364     -           
D35          11268       28076       82859       21749       13207       96401       84626       79618       787         -           -           35.67471410419313850     -           
D8           53583       21687       31896       79139       80433       73759       84626       59512       2471        -           -           8.776608660461351679     -           
D3           41939       75614       65992       63960       70245       4449        84626       20004       19918       -           -           3.796264685209358369     -           
D36          35098       41323       93442       39343       77583       42859       84626       87033       1138        -           -           36.31195079086115993     -           
D5           56582       64615       91634       78538       18485       94851       84626       63276       12670       -           -           5.099842146803472770     -           
D3           53913       48880       5033        93846       10698       28517       84626       73921       13980       -           -           3.496423462088698140     -           
D3           74528       56887       17641       94512       27375       16256       84626       90436       14576       -           -           3.902785400658616904     -           
D14          88338       72785       15553       95909       89594       6036        84626       26787       5057        -           -           14.39292070397468855     -           
D3           53349       70891       82125       85272       71161       16297       84626       73802       21426       -           -           3.308643703911136003     -           
D7           33520       79736       53451       57019       88873       68480       84626       96354       10021       -           -           7.956890529887236802     -           
D8           69426       79156       89937       89591       36229       70979       84626       53020       8931        -           -           8.863061247340723323     -           
D8           39176       27970       11206       45180       70514       92657       84626       63605       3152        -           -           8.873730964467005076     -           
D35          26015       72638       53044       34001       65017       26039       84626       28083       2057        -           -           35.31259115216334467     -           
D1           75408       7401        68007       86936       17025       12252       84626       64964       6240        -           -           1.186057692307692307     -           
D16          49662       67047       82282       58803       8747        46006       84626       31593       3957        -           -           16.94389689158453373     -           
D12          40010       80466       59211       51138       70284       72994       84626       68502       6626        -           -           12.14397826743133112     -           
D6           23752       60336       63083       37879       21650       18706       84626       86743       9625        -           -           6.268675324675324675     -           
D113         60458       24827       35631       72506       47372       24285       84626       12218       218         -           -           113.8853211009174311     -           
D6           73735       18885       54850       97411       7047        13959       84626       13962       2707        -           -           6.976357591429626893     -           
D37          73220       45147       28073       83506       27652       49404       84626       6630        1218        -           -           37.06650246305418719     -           
D12          32355       88548       43474       57706       42177       21458       84626       42913       7004        -           -           12.64249000571102227     -           
D7           58355       14586       43769       77171       82168       91011       84626       95497       1907        -           -           7.648662821185107498     -           
D34          13396       43490       69573       25534       71233       30908       84626       46148       1258        -           -           34.57074721780604133     -           
D10          82733       55773       26960       93799       12420       74822       84626       85877       5271        -           -           10.58110415480933409     -           
D32          61390       75772       85285       90909       83556       77564       84626       4004        2352        -           -           32.21598639455782312     -           
D4           57212       32233       24979       73742       86182       51406       84626       70426       7622        -           -           4.228942534767777486     -           
D6           29084       21461       7623        37691       57238       66028       84626       27960       3263        -           -           6.577076310144039227     -           
D19          40334       74124       65877       76955       40400       25005       84626       44477       3713        -           -           19.96337193643953676     -           
D13          45472       33313       12159       50855       41036       75757       84626       87983       2408        -           -           13.83430232558139534     -           
D20          69372       99440       69599       76553       89037       14610       84626       28775       4743        -           -           20.96563356525405861     -           
D71          61419       55426       5993        91742       72703       81086       84626       5535        773         -           -           71.70245795601552393     -           
D12          42055       79167       62555       59862       73145       49121       84626       77654       6441        -           -           12.29110386585933861     -           
D71          54191       26304       27887       56344       53311       962         84626       35346       366         -           -           71.86885245901639344     -           
D33          78625       86924       91368       83096       19205       57464       84626       55160       2618        -           -           33.20244461420932009     -           
D56          80819       52590       28229       82677       31347       25661       84626       36076       925         -           -           56.85405405405405405     -           
D19          89687       31705       57982       91643       58930       48915       84626       7958        1667        -           -           19.01919616076784643     -           
D8           45551       15294       30257       54299       13116       95165       84626       47555       1811        -           -           8.445057979017117614     -           
D0           51886       6335        45551       71654       40783       14220       84626       64537       12350       -           -           0.512955465587044534     -           
D71          43170       78163       64674       46175       23885       91532       84626       84256       1100        -           -           71.05727272727272727     -           
D2           50191       47148       3043        82043       23322       77726       84626       54874       18339       -           -           2.570914444626206445     -           
D52          65201       56664       8537        86575       84901       39487       84626       47339       1079        -           -           52.51529193697868396     -           
D2           67601       51547       16054       92479       99183       64263       84626       17397       17845       -           -           2.888596245446903894     -           
D8           31097       24472       6625        35134       74910       5679        84626       59891       2838        -           -           8.622973925299506694     -           
D2           89628       9512        80116       95031       473         89543       84626       79248       3180        -           -           2.991194968553459119     -           
D3           41530       62785       78412       65496       73630       84862       84626       35865       17564       -           -           3.574641311774083352     -           
D58          16604       90461       25810       31672       4089        36545       84626       10430       1536        -           -           58.89388020833333333     -           
D188         11247       30753       80161       11899       86475       12941       84626       95940       163         -           -           188.6687116564417177     -           
D17          85349       52908       32441       88781       77103       60700       84626       92668       2981        -           -           17.74840657497484065     -           
D1           53095       11961       41134       99116       79656       44960       84626       97201       7074        -           -           1.690839694656488549     -           
D9           41157       66678       74146       52602       99435       33282       84626       96802       6822        -           -           9.773966578715919085     -           
D0           37813       13013       24800       60015       82476       83807       84626       77786       15611       -           -           0.833578886682467490     -           
D7           14366       15556       98477       20488       46014       72354       84626       32131       2122        -           -           7.330819981149858623     -           
D6           20898       29823       90742       36850       61265       9306        84626       42519       4946        -           -           6.029720986655883542     -           
D4           50062       42354       7708        90711       84243       89613       84626       77371       9413        -           -           4.499521937745670880     -           
D92          29127       63671       65123       43346       17777       92751       84626       75243       689         -           -           92.41074020319303338     -           
D6           39622       27805       11817       44693       56362       26372       84626       48147       4125        -           -           6.740606060606060606     -           
D8           43986       84446       59207       78456       36825       89877       84626       57142       9516        -           -           8.874106767549390500     -           
D13          28934       59769       68832       37080       50575       42390       84626       14866       4496        -           -           13.29381672597864768     -           
D73          12230       84017       27880       23310       37728       24109       84626       92032       1150        -           -           73.05826086956521739     -           
D49          88224       98117       89774       93297       30223       18500       84626       9039        1983        -           -           49.47907211296016137     -           
D10          56260       96078       59849       68103       28197       18517       84626       15358       8888        -           -           10.80985598559855985     -           
D62          74994       73488       1506        79608       63340       55918       84626       28633       1170        -           -           62.81025641025641025     -           
D11          28454       65307       62814       39739       10585       11896       84626       49383       5884        -           -           11.09908225696804894     -           
D7           59179       35419       23760       65975       94524       17254       84626       1214        4811        -           -           7.362086884223654126     -           
D28          18322       98451       19538       23270       29180       8369        84626       16832       3478        -           -           28.30678550891316848     -           
D4           45973       79237       66403       72621       24399       9966        84626       32572       19325       -           -           4.100232858990944372     -           
D2           46299       56578       89388       70971       37075       91502       84626       89765       21627       -           -           2.616081749664770888     -           
D6           76340       9232        67108       91319       85003       47496       84626       94229       1445        -           -           6.388927335640138408     -           
D0           35448       5615        29833       62978       60905       39498       84626       95396       7918        -           -           0.709143723162414751     -           
D19          51479       27788       23691       55054       19257       30803       84626       10627       1429        -           -           19.44576627011896431     -           
D2           54325       52471       1854        85907       69015       65513       84626       15492       22743       -           -           2.307127467792287736     -           
D17          8073        34072       73668       10115       15652       52464       84626       49772       1947        -           -           17.49974319465844889     -           
D4           65866       70237       95296       83028       60201       31838       84626       87359       14380       -           -           4.884353268428372739     -           
D72          23478       41555       81590       46385       49110       71225       84626       72747       571         -           -           72.77583187390542907     -           
D12          56735       26909       29826       83988       627         38284       84626       99392       2229        -           -           12.07222969941677882     -           
D56          28604       71203       57068       30212       86279       89838       84626       40798       1268        -           -           56.15378548895899053     -           
D5           69389       92988       76068       95444       88360       82329       84626       57613       17279       -           -           5.381561432953295908     -           
D12          25881       90889       34659       44437       91667       3869        84626       95507       7325        -           -           12.40805460750853242     -           
D184         56193       56885       98975       60850       86224       88749       84626       52591       309         -           -           184.0938511326860841     -           
D2           7603        6391        1212        12445       56309       55511       84626       37733       2761        -           -           2.314741035856573705     -           
D6           69943       28989       40954       80853       52527       39660       84626       76255       4483        -           -           6.466428730760651349     -           
D1           29781       13735       16046       49462       42075       91529       84626       936         10100       -           -           1.359900990099009901     -           
D0           61246       1602        59644       91014       72582       54980       84626       38163       1710        -           -           0.936842105263157894     -           
D4096        59902       90124       69445       71878       42822       36273       84626       58282       22          -           -           4096.545454545454545     -           
D19          4017        17794       85890       7125        4663        78722       84626       47219       909         -           -           19.57535753575357535     -           
D246         73895       62919       10976       74947       55939       12035       84626       7650        255         -           -           246.7411764705882352     -           
D3           51935       78035       73567       79307       39432       20402       84626       71843       24563       -           -           3.176932785083255302     -           
D3           42441       11602       30839       81591       46082       32377       84626       22061       3291        -           -           3.525372227286539045     -           
D8           24914       89005       35576       39163       75323       54274       84626       54100       10665       -           -           8.345522737927801218     -           
D30          82749       91172       91244       96034       10597       1702        84626       50919       3039        -           -           30.00065811122079631     -           
D15          85032       1357        83675       88178       85862       68248       84626       92274       90          -           -           15.07777777777777777     -           
D1           8765        2442        6323        11974       73470       37086       84626       87287       2347        -           -           1.040477204942479761     -           
D3           22363       20349       2014        30525       18755       14031       84626       24595       6039        -           -           3.369597615499254843     -           
D7           43807       81349       62125       76643       93038       87868       84626       22014       10971       -           -           7.414912040834928447     -           
D14          51810       50914       896         75960       46042       88291       84626       54348       3510        -           -           14.50541310541310541     -           
D1917        53124       95854       56937       53347       8056        39287       84626       581         50          -           -           1917.08                  -           
D11          55334       87359       67642       79337       33901       92490       84626       15255       7328        -           -           11.92126091703056768     -           
D2           54921       67265       87323       82488       53955       10237       84626       24791       27354       -           -           2.459055348395115888     -           
D4           53491       5416        48075       62222       39879       78625       84626       70701       1105        -           -           4.901357466063348416     -           
D13          25096       36141       88622       32536       55653       47557       84626       85484       2776        -           -           13.01909221902017291     -           
D3           53816       86098       67385       84653       11245       83508       84626       60641       22979       -           -           3.746812306888898559     -           
D774         87778       36402       51376       87929       36522       24664       84626       71849       47          -           -           774.5106382978723404     -           
D35          25949       89323       36293       49357       47971       38556       84626       91940       2541        -           -           35.15269578905942542     -           
D14          42115       38180       3935        81550       70855       40048       84626       69017       2680        -           -           14.24626865671641791     -           
D6           19208       29992       88883       33684       57249       69088       84626       74215       4732        -           -           6.338123415046491969     -           
D18          55113       92494       62286       60125       89623       43447       84626       65463       4993        -           -           18.52473462847987182     -           
D6           17342       34270       82739       23331       28726       75870       84626       60462       5364        -           -           6.388888888888888888     -           
D5           30804       76488       53983       46747       9465        52750       84626       52353       14861       -           -           5.146894556220981091     -           
D7           53489       50149       3340        77056       406         96420       84626       17062       6355        -           -           7.891266719118804091     -           
D4           39836       59170       80333       65226       38502       38598       84626       51572       14446       -           -           4.095943513775439568     -           
D4           58854       94711       63810       96675       16103       63781       84626       73003       21033       -           -           4.502971520943279608     -           
D3           32365       49398       82634       49372       72954       28          84626       43543       15358       -           -           3.216434431566610235     -           
D11          6153        10093       95727       8771        8692        74155       84626       23175       917         -           -           11.00654307524536532     -           
D15          63184       69677       93174       92527       80457       62623       84626       14425       4498        -           -           15.49066251667407736     -           
D2           53817       52023       1794        82147       10610       86796       84626       79297       25487       -           -           2.041158237532859889     -           
D1           59493       2779        56714       69158       73957       18194       84626       86785       1503        -           -           1.848968729208250166     -           
D2           46334       55451       90550       73310       90513       39101       84626       96841       19358       -           -           2.864500464924062403     -           
D1           53988       26594       27394       92798       73575       40479       84626       465         15178       -           -           1.752141257082619581     -           
D34          88040       75184       12856       98772       80982       67716       84626       31771       2184        -           -           34.42490842490842490     -           
D30          8404        41396       66675       15456       33232       49714       84626       76455       1352        -           -           30.61834319526627218     -           
D213         34114       84096       49685       39734       97068       72041       84626       888         394         -           -           213.4416243654822335     -           
D44          55008       21506       33502       55787       24792       84839       84626       88709       478         -           -           44.99163179916317991     -           
D0           60219       3745        56474       84254       13220       39647       84626       92769       12149       -           -           0.308255823524569923     -           
D2           64425       38878       25547       87545       8670        46165       84626       93073       18185       -           -           2.137915864723673357     -           
D6           38016       51156       86527       67857       38837       47319       84626       18281       8175        -           -           6.257614678899082568     -           
D11          46119       58256       87530       66575       29356       14367       84626       70050       5207        -           -           11.18801613212982523     -           
D10          50152       86231       63588       92218       22295       44690       84626       26768       8086        -           -           10.66423447934701954     -           
D98          55969       88820       66816       66982       48162       1868        84626       44399       904         -           -           98.25221238938053097     -           
D131         45621       28429       17192       91026       8220        64540       84626       16651       216         -           -           131.6157407407407407     -           
D21          62137       63953       97851       73975       76810       28113       84626       71875       2947        -           -           21.70105191720393620     -           
D0           69951       5967        63984       82447       66834       4393        84626       42425       7471        -           -           0.798688261276937491     -           
D6           63021       31319       31702       92180       29773       83729       84626       85933       4703        -           -           6.659366361896661705     -           
D0           64051       9721        54330       86502       55776       97149       84626       29386       19149       -           -           0.507650530053788709     -           
D3           45936       88132       57471       69463       53166       55305       84626       79775       22409       -           -           3.932884109063322772     -           
D7           31841       65044       66464       54483       84152       92655       84626       30458       9199        -           -           7.070768561800195673     -           
D115         77530       81195       96002       96737       77474       5259        84626       58531       702         -           -           115.6623931623931623     -           
D8           64284       95421       68530       91104       84104       79437       84626       33942       10644       -           -           8.964768883878241262     -           
D3           65708       50529       15179       90275       65818       88655       84626       31781       16574       -           -           3.048690720405454326     -           
D23          48704       29841       18863       51076       5260        90809       84626       48077       1264        -           -           23.60838607594936708     -           
D26          2625        30056       72236       4135        49193       47065       84626       2365        1115        -           -           26.95605381165919282     -           
D28          14726       27787       86606       28462       30137       33651       84626       4072        990         -           -           28.06767676767676767     -           
D1           52200       26003       26197       69698       6021        17558       84626       72673       17204       -           -           1.511450825389444315     -           
D42          57373       97741       59299       65240       47770       67371       84626       66510       2304        -           -           42.42230902777777777     -           
D5           49868       47387       2481        91766       93617       83145       37950       68540       7970        -           -           5.945671267252195734     -           
D2           60595       29148       31447       85044       28516       17199       37950       2168        11697       -           -           2.491921005385996409     -           
D3           53676       20128       33548       63079       75979       89924       37950       42276       6661        -           -           3.021768503227743582     -           
D9           14195       8543        5652        16097       79288       69525       37950       20961       881         -           -           9.696935300794551645     -           
D17          33488       69639       63516       40838       68727       19436       37950       87543       4088        -           -           17.03498043052837573     -           
D57          82969       35415       47554       84236       34926       42151       37950       68292       614         -           -           57.67915309446254071     -           
D4           19820       28599       90888       32498       68823       25339       37950       79131       7142        -           -           4.004340520862503500     -           
D19          49320       49436       99551       58680       74993       52590       37950       53681       2520        -           -           19.61746031746031746     -           
D3           65740       67646       97761       89230       76410       78133       37950       23430       18760       -           -           3.605863539445628997     -           
D0           76661       2806        73855       80316       72247       32885       37950       98133       3561        -           -           0.787980904240381915     -           
D2           48575       16914       31661       55562       25078       44538       37950       4277        6653        -           -           2.542311739065083421     -           
D113         49054       81028       67693       52507       71045       41363       37950       49082       712         -           -           113.8033707865168539     -           
D7           63626       27166       36460       93668       34681       24571       37950       61650       3542        -           -           7.669678147939017504     -           
D382         94223       87876       6347        94514       76337       27901       37950       53901       230         -           -           382.0695652173913043     -           
D9           84798       59388       25410       96029       1913        99092       37950       48015       6181        -           -           9.608154020385050962     -           
D13          46719       45907       812         61186       95983       69404       37950       98383       3318        -           -           13.83574442435201928     -           
D62          36492       38644       97515       37579       2223        76908       37950       57809       621         -           -           62.22866344605475040     -           
D11          73643       3577        70066       81792       77720       83233       37950       11630       302         -           -           11.84437086092715231     -           
D5           40945       75335       65277       68936       42627       59142       37950       10701       12954       -           -           5.815578199783850548     -           
D16          42423       90386       51704       79502       39885       3273        37950       40014       5344        -           -           16.91354790419161676     -           
D1           61219       8655        52564       70015       92169       23957       37950       86493       8443        -           -           1.025109558213905010     -           
D4           70323       22115       48208       77601       6647        1781        37950       74300       4821        -           -           4.587222567931964322     -           
D1           49466       31483       17983       78589       72501       40820       37950       36720       20343       -           -           1.547608513985154598     -           
D6           35916       66364       69219       61822       42631       41242       37950       8079        10010       -           -           6.629770229770229770     -           
D3           50741       78721       71687       79360       31151       88273       37950       10628       22122       -           -           3.558493807069885182     -           
D77          64836       82177       82326       70634       53268       6666        37950       33106       1058        -           -           77.67202268431001890     -           
D19          22974       45505       77136       43572       62363       86617       37950       22535       2376        -           -           19.15193602693602693     -           
D3           34340       62877       71130       52668       24035       42469       37950       46131       16012       -           -           3.926867349487884086     -           
D15          69575       26836       42739       72807       1572        85448       37950       5850        1703        -           -           15.75807398708162066     -           
D8           48346       96320       51693       60562       38873       92987       37950       57870       11698       -           -           8.233886134381945631     -           
D37          85423       96060       89030       92957       45663       13277       37950       40305       2549        -           -           37.68536681051392703     -           
D0           55064       8071        46993       78320       27836       189         37950       42705       8552        -           -           0.943755846585594013     -           
D84          76156       94160       81663       78836       81915       557         37950       97910       1116        -           -           84.37275985663082437     -           
D5           76528       98286       77909       95679       12886       70786       37950       1570        19075       -           -           5.152608125819134993     -           
D2           31665       19898       11767       39637       29655       84541       37950       44771       7749        -           -           2.567815201961543425     -           
D2           46631       48656       97642       71913       69903       98804       37950       52571       21349       -           -           2.279076303339734882     -           
D28          27484       27377       107         34117       29417       97327       37950       15437       952         -           -           28.75735294117647058     -           
D154         31755       90121       41301       32794       72544       59311       37950       87508       585         -           -           154.0529914529914529     -           
D14          77117       86066       90718       87299       77575       13174       37950       46834       5843        -           -           14.72976210850590450     -           
D37          74684       48635       26049       78353       91035       83066       37950       9520        1304        -           -           37.29677914110429447     -           
D7           58157       33254       24903       85030       33062       39668       37950       5180        4411        -           -           7.538880072545907957     -           
D3           49625       7622        42003       96838       79676       57150       37950       69773       2412        -           -           3.160033167495854063     -           
D14          46303       46387       99583       54920       61196       18776       37950       24468       3218        -           -           14.41485394655065257     -           
D2           39081       30099       8982        65119       50899       10865       37950       16351       13043       -           -           2.307674614735873648     -           
D1           33283       14734       18549       54158       19697       27934       37950       95220       12408       -           -           1.187459703417150225     -           
D150         51083       62916       87834       59527       16739       27494       37950       58837       419         -           -           150.1575178997613365     -           
D3           57450       53108       4342        98707       85423       97400       37950       10380       16193       -           -           3.279688754400049404     -           
D0           12238       2156        10082       19081       80590       44642       37950       42830       5395        -           -           0.399629286376274328     -           
D0           49481       10825       38656       75082       50729       57736       37950       27280       23880       -           -           0.453308207705192629     -           
D15          14171       92339       21499       22492       53047       19531       37950       79691       5850        -           -           15.78444444444444444     -           
D47          46011       65187       80491       90652       74329       53256       37950       46810       1370        -           -           47.58175182481751824     -           
D236         16413       709         15704       16423       32798       45841       37950       43999       3           -           -           236.3333333333333333     -           
D50          70863       96016       74514       73162       62531       52510       37950       10561       1893        -           -           50.72160591653460116     -           
D0           36424       2982        33442       68815       85658       67967       37950       28223       4033        -           -           0.739399950409124721     -           
D13          25282       91951       32998       43895       34591       34816       37950       39900       6669        -           -           13.78782426150847203     -           
D5           30484       60321       69830       49626       52330       11318       37950       36773       11342       -           -           5.318374184447187444     -           
D4           57007       65288       91386       77818       77157       28130       37950       54918       15385       -           -           4.243613909652258693     -           
D2           84766       4379        80387       92324       69852       56013       37950       38466       1628        -           -           2.689803439803439803     -           
D3           27963       35196       92434       44387       54687       37537       37950       66890       11539       -           -           3.050177658375942456     -           
D4           79964       26826       53138       92327       7076        45128       37950       10286       5786        -           -           4.636363636363636363     -           
D9           10111       19334       90444       14101       38162       41278       37950       58194       2131        -           -           9.072735804786485218     -           
D6           94104       36386       57718       99641       78636       36794       37950       89718       5512        -           -           6.601233671988388969     -           
D6           54135       27914       26221       58306       24972       83585       37950       31172       4083        -           -           6.836639725691893215     -           
D42          46022       53045       92644       53483       89842       26613       37950       7197        1256        -           -           42.23328025477707006     -           
D26          83035       84374       98328       96348       96246       8712        37950       14047       3157        -           -           26.72600570161545771     -           
D86          25876       81057       44486       50812       90443       97803       37950       14978       940         -           -           86.23085106382978723     -           
D718         21907       61059       60515       29181       45207       69878       37950       213         85          -           -           718.3411764705882352     -           
D6           70954       66813       4141        83030       56959       35064       37950       36971       10574       -           -           6.318611689048609797     -           
D16          59776       83854       75589       87165       83545       3574        37950       12668       4998        -           -           16.77751100440176070     -           
D1           51721       19437       32284       72233       33787       67259       37950       12331       10697       -           -           1.817051509769094138     -           
D7           73877       90137       83407       94672       5029        72594       37950       72058       11492       -           -           7.843456317438217890     -           
D46          27813       54508       72972       41135       84198       53120       37950       62745       1169        -           -           46.62788708297690333     -           
D52          21495       55029       66133       31720       66806       43853       37950       2267        1045        -           -           52.65933014354066985     -           
D76          42519       26694       15825       53061       27359       20100       37950       42412       351         -           -           76.05128205128205128     -           
D0           38905       3174        35731       63791       35934       73178       37950       62656       14019       -           -           0.226407019045580997     -           
D45          91078       3587        87491       93353       67705       18816       37950       53619       78          -           -           45.98717948717948717     -           
D7           19218       61539       57346       30396       22598       80333       37950       94461       8040        -           -           7.654104477611940298     -           
D35          61454       94112       67009       71252       11651       34600       37950       32720       2666        -           -           35.30082520630157539     -           
D8           67778       24257       43521       84019       21777       5203        37950       32093       2814        -           -           8.620113717128642501     -           
D8           42133       64973       76827       76176       83596       99439       37950       63377       8090        -           -           8.031273176761433869     -           
D2           17786       18057       99396       27119       95896       91863       37950       19104       8453        -           -           2.136164675263220158     -           
D45          85453       69028       16425       99441       18709       25560       37950       20945       1525        -           -           45.26426229508196721     -           
D8           8470        35441       72696       12913       75407       44940       37950       59581       4027        -           -           8.800844300968462875     -           
D14          38043       20808       17235       74653       27309       5364        37950       81865       1433        -           -           14.52058618283321702     -           
D19          22818       55013       67472       42874       24009       47110       37950       20032       2762        -           -           19.91781317885590152     -           
D4           35616       80559       54724       54041       57696       44716       37950       18207       17191       -           -           4.686114827526031062     -           
D1           42959       3744        39215       56590       59004       97543       37950       66465       2066        -           -           1.812197483059051306     -           
D7           50405       58342       91730       64496       12169       90360       37950       55035       8132        -           -           7.174372848007870142     -           
D0           78970       4457        74513       95101       71813       68222       37950       36959       14446       -           -           0.308528312335594628     -           
D3           21421       24577       96511       28837       1634        66198       37950       14837       6589        -           -           3.730004553042950371     -           
D12          46031       55103       90595       87678       41031       44250       37950       88157       4384        -           -           12.56911496350364963     -           
D111         16752       48501       67918       24910       88090       4707        37950       65416       436         -           -           111.2408256880733945     -           
D26          69771       73586       95852       86517       54632       62454       37950       95279       2787        -           -           26.40330104054538930     -           
D12          17712       89148       28231       28423       83941       84461       37950       41405       7001        -           -           12.73360948435937723     -           
D19          28628       21650       6978        34127       48665       31999       37950       6933        1133        -           -           19.10856134157105030     -           
D5           54717       47742       6975        63897       72277       49853       37950       42485       8817        -           -           5.414766927526369513     -           
D71          3037        64315       38389       5177        79988       25799       37950       92006       897         -           -           71.70011148272017837     -           
D4           45581       56854       88394       77482       66329       34946       37950       21912       13680       -           -           4.155994152046783625     -           
D2           75869       17059       58810       93293       24254       62231       37950       92686       6173        -           -           2.763486149360116637     -           
D67          37172       55688       81151       43229       52679       15812       37950       1263        830         -           -           67.09397590361445783     -           
D25          83616       69005       14611       87877       43223       98244       37950       20713       2657        -           -           25.97101994730899510     -           
D11          88355       48119       40236       93973       56296       29024       37950       57155       4085        -           -           11.77943696450428396     -           
D1           76170       19066       57104       95922       50241       90486       37950       46395       16914       -           -           1.127231878916873595     -           
D5           63822       34987       28835       92391       95817       67879       37950       59817       6684        -           -           5.234440454817474566     -           
D0           50259       4019        46240       93101       21321       96703       37950       80291       7417        -           -           0.541863287043278953     -           
D8           77584       78268       98983       89009       8217        36593       37950       92314       9034        -           -           8.663714854992251494     -           
D89          58150       23481       34669       61366       47044       54894       37950       36239       262         -           -           89.62213740458015267     -           
D153         98992       51361       47631       99559       63145       94804       37950       951         334         -           -           153.7754491017964071     -           
D31          35911       63019       72559       38331       17746       75300       37950       30809       2031        -           -           31.02855736090595765     -           
D2           75277       19100       56177       89003       31785       21642       37950       37801       6647        -           -           2.873476756431472844     -           
D4           60889       52992       7897        86027       89550       356         37950       97524       10613       -           -           4.993121643267690568     -           
D1           63079       44435       18644       95202       76210       33316       37950       71465       30956       -           -           1.435424473446181677     -           
D5           35677       84619       50725       55336       20294       37190       37950       90836       16018       -           -           5.282744412535897115     -           
D19          64896       49616       15280       75277       82590       39099       37950       50458       2610        -           -           19.00996168582375478     -           
D5           68261       48012       20249       88152       24907       59959       37950       87076       8588        -           -           5.590591523055426176     -           
D0           57105       8981        48124       96115       75360       31868       37950       38059       18095       -           -           0.496324951644100580     -           
D2           57782       60446       97003       89250       77465       61353       37950       63536       26314       -           -           2.297104203085809835     -           
D183         77183       59190       17993       78891       99503       17143       37950       64058       323         -           -           183.2507739938080495     -           
D21          17906       39088       78485       20584       65955       95622       37950       66885       1838        -           -           21.26659412404787812     -           
D460         4862        39594       64935       7250        15896       51577       37950       55341       86          -           -           460.3953488372093023     -           
D5           54510       34480       20030       78764       31941       4087        37950       38865       6002        -           -           5.744751749416861046     -           
D6           46383       22166       24217       67858       33676       49800       37950       17551       3433        -           -           6.456743373143023594     -           
D62          5299        88521       16445       9177        65856       82664       37950       26657       1421        -           -           62.29486277269528501     -           
D4           61790       51595       10195       87443       61059       36348       37950       51363       10484       -           -           4.921308660816482258     -           
D0           61159       14454       46705       82111       6058        40930       37950       71964       19255       -           -           0.750662165671254219     -           
D9           52113       96064       55716       66054       65632       25510       37950       84750       10290       -           -           9.335665694849368318     -           
D18          25174       37855       86986       32900       52230       23033       37950       14551       1996        -           -           18.96543086172344689     -           
D15          16292       63339       52620       22436       46847       47565       37950       72564       4004        -           -           15.81893106893106893     -           
D9           62427       49119       13308       91123       23517       72598       37950       80763       5035        -           -           9.755511420059582919     -           
D2           86898       5769        81129       90436       93683       43889       37950       12574       1986        -           -           2.904833836858006042     -           
D3           41334       14020       27314       59835       38721       42866       37950       7712        4332        -           -           3.236380424746075715     -           
D711         72233       80377       91523       81248       6190        15889       37950       1446        113         -           -           711.3008849557522123     -           
D3           47873       41648       6225        83784       93180       11925       37950       83897       11962       -           -           3.481692024745025915     -           
D4           60465       12309       48156       74874       51940       78979       37950       55174       2829        -           -           4.351007423117709438     -           
D28          45363       82864       62166       49219       81126       15339       37950       47445       2947        -           -           28.11808618934509670     -           
D1           56340       28872       27468       94555       53937       27906       37950       1015        18125       -           -           1.592937931034482758     -           
D4           33715       57039       76343       54734       65058       16396       37950       27535       12696       -           -           4.492674858223062381     -           
D3           52874       69583       82958       83118       67197       37734       37950       51317       22630       -           -           3.074812196199734865     -           
D4           82412       12024       70388       87736       39042       957         37950       33820       2552        -           -           4.711598746081504702     -           
D74          30365       46256       83776       60107       57748       32743       37950       75954       623         -           -           74.24719101123595505     -           
D249         9898        66181       43384       13109       63033       80538       37950       23926       265         -           -           249.7396226415094339     -           
D1294        63320       41436       21884       63906       5224        38513       37950       91204       32          -           -           1294.875                 -           
D3           36928       46385       90210       60304       13574       39463       37950       57385       13552       -           -           3.422742030696576151     -           
D15          57669       89102       68234       70630       78381       45677       37950       80325       5825        -           -           15.29648068669527897     -           
D23          46253       91656       54264       88631       95378       142         37950       40761       3875        -           -           23.65316129032258064     -           
D2           75408       12111       63297       89409       27479       35160       37950       89247       5403        -           -           2.241532481954469739     -           
D4           24208       42415       81460       38337       58696       50909       37950       83562       10079       -           -           4.208254787181267982     -           
D20          55318       52322       2996        62864       99379       27467       37950       29580       2496        -           -           20.96233974358974359     -           
D8           57965       57407       558         74924       74854       54038       37950       53629       7088        -           -           8.099181715575620767     -           
D36          65197       59012       6185        86386       18578       97912       37950       10207       1630        -           -           36.20368098159509202     -           
D3           62582       85543       76706       98745       34995       20765       37950       50444       26419       -           -           3.237934819637382187     -           
D3           55697       17721       37976       68313       2355        78366       37950       30352       5233        -           -           3.386394037836804892     -           
D10          21193       53127       67733       29339       96670       44852       37950       26620       4901        -           -           10.84003264639869414     -           
D0           53505       5063        48442       88305       86012       55210       37950       77872       18705       -           -           0.270676289762095696     -           
D0           60073       3863        56210       84905       34828       70815       37950       21769       10409       -           -           0.371121145162839850     -           
D1           36803       4587        32216       69097       96230       48088       37950       27663       4509        -           -           1.017298735861610113     -           
D74          39907       87931       51643       46361       29311       23032       37950       53990       1183        -           -           74.32882502113271344     -           
D14          73674       29867       43807       80190       75045       33748       37950       42538       1998        -           -           14.94844844844844844     -           
D2           36108       14334       21774       51591       25280       68393       37950       2989        5142        -           -           2.787631271878646441     -           
D28          40235       40493       99409       59643       93454       79493       37950       47140       1419        -           -           28.53629316420014094     -           
D8           34573       81924       52316       59207       84449       28885       37950       97985       9939        -           -           8.242680350135828554     -           
D53          30279       61867       68079       32927       7295        70557       37950       47130       1151        -           -           53.75065160729800173     -           
D13          61605       78577       82695       69600       91886       22061       37950       81340       5640        -           -           13.93209219858156028     -           
D5           18277       50209       67735       28156       22633       50634       37950       25323       8398        -           -           5.978685401286020481     -           
D9           70939       62446       8493        81671       24283       1719        37950       57382       6547        -           -           9.538109057583626088     -           
D2           65280       40629       24651       89978       9171        62553       37950       1928        15884       -           -           2.557856962981616721     -           
D6           57911       15004       42907       76441       43896       96683       37950       75736       2321        -           -           6.464454976303317535     -           
D0           46692       5124        41568       60214       60627       47182       37950       14327       6126        -           -           0.836434867776689520     -           
D16          19305       83816       35156       33420       89289       47535       37950       80029       5190        -           -           16.14951830443159922     -           
D199         75522       71157       4365        75935       96311       17232       37950       81916       356         -           -           199.8792134831460674     -           
D10          92971       20168       72803       98034       61676       83163       37950       69190       1837        -           -           10.97876973326075122     -           
D312         21984       60005       61646       43776       4872        49597       37950       29491       192         -           -           312.5260416666666666     -           
D73          57045       84952       71760       58848       27646       67014       37950       23494       1152        -           -           73.74305555555555555     -           
D327         64415       87849       76233       67204       6522        58264       37950       48655       268         -           -           327.7947761194029850     -           
D7           66115       32599       33516       86694       44820       98775       37950       69165       4378        -           -           7.446094106898126998     -           
D83          44081       54438       89310       45632       26326       6203        37950       21680       653         -           -           83.36600306278713629     -           
D9           42588       83853       58402       59530       72469       31212       37950       70806       8704        -           -           9.633846507352941176     -           
D73          23661       42088       81240       25760       49094       47339       37950       31009       572         -           -           73.58041958041958042     -           
D11          44177       99286       44558       56131       11417       24160       37950       64495       8315        -           -           11.94058929645219482     -           
D158         47157       92156       54668       50068       69712       49920       37950       43344       581         -           -           158.6161790017211704     -           
D6           67636       84091       83212       85997       65082       64423       37950       97728       12553       -           -           6.698876762526886003     -           
D6           38553       83931       54289       64233       53118       94619       37950       47257       12873       -           -           6.519925425308785830     -           
D11          42831       97027       45471       77570       75928       20397       37950       8968        8092        -           -           11.99048442906574394     -           
D13          32958       15667       17291       48870       89830       69844       37950       88338       1134        -           -           13.81569664902998236     -           
D4           40561       76653       63575       62701       19931       65236       37950       92645       18421       -           -           4.161174746213560610     -           
D1           90336       951         89385       92374       62567       63188       37950       411         664         -           -           1.432228915662650602     -           
D27          53956       98566       55057       70756       63758       97217       37950       9287        3556        -           -           27.71822272215973003     -           
D5           13936       35387       78216       21084       60463       48933       37950       81405       6788        -           -           5.213170300530347672     -           
D7           53778       81501       71944       96324       4185        60109       37950       87112       11232       -           -           7.256143162393162393     -           
D269         35493       46141       89019       41380       20387       32962       37950       33368       171         -           -           269.8304093567251462     -           
D4           47646       17788       29858       62225       83066       27361       37950       39329       3909        -           -           4.550524430800716295     -           
D3           66315       58250       8065        91113       42347       10951       37950       51380       16719       -           -           3.484060051438483162     -           
D2           51808       21619       30189       92818       65210       61544       37950       64427       10798       -           -           2.002130024078533061     -           
D1           38117       13046       25071       66251       23368       10849       37950       56735       9983        -           -           1.306821596714414504     -           
D7           60113       64091       95689       86144       13878       60921       37950       35087       8051        -           -           7.960626009191404794     -           
D22          23428       84094       39001       29993       6067        48746       37950       8392        3733        -           -           22.52718992767211358     -           
D6           59705       64757       94615       84783       3279        11333       37950       41996       9549        -           -           6.781547806052989841     -           
D5           5024        6068        98623       6335        72803       2927        37950       96209       1091        -           -           5.561869844179651695     -           
D88          56040       75551       80156       69837       75914       63029       37950       63612       852         -           -           88.67488262910798122     -           
D5           36026       95294       40399       55590       34141       85913       37950       80604       16462       -           -           5.788725549750941562     -           
D12          91370       69368       22002       99155       24058       44858       37950       55077       5735        -           -           12.09555361813426329     -           
D5           56592       54947       1645        68398       89470       28915       37950       13913       9368        -           -           5.865392826643894107     -           
D20          23844       48392       75119       45317       4766        26296       37950       97335       2371        -           -           20.40995360607338675     -           
D25          50871       30174       20697       63292       56999       37550       37950       30090       1187        -           -           25.42038753159224936     -           
D43          55244       84047       70864       81893       54698       21366       37950       2773        1946        -           -           43.18961973278520041     -           
D1           62122       42337       19785       98411       32380       33329       37950       93109       25833       -           -           1.638872759648511593     -           
D2           58011       46612       11399       78924       51355       18590       37950       41201       16185       -           -           2.879950571516836577     -           
D26          39071       31712       7359        58011       92966       82539       37950       87823       1191        -           -           26.62636439966414777     -           
D246         49404       55046       94025       49667       87409       43211       37950       44357       223         -           -           246.8430493273542600     -           
D3           59364       10266       49098       67379       2779        40802       37950       8647        3259        -           -           3.150046026388462718     -           
D0           74824       5322        69502       94294       46150       69905       37950       73609       16414       -           -           0.324235408797368100     -           
D1           50891       47031       3860        77004       10349       31538       37950       53098       24778       -           -           1.898095084349019291     -           
D14          62487       99327       62827       90233       20066       4589        37950       2553        6995        -           -           14.19971408148677626     -           
D11          34584       56183       78068       41970       45746       14254       37950       2705        5040        -           -           11.14742063492063492     -           
D5           26578       54577       71668       43171       18170       97020       37950       87213       9985        -           -           5.465898848272408612     -           
D5           51325       79660       71332       87222       35454       35946       37950       95981       15428       -           -           5.163339382940108892     -           
D11          36192       97438       38421       50017       49675       43387       37950       42459       8542        -           -           11.40693046125029267     -           
D29          16300       45413       70554       31077       24963       25454       37950       38155       1523        -           -           29.81812212738017071     -           
D18          72959       85756       86870       82728       97026       88050       37950       85143       4576        -           -           18.74038461538461538     -           
D0           80973       612         80361       97656       46343       11108       37950       42959       14241       -           -           0.042974510216979144     -           
D135         8460        22966       85161       16750       72600       88616       37950       72900       170         -           -           135.0941176470588235     -           
D26          10337       64492       45512       14274       40052       86613       37950       88391       2463        -           -           26.18432805521721477     -           
D1           59082       51556       7526        90151       42208       48067       37950       82865       28013       -           -           1.840431228358262235     -           
D8           60722       70261       90128       78345       57394       74202       37950       59153       7853        -           -           8.947026614032853686     -           
D20          30875       92499       38043       57305       67717       70389       37950       33678       4445        -           -           20.80967379077615298     -           
D28          64932       34207       30725       74039       78489       19560       37950       89053       1183        -           -           28.91546914623837700     -           
D11          48061       12571       35490       49680       57090       18803       37950       76862       1110        -           -           11.32522522522522522     -           
D0           67940       11870       56070       92588       64561       68753       37950       19271       18644       -           -           0.636665951512550954     -           
D80          91406       58252       33154       97883       7300        88089       37950       87988       728         -           -           80.01648351648351648     -           
D11          36821       37530       98958       70295       32739       20819       37950       35665       3347        -           -           11.21302659097699432     -           
D8           76892       26644       50248       91662       69485       55890       37950       5527        3042        -           -           8.758711374095989480     -           
D6           59202       56908       2294        84666       62745       79673       37950       12718       8274        -           -           6.877930867778583514     -           
D1           44089       37756       6333        67176       10457       98625       37950       76672       21002       -           -           1.797733549185791829     -           
D49          93814       33771       60043       96475       68676       83645       37950       82396       679         -           -           49.73637702503681885     -           
D1123        31870       96628       34909       35843       52234       34642       37950       95929       86          -           -           1123.581395348837209     -           
D8           52444       49867       2577        75852       19669       37861       37950       72413       5628        -           -           8.860518834399431414     -           
D40          30302       43653       86316       59527       72069       54100       37950       56773       1077        -           -           40.53203342618384401     -           
D8127        95483       89407       6076        95585       93477       98927       37950       54102       11          -           -           8127.909090909090909     -           
D9           47575       91307       55935       85815       15282       2060        37950       64618       9335        -           -           9.781146223888591323     -           
D2           76764       13973       62791       94521       44039       94181       37950       25626       5736        -           -           2.436018131101813110     -           
D8           69424       94284       74807       88638       23602       95904       37950       3965        11782       -           -           8.002376506535392972     -           
D5           16809       14022       2787        21623       33911       49286       37950       39096       2367        -           -           5.923954372623574144     -           
D6           66918       36963       29955       97435       90346       86034       37950       16388       5884        -           -           6.281951053704962610     -           
D22          62585       45882       16703       65949       78000       96030       37950       23453       2033        -           -           22.56861780619773733     -           
D8           56631       14718       41913       70376       4419        68919       37950       77477       1651        -           -           8.914597213809812235     -           
D0           57249       7799        49450       88001       38451       40472       37950       45921       26497       -           -           0.294335207759368985     -           
D10          55623       88219       67071       71335       67458       29741       37950       62674       8487        -           -           10.39460351125250382     -           
D16          21215       23099       97783       27827       32470       51320       37950       68460       1379        -           -           16.75054387237128353     -           
D30          34688       99436       34919       66111       37159       97920       36387       37124       3265        -           -           30.45513016845329249     -           
D8           65015       44548       20467       79890       63066       45857       36387       67441       5515        -           -           8.077606527651858567     -           
D25          18786       28260       90193       36464       78309       35137       36387       81821       1108        -           -           25.50541516245487364     -           
D1           63555       57683       5872        97368       67685       56702       36387       59536       29742       -           -           1.939445901418868939     -           
D0           26506       207         26299       34027       69473       3818        36387       8579        3943        -           -           0.052498097895003804     -           
D5           55294       96207       58754       92261       63498       16531       36387       41717       18327       -           -           5.249467998035685054     -           
D2           54001       61912       91756       84396       94486       74027       36387       23034       23606       -           -           2.622723036516139964     -           
D17          32527       61413       70781       61462       40628       66281       36387       80448       3592        -           -           17.09716035634743875     -           
D2           78228       17266       60962       88233       78242       6155        36387       75467       8193        -           -           2.107408763578664713     -           
D46          83541       45962       37579       95333       32830       29818       36387       79735       997         -           -           46.10030090270812437     -           
D10          38992       7337        31655       39999       98502       78416       36387       19756       726         -           -           10.10606060606060606     -           
D0           50175       12628       37547       76039       40236       17537       36387       59856       24311       -           -           0.519435646415202994     -           
D8           49363       93043       55987       88181       12876       96895       36387       45328       10545       -           -           8.823423423423423423     -           
D4           30207       28042       2165        54627       42544       56823       36387       59903       5787        -           -           4.845688612407119405     -           
D122         45804       65844       79627       68437       47001       27017       36387       35410       538         -           -           122.3866171003717472     -           
D3           56252       82394       73525       89689       15967       64380       36387       90952       22815       -           -           3.611396011396011396     -           
D114         41295       33473       7822        43453       83348       96177       36387       19957       293         -           -           114.2423208191126279     -           
D4           67467       71949       95185       93768       74811       72910       36387       11028       14865       -           -           4.840161453077699293     -           
C            87174       24948       62226       95883       64023       77499       51020       62712       84          297         -           -                        -           
C            47075       81345       65397       70395       95147       32288       97275       24568       435         187         -           -                        -           
C            92153       43650       48503       93457       18229       7512        10619       68532       873         50          -           -                        -           
C            16686       28134       88219       17190       48168       79071       59781       9498        54          521         -           -                        -           
C            31838       43260       88245       32246       68188       83411       33636       97405       14          3090        -           -                        -           
C            94601       77605       16996       95151       94992       40017       29959       79717       1           77605       -           -                        -           
C            42353       86828       55192       84263       79594       53228       29959       42786       443         196         -           -                        -           
C            78410       53128       25282       80588       3518        40309       23452       56053       2           26564       -           -                        -           
C            22550       46164       76053       33824       45938       98136       67123       67840       2           23082       -           -                        -           
C            57907       6104        51803       58245       27842       39977       47866       83136       109         56          -           -                        -           
C            58941       35742       23199       59458       50568       74034       7609        72102       3           11914       -           -                        -           
C            50859       69450       81076       50911       51633       64996       9579        94167       3           23150       -           -                        -           
C            93095       31404       61691       93126       11317       37314       92226       51285       2           15702       -           -                        -           
C            5127        96236       8558        10205       88499       7558        76120       52288       49          1964        -           -                        -           
C            36984       87612       49039       37995       51793       47297       9985        2359        588         149         -           -                        -           
C            6008        2704        3304        6992        31810       78656       58765       41822       104         26          -           -                        -           
C            96999       29953       67046       97007       75642       61999       58765       21297       7           4279        -           -                        -           
C            20660       1658        19002       41319       31361       10098       58765       32448       1           1658        -           -                        -           
C            28168       66272       61563       28201       37561       21868       64050       61886       19          3488        -           -                        -           
C            28658       61350       66975       28905       44910       67677       64050       83956       6           10225       -           -                        -           
C            80600       76460       4140        81197       85132       89657       481         74085       5           15292       -           -                        -           
C            19174       1276        17898       38319       36685       43234       36711       89267       29          44          -           -                        -           
C            46471       52117       94021       51937       56521       17728       70735       85129       2743        19          -           -                        -           
C            56665       48266       8399        56667       13010       85338       70735       93634       1           48266       -           -                        -           
C            90266       46740       43526       90704       30484       24001       50651       90854       38          1230        -           -                        -           
C            55981       98888       56760       55984       71115       41384       63428       32167       1           98888       -           -                        -           
C            21734       22872       98529       25355       83151       31336       10741       60634       8           2859        -           -                        -           
C            25160       62910       61917       25547       38925       54050       12313       27194       5           12582       -           -                        -           
C            83091       74371       8720        83711       67730       22423       12313       12387       11          6761        -           -                        -           
C            29137       92436       36368       31378       27034       61046       77958       36620       4           23109       -           -                        -           
C            9186        61062       47791       9726        26956       68661       77110       81589       6           10177       -           -                        -           
C            67911       17523       50388       68265       84932       75143       77110       19709       297         59          -           -                        -           
C            6761        12225       94203       6781        55000       48306       77110       69450       1           12225       -           -                        -           
C            1377        68336       32708       1382        75583       6315        77110       30422       2           34168       -           -                        -           
C            9455        82409       26713       15327       56080       12759       76464       1162        3583        23          -           -                        -           
C            96501       20349       76152       96506       75749       11897       38674       57700       1           20349       -           -                        -           
C            83944       83692       252         85034       75247       28411       38674       43406       14          5978        -           -                        -           
C            7981        93795       13853       11694       43291       47977       19775       82667       555         169         -           -                        -           
C            20068       67496       52239       21010       4389        36974       19775       30490       286         236         -           -                        -           
C            27025       25503       1522        27073       38736       77203       15949       74666       1           25503       -           -                        -           
C            44387       37134       7253        44552       39412       53461       15949       33316       2           18567       -           -                        -           
C            44552       85631       58588       44847       46600       87817       87020       45145       7           12233       -           -                        -           
C            68809       57364       11445       70273       70168       29223       23084       61618       1           57364       -           -                        -           
C            72731       45045       27686       72751       95156       93818       89262       85583       11          4095        -           -                        -           
C            42442       50740       91369       49444       74580       64398       19221       4678        430         118         -           -                        -           
C            72825       76416       96076       74214       737         7809        73964       44325       597         128         -           -                        -           
C            87698       10868       76830       91060       35743       28294       42358       44579       286         38          -           -                        -           
C            73419       8575        64844       80093       79010       50990       53887       60455       5           1715        -           -                        -           
C            87097       6246        80851       87101       65164       7014        40138       81555       1           6246        -           -                        -           
C            97278       34944       62334       98648       20150       82637       77327       73048       8           4368        -           -                        -           
C            46340       41720       4620        87465       35269       4182        77327       24369       5215        8           -           -                        -           
C            55347       39882       15465       57653       2538        9958        37825       66696       3           13294       -           -                        -           
C            34662       31108       3554        51991       16803       60712       86587       39215       4           7777        -           -                        -           
C            43351       68227       74791       43453       35499       93601       10110       37489       1           68227       -           -                        -           
C            42399       16146       26253       63598       22098       31809       18245       48630       1           16146       -           -                        -           
C            61861       98736       62792       63625       50458       21328       18245       40775       121         816         -           -                        -           
C            73727       52045       21682       88471       65434       45637       18245       78479       7           7435        -           -                        -           
C            2396        81006       21057       2510        60214       51646       57598       94034       2           40503       -           -                        -           
C            79274       16244       63030       83678       63137       65271       40063       3852        2           8122        -           -                        -           
C            81524       69874       11650       82151       58039       93701       40063       85525       14          4991        -           -                        -           
C            64488       53550       10938       96375       54669       38615       15732       66442       714         75          -           -                        -           
C            51665       98880       52452       51728       57286       85645       15732       35654       5           19776       -           -                        -           
C            85996       62842       23154       86017       61118       35491       97338       72200       1           62842       -           -                        -           
C            16884       63536       53015       17207       582         62878       37313       33674       88          722         -           -                        -           
C            15217       17507       97377       17385       65236       35526       2495        91379       41          427         -           -                        -           
C            59282       62568       96381       60487       86950       6751        94612       75821       237         264         -           -                        -           
C            52402       89160       62909       52414       43370       76660       39050       73632       10          8916        -           -                        -           
C            34382       90134       43915       63462       2822        63524       52052       43261       5302        17          -           -                        -           
C            38330       98144       39853       76644       14383       47119       96712       25840       16          6134        -           -                        -           
C            61270       77840       83097       61525       24681       75097       69035       14678       70          1112        -           -                        -           
C            63482       87150       75999       84631       63272       93347       88897       78948       35          2490        -           -                        -           
C            17975       13075       4900        23965       15473       73755       74693       73677       5           2615        -           -                        -           
C            75221       45487       29734       75277       72279       68219       74693       2593        13          3499        -           -                        -           
C            66784       82384       84067       66805       95649       84296       44132       76925       4           20596       -           -                        -           
C            7965        32294       75338       7969        20          65182       44132       91315       1           32294       -           -                        -           
C            64069       98766       64970       65799       64193       29052       61613       59476       59          1674        -           -                        -           
C            38852       2450        36402       77634       94512       83160       28332       67282       70          35          -           -                        -           
C            53337       72510       80494       53455       87581       62908       785         73866       1           72510       -           -                        -           
C            95367       12192       83175       97236       43141       35809       56488       69188       48          254         -           -                        -           
C            66653       62350       4303        79975       81745       60829       79757       65151       43          1450        -           -                        -           
C            76278       75984       294         87168       66645       76056       61264       46979       48          1583        -           -                        -           
C            56825       87780       68712       56828       73886       12562       20054       87053       2           43890       -           -                        -           
C            74161       36968       37193       79956       3261        29457       49937       98792       4621        8           -           -                        -           
C            13527       608         12919       27050       87017       32301       49937       86856       4           152         -           -                        -           
C            33565       73136       60096       33776       69560       51284       72087       17470       16          4571        -           -                        -           
C            28623       11820       16803       42836       26970       57178       42647       64080       197         60          -           -                        -           
C            98124       39336       58788       98478       67792       43175       42647       67641       66          596         -           -                        -           
C            893         26061       74499       1783        30499       24849       8387        3272        3           8687        -           -                        -           
C            28349       37134       90882       54635       60171       51056       10630       67835       2063        18          -           -                        -           
C            96142       88116       8026        97187       67473       29720       10630       78947       2           44058       -           -                        -           
C            22416       23580       98503       29886       31249       95847       10744       11773       6           3930        -           -                        -           
C            65260       15456       49804       97848       30122       87891       79949       15790       84          184         -           -                        -           
C            40146       11616       28530       45812       88548       80884       94977       85593       484         24          -           -                        -           
C            400         58499       41568       403         40159       16442       24605       76059       1           58499       -           -                        -           
C            42650       83740       58577       47330       27295       21089       98583       64835       530         158         -           -                        -           
C            80823       43932       36891       80902       59153       10778       60141       95164       6           7322        -           -                        -           
E1           51858       12964       38894       -           71297       81811       93509       92823       -           -           -           -                        39858, 93509
C            51551       26825       24726       68493       40755       78334       93509       55306       725         37          -           -                        -           
C            49438       54252       94853       50615       73009       3763        25864       15409       4           13563       -           -                        -           
C            46129       86372       59424       69122       81796       7553        25864       1395        143         604         -           -                        -           
C            69112       59600       9512        69124       84273       89420       25864       10653       4           14900       -           -                        -           
E1           66038       16509       49529       -           71334       14782       42965       9754        -           -           -           -                        24868, 42965
C            61914       1580        60334       61918       33520       97308       48190       78913       2           790         -           -                        -           
C            7775        31200       76242       7821        55212       54778       62070       15099       1           31200       -           -                        -           
C            37577       47040       90204       40688       81557       32545       62070       58829       245         192         -           -                        -           
C            6085        80454       25298       10652       42844       59311       5930        12159       1518        53          -           -                        -           
C            49458       54024       95101       49502       81719       66068       53426       13280       2           27012       -           -                        -           
C            11761       66152       45276       11873       29068       97353       53426       62145       1           66152       -           -                        -           
C            84762       49518       35244       84828       46401       64189       2023        25944       18          2751        -           -                        -           
C            44213       59345       84535       55265       17722       75043       2023        10222       5           11869       -           -                        -           
C            13640       65585       47722       15155       68814       21614       2023        52960       5           13117       -           -                        -           
C            75987       36848       39139       77753       37111       83241       3055        78113       49          752         -           -                        -           
C            18691       32550       85808       34127       14047       49357       86539       33350       3255        10          -           -                        -           
C            59564       88288       70943       89338       2837        72507       10213       58138       16          5518        -           -                        -           
C            96289       89544       6745        99298       27911       55388       68415       47446       1           89544       -           -                        -           
C            16826       26268       90225       16921       50672       55886       68415       34264       11          2388        -           -                        -           
C            65746       56334       9412        67259       36467       88906       16316       89261       687         82          -           -                        -           
C            21136       12980       8156        21322       73229       54594       41173       76482       118         110         -           -                        -           
C            52290       53305       98652       96965       62285       85563       41173       55671       7615        7           -           -                        -           
C            51844       89167       62344       52195       95470       66266       37544       38188       247         361         -           -                        -           
C            2909        22417       80159       2973        63770       34542       23995       2687        29          773         -           -                        -           
C            93643       4333        89310       94867       36564       26593       23995       88265       619         7           -           -                        -           
C            5267        38980       65954       5312        71868       20841       55647       79459       2           19490       -           -                        -           
C            68039       14384       53655       89520       94081       91729       26366       83535       3596        4           -           -                        -           
C            11520       97512       13675       12039       82198       47428       82662       55074       102         956         -           -                        -           
C            24261       84582       39346       24800       23279       51819       76808       75562       6           14097       -           -                        -           
C            60225       47041       13184       60229       45140       88304       82305       79834       1           47041       -           -                        -           
C            70372       46258       24114       70379       62434       25653       2079        1728        1           46258       -           -                        -           
C            90182       98452       91397       92990       33192       49506       28317       40564       326         302         -           -                        -           
C            79796       19980       59816       80586       13591       78553       22493       40892       6           3330        -           -                        -           
C            39142       1720        37422       78276       36819       58732       22493       81563       8           215         -           -                        -           
C            94073       64124       29949       95118       63977       38937       22493       54459       23          2788        -           -                        -           
C            82662       27396       55266       82830       69695       81049       65044       18887       6           4566        -           -                        -           
C            36739       22288       14451       73477       80681       77421       65236       29648       1           22288       -           -                        -           
C            18295       9810        8485        20675       28923       83968       69101       29887       1635        6           -           -                        -           
C            10261       99192       10736       10351       73411       92701       97410       68597       1           99192       -           -                        -           
C            57878       33384       24494       61278       25088       65687       68225       88513       78          428         -           -                        -           
C            16678       51715       64630       17005       92613       18860       38129       68844       1           51715       -           -                        -           
C            77987       38122       39865       82089       21894       56611       60101       22763       49          778         -           -                        -           
C            80681       81862       98486       84715       38060       5017        7762        92583       1           81862       -           -                        -           
C            12043       84683       27027       12489       42702       67731       86337       5788        1           84683       -           -                        -           
C            42418       494         41924       63608       1647        71627       86337       49622       38          13          -           -                        -           
C            45264       47920       97011       67297       46348       81633       43618       43293       1198        40          -           -                        -           
C            2224        37556       64335       3532        37097       59026       43618       70147       916         41          -           -                        -           
C            35106       77238       57535       70198       31865       92713       88533       1069        14          5517        -           -                        -           
C            50843       87312       63198       55428       9698        82695       1688        37027       408         214         -           -                        -           
C            88159       19110       69049       88248       74772       93414       62789       11189       49          390         -           -                        -           
C            97210       18165       79045       97273       77098       82908       51794       73832       1           18165       -           -                        -           
C            67794       37490       30304       97942       51419       35830       54964       51853       7498        5           -           -                        -           
C            57989       50554       7435        67052       4744        62285       52003       72660       3611        14          -           -                        -           
C            81563       10480       71083       81589       47823       88175       66827       64440       1           10480       -           -                        -           
C            70245       85380       84532       87805       78227       46924       61946       65356       5           17076       -           -                        -           
C            31372       68913       62126       32365       27676       13819       25287       74335       589         117         -           -                        -           
C            13630       60348       52949       14868       45897       70091       24531       6327        12          5029        -           -                        -           
C            34499       2295        32204       43090       70772       52876       62571       95683       135         17          -           -                        -           
C            46586       59573       86680       91719       33823       75539       72662       20287       1453        41          -           -                        -           
C            63026       6423        56603       68561       80731       16097       33136       78429       2141        3           -           -                        -           
C            70056       75891       93832       70123       81819       74294       66909       44541       41          1851        -           -                        -           
C            5675        47065       58277       5690        89725       85371       66909       83011       5           9413        -           -                        -           
C            80292       56834       23458       81439       20843       49419       45108       82943       2           28417       -           -                        -           
C            52668       92701       59634       55765       38306       75302       45108       63069       19          4879        -           -                        -           
C            58334       18072       40262       58338       96616       12035       82469       92017       2           9036        -           -                        -           
C            85407       51045       34362       99434       15680       24529       8756        83557       1245        41          -           -                        -           
C            47833       14993       32840       95665       46771       95405       81555       31856       1           14993       -           -                        -           
C            94553       29264       65289       95000       69313       92519       99036       16909       236         124         -           -                        -           
C            11952       62672       48947       11981       88558       81866       99036       25501       4           15668       -           -                        -           
C            59961       30571       29390       62045       74871       60768       99036       52047       1609        19          -           -                        -           
C            63029       75658       87038       72030       85545       38501       35397       21492       22          3439        -           -                        -           
C            94084       19351       74733       94095       40651       90865       39539       14005       1           19351       -           -                        -           
C            7743        39240       68170       12216       4671        54477       44891       13643       3270        12          -           -                        -           
C            15503       55965       59205       17998       1713        25960       35463       44717       533         105         -           -                        -           
C            46140       6816        39324       51243       23350       64758       94073       6198        213         32          -           -                        -           
C            9865        8106        1759        9877        80625       43259       35180       82122       1           8106        -           -                        -           
C            19442       91428       27681       19712       84035       71000       92592       79335       2           45714       -           -                        -           
C            86025       53325       32700       86307       1934        98011       46651       10489       15          3555        -           -                        -           
C            84053       86463       97257       87840       49114       27998       56983       99062       739         117         -           -                        -           
C            36797       53620       82844       73580       66630       49872       16506       92069       14          3830        -           -                        -           
C            53664       71520       81811       60368       96260       44477       1583        46697       32          2235        -           -                        -           
C            14029       74037       39659       27391       297         71235       8966        62667       667         111         -           -                        -           
C            86899       55627       31272       93106       66930       90960       8966        50838       1           55627       -           -                        -           
C            66226       49410       16816       68985       91925       70551       8966        43120       10          4941        -           -                        -           
C            63814       7595        56219       65449       30626       58759       34748       8276        49          155         -           -                        -           
C            54255       7920        46335       56340       87788       46544       34748       12593       45          176         -           -                        -           
C            37525       62535       74657       49907       3815        34472       23889       86229       379         165         -           -                        -           
C            7866        21578       85955       7870        24929       55561       23889       54646       2           10789       -           -                        -           
C            20181       56639       63209       35213       23567       52438       65332       52016       5149        11          -           -                        -           
C            88577       44625       43952       93491       77544       5902        64938       14063       125         357         -           -                        -           
C            56147       41678       14469       56763       55782       42341       64938       50029       91          458         -           -                        -           
C            20371       69252       50786       20401       77816       17692       38862       55972       1           69252       -           -                        -           
C            15953       75610       40010       31904       40708       38900       86656       34734       2           37805       -           -                        -           
C            83927       45542       38385       83942       1248        38241       16047       68877       2           22771       -           -                        -           
C            45285       9867        35418       45429       32367       10939       16047       56425       69          143         -           -                        -           
C            78721       47620       31101       78761       22407       71599       70496       50852       1           47620       -           -                        -           
C            67105       57190       9915        67318       90067       7821        38851       91044       10          5719        -           -                        -           
C            82066       55952       26114       82512       10591       89502       80942       46371       2           27976       -           -                        -           
C            73715       73788       99594       74624       21261       48133       83998       27202       86          858         -           -                        -           
C            14360       97200       16827       14448       20643       20583       83998       64634       16          6075        -           -                        -           
C            76488       33894       42594       76625       96149       15985       35750       58748       42          807         -           -                        -           
C            52944       11440       41504       59561       66572       11165       68141       42357       8           1430        -           -                        -           
C            5928        51493       54102       6019        54312       8102        31543       61779       13          3961        -           -                        -           
C            8526        23009       85184       8867        66809       15982       89504       76204       1           23009       -           -                        -           
C            47911       15579       32332       52702       97637       10579       89504       17029       1           15579       -           -                        -           
C            79269       23346       55923       82336       19330       22856       98972       41982       2594        9           -           -                        -           
C            65240       20312       44928       65934       30022       66604       98972       69909       4           5078        -           -                        -           
C            30054       27972       2082        30240       81245       44611       23148       88607       108         259         -           -                        -           
C            42639       85860       56446       56822       78903       31610       87634       32367       90          954         -           -                        -           
C            61057       623         60434       61112       55851       35          33430       70326       7           89          -           -                        -           
C            98821       1180        97641       99593       80720       1657        96005       5902        5           236         -           -                        -           
C            41674       89677       51664       42153       31482       99051       21660       17950       1           89677       -           -                        -           
C            58900       60830       97737       61061       18328       55476       74400       59288       553         110         -           -                        -           
C            33751       69355       64063       33988       91009       17862       74400       60301       97          715         -           -                        -           
C            34926       28900       6026        36052       8355        48126       83965       61259       20          1445        -           -                        -           
C            8290        88768       19189       9661        52124       46237       10729       7436        64          1387        -           -                        -           
C            63847       42135       21712       64655       11896       64107       94691       87430       15          2809        -           -                        -           
C            84363       12190       72173       86551       77764       95504       90079       45435       1219        10          -           -                        -           
C            95195       23894       71301       98562       65943       35432       28145       28826       919         26          -           -                        -           
C            53042       52170       872         66295       60586       17131       72039       29898       30          1739        -           -                        -           
C            10756       48352       62071       11114       33890       9023        25650       13159       16          3022        -           -                        -           
C            30554       85656       44565       30640       14465       24738       36488       82220       24          3569        -           -                        -           
C            74329       95634       78362       77300       51751       51758       399         64658       54          1771        -           -                        -           
C            40340       62118       77889       43443       67863       64984       91700       7024        1           62118       -           -                        -           
C            54458       51068       3390        81670       93340       39605       87635       55457       34          1502        -           -                        -           
C            23260       14462       8798        46513       46062       14760       31929       68414       7           2066        -           -                        -           
C            2433        27168       74932       2776        44470       49020       98793       37420       32          849         -           -                        -           
C            75573       34866       40707       81180       70066       22664       31263       98484       2682        13          -           -                        -           
C            21715       9117        12598       32066       71204       90292       31263       39267       1013        9           -           -                        -           
C            92731       45892       46839       93341       82348       26058       59154       780         11          4172        -           -                        -           
C            66537       91492       74712       67178       18562       78891       59154       86635       514         178         -           -                        -           
C            79775       99331       80111       81252       89491       90374       78909       18335       17          5843        -           -                        -           
C            68397       76970       91094       85496       3456        46859       44265       96517       1           76970       -           -                        -           
C            19680       27640       91707       24590       6429        49411       44265       89424       40          691         -           -                        -           
C            2792        31536       70923       4161        37506       8028        81705       29370       54          584         -           -                        -           
C            21962       96534       25095       21998       26916       29187       91523       9757        2           48267       -           -                        -           
C            78799       84885       93581       93427       71296       1834        91523       96281       5659        15          -           -                        -           
C            60063       78258       81472       60203       56012       8398        30127       42575       3           26086       -           -                        -           
C            72646       76146       96167       73100       93719       13862       45493       74218       6           12691       -           -                        -           
C            36506       84216       51957       36551       22344       19249       91320       70231       11          7656        -           -                        -           
C            13533       47277       65923       13979       15894       39889       91320       63607       153         309         -           -                        -           
C            15183       45687       69163       15298       65814       94691       41117       35696       3           15229       -           -                        -           
C            76830       59948       16882       83812       6228        50071       13911       70167       28          2141        -           -                        -           
C            90255       4422        85833       90669       80778       9229        82704       93182       3           1474        -           -                        -           
C            63996       22536       41460       64324       5374        828         48547       28862       36          626         -           -                        -           
C            70943       61560       9383        71076       90273       69040       90789       58686       54          1140        -           -                        -           
C            4630        61859       42438       6171        7584        43408       63383       8616        7           8837        -           -                        -           
C            77342       51534       25808       96646       72142       3574        25030       86999       126         409         -           -                        -           
C            65450       59968       5482        67874       1393        17435       72237       48696       2           29984       -           -                        -           
C            10255       22460       87462       11280       57970       75580       96367       75563       5           4492        -           -                        -           
C            20428       44520       75575       30612       89678       21868       40170       37781       60          742         -           -                        -           
C            85477       5313        80164       85673       18479       50035       69149       34740       21          253         -           -                        -           
C            75879       31830       44049       75885       49523       73904       56233       42268       3           10610       -           -                        -           
C            42545       3855        38690       42723       5098        69744       56947       71926       3           1285        -           -                        -           
C            96728       14110       82618       96827       37791       34264       96447       51560       5           2822        -           -                        -           
E1           9154        2288        6866        -           66817       30845       62319       93338       -           -           -           -                        43458, 62319
C            63578       94720       68525       63740       71312       84814       62319       46447       74          1280        -           -                        -           
C            61986       55877       6109        74369       62089       65464       60187       36263       71          787         -           -                        -           
C            61994       85080       76581       92981       47278       75099       50467       31577       20          4254        -           -                        -           
C            69695       25623       44072       78363       17804       59696       91050       95274       351         73          -           -                        -           
C            73219       93462       79424       73307       37305       31111       79280       78614       3           31154       -           -                        -           
C            25416       86640       38443       25692       84213       75300       97888       30809       24          3610        -           -                        -           
C            60875       26541       34334       68481       383         63414       97888       54717       27          983         -           -                        -           
C            96590       6674        89916       96626       64580       3369        51975       37376       2           3337        -           -                        -           
C            50469       87588       62548       75702       47980       54081       83973       44530       3           29196       -           -                        -           
C            40988       4076        36912       40991       76026       26360       83973       45784       2           2038        -           -                        -           
C            32673       60122       72218       32723       21618       69300       41970       96922       23          2614        -           -                        -           
C            82427       34562       47865       85861       63034       18414       27808       5620        11          3142        -           -                        -           
C            30463       94557       35573       40373       30016       33714       56336       69869       733         129         -           -                        -           
C            34912       57960       76619       43631       526         94255       62496       2005        36          1610        -           -                        -           
C            24979       54839       69807       25117       89830       85875       60807       33389       1           54839       -           -                        -           
C            43380       60415       82632       45205       6257        73296       60807       80562       1405        43          -           -                        -           
C            5651        81225       24093       5733        8334        30891       96071       93757       75          1083        -           -                        -           
C            41142       59920       80889       61606       60537       73400       88109       80053       214         280         -           -                        -           
C            36277       74665       61279       72009       46584       90060       88109       10436       545         137         -           -                        -           
C            33567       72297       60937       40263       24210       55294       46508       98225       87          831         -           -                        -           
C            54505       6237        48268       61308       67997       51339       69170       19137       81          77          -           -                        -           
C            13395       87276       25786       13399       71462       47075       7555        72907       3           29092       -           -                        -           
C            45647       82485       62829       48478       27868       97902       7555        9906        351         235         -           -                        -           
C            56731       39725       17006       57383       76917       99222       7555        23765       7           5675        -           -                        -           
C            30905       52195       78377       30965       79251       91342       98745       71472       5           10439       -           -                        -           
C            52279       9275        43004       60948       53742       62325       15111       50620       265         35          -           -                        -           
C            70559       82402       87824       72992       42922       14482       36873       6982        2           41201       -           -                        -           
C            26715       65175       61207       27160       40175       56551       36873       94769       15          4345        -           -                        -           
C            47320       75755       71232       79489       98846       73834       63408       46767       15151       5           -           -                        -           
C            77318       88920       88065       82800       11781       18509       73529       2977        570         156         -           -                        -           
C            45106       12924       32182       45159       77125       24099       42758       70724       3           4308        -           -                        -           
C            84659       40932       43727       95241       1505        75691       36699       44331       3           13644       -           -                        -           
C            27809       99663       27813       28665       77294       98160       36699       46508       417         239         -           -                        -           
C            17179       64628       52218       17372       68696       49915       36699       2862        2           32314       -           -                        -           
C            14564       92380       21851       21691       88151       77414       67795       71064       310         298         -           -                        -           
C            48887       86082       62472       97772       65833       65452       77120       76334       2           43041       -           -                        -           
C            98153       5335        92818       98165       93754       90127       83025       13315       5           1067        -           -                        -           
C            52831       68571       83927       65996       50237       97484       83025       42408       171         401         -           -                        -           
C            93604       6304        87300       93844       70480       77478       87128       20205       4           1576        -           -                        -           
C            13249       35014       77902       14446       72632       58443       84605       56116       82          427         -           -                        -           
C            50633       42964       7669        53420       76906       28828       84605       77784       467         92          -           -                        -           
C            66299       52199       14100       99445       22383       98251       84605       60881       7           7457        -           -                        -           
C            73012       9952        63060       81124       5398        96137       67592       66028       4           2488        -           -                        -           
C            23113       6426        16687       23769       2621        38910       1134        83128       153         42          -           -                        -           
C            84500       94695       89472       84805       49554       80286       34845       95584       15          6313        -           -                        -           
C            92083       19119       72964       92091       21233       68034       92680       29878       3           6373        -           -                        -           
C            63038       57270       5768        64888       97581       73453       92680       74030       138         415         -           -                        -           
C            2547        34055       68159       3796        38696       12868       23001       36150       49          695         -           -                        -           
C            44770       57495       86942       89537       32311       24217       74229       32418       3           19165       -           -                        -           
C            47696       29796       17900       60284       26865       15020       74229       17575       9932        3           -           -                        -           
C            7632        99000       8299        11403       9815        67793       32253       3158        90          1100        -           -                        -           
C            97298       26208       71090       98603       42083       12088       19139       22237       728         36          -           -                        -           
C            58175       40810       17365       59747       21675       31887       93251       78379       11          3710        -           -                        -           
C            66733       30752       35981       69204       86140       43584       75051       51979       16          1922        -           -                        -           
C            48845       17780       31065       49124       88210       20291       66393       25174       20          889         -           -                        -           
C            16770       22048       94389       16874       27046       46676       11901       67438       26          848         -           -                        -           
C            32885       27804       5081        32888       33756       49864       6766        71394       2           13902       -           -                        -           
C            49325       54138       94854       49546       40706       28800       56115       49803       42          1289        -           -                        -           
C            52433       70873       81227       52449       40098       24109       9785        7635        1           70873       -           -                        -           
C            39192       6370        32822       58787       98561       6345        59777       26488       2           3185        -           -                        -           
C            79322       32990       46332       86533       56076       77624       59075       96998       1           32990       -           -                        -           
C            37724       84500       52891       39416       54427       84086       49032       65870       500         169         -           -                        -           
C            24863       11024       13839       49518       6447        23707       6129        85075       208         53          -           -                        -           
C            23251       16984       6267        23286       97832       61254       45169       19381       11          1544        -           -                        -           
C            80180       14570       65610       93465       49138       85274       73720       8004        470         31          -           -                        -           
C            36744       36312       432         36781       21828       33119       73720       4659        3           12104       -           -                        -           
A            38717       8693        30024       68741       93687       48372       32267       35982       8693        1           -           -                        32267       
C            50436       45793       4643        50567       2532        3602        32267       52174       1           45793       -           -                        -           
C            55234       82964       71937       60756       40045       9066        66468       56731       14          5926        -           -                        -           
C            11433       4272        7161        15236       47409       34463       8703        83818       24          178         -           -                        -           
C            85051       3354        81697       88452       80432       29924       56504       10451       26          129         -           -                        -           
C            92260       55944       36316       93458       69242       2860        14785       58167       14          3996        -           -                        -           
C            5854        60016       45505       6829        74721       84952       3321        57578       4           15004       -           -                        -           
C            84112       98480       85299       93456       1100        12045       3321        78011       16          6155        -           -                        -           
C            34300       62237       71730       34461       99138       86225       3321        59984       7           8891        -           -                        -           
C            72990       4600        68390       80279       25600       17768       32423       64628       100         46          -           -                        -           
C            74862       79030       95499       76223       93583       6360        61337       43792       7           11290       -           -                        -           
C            50855       83898       66624       59321       9352        44735       11967       71221       59          1422        -           -                        -           
C            4055        80293       23429       8087        8762        39597       34421       5162        23          3491        -           -                        -           
C            87598       86180       1418        97331       70659       45848       34421       71174       1           86180       -           -                        -           
C            14151       50463       63355       15328       35507       34150       19026       86849       27          1869        -           -                        -           
C            33538       3432        30106       36891       27336       98848       40312       52590       8           429         -           -                        -           
C            21259       88881       32045       21681       59515       73521       57161       15554       159         559         -           -                        -           
C            8471        32526       75612       8478        52202       65270       41345       58905       1           32526       -           -                        -           
C            76168       88133       87702       79795       51551       45165       72416       58865       1           88133       -           -                        -           
C            78015       63837       14178       78147       66713       2396        72416       43819       3           21279       -           -                        -           
C            28259       37859       90067       30017       68886       12355       50967       87993       131         289         -           -                        -           
C            46188       9690        36498       61414       89359       87923       80145       21406       510         19          -           -                        -           
C            35518       51236       83949       37491       57380       13179       80145       40493       4           12809       -           -                        -           
C            341         39665       60343       348         84774       38353       31630       51708       5           7933        -           -                        -           
C            72435       25518       46917       90543       99633       58896       54474       10975       3           8506        -           -                        -           
C            49405       96176       52896       49408       78755       76864       95016       52536       1           96176       -           -                        -           
C            13377       745         12632       19991       69021       34554       96869       46178       149         5           -           -                        -           
C            47942       47148       794         48647       85298       60016       90750       36634       2           23574       -           -                        -           
C            37222       48272       88617       38131       50528       49422       8077        23892       862         56          -           -                        -           
C            44869       68820       75716       67226       28540       87314       91294       16276       155         444         -           -                        -           
C            70730       8405        62325       70947       54499       84910       97488       96646       205         41          -           -                        -           
C            69067       41569       27498       72904       18213       44751       39836       19221       1           41569       -           -                        -           
C            62721       53611       9110        64513       47511       11516       39836       16091       1           53611       -           -                        -           
C            81708       95874       85501       81723       41071       39448       28653       63793       3           31958       -           -                        -           
A            73008       4806        68202       84375       86813       83866       92831       94270       4806        1           -           -                        92831       
C            58380       65365       92682       59035       93811       34727       79916       13996       85          769         -           -                        -           
C            29650       39042       90275       44466       6662        63170       17956       69303       18          2169        -           -                        -           
C            6782        36675       69774       12749       53382       93351       92541       22803       815         45          -           -                        -           
C            72631       8804        63827       73624       26693       1332        37918       26335       142         62          -           -                        -           
C            26523       80520       45670       27912       1854        47752       87503       45200       132         610         -           -                        -           
C            90824       48700       42124       91307       4709        83495       64756       31737       20          2435        -           -                        -           
C            57957       79674       77950       86925       86904       65355       64756       81247       21          3794        -           -                        -           
C            43787       62984       80470       61744       96284       92637       3247        10882       7873        8           -           -                        -           
C            54330       6550        47780       54350       42448       70605       52169       55821       10          655         -           -                        -           
C            45758       5148        40610       46149       79348       37669       39465       15495       11          468         -           -                        -           
C            23919       75390       48196       27335       46802       254         6105        86968       7           10770       -           -                        -           
C            73034       67872       5162        73104       3702        12781       49200       35556       24          2828        -           -                        -           
C            33588       63360       69895       37288       39833       72615       7368        57100       288         220         -           -                        -           
C            22454       3808        18646       26159       14925       23027       13150       24715       224         17          -           -                        -           
C            73716       53016       20700       73878       27712       22035       13150       65804       6           8836        -           -                        -           
C            66103       8775        57328       66133       89093       95127       13150       29756       13          675         -           -                        -           
C            30831       92400       38098       31530       30342       44661       76754       29507       75          1232        -           -                        -           
C            69850       86349       83168       71319       10003       60447       8498        39445       807         107         -           -                        -           
C            40523       36105       4418        81017       77501       32195       8498        44688       29          1245        -           -                        -           
C            49290       71567       77390       49831       97254       11338       72940       64694       59          1213        -           -                        -           
C            24413       35927       88153       30516       33183       85377       23207       60745       1           35927       -           -                        -           
C            60949       74550       86066       61061       28759       85429       91735       43676       21          3550        -           -                        -           
C            7664        75600       31731       15128       24621       46286       91735       16847       200         378         -           -                        -           
C            24021       61341       62347       29804       92717       5187        18823       74892       889         69          -           -                        -           
C            85177       43984       41193       86113       20275       83872       85189       69919       1           43984       -           -                        -           
C            36333       35586       747         37505       59701       74975       85189       79616       1           35586       -           -                        -           
C            6424        70580       35511       8564        1116        55021       97782       43288       4           17645       -           -                        -           
C            19717       54602       64782       19803       65828       14891       97851       11656       23          2374        -           -                        -           
C            86356       63898       22458       86659       2048        98882       55215       65535       1           63898       -           -                        -           
C            39506       94112       45061       40776       33116       26486       55215       20673       136         692         -           -                        -           
C            32358       56127       75898       42791       94835       38872       21435       21213       1059        53          -           -                        -           
C            23239       96280       26626       23820       85765       10279       21435       710         580         166         -           -                        -           
C            666         7022        93311       1331        54766       17418       8867        9074        1           7022        -           -                        -           
C            36240       1675        34565       36271       47655       3895        8867        22943       1           1675        -           -                        -           
C            65634       31040       34594       66212       52185       18974       32781       10906       320         97          -           -                        -           
C            83722       94212       89177       83727       49444       2088        32781       42107       2           47106       -           -                        -           
C            62457       57303       5154        70263       18216       97061       60752       92333       9           6367        -           -                        -           
C            1607        17875       83399       2141        75813       47151       60752       77434       5           3575        -           -                        -           
C            98407       36800       61607       98495       98863       60000       80324       79787       23          1600        -           -                        -           
C            20457       34384       85740       24547       58150       21269       80324       26735       7           4912        -           -                        -           
C            64988       74546       90109       69987       8422        52682       14209       12198       1           74546       -           -                        -           
C            38474       94448       43693       38498       31246       89780       36041       81935       2           47224       -           -                        -           
C            44393       92394       51666       44968       32149       68425       36041       66957       118         783         -           -                        -           
C            39994       97066       42595       44993       83317       77896       33131       2725        2           48533       -           -                        -           
C            69598       66810       2788        70685       6180        23638       13393       61456       30          2227        -           -                        -           
C            36181       23688       12493       72354       98678       77524       13393       61953       8           2961        -           -                        -           
C            24991       18928       6063        25990       31145       38722       76705       6388        16          1183        -           -                        -           
C            67820       18252       49568       84268       43405       16204       29749       12191       2028        9           -           -                        -           
C            36445       80278       55834       41911       43935       81842       29749       85198       3649        22          -           -                        -           
C            82216       28016       54200       84324       26847       21175       4595        56838       4           7004        -           -                        -           
C            91846       31650       60196       91891       83967       13154       61424       94269       1           31650       -           -                        -           
C            86059       95266       90460       90839       82894       84325       61424       93125       19          5014        -           -                        -           
C            24478       14223       10255       48923       69006       45689       43993       6452        33          431         -           -                        -           
C            37479       78036       59110       37826       54443       98886       94881       36115       3           26012       -           -                        -           
C            16200       47220       68647       16242       83058       15163       2629        67794       30          1574        -           -                        -           
C            93758       29700       64058       94417       53884       55264       38519       60403       180         165         -           -                        -           
C            82514       89118       93063       85359       75003       96160       47402       12774       9           9902        -           -                        -           
C            39487       78780       60374       39512       5710        22768       98842       42429       12          6565        -           -                        -           
C            93465       63925       29540       93485       90135       1820        85960       22066       5           12785       -           -                        -           
C            21498       29988       91177       25750       74023       45464       39566       35351       238         126         -           -                        -           
C            68799       71980       96486       71018       10180       10052       39566       48372       10          7198        -           -                        -           
C            32914       70146       62435       39486       21271       77492       62907       52777       54          1299        -           -                        -           
C            44087       40482       3605        85060       91131       11526       47794       89831       3114        13          -           -                        -           
A            63482       8010        55472       77350       81605       84157       12332       51803       8010        1           -           -                        12332       
C            46254       50464       95457       91844       69907       86308       26119       42973       664         76          -           -                        -           
C            55041       63420       91288       61789       21316       88322       77974       8307        1057        60          -           -                        -           
C            36696       31250       5446        38854       59496       88072       77974       6450        10          3125        -           -                        -           
C            64311       5603        58708       96460       3400        41654       95374       70091       13          431         -           -                        -           
C            51007       87312       63362       51702       5172        21169       3194        21754       272         321         -           -                        -           
C            72344       44821       27523       72399       85864       86058       3194        46599       19          2359        -           -                        -           
C            48201       92412       55456       56008       30051       90263       80488       15077       1359        68          -           -                        -           
C            57015       21634       35381       57017       81288       40419       80488       95962       1           21634       -           -                        -           
C            90398       24605       65793       94671       54595       79226       98909       71006       665         37          -           -                        -           
C            70935       45654       25281       73223       42683       80575       10162       50193       7           6522        -           -                        -           
C            35544       72192       63019       44414       85744       16225       9054        46403       64          1128        -           -                        -           
C            39325       7794        31531       39441       91797       28654       97536       43969       1           7794        -           -                        -           
C            71635       54225       17410       71790       68892       28238       50418       66227       25          2169        -           -                        -           
C            53161       93473       59355       53867       92018       6078        55478       28250       211         443         -           -                        -           
C            25715       83014       42368       25741       74693       25664       18159       40767       1           83014       -           -                        -           
C            12577       31022       81222       12580       93948       31733       18159       67177       1           31022       -           -                        -           
C            37849       45729       91787       42580       86728       21426       27854       30777       1           45729       -           -                        -           
C            27669       6837        20832       28979       2800        16491       91080       60123       159         43          -           -                        -           
C            26130       26561       99236       26147       77768       727         65693       44719       1           26561       -           -                        -           
C            8884        41580       66971       8900        12583       22464       65693       11330       4           10395       -           -                        -           
C            49852       1380        48472       74777       74471       3569        86204       23908       2           690         -           -                        -           
C            38460       61904       76223       38897       12860       11233       66080       59123       4           15476       -           -                        -           
C            14586       11990       2596        16382       66188       60513       98666       71144       218         55          -           -                        -           
C            92866       81764       11102       99057       69319       58057       4013        97326       1           81764       -           -                        -           
C            11987       51552       60102       23956       52883       93318       4013        58013       18          2864        -           -                        -           
C            1321        9771        91217       1323        84650       16579       98262       23003       1           9771        -           -                        -           
C            46065       44793       1272        47271       61606       96492       43645       16119       237         189         -           -                        -           
C            20938       24856       95749       27916       55132       43937       11123       92646       4           6214        -           -                        -           
C            89025       83101       5924        89132       76468       42872       11123       1702        1           83101       -           -                        -           
C            34957       25874       9083        36620       88066       22798       48198       77465       34          761         -           -                        -           
C            30442       99552       30557       30448       695         44643       33731       78873       4           24888       -           -                        -           
C            71206       7935        63271       79105       51528       429         47630       77762       115         69          -           -                        -           
C            93453       89633       3820        93514       85070       59492       82604       46608       1           89633       -           -                        -           
C            58425       95847       62245       59297       1567        9642        89068       79693       1           95847       -           -                        -           
C            50800       28041       22759       50803       88227       36665       68320       66933       1           28041       -           -                        -           
C            71805       35184       36621       71811       86371       26508       46108       68361       3           11728       -           -                        -           
C            38856       73454       65069       77674       22018       59782       50867       54712       38          1933        -           -                        -           
C            79189       69845       9344        84829       55777       29444       430         89458       229         305         -           -                        -           
C            97486       48411       49075       98491       63948       33347       56693       45210       1           48411       -           -                        -           
C            80838       68856       11982       83363       54988       83441       56693       59626       38          1812        -           -                        -           
C            84772       52595       32177       84851       80647       78875       76824       43726       5           10519       -           -                        -           
C            19622       55200       64089       29133       74611       18579       56500       64915       600         92          -           -                        -           
C            57231       46716       10515       58143       77172       82159       65443       96754       687         68          -           -                        -           
C            32358       95772       36253       64693       27436       94965       65443       35822       23          4164        -           -                        -           
C            69362       58904       10458       77068       37237       10446       58443       18154       8           7363        -           -                        -           
C            67988       21732       46256       67997       28316       47988       8262        60091       2           10866       -           -                        -           
C            81049       87155       93561       91180       65449       87897       62777       60707       1           87155       -           -                        -           
C            68034       17766       50268       71088       23328       32200       62777       3000        846         21          -           -                        -           
C            43338       62900       80105       47657       47202       48272       62777       50141       148         425         -           -                        -           
C            25335       60260       64742       25559       15207       1011        42256       97613       23          2620        -           -                        -           
C            96536       66970       29566       99289       1781        34360       42256       81797       181         370         -           -                        -           
C            79013       83853       94827       98494       34511       11162       11864       25665       1089        77          -           -                        -           
C            67406       25888       41518       68412       86801       30640       20213       90679       4           6472        -           -                        -           
C            54299       64130       89836       78242       69951       7517        90337       40789       6413        10          -           -                        -           
C            63857       73226       90298       64939       1996        97852       90337       70243       19          3854        -           -                        -           
C            57023       4307        52716       57305       49333       72968       69753       91693       59          73          -           -                        -           
C            86830       56610       30220       97545       66126       95712       69753       28388       1110        51          -           -                        -           
C            73106       75816       96957       73130       51061       26245       48317       69240       2           37908       -           -                        -           
C            11714       2440        9274        12197       85638       41382       72270       33234       122         20          -           -                        -           
C            94087       59532       34555       96370       63739       45531       71714       18740       484         123         -           -                        -           
C            45085       38533       6552        50678       62349       10265       81639       99033       341         113         -           -                        -           
C            22149       22200       99616       29530       140         7330        64074       42873       6           3700        -           -                        -           
C            38595       18802       19793       42103       79232       91198       61059       3857        7           2686        -           -                        -           
C            72355       40500       31855       72477       336         66957       61059       96228       9           4500        -           -                        -           
C            60765       1809        58956       91134       30488       77800       19237       29281       27          67          -           -                        -           
C            91118       74338       16780       91161       84796       5503        25279       43934       1           74338       -           -                        -           
C            10083       36270       73480       10218       84127       24589       25279       97933       93          390         -           -                        -           
C            24209       27379       96497       24298       40411       92276       95011       22284       1           27379       -           -                        -           
C            8031        10493       97205       8048        58139       3091        95011       73418       7           1499        -           -                        -           
C            17669       16730       939         22085       71000       19295       18379       96593       5           3346        -           -                        -           
C            80387       34080       46307       80516       3470        64419       64365       94794       20          1704        -           -                        -           
C            32498       5096        27402       32930       78709       89888       86366       97736       98          52          -           -                        -           
C            48701       64673       83695       73048       19607       94069       54653       58857       7           9239        -           -                        -           
C            45623       94858       50432       60802       46445       36984       66365       73770       86          1103        -           -                        -           
C            80378       33140       47238       80437       36091       12802       66365       81751       20          1657        -           -                        -           
C            55634       90792       64509       60270       81680       81694       74348       35563       2           45396       -           -                        -           
C            59887       55104       4783        67880       81021       39102       74348       52733       3936        14          -           -                        -           
C            59047       74368       84346       63967       79404       70988       99168       38480       7           10624       -           -                        -           
C            50656       53326       96997       97210       89768       87706       99168       60264       4102        13          -           -                        -           
C            34863       34224       639         34875       78594       26749       64061       87113       3           11408       -           -                        -           
C            66281       60900       5381        66307       74241       87109       197         82080       7           8700        -           -                        -           
C            12694       2450        10244       12810       51881       89451       14101       18742       50          49          -           -                        -           
C            42394       72694       69367       63572       9902        93755       62480       7657        38          1913        -           -                        -           
C            39552       72088       67131       61082       48216       86443       93035       21152       18022       4           -           -                        -           
C            46338       49112       96893       92672       3849        72528       43042       72439       4           12278       -           -                        -           
C            98461       61929       36532       98470       13926       49404       1449        93037       1           61929       -           -                        -           
C            49156       79704       69119       49203       65627       20052       1449        99407       41          1944        -           -                        -           
C            48688       19687       29001       48691       30357       44912       58520       55450       1           19687       -           -                        -           
C            47052       99408       47311       62584       27444       85317       69329       483         456         218         -           -                        -           
C            37175       7920        29255       37933       46169       65292       80555       22069       33          240         -           -                        -           
C            15697       97047       18317       31385       66103       18383       80555       11676       9           10783       -           -                        -           
C            78642       39186       39456       84729       95142       97710       58560       15035       5598        7           -           -                        -           
C            5828        6784        98711       7073        9130        24137       25868       57181       848         8           -           -                        -           
C            94558       61579       32979       95665       16396       66489       92885       65721       463         133         -           -                        -           
C            25717       56172       69212       50830       90975       48681       5885        26550       604         93          -           -                        -           
C            52785       89250       63202       52807       81519       74978       81064       25137       7           12750       -           -                        -           
C            64031       23635       40396       66665       47183       91764       4112        86497       815         29          -           -                        -           
C            19484       12896       6588        22690       28508       50100       18469       69545       248         52          -           -                        -           
C            4018        47183       56502       8035        22434       31610       50514       32367       1           47183       -           -                        -           
C            54755       5579        49176       54762       78454       75167       50514       42196       1           5579        -           -                        -           
C            23762       46845       76584       27107       12084       30643       50514       31156       347         135         -           -                        -           
C            82677       47970       34707       82823       38487       57813       50514       55339       41          1170        -           -                        -           
C            53581       29106       24475       53625       94779       29412       31016       37308       33          882         -           -                        -           
C            43877       9394        34483       52628       83529       57791       80710       11289       122         77          -           -                        -           
C            7061        20544       86184       7260        9268        39360       67317       60310       96          214         -           -                        -           
C            89182       74436       14746       89263       30504       20035       47720       96572       1           74436       -           -                        -           
C            59429       49192       10237       61034       55261       75861       97917       98005       44          1118        -           -                        -           
C            60765       74844       85588       63007       3907        85117       77384       50095       231         324         -           -                        -           
C            2714        20475       81906       3015        37944       71          70621       7920        5           4095        -           -                        -           
C            46542       90564       55645       77990       73267       2904        32901       1854        15094       6           -           -                        -           
C            65925       86632       78960       65929       5375        87404       32901       66844       1           86632       -           -                        -           
C            17737       14351       3386        17739       42382       80297       97874       91486       1           14351       -           -                        -           
C            95644       64528       31116       96163       72914       10681       13361       26303       148         436         -           -                        -           
C            30506       46002       84171       31478       27768       83983       13361       42190       374         123         -           -                        -           
C            57229       55517       1712        57289       36071       34156       86346       10504       49          1133        -           -                        -           
C            54288       35727       18561       57907       96041       23925       98648       82313       3           11909       -           -                        -           
C            45435       85383       59719       63409       20864       91210       98648       65444       9487        9           -           -                        -           
C            54490       46600       7890        55008       71040       40541       98648       25198       100         466         -           -                        -           
C            66335       79413       86589       66657       6841        33708       95436       18762       3           26471       -           -                        -           
C            16312       47362       68617       16705       41752       81098       60253       99100       199         238         -           -                        -           
C            62080       98519       63228       62083       62914       82665       54720       66583       1           98519       -           -                        -           
C            53514       83592       69589       58332       29457       53312       54720       48329       516         162         -           -                        -           
C            26468       97248       28887       27413       90085       3232        98041       52975       8           12156       -           -                        -           
C            73719       72123       1596        77111       56980       22018       98041       94510       2487        29          -           -                        -           
C            15016       44512       70171       17518       65949       92661       43960       93813       4           11128       -           -                        -           
C            74689       29968       44721       75467       57212       16152       7080        74756       1           29968       -           -                        -           
C            4404        77790       26281       5871        58974       5349        8743        2222        3           25930       -           -                        -           
C            10147       26329       83485       10185       65906       16325       8743        1493        1           26329       -           -                        -           
C            63514       16393       47121       64029       30512       95439       52240       76923       169         97          -           -                        -           
C            14163       10270       3893        15170       95215       12399       84658       58786       65          158         -           -                        -           
C            91319       57760       33559       93722       57478       14432       84658       69427       5           11552       -           -                        -           
C            43863       19824       24039       48732       21392       35169       54606       39659       42          472         -           -                        -           
C            81065       38000       43065       84830       42763       51580       3389        59410       2000        19          -           -                        -           
C            43621       71845       71443       52345       88483       88710       3389        3478        1           71845       -           -                        -           
C            36063       80548       55182       37012       49485       44651       75457       21504       1           80548       -           -                        -           
C            57883       67392       90158       69450       19610       56368       75457       65435       48          1404        -           -                        -           
C            14916       59076       55507       18618       46384       64123       27684       81765       108         547         -           -                        -           
C            30722       8302        22420       32428       33278       33407       32597       47297       14          593         -           -                        -           
C            23441       51532       71576       46856       62578       24939       29070       84085       26          1982        -           -                        -           
C            61140       13578       47562       61593       90435       86565       29070       53006       438         31          -           -                        -           
C            37972       59800       77839       39500       18527       60237       5642        10956       1300        46          -           -                        -           
C            69018       10434       58584       69514       94325       60026       64411       75336       74          141         -           -                        -           
C            24233       21436       2797        25847       47019       41051       76882       34643       23          932         -           -                        -           
C            47470       38400       9070        70437       82939       4089        39281       42467       1536        25          -           -                        -           
C            41561       2772        38789       41871       16387       78954       19433       50451       21          132         -           -                        -           
C            17110       51810       64967       17720       51181       93763       19433       54957       30          1727        -           -                        -           
C            14855       14655       200         15135       38128       74518       69785       60005       15          977         -           -                        -           
C            26028       82824       42871       26882       13458       45355       16481       50795       408         203         -           -                        -           
C            41398       27052       14346       55196       49477       80082       3582        54720       4           6763        -           -                        -           
C            12963       2592        10371       13773       10995       22083       32493       32443       3           864         -           -                        -           
C            44654       7405        37249       47975       4164        92091       19266       73651       1481        5           -           -                        -           
C            58733       76284       82116       70477       23123       66623       14078       86192       13          5868        -           -                        -           
C            41982       65870       75779       42326       88728       76211       79704       83598       14          4705        -           -                        -           
C            23585       78595       44657       23652       34086       39071       79704       1245        1           78595       -           -                        -           
C            13748       74600       38815       16812       80530       43372       8267        20818       1492        50          -           -                        -           
C            55595       24800       30795       56365       22795       39091       8267        57825       155         160         -           -                        -           
C            34530       6909        27621       34687       50519       21278       51308       14404       147         47          -           -                        -           
C            48556       89920       58303       50422       41398       91863       704         80563       40          2248        -           -                        -           
C            95355       90855       4500        96944       72712       95622       61124       66885       15          6057        -           -                        -           
C            71637       2628        69009       71700       67134       35961       4521        58416       6           438         -           -                        -           
C            39902       75746       63823       39952       65498       26910       51665       43226       2           37873       -           -                        -           
C            34324       69084       64907       38708       69904       39175       7669        80979       3636        19          -           -                        -           
C            65496       35988       29508       65791       89958       1841        17087       88320       6           5998        -           -                        -           
C            3653        7238        96082       7305        45577       85101       17087       66802       1           7238        -           -                        -           
C            25524       85632       39559       29777       58920       64735       11907       17499       6           14272       -           -                        -           
C            70657       53815       16842       70753       30454       7919        11907       91667       1           53815       -           -                        -           
C            63931       44604       19327       74586       51443       325         13642       45542       1           44604       -           -                        -           
C            31000       93330       37337       32145       47349       22191       72872       90102       85          1098        -           -                        -           
C            28062       83530       44199       47771       48993       7058        72872       17747       8353        10          -           -                        -           
C            47999       84422       63244       95556       64466       26346       55066       84681       442         191         -           -                        -           
C            50258       32910       17348       51990       72408       41402       55066       91483       30          1097        -           -                        -           
C            38342       190         38152       38384       97030       26140       50800       30312       38          5           -           -                        -           
C            69242       12243       56999       69387       89011       33300       65084       95485       77          159         -           -                        -           
C            13199       62868       49998       13239       933         43278       80123       4554        39          1612        -           -                        -           
C            16367       74182       41852       23911       74266       76669       76239       77903       1279        58          -           -                        -           
C            29795       42857       86605       31213       14100       22346       30749       80083       17          2521        -           -                        -           
C            22666       6226        16440       22717       13285       34767       30749       28824       22          283         -           -                        -           
C            94271       74105       20166       94276       83400       58047       50339       63201       1           74105       -           -                        -           
C            40261       45730       94198       40266       93938       80245       52957       2358        1           45730       -           -                        -           
C            28230       36096       91801       41593       50679       91111       52957       94523       1504        24          -           -                        -           
C            41523       47763       93427       43317       50845       95128       7414        21232       261         183         -           -                        -           
C            47084       77384       69367       54930       25956       5831        7414        19279       8           9673        -           -                        -           
C            325         42300       57692       356         68810       26799       37262       65470       15          2820        -           -                        -           
C            64117       76274       87510       67679       59101       33002       24399       83764       1           76274       -           -                        -           
C            36151       99495       36323       36523       931         87288       24399       76115       67          1485        -           -                        -           
C            3006        32208       70465       4387        58341       721         45595       95055       244         132         -           -                        -           
C            37172       37477       99362       70937       23588       15117       48308       96901       3407        11          -           -                        -           
C            72519       57180       15339       96687       40390       72992       36661       18854       15          3812        -           -                        -           
C            47927       94395       53199       94769       25946       68191       36661       99444       1085        87          -           -                        -           
C            26077       63063       62681       26131       56704       77280       90457       68654       49          1287        -           -                        -           
C            34421       9           34412       36142       9229        11516       90457       16091       1           9           -           -                        -           
C            57862       19734       38128       59176       52696       79998       90457       66527       46          429         -           -                        -           
C            90974       93640       97001       90988       26995       12117       90457       15787       2           46820       -           -                        -           
C            88200       48048       40152       89168       21844       44335       96282       61142       112         429         -           -                        -           
C            60739       62320       98086       62698       948         65880       31150       32447       10          6232        -           -                        -           
C            52201       53404       98464       57887       15289       88517       75551       91209       1027        52          -           -                        -           
C            96067       74865       21202       97283       19319       89808       20473       77451       3           24955       -           -                        -           
C            56102       86244       69525       57855       87275       3124        61531       80132       6           14374       -           -                        -           
C            91192       18750       72442       91650       93423       50585       41873       2519        50          375         -           -                        -           
C            95910       32724       63186       96811       32161       19285       41873       10612       404         81          -           -                        -           
C            45631       61131       84167       49701       21079       91863       98967       80563       861         71          -           -                        -           
C            77789       29172       48617       80394       97567       56060       98967       52952       2244        13          -           -                        -           
C            6755        453         6302        10131       79891       23873       18795       63577       3           151         -           -                        -           
C            35046       4725        30321       35163       2279        44273       25515       89698       63          75          -           -                        -           
C            23861       92255       31273       23866       19817       92612       25515       35341       1           92255       -           -                        -           
C            2852        1094        1758        2862        54659       60786       43651       97829       2           547         -           -                        -           
C            87364       36420       50944       87637       578         89645       83876       60415       4           9105        -           -                        -           
C            34617       41106       93178       38329       50952       18836       23484       72615       1209        34          -           -                        -           
C            86848       26124       60724       96014       44254       57225       23484       20779       4354        6           -           -                        -           
C            95648       74481       21167       97215       61254       56708       79014       89188       61          1221        -           -                        -           
C            84990       58720       26270       85204       2270        51759       70307       29443       32          1835        -           -                        -           
C            25339       6676        18663       33229       97007       68443       13551       7791        1669        4           -           -                        -           
C            27355       2635        24720       27449       16525       62142       13551       15199       1           2635        -           -                        -           
C            98029       77385       20644       98065       10164       39596       17186       33985       1           77385       -           -                        -           
A            95118       1209        93909       99201       4686        21269       17186       72932       1209        1           -           -                        17186       
C            54132       37563       16569       54441       59346       52676       9305        63246       57          659         -           -                        -           
C            18675       92521       25821       37349       28862       65471       75097       24566       1           92521       -           -                        -           
C            52786       15216       37570       56305       7206        31031       36804       62989       1           15216       -           -                        -           
C            57938       56802       1136        58009       81769       51189       26743       80686       2           28401       -           -                        -           
C            24039       96240       27466       47998       88773       89727       68246       44619       80          1203        -           -                        -           
C            50214       79824       70057       50256       6242        24342       879         396         24          3326        -           -                        -           
C            26601       83250       43018       28058       66458       96788       879         80994       375         222         -           -                        -           
C            24471       71493       52645       24481       20656       27123       73287       28457       1           71493       -           -                        -           
C            36712       7968        28744       40791       40689       76006       73287       51116       1           7968        -           -                        -           
C            34107       70414       63360       34264       85616       19660       84607       12245       38          1853        -           -                        -           
C            16481       63059       53089       32961       50487       61208       14219       45469       1           63059       -           -                        -           
C            67645       29358       38287       67676       48816       44551       14219       14811       3           9786        -           -                        -           
C            42379       48553       93493       43388       56850       32059       52500       87117       1           48553       -           -                        -           
C            22833       5061        17772       22835       30084       96431       21235       16449       1           5061        -           -                        -           
C            7090        30458       76299       8058        1443        420         21235       84631       314         97          -           -                        -           
C            59335       14796       44539       67811       3518        88779       87273       36494       3           4932        -           -                        -           
C            24773       50462       73978       37148       48711       37170       28577       61975       23          2194        -           -                        -           
C            29987       35142       94512       31861       85507       2412        18541       74790       3           11714       -           -                        -           
C            21037       73724       46980       42067       52829       77738       18541       41931       7           10532       -           -                        -           
C            93621       43176       50445       93738       45351       74721       79686       69874       21          2056        -           -                        -           
C            39663       13685       25978       59486       79450       32544       30909       74948       17          805         -           -                        -           
C            56629       34981       21648       56641       40376       2186        30909       14044       1           34981       -           -                        -           
C            16961       70930       45698       33921       79780       28655       80328       33319       1           70930       -           -                        -           
C            25257       54201       70723       50425       11411       40549       85249       32671       89          609         -           -                        -           
C            29721       13384       16337       57530       61190       41047       85249       28322       1912        7           -           -                        -           
C            46381       69275       76773       48700       93419       76880       73179       2940        1           69275       -           -                        -           
C            34313       10032       24281       34548       6176        80630       19916       76172       3           3344        -           -                        -           
E1           38938       29204       9734        -           43588       62796       19916       23031       -           -           -           -                        19916, 98567
C            22583       14000       8583        23656       13573       36783       76535       90056       50          280         -           -                        -           
C            60215       36363       23852       61007       2729        42862       79667       18201       23          1581        -           -                        -           
C            6891        3674        3217        7421        6700        77905       84002       48763       1           3674        -           -                        -           
C            30563       81159       49071       30723       40713       65099       84002       25207       3           27053       -           -                        -           
C            70183       58964       11219       70340       74576       7747        87792       39843       4           14741       -           -                        -           
C            75446       42456       32990       76004       38993       86577       87792       88851       116         366         -           -                        -           
C            64321       87123       76865       64522       41441       86311       42268       30914       1           87123       -           -                        -           
C            76324       18165       58159       78747       63648       7729        54479       17753       1211        15          -           -                        -           
C            66552       96278       69941       66575       64110       32174       28527       22926       13          7406        -           -                        -           
C            14372       39721       74318       16425       97512       92722       28527       75044       1           39721       -           -                        -           
C            46562       17992       28570       51820       21096       78674       79          26231       4498        4           -           -                        -           
C            49458       98423       50702       59327       76213       33649       79          12383       113         871         -           -                        -           
C            79672       74610       5062        80271       8614        95430       66948       31642       5           14922       -           -                        -           
C            51937       27971       23966       77737       46627       75709       96981       45310       337         83          -           -                        -           
C            55942       47488       8454        66452       10449       73271       85595       61432       3392        14          -           -                        -           
C            16282       90867       25082       16933       4163        7354        85595       3206        7           12981       -           -                        -           
C            25316       71529       53454       33717       55790       3143        81794       66624       113         633         -           -                        -           
C            69361       59033       10328       70721       15530       86496       81794       1743        1           59033       -           -                        -           
C            53789       14124       39665       61305       84718       86862       45239       70404       1177        12          -           -                        -           
C            41642       86706       54603       41672       82815       23347       45239       93996       2           43353       -           -                        -           
C            36711       55835       80543       55066       34190       58834       20163       1328        1           55835       -           -                        -           
C            35115       62294       72488       35152       64147       44490       82984       66673       2           31147       -           -                        -           
C            26202       25602       600         26399       52118       92131       91934       65387       1           25602       -           -                        -           
C            11274       2624        8650        12395       10809       10605       91934       56883       64          41          -           -                        -           
C            21151       16569       4582        21897       26210       75061       91934       47621       263         63          -           -                        -           
C            75902       9812        66090       76132       51374       69082       55665       80911       2           4906        -           -                        -           
C            57661       41130       16531       67271       59700       72935       31240       47931       1           41130       -           -                        -           
C            88335       68328       20007       98137       54738       65811       31240       25172       117         584         -           -                        -           
C            54041       12441       41600       54669       40657       93682       31240       61163       33          377         -           -                        -           
C            42060       60528       81199       46701       19538       5629        82089       24499       291         208         -           -                        -           
C            50245       86632       63280       50848       83528       66353       82089       36103       196         442         -           -                        -           
C            55838       65726       89779       56261       57398       67157       7126        79293       2           32863       -           -                        -           
C            55618       75900       79385       56105       46293       86533       7126        84768       100         759         -           -                        -           
C            63041       71225       91483       63245       41426       25213       19138       80958       5           14245       -           -                        -           
C            81502       56518       24984       81590       28984       89732       19138       24341       14          4037        -           -                        -           
C            39111       23144       15967       39571       17428       31610       19138       67300       11          2104        -           -                        -           
C            63253       67644       95276       63259       61316       86006       19138       11880       1           67644       -           -                        -           
C            50522       22112       28410       75779       51013       32850       46751       66055       8           2764        -           -                        -           
C            5991        93184       12474       10958       1076        62441       46751       95678       1024        91          -           -                        -           
C            76877       24360       52517       77002       45478       33300       46751       4182        2           12180       -           -                        -           
C            34202       75624       58245       34435       81939       65219       95597       18301       184         411         -           -                        -           
C            31310       38645       92332       62489       88935       7563        95597       34943       131         295         -           -                        -           
C            80197       86450       93414       80208       64613       96304       29549       52643       7           12350       -           -                        -           
C            35001       44046       90622       40833       67673       52044       85415       84719       9           4894        -           -                        -           
C            21025       26011       94681       31537       27140       73187       56150       61428       1           26011       -           -                        -           
C            64766       15686       49080       77618       29151       3196        99416       54130       506         31          -           -                        -           
C            46668       18696       27972       47565       13371       51749       76573       81354       24          779         -           -                        -           
C            74623       80997       93293       76755       53495       92216       20184       94422       3           26999       -           -                        -           
C            63904       57936       5968        63964       44112       78186       20184       71254       4           14484       -           -                        -           
C            62253       71269       90651       62449       35314       6129        63045       56880       121         589         -           -                        -           
C            43717       47500       95884       49908       44140       1663        22488       6775        380         125         -           -                        -           
C            88445       66462       21983       91493       22423       24353       26991       80846       53          1254        -           -                        -           
C            43024       9964        33060       43342       39630       75409       26991       15110       94          106         -           -                        -           
C            7804        59508       47963       8396        20683       94998       14696       33479       108         551         -           -                        -           
C            74577       32334       42243       77484       10457       12436       31825       26614       1902        17          -           -                        -           
C            27561       81681       45547       31006       3932        82185       31825       25191       1           81681       -           -                        -           
C            90753       58343       32410       90761       9768        45690       77962       62155       1           58343       -           -                        -           
C            280         28951       70996       373         88482       45436       77962       21410       1           28951       -           -                        -           
C            40107       33476       6631        42466       98519       69591       77962       74287       4           8369        -           -                        -           
C            57092       24348       32744       57422       94819       63678       43283       60930       2           12174       -           -                        -           
C            55039       16885       38154       55276       28915       39493       10608       83381       55          307         -           -                        -           
C            40734       52164       88237       41960       74620       49607       98857       2469        276         189         -           -                        -           
C            9160        36360       72467       9212        75245       37186       69853       46155       8           4545        -           -                        -           
C            32085       73104       58648       64158       3605        59348       69853       97282       12          6092        -           -                        -           
C            23869       25464       98072       45616       51049       38125       43006       23677       2122        12          -           -                        -           
C            13877       6707        7170        14046       4693        39101       43006       2826        19          353         -           -                        -           
C            44631       12257       32374       89245       33696       75868       93122       81036       17          721         -           -                        -           
C            62863       69543       92987       62868       68853       43314       90265       11244       3           23181       -           -                        -           
C            32922       85840       46749       37592       71221       52015       32506       34803       232         370         -           -                        -           
C            20583       1224        19359       21040       97949       35724       32506       20420       18          68          -           -                        -           
C            41382       45012       96037       82761       30914       76589       59909       48310       3           15004       -           -                        -           
C            2900        29022       73545       2946        77252       49013       86341       49870       2           14511       -           -                        -           
C            74694       88614       85747       74759       38636       30986       79541       87416       9           9846        -           -                        -           
C            73665       7350        66315       73792       58255       84397       79541       34671       5           1470        -           -                        -           
C            2493        9414        92746       2503        44738       33437       23803       86697       3           3138        -           -                        -           
C            28861       58980       69548       42800       77736       60609       65860       61958       983         60          -           -                        -           
C            28827       99541       28953       43225       54365       36575       63261       84227       31          3211        -           -                        -           
C            19793       18980       813         39326       19880       44431       96142       98565       260         73          -           -                        -           
C            1123        92399       8391        1684        69528       22563       35457       39455       1           92399       -           -                        -           
C            18315       49590       68392       20550       26804       71609       21112       62805       435         114         -           -                        -           
C            83091       30734       52357       83122       18696       86632       52072       2166        11          2794        -           -                        -           
C            67517       54587       12930       78716       87810       48276       7856        49396       323         169         -           -                        -           
C            52961       68375       84253       55609       43418       31163       65873       81045       1           68375       -           -                        -           
C            58050       50380       7670        58090       2370        70254       71067       79082       10          5038        -           -                        -           
C            45843       60903       84607       57153       45408       65895       77296       8015        603         101         -           -                        -           
C            2610        46243       56034       4867        58434       3396        63701       71605       353         131         -           -                        -           
C            60019       35259       24760       60022       8286        4145        63701       99563       1           35259       -           -                        -           
C            27334       44544       82457       31889       48876       30101       92703       53248       4           11136       -           -                        -           
C            16142       13520       2622        18832       95534       31586       43659       8027        2           6760        -           -                        -           
C            32963       51825       80805       34611       8182        8860        43659       77540       3           17275       -           -                        -           
C            98533       80694       17839       99604       92097       74928       43659       7257        1           80694       -           -                        -           
C            54362       85172       68857       56627       92275       8635        59668       63359       2           42586       -           -                        -           
C            40996       65966       74697       43729       20502       41970       406         40712       1           65966       -           -                        -           
C            7411        36486       70592       7874        547         88749       12499       47076       3           12162       -           -                        -           
C            33252       63624       69295       36022       59820       45109       10903       69658       12          5302        -           -                        -           
C            6973        7699        98941       7056        91490       8129        7974        43208       1           7699        -           -                        -           
C            90691       42112       48579       95464       38317       16556       77594       5825        4           10528       -           -                        -           
C            36329       16478       19851       40870       20717       63953       77594       85697       1           16478       -           -                        -           
C            27816       12600       15216       37058       54402       64093       70263       330         90          140         -           -                        -           
C            66870       92690       73847       67085       3378        91219       26284       34666       5           18538       -           -                        -           
C            86945       45753       41192       91521       38651       14992       40356       20063       1           45753       -           -                        -           
C            11721       48480       62908       23430       84217       65411       40356       42186       12          4040        -           -                        -           
C            12272       3204        9068        12885       39679       58840       6685        56981       12          267         -           -                        -           
C            49243       7032        42211       94970       98332       1422        13993       36278       3516        2           -           -                        -           
C            64983       81832       82818       74156       95685       70364       13993       31967       772         106         -           -                        -           
C            15873       93816       21724       16865       29109       19582       13919       46370       1           93816       -           -                        -           
C            36180       87758       48089       64382       66302       13055       74607       88340       7978        11          -           -                        -           
C            91810       51102       40708       92188       34342       81798       57664       30103       334         153         -           -                        -           
C            37561       88690       48538       75073       32161       79594       60538       25021       49          1810        -           -                        -           
C            34500       67422       66745       34626       93869       75217       30570       40419       102         661         -           -                        -           
C            13603       879         12724       13609       33864       52780       30570       24025       1           879         -           -                        -           
C            79975       73670       6305        93304       49941       94045       19588       19228       1           73670       -           -                        -           
C            25355       83504       41518       25364       97847       94834       96783       35659       2           41752       -           -                        -           
C            21679       9605        12074       32462       21593       76073       88243       97715       113         85          -           -                        -           
C            89101       40735       48366       89115       26469       98055       63810       97767       5           8147        -           -                        -           
C            28227       91125       36769       31671       93554       99189       63810       409         675         135         -           -                        -           
C            910         75390       25187       966         79293       8277        71733       86964       14          5385        -           -                        -           
C            90065       36010       54055       90100       94206       73041       21202       9137        10          3601        -           -                        -           
C            1918        56160       45425       2384        54397       73252       24241       8519        54          1040        -           -                        -           
C            40618       21640       18978       41746       58479       97493       42554       21468       10          2164        -           -                        -           
C            37362       96980       40049       38272       94348       58249       42554       3111        52          1865        -           -                        -           
C            43779       88452       54994       46881       28358       687         95531       33919       351         252         -           -                        -           
C            93996       95312       98351       96103       96989       13325       2521        42094       1288        74          -           -                        -           
C            83824       58729       25095       90959       9648        71361       38573       33528       5339        11          -           -                        -           
C            11701       4173        7528        12042       98640       61710       38573       76954       107         39          -           -                        -           
C            53432       66364       86735       66743       37782       36234       32441       35192       188         353         -           -                        -           
C            11611       8334        3277        22759       24853       80940       46032       71395       463         18          -           -                        -           
C            47936       87176       60427       59279       991         85345       73439       24527       2564        34          -           -                        -           
C            45249       96036       48880       46084       3053        58516       73439       82331       159         604         -           -                        -           
C            13695       69819       43543       18259       48978       67200       41628       88576       3           23273       -           -                        -           
C            55882       97008       58541       56189       70925       27063       93016       53648       8           12126       -           -                        -           
C            21177       59160       61684       21288       69857       10745       10424       79638       87          680         -           -                        -           
C            22741       40792       81616       23170       17313       4814        60219       8200        4           10198       -           -                        -           
C            63042       52947       10095       68773       59438       4433        60219       82130       1           52947       -           -                        -           
C            61661       8103        53558       92455       40165       19829       10271       52969       73          111         -           -                        -           
C            24065       32415       91317       26803       98484       12362       20237       46394       2161        15          -           -                        -           
C            38985       26100       12885       39365       46987       71467       86700       92515       225         116         -           -                        -           
C            42054       1020        41034       42061       10738       59082       86700       54855       5           204         -           -                        -           
C            22731       11426       11305       45461       67463       89957       95181       93186       1           11426       -           -                        -           
C            39117       60958       77826       39244       85162       56836       95181       85673       1           60958       -           -                        -           
C            78154       43348       34806       78162       18475       95431       93061       65850       2           21674       -           -                        -           
C            47539       71584       75622       47596       5343        4691        37709       25625       1           71584       -           -                        -           
C            86969       88168       98468       87092       1741        508         37709       59702       8           11021       -           -                        -           
C            18516       81260       36923       19939       12974       86755       86002       97046       17          4780        -           -                        -           
C            38105       45588       92184       38606       97845       16280       86002       61460       29          1572        -           -                        -           
C            81926       28298       53628       98311       578         14827       86002       57642       1           28298       -           -                        -           
C            4540        54060       50147       5442        5679        43806       34055       32758       30          1802        -           -                        -           
C            28384       64320       63731       28637       50829       51339       93745       19137       48          1340        -           -                        -           
C            44744       46920       97491       44948       52256       89544       97727       5265        68          690         -           -                        -           
C            37453       98434       38686       37459       1342        31146       13870       74935       1           98434       -           -                        -           
C            1922        22962       78627       2030        2373        14407       41974       32266       86          267         -           -                        -           
C            32967       87748       44886       33244       23812       90728       9766        35263       4           21937       -           -                        -           
C            79465       47404       32061       79708       15695       61704       23624       84512       4           11851       -           -                        -           
C            30565       75020       55212       30606       36859       94249       97540       95394       20          3751        -           -                        -           
C            33282       96824       36125       36223       34905       23418       58355       46811       931         104         -           -                        -           
C            2090        89910       11847       2177        83954       74073       44750       5519        2           44955       -           -                        -           
C            96052       9072        86980       96058       59565       90275       85599       56914       4           2268        -           -                        -           
C            49803       10992       38811       62253       62904       51655       76258       35859       3           3664        -           -                        -           
C            80324       2292        78032       81208       30106       70292       47484       81042       764         3           -           -                        -           
C            52872       87696       64843       53479       69181       39272       19487       83442       63          1392        -           -                        -           
C            27134       90228       36573       53392       8067        17600       14518       57758       876         103         -           -                        -           
C            41921       42485       99103       43231       47153       23167       14518       34638       1           42485       -           -                        -           
C            54784       68692       85759       57523       56186       70784       35143       46122       4           17173       -           -                        -           
C            83397       31482       51915       83462       90227       81773       35143       63830       2           15741       -           -                        -           
C            27108       31360       95415       28142       6771        84451       68408       37216       224         140         -           -                        -           
C            50991       58824       91834       51046       50080       35788       13024       83126       6           9804        -           -                        -           
C            9609        89790       19486       9795        46278       94156       39459       37243       123         730         -           -                        -           
C            51740       56784       94623       53688       93922       40482       9290        54846       1092        52          -           -                        -           
C            56593       53861       2732        56596       59188       24458       77904       97137       1           53861       -           -                        -           
C            60011       35926       24085       60078       28732       51015       81709       6488        46          781         -           -                        -           
C            16571       31800       84438       19758       79884       91051       81709       94577       636         50          -           -                        -           
C            48150       14250       33900       48183       40080       12661       73424       45880       3           4750        -           -                        -           
C            66854       9538        57316       89138       7562        42135       73424       63107       2           4769        -           -                        -           
C            66931       85481       81117       66971       66931       8745        75058       68351       11          7771        -           -                        -           
C            43807       19292       24515       58408       19029       53626       10718       6150        4           4823        -           -                        -           
E1           45534       34151       11383       -           45090       71343       8640        15268       -           -           -           -                        8640, 20743 
C            14281       1485        12796       28557       44687       21084       77097       60683       5           297         -           -                        -           
C            27164       20160       7004        33885       79799       5090        46571       94489       280         72          -           -                        -           
C            58424       46788       11636       71359       74707       34645       87227       87063       6684        7           -           -                        -           
C            87144       51744       35400       88302       23846       20442       26453       74859       294         176         -           -                        -           
C            28876       37568       90975       36079       87787       89907       72122       48186       64          587         -           -                        -           
C            25342       42310       82699       50683       96186       95644       19622       21433       1           42310       -           -                        -           
C            60708       37740       22968       60877       57481       18599       10926       17208       37          1020        -           -                        -           
C            32878       86812       45733       34307       12825       2948        10926       90457       11          7892        -           -                        -           
C            18194       48576       69285       18279       10170       80000       10926       62157       4           12144       -           -                        -           
C            39949       47363       92253       39952       63901       20542       90294       74650       1           47363       -           -                        -           
C            49729       81442       67954       49825       59065       60638       90294       96140       1           81442       -           -                        -           
C            26998       56890       69775       40496       2768        33429       53770       54823       2           28445       -           -                        -           
C            3205        16783       86089       4273        84074       78152       50903       1028        1           16783       -           -                        -           
C            27160       83760       43067       48736       27600       3584        17621       89270       5584        15          -           -                        -           
C            73873       72582       1291        73882       16905       35019       52343       38350       1           72582       -           -                        -           
C            29729       45875       83521       29741       62547       76637       631         44422       5           9175        -           -                        -           
C            72185       382         71803       72187       46089       38522       69944       93372       1           382         -           -                        -           
C            11173       8406        2767        11306       44788       9440        17985       7001        1           8406        -           -                        -           
C            57016       40871       16145       57025       737         76349       18175       32241       1           40871       -           -                        -           
C            5284        38881       66070       5287        6189        77525       16735       73279       1           38881       -           -                        -           
C            37037       56507       80197       38720       99420       70054       16735       10666       11          5137        -           -                        -           
C            75055       48749       26306       78549       65292       58412       10113       52904       1681        29          -           -                        -           
C            47852       37710       10142       47858       78350       87934       34891       15100       2           18855       -           -                        -           
C            59950       65670       93947       67443       11355       20071       67114       9617        6           10945       -           -                        -           
C            27381       16735       10646       27497       68647       98352       41540       86445       5           3347        -           -                        -           
C            45291       7668        37623       60387       53967       64032       61645       35121       3           2556        -           -                        -           
C            32437       65625       66479       32555       81923       24943       81526       9180        105         625         -           -                        -           
C            71853       41730       30123       97347       98114       41139       40728       42330       20865       2           -           -                        -           
C            95598       29880       65718       99138       27721       40286       78121       77873       18          1660        -           -                        -           
C            86472       74520       11952       86545       98266       32876       73258       77845       40          1863        -           -                        -           
C            65261       16170       49091       78267       24008       71038       69573       31925       231         70          -           -                        -           
C            64404       45144       19260       68614       24677       61551       54669       83162       1254        36          -           -                        -           
C            55329       48588       6741        55441       59902       75148       4402        6939        1           48588       -           -                        -           
C            1795        63372       38090       2094        45716       59836       26702       51688       1           63372       -           -                        -           
C            83531       52065       31466       91107       33634       11681       48758       21109       195         267         -           -                        -           
C            41104       54698       86073       42278       95935       59650       48758       55801       14          3907        -           -                        -           
C            14408       8078        6330        27662       49026       10889       83310       8815        1154        7           -           -                        -           
C            33349       25345       8004        33391       30590       28826       35844       17546       1           25345       -           -                        -           
C            36617       61355       74929       36684       18096       36551       43118       2950        35          1753        -           -                        -           
C            49981       45898       4083        50100       84568       30176       24650       60382       1           45898       -           -                        -           
C            60742       95802       64607       61956       99428       80225       16051       70492       42          2281        -           -                        -           
C            38529       75525       62671       76963       24941       49411       14662       89424       95          795         -           -                        -           
C            44673       60567       83773       44708       62866       60924       29080       35845       13          4659        -           -                        -           
C            10388       79350       30705       10391       33667       27443       10983       24236       2           39675       -           -                        -           
C            83991       78886       5105        84028       18450       13596       12221       40206       1           78886       -           -                        -           
C            26633       99132       27168       35510       49120       39831       12221       99109       2           49566       -           -                        -           
C            82582       11544       71038       82697       61114       55184       12982       34101       12          962         -           -                        -           
C            31816       10436       21380       63631       9080        33233       5268        29550       1           10436       -           -                        -           
C            56302       3552        52750       56368       10419       30071       62129       65718       4           888         -           -                        -           
C            33865       33932       99600       33882       22502       10676       62129       39537       1           33932       -           -                        -           
C            41009       13216       27793       54600       99143       90433       47273       28125       236         56          -           -                        -           
C            46703       3400        43303       46846       40123       29904       93996       90655       85          40          -           -                        -           
C            43082       46087       96662       57437       19369       80317       26816       42547       17          2711        -           -                        -           
C            72456       26550       45906       75333       89499       49385       48945       84236       531         50          -           -                        -           
C            59732       39352       20380       67198       21543       76501       48945       29449       4           9838        -           -                        -           
C            74805       3670        71135       79205       87899       14010       25083       71972       5           734         -           -                        -           
C            79279       44184       35095       79460       76789       50453       29656       2246        1           44184       -           -                        -           
C            72100       73216       98551       84102       5862        51021       93910       3923        88          832         -           -                        -           
C            71625       76500       94792       72950       31560       43804       41644       49078       75          1020        -           -                        -           
C            86140       87438       98369       88466       12292       2164        41644       72933       78          1121        -           -                        -           
C            37332       90350       46649       37889       44150       83150       65003       25850       13          6950        -           -                        -           
C            45997       97556       48108       47765       1592        5101        27204       11831       29          3364        -           -                        -           
C            50852       96565       53954       67751       62440       6429        37027       36818       155         623         -           -                        -           
C            55408       79835       75240       55425       35580       38112       30948       29569       5           15967       -           -                        -           
C            15191       41272       73586       17342       24045       62690       71295       42712       134         308         -           -                        -           
C            91496       95648       95515       91512       84831       86225       99309       39683       8           11956       -           -                        -           
C            40774       51625       88816       51907       14174       6072        16981       18729       7375        7           -           -                        -           
C            77299       56688       20611       77360       8394        93027       4710        12759       12          4724        -           -                        -           
C            89081       62638       26443       92954       22152       36331       79158       57620       2           31319       -           -                        -           
C            36750       11398       25352       45917       29071       77048       79158       90397       82          139         -           -                        -           
C            57420       86860       70227       68818       95386       59095       79158       72850       430         202         -           -                        -           
C            74045       36000       38045       74048       58071       89918       69054       31311       2           18000       -           -                        -           
C            95403       37065       58338       95417       63804       71009       11554       84367       7           5295        -           -                        -           
C            46046       15152       30894       92084       98279       75761       11554       77827       8           1894        -           -                        -           
C            64012       29628       34384       67021       53774       19872       49537       83702       823         36          -           -                        -           
C            86800       52806       33994       86803       70211       35677       49537       26803       1           52806       -           -                        -           
C            40603       27825       12778       40809       52472       83874       70895       98431       21          1325        -           -                        -           
C            35147       23122       12025       37350       18751       13354       70895       88150       2102        11          -           -                        -           
C            4180        70794       33053       8222        40580       30588       39129       76233       138         513         -           -                        -           
C            48891       25569       23322       49395       57286       29997       28717       61696       3           8523        -           -                        -           
C            79983       51553       28430       89773       93609       47647       41864       42948       1663        31          -           -                        -           
C            95291       66479       28812       95865       58363       16452       85976       97998       7           9497        -           -                        -           
C            58233       5586        52647       64659       64977       43689       85976       41194       399         14          -           -                        -           
C            10992       68523       42136       21231       52357       54611       10432       14680       753         91          -           -                        -           
C            25749       28755       96661       25944       48186       77540       95993       41271       9           3195        -           -                        -           
C            34548       5503        29045       34741       30768       69792       92384       32999       1           5503        -           -                        -           
C            46597       51075       95189       47109       19723       23177       85145       9705        5           10215       -           -                        -           
C            83160       44880       38280       93549       36172       19866       87014       62041       48          935         -           -                        -           
C            34753       64588       69832       36201       69295       31984       9313        8438        1           64588       -           -                        -           
C            82312       1050        81262       84226       6252        84791       84968       72407       10          105         -           -                        -           
C            8521        77915       30273       9941        76439       69249       41106       96836       1           77915       -           -                        -           
C            26119       60120       65666       29382       51607       90720       41106       61964       15          4008        -           -                        -           
C            84741       6640        78101       84997       91106       79726       67588       70375       5           1328        -           -                        -           
C            251         40848       59070       358         83825       53149       37903       80413       37          1104        -           -                        -           
C            43892       44890       98669       87114       47646       95276       11466       84611       670         67          -           -                        -           
C            58771       59556       98882       58794       95185       93383       11466       51488       6           9926        -           -                        -           
C            28920       14860       14060       28934       75594       75102       1916        53321       10          1486        -           -                        -           
C            74244       61160       13084       83522       24142       53          6181        10695       20          3058        -           -                        -           
C            44708       90782       53593       52153       93654       86481       74954       63551       38          2389        -           -                        -           
C            48053       36238       11815       48072       6702        6610        74954       56873       2           18119       -           -                        -           
C            57724       50394       7330        78187       79195       84829       16656       51905       16798       3           -           -                        -           
C            80239       63424       16815       86335       36136       25297       16656       29679       991         64          -           -                        -           
C            39826       15294       24532       40357       87301       84729       4383        56675       1           15294       -           -                        -           
C            36681       23583       13098       48907       75541       12792       4383        51171       3           7861        -           -                        -           
C            8717        37955       70429       8915        61012       5814        69340       58180       5           7591        -           -                        -           
C            12200       38208       73659       13936       8255        20249       69340       26337       48          796         -           -                        -           
C            76168       17723       58445       76171       21787       51692       43393       28217       1           17723       -           -                        -           
C            35488       46752       88403       36594       66300       40165       68366       29531       96          487         -           -                        -           
C            34865       24633       10232       43288       6880        79624       42731       47244       1173        21          -           -                        -           
C            62241       57834       4407        62451       95663       18031       40796       51213       81          714         -           -                        -           
C            67704       49023       18681       69439       73790       82910       74657       36484       39          1257        -           -                        -           
C            35770       25350       10420       35960       78603       43340       62161       2393        50          507         -           -                        -           
C            72907       85068       87506       72912       55681       66085       89610       9406        2           42534       -           -                        -           
C            66803       54162       12641       83253       85689       43011       89610       25166       1003        54          -           -                        -           
C            3477        83863       19281       5215        15289       28038       89610       52176       1           83863       -           -                        -           
C            58627       38040       20587       73046       22719       22052       94138       88403       951         40          -           -                        -           
C            45024       61056       83635       82416       75315       17088       62483       39419       7632        8           -           -                        -           
C            71093       62650       8443        71132       53068       70077       62483       66084       35          1790        -           -                        -           
C            47163       46831       332         47165       26550       67216       2001        78673       1           46831       -           -                        -           
C            87655       54335       33320       87665       33379       5861        2001        26854       5           10867       -           -                        -           
C            45878       6328        39550       46969       89235       75233       13904       7719        56          113         -           -                        -           
C            85133       13732       71401       89218       52777       44133       13904       71771       3433        4           -           -                        -           
C            29987       54737       74917       30016       12518       28920       13904       85332       1           54737       -           -                        -           
C            5223        10680       94210       5236        29300       61542       3202        16192       10          1068        -           -                        -           
C            46713       94316       52064       48134       24332       89912       3202        67164       1241        76          -           -                        -           
C            52053       49071       2982        52143       73623       26147       81902       67860       33          1487        -           -                        -           
E2           5627        78971       26323       -           10105       51713       88463       7129        -           -           -           -                        88463, 59726
C            35884       99293       36258       36853       58617       14710       32496       57853       31          3203        -           -                        -           
C            70785       2856        67929       74498       94078       23829       32496       85115       238         12          -           -                        -           
C            15667       17171       98163       15743       26897       31842       48933       4551        11          1561        -           -                        -           
C            49216       80432       68451       49257       28976       54035       96802       42159       16          5027        -           -                        -           
C            65505       91586       73586       65536       82024       30524       96802       22546       2           45793       -           -                        -           
C            16173       4242        11931       17642       84932       89831       24886       84184       14          303         -           -                        -           
C            66737       68895       97509       67194       95122       51891       82524       78929       15          4593        -           -                        -           
C            29092       97680       31079       57944       75775       5187        72690       24775       240         407         -           -                        -           
C            75794       39370       36424       79775       83386       42302       30225       90378       155         254         -           -                        -           
C            80735       75943       4792        80946       81053       63424       62764       33295       133         571         -           -                        -           
C            29971       80418       49220       30376       16270       32971       57909       34285       1           80418       -           -                        -           
C            88986       3776        85210       89500       62568       71792       57909       76219       64          59          -           -                        -           
C            26050       90292       35425       52098       93730       25676       57909       97503       2           45146       -           -                        -           
C            77653       20375       57278       78534       43524       62778       30309       36976       125         163         -           -                        -           
C            47166       86742       60091       49766       59359       53561       1078        93597       366         237         -           -                        -           
C            6269        56155       49781       6485        85905       65621       7310        64589       5           11231       -           -                        -           
C            1825        64623       36869       1844        48067       60905       37109       85892       1           64623       -           -                        -           
C            26071       82329       43409       26101       31245       89052       75696       40635       1           82329       -           -                        -           
C            86993       26461       60532       89015       92578       21189       64043       15321       47          563         -           -                        -           
C            35205       37305       97567       43995       42425       7965        64043       31798       45          829         -           -                        -           
C            20245       29160       90752       22085       62069       33440       64043       53923       5           5832        -           -                        -           
C            58216       87040       70843       58792       22106       52113       20456       76623       40          2176        -           -                        -           
C            49189       16110       33079       49212       62260       40668       18554       63985       15          1074        -           -                        -           
C            80623       15347       65276       80887       75421       10039       89213       14399       103         149         -           -                        -           
C            15798       49875       65590       31561       67206       58646       98734       14073       35          1425        -           -                        -           
C            42360       62920       79107       84590       31453       76674       98734       85286       130         484         -           -                        -           
C            56989       40991       15998       61738       82315       40927       91244       78602       1           40991       -           -                        -           
C            55355       91449       63573       55357       1958        83661       91244       8242        1           91449       -           -                        -           
C            39431       27959       11472       41220       59333       89851       6756        77805       73          383         -           -                        -           
C            83705       84835       98537       90005       23706       20567       74631       51914       1805        47          -           -                        -           
C            35706       57936       77437       70205       70719       90131       37694       76363       1207        48          -           -                        -           
C            41817       66192       75292       42360       38652       81845       10122       3096        6           11032       -           -                        -           
C            72593       1125        71468       72595       69613       30484       49649       25638       1           1125        -           -                        -           
C            25603       67774       57496       25682       86733       81356       37368       19398       7           9682        -           -                        -           
C            73820       51904       21916       73828       30715       88640       23985       40021       4           12976       -           -                        -           
C            32972       68848       63791       34049       17846       82987       23985       54389       662         104         -           -                        -           
C            75151       14713       60438       75226       50986       52558       6138        37069       1           14713       -           -                        -           
C            17314       25045       91936       18225       34345       18689       61230       49116       5           5009        -           -                        -           
C            37131       54439       82359       38932       10502       95476       28165       60278       1111        49          -           -                        -           
C            29912       35070       94509       33217       76363       57355       50030       57248       167         210         -           -                        -           
C            56994       88710       67951       57182       85869       55673       50030       34362       30          2957        -           -                        -           
C            68015       19125       48890       68499       26607       40211       90176       50604       255         75          -           -                        -           
C            57205       52341       4864        66727       47888       62645       90176       75511       73          717         -           -                        -           
C            18961       76043       42585       20823       60500       87363       53299       77216       341         223         -           -                        -           
C            86061       75415       10646       94667       88552       15289       53299       64510       1           75415       -           -                        -           
C            67650       6534        61116       69183       46529       16266       62009       33341       198         33          -           -                        -           
E2           7771        80579       26859       -           3337        6384        49080       40554       -           -           -           -                        49080, 17042
E1           82794       20698       62096       -           99141       26934       5997        36341       -           -           -           -                        81932, 5997 
E1           61630       46223       15407       -           95156       8413        81380       86113       -           -           -           -                        81380, 88322
E2           9423        81818       27272       -           9468        50666       19792       78938       -           -           -           -                        19792, 18787
E1           49338       12334       37004       -           5482        95683       16711       83452       -           -           -           -                        24443, 16711
E2           13607       28318       84956       -           50824       28885       49724       97985       -           -           -           -                        50516, 49724
E1           78830       19707       59123       -           80343       43219       68763       18448       -           -           -           -                        95082, 68763
E1           13026       3256        9770        -           9842        16916       58939       35221       -           -           -           -                        17835, 58939
E1           50030       37523       12507       -           4019        71153       21064       83929       -           -           -           -                        21064, 14250
E1           81374       20343       61031       -           27418       46095       13989       11753       -           -           -           -                        72375, 13989
E1           81410       20352       61058       -           96070       61442       55790       26345       -           -           -           -                        51654, 55790
E1           16230       12173       4057        -           26150       39696       16583       2596        -           -           -           -                        16583, 64627
E1           79314       59486       19828       -           35336       25151       33974       77753       -           -           -           -                        33974, 75323
E1           55194       41396       13798       -           17501       63298       64275       84686       -           -           -           -                        64275, 91708
E2           23843       92633       30877       -           55948       48794       18352       53724       -           -           -           -                        18352, 59015
E2           14755       85817       28605       -           89472       83954       58768       47122       -           -           -           -                        58768, 83991
E1           5334        1333        4001        -           18332       20201       86283       18882       -           -           -           -                        63227, 86283
A            74867       5183        69684       80674       63655       94279       71816       28044       5183        1           -           -                        71816       
A            53050       5482        47568       64942       94011       33716       85339       48740       5482        1           -           -                        85339       
E1           79778       59834       19944       -           11761       3632        6591        3505        -           -           -           -                        6591, 97671 
E1           23094       17321       5773        -           33691       3495        18767       2518        -           -           -           -                        18767, 54103
E1           5898        1474        4424        -           20022       68803       45062       32864       -           -           -           -                        79796, 45062
E1           78106       58580       19526       -           9378        10740       69334       74528       -           -           -           -                        69334, 49268
E1           20094       15071       5023        -           74865       275         42342       75913       -           -           -           -                        42342, 17784
A            59521       5549        53972       73014       79585       81469       88368       44900       5549        1           -           -                        88368       
A            33765       14617       19148       52913       20579       46550       69446       19320       14617       1           -           -                        69446       
E1           37626       28220       9406        -           4854        60770       99407       52447       -           -           -           -                        99407, 92494
E1           38514       28886       9628        -           66099       42309       5070        94874       -           -           -           -                        5070, 45006 
E1           42490       10622       31868       -           32850       50550       57132       20583       -           -           -           -                        76704, 57132
E2           2835        25625       76877       -           67608       63659       30303       51569       -           -           -           -                        64078, 30303
E1           30658       7664        22994       -           9511        33499       89723       33293       -           -           -           -                        61416, 89723
E1           2366        591         1775        -           20503       19473       94871       76956       -           -           -           -                        64058, 94871
A            72296       11429       60867       92585       35825       41789       93169       11582       11429       1           -           -                        93169       
A            55333       7839        47494       79080       78322       30954       5721        68835       7839        1           -           -                        5721        
A            63112       5802        57310       91767       1273        43603       16082       47685       5802        1           -           -                        16082       
E2           9795        27365       82097       -           46022       49162       48918       92848       -           -           -           -                        69859, 48918
E1           8062        6047        2015        -           15156       30989       9141        23089       -           -           -           -                        9141, 47327 
E1           76334       19083       57251       -           97030       80914       66842       8270        -           -           -           -                        72190, 66842
E1           84306       21076       63230       -           7751        42645       6157        47901       -           -           -           -                        95780, 6157 
E1           85302       63977       21325       -           77680       93914       28536       77534       -           -           -           -                        28536, 87512
A            26017       7503        18514       35274       21459       19021       37897       48963       7503        1           -           -                        37897       
A            39617       3535        36082       75699       32898       52417       1956        47313       3535        1           -           -                        1956        
E1           57418       43064       14354       -           42765       40105       2550        3667        -           -           -           -                        2550, 49486 
A            79602       10247       69355       93473       9853        11450       51718       31905       10247       1           -           -                        51718       
A            49346       11459       37887       61975       24978       17284       33226       31511       11459       1           -           -                        33226       
E2           16463       87098       29032       -           65817       51848       11089       44587       -           -           -           -                        11089, 99240
A            41425       5527        35898       47408       17406       45891       11389       65546       5527        1           -           -                        11389       
E1           61642       15410       46232       -           41191       71944       4477        69768       -           -           -           -                        82234, 4477 
E2           23727       92546       30848       -           60945       62087       58414       44830       -           -           -           -                        58414, 19220
A            55523       5319        50204       68074       65925       11760       71342       88469       5319        1           -           -                        71342       
E2           5035        26175       78527       -           41234       59520       84117       42694       -           -           -           -                        530, 84117  
A            35518       7272        28246       63764       74581       5512        22450       69297       7272        1           -           -                        22450       
A            80312       3411        76901       87303       76155       87171       13858       25438       3411        1           -           -                        13858       
E1           15694       11771       3923        -           82008       75472       63829       33581       -           -           -           -                        63829, 13984
E1           4638        3479        1159        -           19707       29556       12498       69100       -           -           -           -                        12498, 77159
E1           3962        990         2972        -           33523       99401       77310       7296        -           -           -           -                        40181, 77310
A            73541       9935        63606       94743       83885       60235       59724       58510       9935        1           -           -                        59724       
E1           99034       24758       74276       -           84705       36347       12303       92591       -           -           -           -                        39187, 12303
E1           6986        1746        5240        -           38229       45848       70265       71174       -           -           -           -                        1878, 70265 
A            68097       260         67837       77788       69621       95445       53502       43103       260         1           -           -                        53502       
A            39217       18495       20722       59939       78077       22465       22224       39769       18495       1           -           -                        22224       
E2           5863        79148       26382       -           13331       32062       13803       58112       -           -           -           -                        13803, 49728
E2           14791       28614       85844       -           11249       29965       50118       50567       -           -           -           -                        34667, 50118
E2           1275        25235       75707       -           40260       14147       77640       7415        -           -           -           -                        99230, 77640
E1           48174       36131       12043       -           22669       65560       67541       3897        -           -           -           -                        67541, 55415
E2           22923       91943       30647       -           78608       76850       57051       65814       -           -           -           -                        57051, 6397 
E2           30751       97814       32604       -           5227        12103       11067       381         -           -           -           -                        11067, 82305
E1           61282       15320       45962       -           13144       55838       57268       53808       -           -           -           -                        31945, 57268
E1           18790       14093       4697        -           85135       65554       64625       48550       -           -           -           -                        64625, 19984
E1           84706       21176       63530       -           913         60184       82581       85608       -           -           -           -                        93662, 82581
E1           4646        1161        3485        -           19275       30020       9070        90189       -           -           -           -                        57558, 9070 
E1           36966       27725       9241        -           89971       89407       85921       69063       -           -           -           -                        85921, 66785
E1           48586       12146       36440       -           5499        97543       9544        66465       -           -           -           -                        39700, 9544 
A            10982       5089        5893        16875       54464       63930       74036       56577       5089        1           -           -                        74036       
E1           35698       26774       8924        -           3796        98643       57202       42804       -           -           -           -                        57202, 44841
E1           98854       24713       74141       -           54584       33950       40146       18342       -           -           -           -                        17059, 40146
E1           83114       20778       62336       -           27114       45812       78425       82950       -           -           -           -                        28100, 78425
E1           87570       21892       65678       -           58628       46601       17083       28805       -           -           -           -                        22274, 17083
E2           31547       98411       32803       -           76575       85080       43828       98096       -           -           -           -                        43828, 30186
E1           34354       25766       8588        -           450         64533       1503        78019       -           -           -           -                        1503, 65893 
E1           44582       33437       11145       -           1010        59339       60076       86773       -           -           -           -                        60076, 12558
E1           83882       62912       20970       -           3913        34996       10717       46653       -           -           -           -                        10717, 80646
E2           25727       94046       31348       -           10259       79449       22370       36431       -           -           -           -                        22370, 14801
--------------------------------------------------------------------------------------------------------------------------------------------------------------------------------------
case         s           s_zk        s_rxk       s_zr        z           r           x           k-1         a           m1          m2          f                        x_recovered 
--------------------------------------------------------------------------------------------------------------------------------------------------------------------------------------

Statistics:

Total Key Count: 10000
Transaction Limit Per Key: 1000
Total Transaction Count: 10000000
Maximum Transaction Count: 9.867068e+19
Total Cases: 2498821
Case A Count: 23
Case B Count: 0
Case C Count: 5626
Case D Count: 2493102
Case E Count: 70
Case D0 Count: 175144
Case D1 Count: 174895
Case D2 Count: 175155
Case D3 Count: 168737
Case D4 Count: 149746
Case D5 Count: 128555
Case D6 Count: 109535
Case D7 Count: 94071
Case D8 Count: 81348
Case D9 Count: 71688
Case D10 Count: 62896
Case D11 Count: 55720
Case D12 Count: 49770
Case D13 Count: 44816
Case D14 Count: 40363
Case D15 Count: 37080
Case D16 Count: 33685
Case D17 Count: 30906
Case D18 Count: 28356
Case D19 Count: 26130
Case D20 Count: 24484
Case D21 Count: 22621
Case D22 Count: 21180
Case D23 Count: 19659
Case D24 Count: 18633
Case D25 Count: 17570
Case D26 Count: 16392
Case D27 Count: 15633
Case D28 Count: 14480
Case D29 Count: 13709
Case D30 Count: 13265
Case D31 Count: 12604
Case D32 Count: 11646
Case D33 Count: 11515
Case D34 Count: 10869
Case D35 Count: 10424
Case D36 Count: 9922
Case D37 Count: 9496
Case D38 Count: 9200
Case D39 Count: 8574
Case D40 Count: 8344
Case D41 Count: 8086
Case D42 Count: 7845
Case D43 Count: 7329
Case D44 Count: 7214
Case D45 Count: 6774
Case D46 Count: 6687
Case D47 Count: 6418
Case D48 Count: 6251
Case D49 Count: 5955
Case D50 Count: 5885
Case D51 Count: 5633
Case D52 Count: 5448
Case D53 Count: 5364
Case D54 Count: 5175
Case D55 Count: 5025
Case D56 Count: 4775
Case D57 Count: 4775
Case D58 Count: 4566
Case D59 Count: 4354
Case D60 Count: 4180
Case D61 Count: 4092
Case D62 Count: 4054
Case D63 Count: 3914
Case D64 Count: 3913
Case D65 Count: 3812
Case D66 Count: 3777
Case D67 Count: 3531
Case D68 Count: 3553
Case D69 Count: 3339
Case D70 Count: 3362
Case D71 Count: 3191
Case D72 Count: 3085
Case D73 Count: 3116
Case D74 Count: 3006
Case D75 Count: 3034
Case D76 Count: 2851
Case D77 Count: 2803
Case D78 Count: 2738
Case D79 Count: 2720
Case D80 Count: 2669
Case D81 Count: 2562
Case D82 Count: 2530
Case D83 Count: 2451
Case D84 Count: 2464
Case D85 Count: 2397
Case D86 Count: 2355
Case D87 Count: 2317
Case D88 Count: 2263
Case D89 Count: 2241
Case D90 Count: 2214
Case D91 Count: 2159
Case D92 Count: 2057
Case D93 Count: 2046
Case D94 Count: 2031
Case D95 Count: 1960
Case D96 Count: 1953
Case D97 Count: 1927
Case D98 Count: 1851
Case D99 Count: 1775
Case D100 Count: 1810
Case D101 Count: 1773
Case D102 Count: 1737
Case D103 Count: 1730
Case D104 Count: 1707
Case D105 Count: 1711
Case D106 Count: 1660
Case D107 Count: 1584
Case D108 Count: 1614
Case D109 Count: 1537
Case D110 Count: 1473
Case D111 Count: 1514
Case D112 Count: 1499
Case D113 Count: 1518
Case D114 Count: 1408
Case D115 Count: 1403
Case D116 Count: 1389
Case D117 Count: 1382
Case D118 Count: 1357
Case D119 Count: 1331
Case D120 Count: 1326
Case D121 Count: 1303
Case D122 Count: 1284
Case D123 Count: 1264
Case D124 Count: 1153
Case D125 Count: 1320
Case D126 Count: 1149
Case D127 Count: 1171
Case D128 Count: 1188
Case D129 Count: 1143
Case D130 Count: 1198
Case D131 Count: 1109
Case D132 Count: 1107
Case D133 Count: 1137
Case D134 Count: 1069
Case D135 Count: 1073
Case D136 Count: 1046
Case D137 Count: 1020
Case D138 Count: 1063
Case D139 Count: 1007
Case D140 Count: 1014
Case D141 Count: 1025
Case D142 Count: 999
Case D143 Count: 942
Case D144 Count: 933
Case D145 Count: 969
Case D146 Count: 923
Case D147 Count: 933
Case D148 Count: 966
Case D149 Count: 961
Case D150 Count: 876
Case D151 Count: 869
Case D152 Count: 889
Case D153 Count: 906
Case D154 Count: 806
Case D155 Count: 827
Case D156 Count: 862
Case D157 Count: 827
Case D158 Count: 808
Case D159 Count: 849
Case D160 Count: 807
Case D161 Count: 836
Case D162 Count: 777
Case D163 Count: 758
Case D164 Count: 725
Case D165 Count: 810
Case D166 Count: 798
Case D167 Count: 736
Case D168 Count: 708
Case D169 Count: 713
Case D170 Count: 713
Case D171 Count: 712
Case D172 Count: 714
Case D173 Count: 705
Case D174 Count: 724
Case D175 Count: 723
Case D176 Count: 635
Case D177 Count: 682
Case D178 Count: 648
Case D179 Count: 688
Case D180 Count: 626
Case D181 Count: 639
Case D182 Count: 657
Case D183 Count: 654
Case D184 Count: 622
Case D185 Count: 668
Case D186 Count: 569
Case D187 Count: 591
Case D188 Count: 611
Case D189 Count: 592
Case D190 Count: 564
Case D191 Count: 589
Case D192 Count: 577
Case D193 Count: 580
Case D194 Count: 574
Case D195 Count: 539
Case D196 Count: 583
Case D197 Count: 520
Case D198 Count: 546
Case D199 Count: 576
Case D200 Count: 509
Case D201 Count: 549
Case D202 Count: 521
Case D203 Count: 556
Case D204 Count: 521
Case D205 Count: 540
Case D206 Count: 514
Case D207 Count: 508
Case D208 Count: 509
Case D209 Count: 495
Case D210 Count: 489
Case D211 Count: 519
Case D212 Count: 491
Case D213 Count: 489
Case D214 Count: 479
Case D215 Count: 421
Case D216 Count: 469
Case D217 Count: 484
Case D218 Count: 454
Case D219 Count: 445
Case D220 Count: 452
Case D221 Count: 488
Case D222 Count: 465
Case D223 Count: 437
Case D224 Count: 461
Case D225 Count: 457
Case D226 Count: 449
Case D227 Count: 429
Case D228 Count: 426
Case D229 Count: 390
Case D230 Count: 417
Case D231 Count: 389
Case D232 Count: 394
Case D233 Count: 439
Case D234 Count: 391
Case D235 Count: 381
Case D236 Count: 419
Case D237 Count: 398
Case D238 Count: 408
Case D239 Count: 407
Case D240 Count: 413
Case D241 Count: 386
Case D242 Count: 424
Case D243 Count: 419
Case D244 Count: 379
Case D245 Count: 399
Case D246 Count: 371
Case D247 Count: 378
Case D248 Count: 397
Case D249 Count: 345
Case D250 Count: 366
Case D251 Count: 346
Case D252 Count: 395
Case D253 Count: 340
Case D254 Count: 365
Case D255 Count: 346
Case D256 Count: 397
Case D257 Count: 343
Case D258 Count: 367
Case D259 Count: 333
Case D260 Count: 352
Case D261 Count: 340
Case D262 Count: 330
Case D263 Count: 333
Case D264 Count: 326
Case D265 Count: 359
Case D266 Count: 296
Case D267 Count: 358
Case D268 Count: 313
Case D269 Count: 351
Case D270 Count: 290
Case D271 Count: 285
Case D272 Count: 328
Case D273 Count: 311
Case D274 Count: 288
Case D275 Count: 310
Case D276 Count: 308
Case D277 Count: 323
Case D278 Count: 295
Case D279 Count: 325
Case D280 Count: 278
Case D281 Count: 297
Case D282 Count: 298
Case D283 Count: 310
Case D284 Count: 296
Case D285 Count: 276
Case D286 Count: 301
Case D287 Count: 316
Case D288 Count: 290
Case D289 Count: 288
Case D290 Count: 302
Case D291 Count: 296
Case D292 Count: 295
Case D293 Count: 258
Case D294 Count: 290
Case D295 Count: 288
Case D296 Count: 237
Case D297 Count: 263
Case D298 Count: 252
Case D299 Count: 271
Case D300 Count: 259
Case D301 Count: 279
Case D302 Count: 261
Case D303 Count: 276
Case D304 Count: 260
Case D305 Count: 253
Case D306 Count: 237
Case D307 Count: 263
Case D308 Count: 272
Case D309 Count: 244
Case D310 Count: 273
Case D311 Count: 244
Case D312 Count: 253
Case D313 Count: 254
Case D314 Count: 270
Case D315 Count: 229
Case D316 Count: 269
Case D317 Count: 231
Case D318 Count: 253
Case D319 Count: 217
Case D320 Count: 192
Case D321 Count: 206
Case D322 Count: 243
Case D323 Count: 239
Case D324 Count: 232
Case D325 Count: 244
Case D326 Count: 203
Case D327 Count: 243
Case D328 Count: 230
Case D329 Count: 233
Case D330 Count: 202
Case D331 Count: 213
Case D332 Count: 199
Case D333 Count: 224
Case D334 Count: 221
Case D335 Count: 207
Case D336 Count: 242
Case D337 Count: 201
Case D338 Count: 225
Case D339 Count: 218
Case D340 Count: 209
Case D341 Count: 218
Case D342 Count: 220
Case D343 Count: 246
Case D344 Count: 197
Case D345 Count: 198
Case D346 Count: 205
Case D347 Count: 180
Case D348 Count: 200
Case D349 Count: 191
Case D350 Count: 222
Case D351 Count: 200
Case D352 Count: 214
Case D353 Count: 193
Case D354 Count: 196
Case D355 Count: 182
Case D356 Count: 176
Case D357 Count: 184
Case D358 Count: 184
Case D359 Count: 192
Case D360 Count: 161
Case D361 Count: 204
Case D362 Count: 173
Case D363 Count: 200
Case D364 Count: 194
Case D365 Count: 187
Case D366 Count: 184
Case D367 Count: 200
Case D368 Count: 169
Case D369 Count: 206
Case D370 Count: 174
Case D371 Count: 169
Case D372 Count: 172
Case D373 Count: 177
Case D374 Count: 188
Case D375 Count: 172
Case D376 Count: 199
Case D377 Count: 174
Case D378 Count: 164
Case D379 Count: 172
Case D380 Count: 151
Case D381 Count: 195
Case D382 Count: 176
Case D383 Count: 178
Case D384 Count: 170
Case D385 Count: 170
Case D386 Count: 160
Case D387 Count: 163
Case D388 Count: 167
Case D389 Count: 148
Case D390 Count: 154
Case D391 Count: 149
Case D392 Count: 167
Case D393 Count: 167
Case D394 Count: 175
Case D395 Count: 179
Case D396 Count: 164
Case D397 Count: 153
Case D398 Count: 139
Case D399 Count: 176
Case D400 Count: 155
Case D401 Count: 171
Case D402 Count: 150
Case D403 Count: 137
Case D404 Count: 155
Case D405 Count: 143
Case D406 Count: 145
Case D407 Count: 125
Case D408 Count: 159
Case D409 Count: 139
Case D410 Count: 149
Case D411 Count: 157
Case D412 Count: 147
Case D413 Count: 133
Case D414 Count: 140
Case D415 Count: 145
Case D416 Count: 152
Case D417 Count: 148
Case D418 Count: 146
Case D419 Count: 153
Case D420 Count: 143
Case D421 Count: 140
Case D422 Count: 132
Case D423 Count: 149
Case D424 Count: 141
Case D425 Count: 133
Case D426 Count: 124
Case D427 Count: 144
Case D428 Count: 150
Case D429 Count: 137
Case D430 Count: 128
Case D431 Count: 155
Case D432 Count: 147
Case D433 Count: 131
Case D434 Count: 147
Case D435 Count: 136
Case D436 Count: 157
Case D437 Count: 124
Case D438 Count: 119
Case D439 Count: 157
Case D440 Count: 132
Case D441 Count: 118
Case D442 Count: 134
Case D443 Count: 127
Case D444 Count: 121
Case D445 Count: 137
Case D446 Count: 122
Case D447 Count: 140
Case D448 Count: 132
Case D449 Count: 127
Case D450 Count: 124
Case D451 Count: 134
Case D452 Count: 131
Case D453 Count: 105
Case D454 Count: 109
Case D455 Count: 147
Case D456 Count: 113
Case D457 Count: 145
Case D458 Count: 124
Case D459 Count: 114
Case D460 Count: 111
Case D461 Count: 134
Case D462 Count: 114
Case D463 Count: 130
Case D464 Count: 121
Case D465 Count: 123
Case D466 Count: 120
Case D467 Count: 121
Case D468 Count: 131
Case D469 Count: 131
Case D470 Count: 136
Case D471 Count: 125
Case D472 Count: 128
Case D473 Count: 125
Case D474 Count: 106
Case D475 Count: 98
Case D476 Count: 104
Case D477 Count: 148
Case D478 Count: 118
Case D479 Count: 119
Case D480 Count: 102
Case D481 Count: 125
Case D482 Count: 119
Case D483 Count: 108
Case D484 Count: 102
Case D485 Count: 119
Case D486 Count: 103
Case D487 Count: 92
Case D488 Count: 107
Case D489 Count: 97
Case D490 Count: 100
Case D491 Count: 112
Case D492 Count: 99
Case D493 Count: 102
Case D494 Count: 115
Case D495 Count: 109
Case D496 Count: 102
Case D497 Count: 119
Case D498 Count: 89
Case D499 Count: 94
Case D500 Count: 93
Case D501 Count: 90
Case D502 Count: 107
Case D503 Count: 93
Case D504 Count: 111
Case D505 Count: 119
Case D506 Count: 116
Case D507 Count: 112
Case D508 Count: 95
Case D509 Count: 95
Case D510 Count: 100
Case D511 Count: 98
Case D512 Count: 104
Case D513 Count: 89
Case D514 Count: 107
Case D515 Count: 100
Case D516 Count: 90
Case D517 Count: 89
Case D518 Count: 103
Case D519 Count: 104
Case D520 Count: 76
Case D521 Count: 92
Case D522 Count: 116
Case D523 Count: 84
Case D524 Count: 122
Case D525 Count: 107
Case D526 Count: 106
Case D527 Count: 101
Case D528 Count: 100
Case D529 Count: 105
Case D530 Count: 98
Case D531 Count: 107
Case D532 Count: 86
Case D533 Count: 106
Case D534 Count: 92
Case D535 Count: 105
Case D536 Count: 103
Case D537 Count: 91
Case D538 Count: 99
Case D539 Count: 91
Case D540 Count: 107
Case D541 Count: 103
Case D542 Count: 104
Case D543 Count: 80
Case D544 Count: 68
Case D545 Count: 77
Case D546 Count: 88
Case D547 Count: 93
Case D548 Count: 99
Case D549 Count: 78
Case D550 Count: 82
Case D551 Count: 80
Case D552 Count: 78
Case D553 Count: 103
Case D554 Count: 96
Case D555 Count: 83
Case D556 Count: 84
Case D557 Count: 81
Case D558 Count: 80
Case D559 Count: 79
Case D560 Count: 88
Case D561 Count: 89
Case D562 Count: 99
Case D563 Count: 85
Case D564 Count: 86
Case D565 Count: 80
Case D566 Count: 77
Case D567 Count: 68
Case D568 Count: 91
Case D569 Count: 82
Case D570 Count: 70
Case D571 Count: 87
Case D572 Count: 80
Case D573 Count: 66
Case D574 Count: 86
Case D575 Count: 76
Case D576 Count: 70
Case D577 Count: 83
Case D578 Count: 79
Case D579 Count: 79
Case D580 Count: 85
Case D581 Count: 82
Case D582 Count: 85
Case D583 Count: 74
Case D584 Count: 83
Case D585 Count: 83
Case D586 Count: 79
Case D587 Count: 74
Case D588 Count: 88
Case D589 Count: 63
Case D590 Count: 86
Case D591 Count: 66
Case D592 Count: 70
Case D593 Count: 66
Case D594 Count: 79
Case D595 Count: 75
Case D596 Count: 78
Case D597 Count: 72
Case D598 Count: 74
Case D599 Count: 75
Case D600 Count: 68
Case D601 Count: 62
Case D602 Count: 76
Case D603 Count: 72
Case D604 Count: 78
Case D605 Count: 79
Case D606 Count: 73
Case D607 Count: 56
Case D608 Count: 84
Case D609 Count: 81
Case D610 Count: 74
Case D611 Count: 81
Case D612 Count: 75
Case D613 Count: 81
Case D614 Count: 64
Case D615 Count: 59
Case D616 Count: 73
Case D617 Count: 76
Case D618 Count: 84
Case D619 Count: 67
Case D620 Count: 81
Case D621 Count: 60
Case D622 Count: 72
Case D623 Count: 64
Case D624 Count: 78
Case D625 Count: 77
Case D626 Count: 72
Case D627 Count: 81
Case D628 Count: 76
Case D629 Count: 72
Case D630 Count: 78
Case D631 Count: 62
Case D632 Count: 62
Case D633 Count: 74
Case D634 Count: 66
Case D635 Count: 80
Case D636 Count: 80
Case D637 Count: 69
Case D638 Count: 69
Case D639 Count: 62
Case D640 Count: 63
Case D641 Count: 76
Case D642 Count: 62
Case D643 Count: 62
Case D644 Count: 75
Case D645 Count: 83
Case D646 Count: 52
Case D647 Count: 63
Case D648 Count: 68
Case D649 Count: 62
Case D650 Count: 78
Case D651 Count: 65
Case D652 Count: 74
Case D653 Count: 68
Case D654 Count: 65
Case D655 Count: 68
Case D656 Count: 57
Case D657 Count: 66
Case D658 Count: 81
Case D659 Count: 62
Case D660 Count: 45
Case D661 Count: 61
Case D662 Count: 55
Case D663 Count: 57
Case D664 Count: 70
Case D665 Count: 60
Case D666 Count: 65
Case D667 Count: 69
Case D668 Count: 60
Case D669 Count: 61
Case D670 Count: 60
Case D671 Count: 58
Case D672 Count: 63
Case D673 Count: 56
Case D674 Count: 64
Case D675 Count: 53
Case D676 Count: 65
Case D677 Count: 58
Case D678 Count: 56
Case D679 Count: 50
Case D680 Count: 56
Case D681 Count: 50
Case D682 Count: 57
Case D683 Count: 68
Case D684 Count: 61
Case D685 Count: 64
Case D686 Count: 67
Case D687 Count: 43
Case D688 Count: 57
Case D689 Count: 52
Case D690 Count: 54
Case D691 Count: 45
Case D692 Count: 66
Case D693 Count: 47
Case D694 Count: 57
Case D695 Count: 66
Case D696 Count: 54
Case D697 Count: 50
Case D698 Count: 65
Case D699 Count: 56
Case D700 Count: 54
Case D701 Count: 62
Case D702 Count: 57
Case D703 Count: 52
Case D704 Count: 55
Case D705 Count: 58
Case D706 Count: 50
Case D707 Count: 57
Case D708 Count: 57
Case D709 Count: 56
Case D710 Count: 50
Case D711 Count: 56
Case D712 Count: 65
Case D713 Count: 56
Case D714 Count: 48
Case D715 Count: 65
Case D716 Count: 50
Case D717 Count: 45
Case D718 Count: 44
Case D719 Count: 56
Case D720 Count: 55
Case D721 Count: 62
Case D722 Count: 36
Case D723 Count: 50
Case D724 Count: 48
Case D725 Count: 52
Case D726 Count: 47
Case D727 Count: 53
Case D728 Count: 51
Case D729 Count: 67
Case D730 Count: 56
Case D731 Count: 62
Case D732 Count: 41
Case D733 Count: 58
Case D734 Count: 42
Case D735 Count: 48
Case D736 Count: 55
Case D737 Count: 52
Case D738 Count: 50
Case D739 Count: 40
Case D740 Count: 43
Case D741 Count: 70
Case D742 Count: 62
Case D743 Count: 58
Case D744 Count: 49
Case D745 Count: 44
Case D746 Count: 39
Case D747 Count: 46
Case D748 Count: 53
Case D749 Count: 32
Case D750 Count: 49
Case D751 Count: 59
Case D752 Count: 50
Case D753 Count: 49
Case D754 Count: 43
Case D755 Count: 48
Case D756 Count: 54
Case D757 Count: 55
Case D758 Count: 36
Case D759 Count: 46
Case D760 Count: 53
Case D761 Count: 49
Case D762 Count: 33
Case D763 Count: 47
Case D764 Count: 40
Case D765 Count: 39
Case D766 Count: 47
Case D767 Count: 52
Case D768 Count: 51
Case D769 Count: 46
Case D770 Count: 49
Case D771 Count: 45
Case D772 Count: 63
Case D773 Count: 66
Case D774 Count: 53
Case D775 Count: 47
Case D776 Count: 34
Case D777 Count: 36
Case D778 Count: 37
Case D779 Count: 54
Case D780 Count: 51
Case D781 Count: 50
Case D782 Count: 53
Case D783 Count: 37
Case D784 Count: 61
Case D785 Count: 48
Case D786 Count: 43
Case D787 Count: 40
Case D788 Count: 44
Case D789 Count: 43
Case D790 Count: 46
Case D791 Count: 31
Case D792 Count: 39
Case D793 Count: 34
Case D794 Count: 48
Case D795 Count: 38
Case D796 Count: 43
Case D797 Count: 46
Case D798 Count: 39
Case D799 Count: 53
Case D800 Count: 48
Case D801 Count: 45
Case D802 Count: 53
Case D803 Count: 50
Case D804 Count: 35
Case D805 Count: 45
Case D806 Count: 42
Case D807 Count: 52
Case D808 Count: 43
Case D809 Count: 42
Case D810 Count: 38
Case D811 Count: 40
Case D812 Count: 46
Case D813 Count: 51
Case D814 Count: 55
Case D815 Count: 38
Case D816 Count: 35
Case D817 Count: 30
Case D818 Count: 41
Case D819 Count: 45
Case D820 Count: 46
Case D821 Count: 57
Case D822 Count: 54
Case D823 Count: 45
Case D824 Count: 46
Case D825 Count: 39
Case D826 Count: 40
Case D827 Count: 42
Case D828 Count: 47
Case D829 Count: 39
Case D830 Count: 42
Case D831 Count: 40
Case D832 Count: 31
Case D833 Count: 48
Case D834 Count: 50
Case D835 Count: 49
Case D836 Count: 25
Case D837 Count: 39
Case D838 Count: 45
Case D839 Count: 43
Case D840 Count: 46
Case D841 Count: 41
Case D842 Count: 43
Case D843 Count: 41
Case D844 Count: 36
Case D845 Count: 33
Case D846 Count: 37
Case D847 Count: 35
Case D848 Count: 41
Case D849 Count: 55
Case D850 Count: 41
Case D851 Count: 41
Case D852 Count: 38
Case D853 Count: 36
Case D854 Count: 39
Case D855 Count: 47
Case D856 Count: 27
Case D857 Count: 42
Case D858 Count: 41
Case D859 Count: 43
Case D860 Count: 36
Case D861 Count: 34
Case D862 Count: 40
Case D863 Count: 34
Case D864 Count: 30
Case D865 Count: 34
Case D866 Count: 33
Case D867 Count: 28
Case D868 Count: 40
Case D869 Count: 45
Case D870 Count: 35
Case D871 Count: 50
Case D872 Count: 36
Case D873 Count: 45
Case D874 Count: 48
Case D875 Count: 40
Case D876 Count: 40
Case D877 Count: 35
Case D878 Count: 36
Case D879 Count: 33
Case D880 Count: 36
Case D881 Count: 36
Case D882 Count: 37
Case D883 Count: 31
Case D884 Count: 36
Case D885 Count: 38
Case D886 Count: 44
Case D887 Count: 39
Case D888 Count: 34
Case D889 Count: 52
Case D890 Count: 34
Case D891 Count: 28
Case D892 Count: 27
Case D893 Count: 42
Case D894 Count: 32
Case D895 Count: 41
Case D896 Count: 30
Case D897 Count: 41
Case D898 Count: 30
Case D899 Count: 38
Case D900 Count: 38
Case D901 Count: 29
Case D902 Count: 40
Case D903 Count: 26
Case D904 Count: 28
Case D905 Count: 48
Case D906 Count: 30
Case D907 Count: 33
Case D908 Count: 30
Case D909 Count: 38
Case D910 Count: 26
Case D911 Count: 42
Case D912 Count: 36
Case D913 Count: 30
Case D914 Count: 35
Case D915 Count: 34
Case D916 Count: 44
Case D917 Count: 33
Case D918 Count: 39
Case D919 Count: 26
Case D920 Count: 24
Case D921 Count: 29
Case D922 Count: 22
Case D923 Count: 26
Case D924 Count: 40
Case D925 Count: 37
Case D926 Count: 31
Case D927 Count: 32
Case D928 Count: 32
Case D929 Count: 32
Case D930 Count: 38
Case D931 Count: 28
Case D932 Count: 29
Case D933 Count: 36
Case D934 Count: 35
Case D935 Count: 28
Case D936 Count: 29
Case D937 Count: 41
Case D938 Count: 35
Case D939 Count: 30
Case D940 Count: 34
Case D941 Count: 31
Case D942 Count: 37
Case D943 Count: 29
Case D944 Count: 28
Case D945 Count: 40
Case D946 Count: 20
Case D947 Count: 34
Case D948 Count: 28
Case D949 Count: 26
Case D950 Count: 42
Case D951 Count: 44
Case D952 Count: 21
Case D953 Count: 29
Case D954 Count: 27
Case D955 Count: 35
Case D956 Count: 26
Case D957 Count: 31
Case D958 Count: 37
Case D959 Count: 32
Case D960 Count: 21
Case D961 Count: 34
Case D962 Count: 31
Case D963 Count: 20
Case D964 Count: 33
Case D965 Count: 33
Case D966 Count: 34
Case D967 Count: 36
Case D968 Count: 27
Case D969 Count: 33
Case D970 Count: 38
Case D971 Count: 33
Case D972 Count: 31
Case D973 Count: 30
Case D974 Count: 39
Case D975 Count: 29
Case D976 Count: 29
Case D977 Count: 30
Case D978 Count: 29
Case D979 Count: 26
Case D980 Count: 26
Case D981 Count: 23
Case D982 Count: 28
Case D983 Count: 23
Case D984 Count: 37
Case D985 Count: 26
Case D986 Count: 32
Case D987 Count: 25
Case D988 Count: 29
Case D989 Count: 30
Case D990 Count: 31
Case D991 Count: 29
Case D992 Count: 31
Case D993 Count: 24
Case D994 Count: 24
Case D995 Count: 26
Case D996 Count: 33
Case D997 Count: 37
Case D998 Count: 19
Case D999 Count: 32
Case D1000 Count: 21
Case D1001 Count: 28
Case D1002 Count: 25
Case D1003 Count: 28
Case D1004 Count: 28
Case D1005 Count: 29
Case D1006 Count: 25
Case D1007 Count: 43
Case D1008 Count: 27
Case D1009 Count: 26
Case D1010 Count: 25
Case D1011 Count: 35
Case D1012 Count: 34
Case D1013 Count: 24
Case D1014 Count: 25
Case D1015 Count: 26
Case D1016 Count: 26
Case D1017 Count: 32
Case D1018 Count: 45
Case D1019 Count: 27
Case D1020 Count: 26
Case D1021 Count: 29
Case D1022 Count: 37
Case D1023 Count: 31
Case D1024 Count: 32
Case D1025 Count: 30
Case D1026 Count: 20
Case D1027 Count: 31
Case D1028 Count: 26
Case D1029 Count: 21
Case D1030 Count: 25
Case D1031 Count: 30
Case D1032 Count: 30
Case D1033 Count: 21
Case D1034 Count: 38
Case D1035 Count: 26
Case D1036 Count: 34
Case D1037 Count: 24
Case D1038 Count: 26
Case D1039 Count: 24
Case D1040 Count: 31
Case D1041 Count: 16
Case D1042 Count: 33
Case D1043 Count: 41
Case D1044 Count: 20
Case D1045 Count: 32
Case D1046 Count: 30
Case D1047 Count: 21
Case D1048 Count: 34
Case D1049 Count: 17
Case D1050 Count: 27
Case D1051 Count: 21
Case D1052 Count: 29
Case D1053 Count: 27
Case D1054 Count: 31
Case D1055 Count: 29
Case D1056 Count: 28
Case D1057 Count: 19
Case D1058 Count: 33
Case D1059 Count: 29
Case D1060 Count: 31
Case D1061 Count: 18
Case D1062 Count: 33
Case D1063 Count: 16
Case D1064 Count: 24
Case D1065 Count: 22
Case D1066 Count: 19
Case D1067 Count: 32
Case D1068 Count: 20
Case D1069 Count: 25
Case D1070 Count: 39
Case D1071 Count: 20
Case D1072 Count: 36
Case D1073 Count: 21
Case D1074 Count: 22
Case D1075 Count: 20
Case D1076 Count: 30
Case D1077 Count: 19
Case D1078 Count: 22
Case D1079 Count: 28
Case D1080 Count: 23
Case D1081 Count: 21
Case D1082 Count: 27
Case D1083 Count: 26
Case D1084 Count: 23
Case D1085 Count: 23
Case D1086 Count: 38
Case D1087 Count: 16
Case D1088 Count: 27
Case D1089 Count: 32
Case D1090 Count: 24
Case D1091 Count: 29
Case D1092 Count: 25
Case D1093 Count: 22
Case D1094 Count: 24
Case D1095 Count: 19
Case D1096 Count: 19
Case D1097 Count: 26
Case D1098 Count: 26
Case D1099 Count: 26
Case D1100 Count: 24
Case D1101 Count: 16
Case D1102 Count: 37
Case D1103 Count: 22
Case D1104 Count: 34
Case D1105 Count: 27
Case D1106 Count: 19
Case D1107 Count: 24
Case D1108 Count: 28
Case D1109 Count: 33
Case D1110 Count: 26
Case D1111 Count: 20
Case D1112 Count: 24
Case D1113 Count: 25
Case D1114 Count: 26
Case D1115 Count: 30
Case D1116 Count: 27
Case D1117 Count: 22
Case D1118 Count: 23
Case D1119 Count: 22
Case D1120 Count: 27
Case D1121 Count: 24
Case D1122 Count: 17
Case D1123 Count: 15
Case D1124 Count: 13
Case D1125 Count: 24
Case D1126 Count: 13
Case D1127 Count: 15
Case D1128 Count: 42
Case D1129 Count: 30
Case D1130 Count: 19
Case D1131 Count: 21
Case D1132 Count: 29
Case D1133 Count: 33
Case D1134 Count: 25
Case D1135 Count: 26
Case D1136 Count: 22
Case D1137 Count: 25
Case D1138 Count: 26
Case D1139 Count: 22
Case D1140 Count: 10
Case D1141 Count: 30
Case D1142 Count: 23
Case D1143 Count: 28
Case D1144 Count: 20
Case D1145 Count: 19
Case D1146 Count: 19
Case D1147 Count: 27
Case D1148 Count: 21
Case D1149 Count: 17
Case D1150 Count: 19
Case D1151 Count: 21
Case D1152 Count: 15
Case D1153 Count: 20
Case D1154 Count: 25
Case D1155 Count: 18
Case D1156 Count: 20
Case D1157 Count: 19
Case D1158 Count: 25
Case D1159 Count: 19
Case D1160 Count: 27
Case D1161 Count: 21
Case D1162 Count: 20
Case D1163 Count: 26
Case D1164 Count: 27
Case D1165 Count: 26
Case D1166 Count: 25
Case D1167 Count: 23
Case D1168 Count: 20
Case D1169 Count: 22
Case D1170 Count: 21
Case D1171 Count: 23
Case D1172 Count: 18
Case D1173 Count: 11
Case D1174 Count: 19
Case D1175 Count: 24
Case D1176 Count: 29
Case D1177 Count: 21
Case D1178 Count: 25
Case D1179 Count: 12
Case D1180 Count: 20
Case D1181 Count: 20
Case D1182 Count: 28
Case D1183 Count: 30
Case D1184 Count: 27
Case D1185 Count: 15
Case D1186 Count: 17
Case D1187 Count: 19
Case D1188 Count: 20
Case D1189 Count: 21
Case D1190 Count: 15
Case D1191 Count: 20
Case D1192 Count: 19
Case D1193 Count: 24
Case D1194 Count: 16
Case D1195 Count: 21
Case D1196 Count: 29
Case D1197 Count: 16
Case D1198 Count: 18
Case D1199 Count: 14
Case D1200 Count: 18
Case D1201 Count: 25
Case D1202 Count: 24
Case D1203 Count: 14
Case D1204 Count: 23
Case D1205 Count: 25
Case D1206 Count: 21
Case D1207 Count: 24
Case D1208 Count: 22
Case D1209 Count: 23
Case D1210 Count: 18
Case D1211 Count: 19
Case D1212 Count: 22
Case D1213 Count: 17
Case D1214 Count: 15
Case D1215 Count: 18
Case D1216 Count: 31
Case D1217 Count: 22
Case D1218 Count: 15
Case D1219 Count: 16
Case D1220 Count: 20
Case D1221 Count: 15
Case D1222 Count: 12
Case D1223 Count: 20
Case D1224 Count: 22
Case D1225 Count: 20
Case D1226 Count: 16
Case D1227 Count: 14
Case D1228 Count: 26
Case D1229 Count: 17
Case D1230 Count: 19
Case D1231 Count: 12
Case D1232 Count: 20
Case D1233 Count: 27
Case D1234 Count: 23
Case D1235 Count: 14
Case D1236 Count: 9
Case D1237 Count: 18
Case D1238 Count: 22
Case D1239 Count: 28
Case D1240 Count: 19
Case D1241 Count: 17
Case D1242 Count: 23
Case D1243 Count: 18
Case D1244 Count: 20
Case D1245 Count: 15
Case D1246 Count: 16
Case D1247 Count: 16
Case D1248 Count: 20
Case D1249 Count: 23
Case D1250 Count: 23
Case D1251 Count: 18
Case D1252 Count: 21
Case D1253 Count: 12
Case D1254 Count: 22
Case D1255 Count: 19
Case D1256 Count: 14
Case D1257 Count: 26
Case D1258 Count: 26
Case D1259 Count: 12
Case D1260 Count: 20
Case D1261 Count: 19
Case D1262 Count: 16
Case D1263 Count: 17
Case D1264 Count: 14
Case D1265 Count: 27
Case D1266 Count: 22
Case D1267 Count: 17
Case D1268 Count: 18
Case D1269 Count: 19
Case D1270 Count: 20
Case D1271 Count: 25
Case D1272 Count: 19
Case D1273 Count: 24
Case D1274 Count: 14
Case D1275 Count: 16
Case D1276 Count: 25
Case D1277 Count: 20
Case D1278 Count: 10
Case D1279 Count: 20
Case D1280 Count: 10
Case D1281 Count: 24
Case D1282 Count: 17
Case D1283 Count: 20
Case D1284 Count: 28
Case D1285 Count: 26
Case D1286 Count: 15
Case D1287 Count: 17
Case D1288 Count: 10
Case D1289 Count: 25
Case D1290 Count: 24
Case D1291 Count: 25
Case D1292 Count: 10
Case D1293 Count: 19
Case D1294 Count: 14
Case D1295 Count: 21
Case D1296 Count: 30
Case D1297 Count: 13
Case D1298 Count: 13
Case D1299 Count: 23
Case D1300 Count: 16
Case D1301 Count: 17
Case D1302 Count: 13
Case D1303 Count: 19
Case D1304 Count: 16
Case D1305 Count: 14
Case D1306 Count: 23
Case D1307 Count: 20
Case D1308 Count: 18
Case D1309 Count: 22
Case D1310 Count: 19
Case D1311 Count: 14
Case D1312 Count: 25
Case D1313 Count: 21
Case D1314 Count: 17
Case D1315 Count: 23
Case D1316 Count: 17
Case D1317 Count: 13
Case D1318 Count: 16
Case D1319 Count: 17
Case D1320 Count: 18
Case D1321 Count: 25
Case D1322 Count: 15
Case D1323 Count: 17
Case D1324 Count: 22
Case D1325 Count: 25
Case D1326 Count: 18
Case D1327 Count: 16
Case D1328 Count: 15
Case D1329 Count: 16
Case D1330 Count: 18
Case D1331 Count: 12
Case D1332 Count: 10
Case D1333 Count: 20
Case D1334 Count: 19
Case D1335 Count: 19
Case D1336 Count: 18
Case D1337 Count: 18
Case D1338 Count: 9
Case D1339 Count: 20
Case D1340 Count: 13
Case D1341 Count: 13
Case D1342 Count: 17
Case D1343 Count: 19
Case D1344 Count: 15
Case D1345 Count: 14
Case D1346 Count: 18
Case D1347 Count: 13
Case D1348 Count: 24
Case D1349 Count: 19
Case D1350 Count: 20
Case D1351 Count: 12
Case D1352 Count: 20
Case D1353 Count: 24
Case D1354 Count: 15
Case D1355 Count: 8
Case D1356 Count: 13
Case D1357 Count: 11
Case D1358 Count: 12
Case D1359 Count: 18
Case D1360 Count: 16
Case D1361 Count: 19
Case D1362 Count: 23
Case D1363 Count: 15
Case D1364 Count: 16
Case D1365 Count: 17
Case D1366 Count: 13
Case D1367 Count: 22
Case D1368 Count: 12
Case D1369 Count: 21
Case D1370 Count: 13
Case D1371 Count: 9
Case D1372 Count: 15
Case D1373 Count: 18
Case D1374 Count: 21
Case D1375 Count: 15
Case D1376 Count: 20
Case D1377 Count: 19
Case D1378 Count: 13
Case D1379 Count: 14
Case D1380 Count: 13
Case D1381 Count: 14
Case D1382 Count: 16
Case D1383 Count: 19
Case D1384 Count: 12
Case D1385 Count: 18
Case D1386 Count: 20
Case D1387 Count: 18
Case D1388 Count: 14
Case D1389 Count: 16
Case D1390 Count: 13
Case D1391 Count: 15
Case D1392 Count: 18
Case D1393 Count: 11
Case D1394 Count: 11
Case D1395 Count: 12
Case D1396 Count: 14
Case D1397 Count: 13
Case D1398 Count: 22
Case D1399 Count: 13
Case D1400 Count: 10
Case D1401 Count: 13
Case D1402 Count: 19
Case D1403 Count: 19
Case D1404 Count: 13
Case D1405 Count: 15
Case D1406 Count: 10
Case D1407 Count: 20
Case D1408 Count: 16
Case D1409 Count: 15
Case D1410 Count: 17
Case D1411 Count: 19
Case D1412 Count: 14
Case D1413 Count: 13
Case D1414 Count: 13
Case D1415 Count: 12
Case D1416 Count: 13
Case D1417 Count: 21
Case D1418 Count: 20
Case D1419 Count: 20
Case D1420 Count: 11
Case D1421 Count: 21
Case D1422 Count: 8
Case D1423 Count: 18
Case D1424 Count: 11
Case D1425 Count: 19
Case D1426 Count: 14
Case D1427 Count: 12
Case D1428 Count: 16
Case D1429 Count: 13
Case D1430 Count: 16
Case D1431 Count: 9
Case D1432 Count: 19
Case D1433 Count: 16
Case D1434 Count: 15
Case D1435 Count: 14
Case D1436 Count: 22
Case D1437 Count: 12
Case D1438 Count: 11
Case D1439 Count: 14
Case D1440 Count: 12
Case D1441 Count: 15
Case D1442 Count: 17
Case D1443 Count: 17
Case D1444 Count: 11
Case D1445 Count: 14
Case D1446 Count: 13
Case D1447 Count: 12
Case D1448 Count: 13
Case D1449 Count: 25
Case D1450 Count: 17
Case D1451 Count: 13
Case D1452 Count: 14
Case D1453 Count: 23
Case D1454 Count: 18
Case D1455 Count: 15
Case D1456 Count: 17
Case D1457 Count: 10
Case D1458 Count: 15
Case D1459 Count: 17
Case D1460 Count: 9
Case D1461 Count: 16
Case D1462 Count: 20
Case D1463 Count: 7
Case D1464 Count: 17
Case D1465 Count: 16
Case D1466 Count: 17
Case D1467 Count: 20
Case D1468 Count: 17
Case D1469 Count: 12
Case D1470 Count: 21
Case D1471 Count: 15
Case D1472 Count: 16
Case D1473 Count: 14
Case D1474 Count: 14
Case D1475 Count: 11
Case D1476 Count: 10
Case D1477 Count: 12
Case D1478 Count: 18
Case D1479 Count: 16
Case D1480 Count: 9
Case D1481 Count: 18
Case D1482 Count: 10
Case D1483 Count: 13
Case D1484 Count: 19
Case D1485 Count: 10
Case D1486 Count: 21
Case D1487 Count: 15
Case D1488 Count: 9
Case D1489 Count: 11
Case D1490 Count: 14
Case D1491 Count: 16
Case D1492 Count: 7
Case D1493 Count: 19
Case D1494 Count: 24
Case D1495 Count: 15
Case D1496 Count: 13
Case D1497 Count: 10
Case D1498 Count: 11
Case D1499 Count: 12
Case D1500 Count: 12
Case D1501 Count: 13
Case D1502 Count: 8
Case D1503 Count: 10
Case D1504 Count: 12
Case D1505 Count: 16
Case D1506 Count: 13
Case D1507 Count: 12
Case D1508 Count: 15
Case D1509 Count: 12
Case D1510 Count: 12
Case D1511 Count: 20
Case D1512 Count: 14
Case D1513 Count: 14
Case D1514 Count: 13
Case D1515 Count: 7
Case D1516 Count: 5
Case D1517 Count: 12
Case D1518 Count: 13
Case D1519 Count: 13
Case D1520 Count: 10
Case D1521 Count: 10
Case D1522 Count: 16
Case D1523 Count: 14
Case D1524 Count: 11
Case D1525 Count: 19
Case D1526 Count: 11
Case D1527 Count: 14
Case D1528 Count: 6
Case D1529 Count: 21
Case D1530 Count: 18
Case D1531 Count: 10
Case D1532 Count: 5
Case D1533 Count: 18
Case D1534 Count: 8
Case D1535 Count: 15
Case D1536 Count: 10
Case D1537 Count: 13
Case D1538 Count: 12
Case D1539 Count: 12
Case D1540 Count: 14
Case D1541 Count: 10
Case D1542 Count: 10
Case D1543 Count: 10
Case D1544 Count: 14
Case D1545 Count: 15
Case D1546 Count: 12
Case D1547 Count: 13
Case D1548 Count: 11
Case D1549 Count: 8
Case D1550 Count: 12
Case D1551 Count: 13
Case D1552 Count: 10
Case D1553 Count: 18
Case D1554 Count: 6
Case D1555 Count: 12
Case D1556 Count: 18
Case D1557 Count: 14
Case D1558 Count: 15
Case D1559 Count: 12
Case D1560 Count: 14
Case D1561 Count: 7
Case D1562 Count: 16
Case D1563 Count: 9
Case D1564 Count: 12
Case D1565 Count: 18
Case D1566 Count: 19
Case D1567 Count: 13
Case D1568 Count: 11
Case D1569 Count: 8
Case D1570 Count: 16
Case D1571 Count: 13
Case D1572 Count: 16
Case D1573 Count: 14
Case D1574 Count: 10
Case D1575 Count: 18
Case D1576 Count: 22
Case D1577 Count: 15
Case D1578 Count: 16
Case D1579 Count: 8
Case D1580 Count: 18
Case D1581 Count: 10
Case D1582 Count: 6
Case D1583 Count: 16
Case D1584 Count: 10
Case D1585 Count: 7
Case D1586 Count: 10
Case D1587 Count: 15
Case D1588 Count: 11
Case D1589 Count: 15
Case D1590 Count: 12
Case D1591 Count: 14
Case D1592 Count: 4
Case D1593 Count: 9
Case D1594 Count: 8
Case D1595 Count: 10
Case D1596 Count: 10
Case D1597 Count: 13
Case D1598 Count: 10
Case D1599 Count: 14
Case D1600 Count: 15
Case D1601 Count: 15
Case D1602 Count: 17
Case D1603 Count: 9
Case D1604 Count: 12
Case D1605 Count: 14
Case D1606 Count: 9
Case D1607 Count: 11
Case D1608 Count: 15
Case D1609 Count: 7
Case D1610 Count: 12
Case D1611 Count: 13
Case D1612 Count: 10
Case D1613 Count: 10
Case D1614 Count: 17
Case D1615 Count: 14
Case D1616 Count: 15
Case D1617 Count: 13
Case D1618 Count: 11
Case D1619 Count: 11
Case D1620 Count: 6
Case D1621 Count: 13
Case D1622 Count: 9
Case D1623 Count: 8
Case D1624 Count: 7
Case D1625 Count: 12
Case D1626 Count: 10
Case D1627 Count: 9
Case D1628 Count: 9
Case D1629 Count: 11
Case D1630 Count: 12
Case D1631 Count: 15
Case D1632 Count: 10
Case D1633 Count: 11
Case D1634 Count: 14
Case D1635 Count: 12
Case D1636 Count: 9
Case D1637 Count: 7
Case D1638 Count: 24
Case D1639 Count: 16
Case D1640 Count: 13
Case D1641 Count: 11
Case D1642 Count: 14
Case D1643 Count: 11
Case D1644 Count: 8
Case D1645 Count: 15
Case D1646 Count: 14
Case D1647 Count: 7
Case D1648 Count: 10
Case D1649 Count: 16
Case D1650 Count: 8
Case D1651 Count: 5
Case D1652 Count: 7
Case D1653 Count: 10
Case D1654 Count: 13
Case D1655 Count: 13
Case D1656 Count: 13
Case D1657 Count: 14
Case D1658 Count: 12
Case D1659 Count: 10
Case D1660 Count: 12
Case D1661 Count: 9
Case D1662 Count: 13
Case D1663 Count: 10
Case D1664 Count: 9
Case D1665 Count: 8
Case D1666 Count: 14
Case D1667 Count: 10
Case D1668 Count: 12
Case D1669 Count: 8
Case D1670 Count: 6
Case D1671 Count: 9
Case D1672 Count: 9
Case D1673 Count: 14
Case D1674 Count: 11
Case D1675 Count: 14
Case D1676 Count: 8
Case D1677 Count: 13
Case D1678 Count: 15
Case D1679 Count: 11
Case D1680 Count: 17
Case D1681 Count: 10
Case D1682 Count: 6
Case D1683 Count: 13
Case D1684 Count: 11
Case D1685 Count: 8
Case D1686 Count: 15
Case D1687 Count: 17
Case D1688 Count: 8
Case D1689 Count: 11
Case D1690 Count: 7
Case D1691 Count: 14
Case D1692 Count: 8
Case D1693 Count: 15
Case D1694 Count: 11
Case D1695 Count: 9
Case D1696 Count: 12
Case D1697 Count: 9
Case D1698 Count: 13
Case D1699 Count: 11
Case D1700 Count: 10
Case D1701 Count: 6
Case D1702 Count: 11
Case D1703 Count: 8
Case D1704 Count: 10
Case D1705 Count: 11
Case D1706 Count: 11
Case D1707 Count: 12
Case D1708 Count: 9
Case D1709 Count: 6
Case D1710 Count: 10
Case D1711 Count: 15
Case D1712 Count: 15
Case D1713 Count: 15
Case D1714 Count: 12
Case D1715 Count: 6
Case D1716 Count: 12
Case D1717 Count: 12
Case D1718 Count: 14
Case D1719 Count: 7
Case D1720 Count: 8
Case D1721 Count: 11
Case D1722 Count: 9
Case D1723 Count: 12
Case D1724 Count: 9
Case D1725 Count: 14
Case D1726 Count: 7
Case D1727 Count: 4
Case D1728 Count: 9
Case D1729 Count: 8
Case D1730 Count: 12
Case D1731 Count: 11
Case D1732 Count: 8
Case D1733 Count: 8
Case D1734 Count: 9
Case D1735 Count: 10
Case D1736 Count: 12
Case D1737 Count: 11
Case D1738 Count: 9
Case D1739 Count: 17
Case D1740 Count: 10
Case D1741 Count: 11
Case D1742 Count: 6
Case D1743 Count: 10
Case D1744 Count: 8
Case D1745 Count: 11
Case D1746 Count: 5
Case D1747 Count: 12
Case D1748 Count: 14
Case D1749 Count: 9
Case D1750 Count: 8
Case D1751 Count: 9
Case D1752 Count: 13
Case D1753 Count: 8
Case D1754 Count: 9
Case D1755 Count: 6
Case D1756 Count: 9
Case D1757 Count: 9
Case D1758 Count: 13
Case D1759 Count: 6
Case D1760 Count: 12
Case D1761 Count: 8
Case D1762 Count: 9
Case D1763 Count: 12
Case D1764 Count: 14
Case D1765 Count: 20
Case D1766 Count: 12
Case D1767 Count: 16
Case D1768 Count: 8
Case D1769 Count: 7
Case D1770 Count: 13
Case D1771 Count: 9
Case D1772 Count: 12
Case D1773 Count: 10
Case D1774 Count: 15
Case D1775 Count: 6
Case D1776 Count: 9
Case D1777 Count: 11
Case D1778 Count: 15
Case D1779 Count: 8
Case D1780 Count: 12
Case D1781 Count: 11
Case D1782 Count: 15
Case D1783 Count: 9
Case D1784 Count: 8
Case D1785 Count: 13
Case D1786 Count: 11
Case D1787 Count: 10
Case D1788 Count: 9
Case D1789 Count: 10
Case D1790 Count: 14
Case D1791 Count: 8
Case D1792 Count: 8
Case D1793 Count: 5
Case D1794 Count: 10
Case D1795 Count: 8
Case D1796 Count: 13
Case D1797 Count: 16
Case D1798 Count: 12
Case D1799 Count: 7
Case D1800 Count: 9
Case D1801 Count: 11
Case D1802 Count: 6
Case D1803 Count: 12
Case D1804 Count: 11
Case D1805 Count: 9
Case D1806 Count: 7
Case D1807 Count: 14
Case D1808 Count: 8
Case D1809 Count: 10
Case D1810 Count: 8
Case D1811 Count: 14
Case D1812 Count: 12
Case D1813 Count: 8
Case D1814 Count: 9
Case D1815 Count: 6
Case D1816 Count: 5
Case D1817 Count: 6
Case D1818 Count: 7
Case D1819 Count: 12
Case D1820 Count: 12
Case D1821 Count: 6
Case D1822 Count: 9
Case D1823 Count: 5
Case D1824 Count: 15
Case D1825 Count: 10
Case D1826 Count: 7
Case D1827 Count: 9
Case D1828 Count: 10
Case D1829 Count: 10
Case D1830 Count: 12
Case D1831 Count: 6
Case D1832 Count: 10
Case D1833 Count: 12
Case D1834 Count: 8
Case D1835 Count: 15
Case D1836 Count: 11
Case D1837 Count: 12
Case D1838 Count: 7
Case D1839 Count: 8
Case D1840 Count: 10
Case D1841 Count: 9
Case D1842 Count: 7
Case D1843 Count: 8
Case D1844 Count: 16
Case D1845 Count: 9
Case D1846 Count: 10
Case D1847 Count: 4
Case D1848 Count: 9
Case D1849 Count: 5
Case D1850 Count: 8
Case D1851 Count: 1
Case D1852 Count: 7
Case D1853 Count: 14
Case D1854 Count: 5
Case D1855 Count: 7
Case D1856 Count: 5
Case D1857 Count: 9
Case D1858 Count: 9
Case D1859 Count: 5
Case D1860 Count: 8
Case D1861 Count: 12
Case D1862 Count: 7
Case D1863 Count: 13
Case D1864 Count: 8
Case D1865 Count: 12
Case D1866 Count: 5
Case D1867 Count: 9
Case D1868 Count: 12
Case D1869 Count: 8
Case D1870 Count: 11
Case D1871 Count: 10
Case D1872 Count: 10
Case D1873 Count: 10
Case D1874 Count: 12
Case D1875 Count: 11
Case D1876 Count: 10
Case D1877 Count: 3
Case D1878 Count: 10
Case D1879 Count: 8
Case D1880 Count: 8
Case D1881 Count: 11
Case D1882 Count: 7
Case D1883 Count: 8
Case D1884 Count: 2
Case D1885 Count: 10
Case D1886 Count: 14
Case D1887 Count: 10
Case D1888 Count: 11
Case D1889 Count: 11
Case D1890 Count: 11
Case D1891 Count: 5
Case D1892 Count: 8
Case D1893 Count: 8
Case D1894 Count: 13
Case D1895 Count: 8
Case D1896 Count: 8
Case D1897 Count: 14
Case D1898 Count: 6
Case D1899 Count: 9
Case D1900 Count: 9
Case D1901 Count: 11
Case D1902 Count: 9
Case D1903 Count: 13
Case D1904 Count: 5
Case D1905 Count: 10
Case D1906 Count: 10
Case D1907 Count: 9
Case D1908 Count: 4
Case D1909 Count: 11
Case D1910 Count: 8
Case D1911 Count: 11
Case D1912 Count: 5
Case D1913 Count: 8
Case D1914 Count: 7
Case D1915 Count: 5
Case D1916 Count: 6
Case D1917 Count: 7
Case D1918 Count: 7
Case D1919 Count: 4
Case D1920 Count: 9
Case D1921 Count: 8
Case D1922 Count: 7
Case D1923 Count: 14
Case D1924 Count: 6
Case D1925 Count: 6
Case D1926 Count: 8
Case D1927 Count: 3
Case D1928 Count: 6
Case D1929 Count: 9
Case D1930 Count: 8
Case D1931 Count: 7
Case D1932 Count: 6
Case D1933 Count: 4
Case D1934 Count: 5
Case D1935 Count: 4
Case D1936 Count: 7
Case D1937 Count: 11
Case D1938 Count: 12
Case D1939 Count: 4
Case D1940 Count: 9
Case D1941 Count: 8
Case D1942 Count: 7
Case D1943 Count: 12
Case D1944 Count: 7
Case D1945 Count: 4
Case D1946 Count: 10
Case D1947 Count: 12
Case D1948 Count: 9
Case D1949 Count: 9
Case D1950 Count: 5
Case D1951 Count: 14
Case D1952 Count: 9
Case D1953 Count: 8
Case D1954 Count: 8
Case D1955 Count: 5
Case D1956 Count: 9
Case D1957 Count: 7
Case D1958 Count: 10
Case D1959 Count: 6
Case D1960 Count: 8
Case D1961 Count: 15
Case D1962 Count: 4
Case D1963 Count: 10
Case D1964 Count: 8
Case D1965 Count: 6
Case D1966 Count: 7
Case D1967 Count: 9
Case D1968 Count: 5
Case D1969 Count: 9
Case D1970 Count: 5
Case D1971 Count: 8
Case D1972 Count: 7
Case D1973 Count: 10
Case D1974 Count: 7
Case D1975 Count: 8
Case D1976 Count: 3
Case D1977 Count: 16
Case D1978 Count: 11
Case D1979 Count: 11
Case D1980 Count: 6
Case D1981 Count: 12
Case D1982 Count: 7
Case D1983 Count: 9
Case D1984 Count: 8
Case D1985 Count: 10
Case D1986 Count: 16
Case D1987 Count: 10
Case D1988 Count: 8
Case D1989 Count: 6
Case D1990 Count: 6
Case D1991 Count: 8
Case D1992 Count: 7
Case D1993 Count: 9
Case D1994 Count: 8
Case D1995 Count: 10
Case D1996 Count: 7
Case D1997 Count: 13
Case D1998 Count: 11
Case D1999 Count: 10
Case D2000 Count: 5
Case D2001 Count: 2
Case D2002 Count: 11
Case D2003 Count: 7
Case D2004 Count: 11
Case D2005 Count: 5
Case D2006 Count: 12
Case D2007 Count: 8
Case D2008 Count: 8
Case D2009 Count: 8
Case D2010 Count: 6
Case D2011 Count: 6
Case D2012 Count: 5
Case D2013 Count: 8
Case D2014 Count: 8
Case D2015 Count: 7
Case D2016 Count: 9
Case D2017 Count: 9
Case D2018 Count: 11
Case D2019 Count: 13
Case D2020 Count: 9
Case D2021 Count: 5
Case D2022 Count: 13
Case D2023 Count: 9
Case D2024 Count: 12
Case D2025 Count: 9
Case D2026 Count: 6
Case D2027 Count: 8
Case D2028 Count: 12
Case D2029 Count: 5
Case D2030 Count: 8
Case D2031 Count: 8
Case D2032 Count: 8
Case D2033 Count: 6
Case D2034 Count: 9
Case D2035 Count: 6
Case D2036 Count: 8
Case D2037 Count: 10
Case D2038 Count: 7
Case D2039 Count: 8
Case D2040 Count: 9
Case D2041 Count: 7
Case D2042 Count: 4
Case D2043 Count: 5
Case D2044 Count: 8
Case D2045 Count: 5
Case D2046 Count: 11
Case D2047 Count: 8
Case D2048 Count: 8
Case D2049 Count: 7
Case D2050 Count: 5
Case D2051 Count: 5
Case D2052 Count: 6
Case D2053 Count: 7
Case D2054 Count: 9
Case D2055 Count: 4
Case D2056 Count: 8
Case D2057 Count: 5
Case D2058 Count: 5
Case D2059 Count: 8
Case D2060 Count: 6
Case D2061 Count: 10
Case D2062 Count: 10
Case D2063 Count: 6
Case D2064 Count: 5
Case D2065 Count: 8
Case D2066 Count: 5
Case D2067 Count: 5
Case D2068 Count: 4
Case D2069 Count: 10
Case D2070 Count: 7
Case D2071 Count: 1
Case D2072 Count: 13
Case D2073 Count: 8
Case D2074 Count: 9
Case D2075 Count: 5
Case D2076 Count: 9
Case D2077 Count: 2
Case D2078 Count: 11
Case D2079 Count: 7
Case D2080 Count: 10
Case D2081 Count: 6
Case D2082 Count: 11
Case D2083 Count: 4
Case D2084 Count: 5
Case D2085 Count: 5
Case D2086 Count: 6
Case D2087 Count: 3
Case D2088 Count: 5
Case D2089 Count: 5
Case D2090 Count: 15
Case D2091 Count: 7
Case D2092 Count: 10
Case D2093 Count: 8
Case D2094 Count: 7
Case D2095 Count: 10
Case D2096 Count: 10
Case D2097 Count: 6
Case D2098 Count: 10
Case D2099 Count: 15
Case D2100 Count: 6
Case D2101 Count: 6
Case D2102 Count: 7
Case D2103 Count: 10
Case D2104 Count: 8
Case D2105 Count: 3
Case D2106 Count: 5
Case D2107 Count: 2
Case D2108 Count: 8
Case D2109 Count: 9
Case D2110 Count: 12
Case D2111 Count: 8
Case D2112 Count: 12
Case D2113 Count: 6
Case D2114 Count: 5
Case D2115 Count: 11
Case D2116 Count: 8
Case D2117 Count: 2
Case D2118 Count: 6
Case D2119 Count: 5
Case D2120 Count: 2
Case D2121 Count: 5
Case D2122 Count: 8
Case D2123 Count: 7
Case D2124 Count: 6
Case D2125 Count: 6
Case D2126 Count: 9
Case D2127 Count: 6
Case D2128 Count: 8
Case D2129 Count: 11
Case D2130 Count: 4
Case D2131 Count: 7
Case D2132 Count: 9
Case D2133 Count: 5
Case D2134 Count: 11
Case D2135 Count: 5
Case D2136 Count: 9
Case D2137 Count: 7
Case D2138 Count: 10
Case D2139 Count: 11
Case D2140 Count: 1
Case D2141 Count: 3
Case D2142 Count: 5
Case D2143 Count: 9
Case D2144 Count: 5
Case D2145 Count: 8
Case D2146 Count: 9
Case D2147 Count: 5
Case D2148 Count: 10
Case D2149 Count: 1
Case D2150 Count: 9
Case D2151 Count: 4
Case D2152 Count: 2
Case D2153 Count: 5
Case D2154 Count: 4
Case D2155 Count: 6
Case D2156 Count: 3
Case D2157 Count: 3
Case D2158 Count: 5
Case D2159 Count: 7
Case D2160 Count: 8
Case D2161 Count: 4
Case D2162 Count: 6
Case D2163 Count: 7
Case D2164 Count: 4
Case D2165 Count: 6
Case D2166 Count: 6
Case D2167 Count: 8
Case D2168 Count: 4
Case D2169 Count: 6
Case D2170 Count: 8
Case D2171 Count: 8
Case D2172 Count: 8
Case D2173 Count: 7
Case D2174 Count: 10
Case D2175 Count: 4
Case D2176 Count: 5
Case D2177 Count: 9
Case D2178 Count: 2
Case D2179 Count: 9
Case D2180 Count: 3
Case D2181 Count: 5
Case D2182 Count: 1
Case D2183 Count: 3
Case D2184 Count: 4
Case D2185 Count: 5
Case D2186 Count: 6
Case D2187 Count: 2
Case D2188 Count: 5
Case D2189 Count: 9
Case D2190 Count: 4
Case D2191 Count: 8
Case D2192 Count: 5
Case D2193 Count: 7
Case D2194 Count: 8
Case D2195 Count: 8
Case D2196 Count: 7
Case D2197 Count: 2
Case D2198 Count: 3
Case D2199 Count: 6
Case D2200 Count: 10
Case D2201 Count: 5
Case D2202 Count: 8
Case D2203 Count: 9
Case D2204 Count: 4
Case D2205 Count: 10
Case D2206 Count: 8
Case D2207 Count: 7
Case D2208 Count: 10
Case D2209 Count: 5
Case D2210 Count: 5
Case D2211 Count: 3
Case D2212 Count: 4
Case D2213 Count: 8
Case D2214 Count: 17
Case D2215 Count: 2
Case D2216 Count: 8
Case D2217 Count: 10
Case D2218 Count: 6
Case D2219 Count: 7
Case D2220 Count: 7
Case D2221 Count: 8
Case D2222 Count: 8
Case D2223 Count: 5
Case D2224 Count: 11
Case D2225 Count: 4
Case D2226 Count: 11
Case D2227 Count: 4
Case D2228 Count: 9
Case D2229 Count: 7
Case D2230 Count: 5
Case D2231 Count: 8
Case D2232 Count: 6
Case D2233 Count: 4
Case D2234 Count: 8
Case D2235 Count: 8
Case D2236 Count: 7
Case D2237 Count: 5
Case D2238 Count: 15
Case D2239 Count: 8
Case D2240 Count: 10
Case D2241 Count: 8
Case D2242 Count: 4
Case D2243 Count: 5
Case D2244 Count: 4
Case D2245 Count: 5
Case D2246 Count: 10
Case D2247 Count: 5
Case D2248 Count: 11
Case D2249 Count: 3
Case D2250 Count: 5
Case D2251 Count: 5
Case D2252 Count: 6
Case D2253 Count: 9
Case D2254 Count: 4
Case D2255 Count: 6
Case D2256 Count: 7
Case D2257 Count: 7
Case D2258 Count: 8
Case D2259 Count: 9
Case D2260 Count: 1
Case D2261 Count: 6
Case D2262 Count: 5
Case D2263 Count: 6
Case D2264 Count: 10
Case D2265 Count: 4
Case D2266 Count: 4
Case D2267 Count: 4
Case D2268 Count: 9
Case D2269 Count: 3
Case D2270 Count: 8
Case D2271 Count: 7
Case D2272 Count: 2
Case D2273 Count: 7
Case D2274 Count: 8
Case D2275 Count: 5
Case D2276 Count: 5
Case D2277 Count: 7
Case D2278 Count: 3
Case D2279 Count: 13
Case D2280 Count: 8
Case D2281 Count: 6
Case D2282 Count: 4
Case D2283 Count: 5
Case D2284 Count: 7
Case D2285 Count: 9
Case D2286 Count: 12
Case D2287 Count: 7
Case D2288 Count: 5
Case D2289 Count: 8
Case D2290 Count: 8
Case D2291 Count: 6
Case D2292 Count: 4
Case D2293 Count: 6
Case D2294 Count: 1
Case D2295 Count: 5
Case D2296 Count: 7
Case D2297 Count: 7
Case D2298 Count: 6
Case D2299 Count: 6
Case D2300 Count: 6
Case D2301 Count: 8
Case D2302 Count: 6
Case D2303 Count: 7
Case D2304 Count: 10
Case D2305 Count: 6
Case D2306 Count: 7
Case D2307 Count: 7
Case D2308 Count: 9
Case D2309 Count: 5
Case D2310 Count: 11
Case D2311 Count: 4
Case D2312 Count: 4
Case D2313 Count: 4
Case D2314 Count: 4
Case D2315 Count: 6
Case D2316 Count: 5
Case D2317 Count: 9
Case D2318 Count: 5
Case D2319 Count: 4
Case D2320 Count: 6
Case D2321 Count: 6
Case D2322 Count: 1
Case D2323 Count: 8
Case D2324 Count: 6
Case D2325 Count: 4
Case D2326 Count: 10
Case D2327 Count: 4
Case D2328 Count: 3
Case D2329 Count: 9
Case D2330 Count: 10
Case D2331 Count: 2
Case D2332 Count: 4
Case D2333 Count: 3
Case D2334 Count: 5
Case D2335 Count: 6
Case D2336 Count: 5
Case D2337 Count: 5
Case D2338 Count: 3
Case D2339 Count: 9
Case D2340 Count: 5
Case D2341 Count: 8
Case D2342 Count: 4
Case D2343 Count: 5
Case D2344 Count: 9
Case D2345 Count: 4
Case D2346 Count: 5
Case D2347 Count: 6
Case D2348 Count: 4
Case D2349 Count: 8
Case D2350 Count: 6
Case D2351 Count: 2
Case D2352 Count: 6
Case D2353 Count: 7
Case D2354 Count: 9
Case D2355 Count: 5
Case D2356 Count: 7
Case D2357 Count: 11
Case D2358 Count: 4
Case D2359 Count: 4
Case D2360 Count: 3
Case D2361 Count: 11
Case D2362 Count: 7
Case D2363 Count: 11
Case D2364 Count: 8
Case D2365 Count: 6
Case D2366 Count: 5
Case D2367 Count: 6
Case D2368 Count: 8
Case D2369 Count: 5
Case D2370 Count: 10
Case D2371 Count: 6
Case D2372 Count: 9
Case D2373 Count: 5
Case D2374 Count: 8
Case D2375 Count: 6
Case D2376 Count: 3
Case D2377 Count: 4
Case D2378 Count: 10
Case D2379 Count: 6
Case D2380 Count: 2
Case D2381 Count: 8
Case D2382 Count: 7
Case D2383 Count: 6
Case D2384 Count: 4
Case D2385 Count: 5
Case D2386 Count: 4
Case D2387 Count: 6
Case D2388 Count: 9
Case D2389 Count: 4
Case D2390 Count: 10
Case D2391 Count: 10
Case D2392 Count: 8
Case D2393 Count: 2
Case D2394 Count: 5
Case D2395 Count: 5
Case D2396 Count: 9
Case D2397 Count: 7
Case D2398 Count: 10
Case D2399 Count: 4
Case D2400 Count: 7
Case D2401 Count: 5
Case D2402 Count: 8
Case D2403 Count: 9
Case D2404 Count: 5
Case D2405 Count: 4
Case D2406 Count: 5
Case D2407 Count: 5
Case D2408 Count: 10
Case D2409 Count: 5
Case D2410 Count: 9
Case D2411 Count: 7
Case D2412 Count: 7
Case D2413 Count: 7
Case D2414 Count: 7
Case D2415 Count: 8
Case D2416 Count: 4
Case D2417 Count: 6
Case D2418 Count: 2
Case D2419 Count: 3
Case D2420 Count: 2
Case D2421 Count: 1
Case D2422 Count: 10
Case D2423 Count: 10
Case D2424 Count: 4
Case D2425 Count: 4
Case D2426 Count: 6
Case D2427 Count: 8
Case D2428 Count: 10
Case D2429 Count: 5
Case D2430 Count: 3
Case D2431 Count: 6
Case D2432 Count: 4
Case D2433 Count: 4
Case D2434 Count: 4
Case D2435 Count: 5
Case D2436 Count: 5
Case D2437 Count: 4
Case D2438 Count: 6
Case D2439 Count: 6
Case D2440 Count: 7
Case D2441 Count: 2
Case D2442 Count: 9
Case D2443 Count: 5
Case D2444 Count: 6
Case D2445 Count: 9
Case D2446 Count: 5
Case D2447 Count: 4
Case D2448 Count: 7
Case D2449 Count: 6
Case D2450 Count: 7
Case D2451 Count: 7
Case D2452 Count: 7
Case D2453 Count: 6
Case D2454 Count: 9
Case D2455 Count: 2
Case D2456 Count: 5
Case D2457 Count: 6
Case D2458 Count: 7
Case D2459 Count: 5
Case D2460 Count: 7
Case D2461 Count: 2
Case D2462 Count: 2
Case D2463 Count: 3
Case D2464 Count: 5
Case D2465 Count: 9
Case D2466 Count: 3
Case D2467 Count: 4
Case D2468 Count: 8
Case D2469 Count: 5
Case D2470 Count: 7
Case D2471 Count: 3
Case D2472 Count: 9
Case D2473 Count: 4
Case D2474 Count: 2
Case D2475 Count: 5
Case D2476 Count: 6
Case D2477 Count: 2
Case D2478 Count: 4
Case D2479 Count: 1
Case D2480 Count: 6
Case D2481 Count: 4
Case D2482 Count: 11
Case D2483 Count: 3
Case D2484 Count: 7
Case D2485 Count: 4
Case D2486 Count: 5
Case D2487 Count: 2
Case D2488 Count: 8
Case D2489 Count: 7
Case D2490 Count: 2
Case D2491 Count: 6
Case D2492 Count: 2
Case D2493 Count: 4
Case D2494 Count: 7
Case D2495 Count: 11
Case D2496 Count: 1
Case D2497 Count: 5
Case D2498 Count: 3
Case D2499 Count: 5
Case D2500 Count: 4
Case D2501 Count: 7
Case D2502 Count: 5
Case D2503 Count: 3
Case D2504 Count: 4
Case D2505 Count: 8
Case D2507 Count: 2
Case D2508 Count: 1
Case D2509 Count: 9
Case D2510 Count: 3
Case D2511 Count: 6
Case D2512 Count: 3
Case D2513 Count: 1
Case D2514 Count: 7
Case D2515 Count: 7
Case D2516 Count: 6
Case D2517 Count: 11
Case D2518 Count: 4
Case D2519 Count: 6
Case D2520 Count: 3
Case D2521 Count: 2
Case D2522 Count: 7
Case D2523 Count: 6
Case D2524 Count: 5
Case D2525 Count: 7
Case D2526 Count: 6
Case D2527 Count: 3
Case D2528 Count: 3
Case D2529 Count: 6
Case D2530 Count: 5
Case D2531 Count: 4
Case D2532 Count: 4
Case D2533 Count: 7
Case D2534 Count: 10
Case D2535 Count: 3
Case D2536 Count: 8
Case D2537 Count: 8
Case D2538 Count: 8
Case D2539 Count: 5
Case D2540 Count: 6
Case D2541 Count: 3
Case D2542 Count: 4
Case D2543 Count: 1
Case D2544 Count: 2
Case D2545 Count: 7
Case D2546 Count: 1
Case D2547 Count: 8
Case D2548 Count: 2
Case D2549 Count: 5
Case D2550 Count: 4
Case D2551 Count: 5
Case D2552 Count: 11
Case D2553 Count: 4
Case D2554 Count: 2
Case D2555 Count: 7
Case D2556 Count: 4
Case D2557 Count: 3
Case D2558 Count: 6
Case D2559 Count: 7
Case D2560 Count: 2
Case D2561 Count: 7
Case D2562 Count: 6
Case D2563 Count: 4
Case D2564 Count: 12
Case D2565 Count: 7
Case D2566 Count: 5
Case D2567 Count: 10
Case D2568 Count: 4
Case D2569 Count: 5
Case D2570 Count: 8
Case D2571 Count: 4
Case D2572 Count: 6
Case D2573 Count: 7
Case D2574 Count: 6
Case D2576 Count: 1
Case D2577 Count: 2
Case D2578 Count: 4
Case D2579 Count: 8
Case D2580 Count: 5
Case D2581 Count: 6
Case D2582 Count: 4
Case D2583 Count: 7
Case D2584 Count: 9
Case D2585 Count: 3
Case D2586 Count: 7
Case D2587 Count: 6
Case D2588 Count: 6
Case D2589 Count: 9
Case D2590 Count: 7
Case D2591 Count: 3
Case D2592 Count: 2
Case D2593 Count: 9
Case D2594 Count: 3
Case D2595 Count: 5
Case D2596 Count: 5
Case D2597 Count: 8
Case D2598 Count: 6
Case D2599 Count: 6
Case D2600 Count: 5
Case D2601 Count: 3
Case D2602 Count: 6
Case D2603 Count: 8
Case D2604 Count: 2
Case D2605 Count: 4
Case D2606 Count: 5
Case D2607 Count: 2
Case D2608 Count: 7
Case D2609 Count: 7
Case D2610 Count: 7
Case D2611 Count: 3
Case D2612 Count: 8
Case D2613 Count: 5
Case D2614 Count: 5
Case D2615 Count: 6
Case D2616 Count: 1
Case D2617 Count: 7
Case D2618 Count: 6
Case D2619 Count: 5
Case D2620 Count: 6
Case D2621 Count: 4
Case D2622 Count: 5
Case D2623 Count: 5
Case D2624 Count: 3
Case D2625 Count: 5
Case D2626 Count: 6
Case D2627 Count: 6
Case D2628 Count: 5
Case D2629 Count: 6
Case D2630 Count: 5
Case D2631 Count: 3
Case D2632 Count: 4
Case D2633 Count: 8
Case D2634 Count: 4
Case D2635 Count: 6
Case D2636 Count: 7
Case D2637 Count: 7
Case D2638 Count: 7
Case D2639 Count: 4
Case D2640 Count: 2
Case D2641 Count: 7
Case D2642 Count: 5
Case D2643 Count: 3
Case D2644 Count: 3
Case D2645 Count: 3
Case D2646 Count: 3
Case D2647 Count: 2
Case D2648 Count: 3
Case D2649 Count: 4
Case D2650 Count: 7
Case D2651 Count: 3
Case D2652 Count: 6
Case D2653 Count: 5
Case D2654 Count: 7
Case D2655 Count: 3
Case D2656 Count: 7
Case D2657 Count: 6
Case D2658 Count: 6
Case D2659 Count: 5
Case D2660 Count: 3
Case D2661 Count: 4
Case D2662 Count: 4
Case D2663 Count: 4
Case D2664 Count: 7
Case D2665 Count: 6
Case D2666 Count: 2
Case D2667 Count: 8
Case D2668 Count: 8
Case D2669 Count: 7
Case D2670 Count: 4
Case D2671 Count: 2
Case D2672 Count: 3
Case D2673 Count: 4
Case D2674 Count: 4
Case D2675 Count: 2
Case D2676 Count: 5
Case D2677 Count: 7
Case D2678 Count: 4
Case D2679 Count: 3
Case D2680 Count: 4
Case D2681 Count: 3
Case D2682 Count: 4
Case D2683 Count: 6
Case D2684 Count: 4
Case D2685 Count: 4
Case D2686 Count: 5
Case D2687 Count: 4
Case D2688 Count: 2
Case D2689 Count: 4
Case D2690 Count: 2
Case D2691 Count: 3
Case D2692 Count: 7
Case D2693 Count: 2
Case D2694 Count: 2
Case D2695 Count: 4
Case D2696 Count: 3
Case D2697 Count: 6
Case D2698 Count: 5
Case D2699 Count: 4
Case D2700 Count: 3
Case D2701 Count: 3
Case D2702 Count: 1
Case D2703 Count: 6
Case D2704 Count: 2
Case D2705 Count: 4
Case D2706 Count: 8
Case D2707 Count: 7
Case D2708 Count: 5
Case D2709 Count: 5
Case D2710 Count: 4
Case D2711 Count: 5
Case D2712 Count: 5
Case D2713 Count: 7
Case D2714 Count: 6
Case D2715 Count: 5
Case D2716 Count: 4
Case D2717 Count: 2
Case D2718 Count: 7
Case D2719 Count: 3
Case D2720 Count: 8
Case D2721 Count: 5
Case D2722 Count: 4
Case D2723 Count: 6
Case D2724 Count: 2
Case D2725 Count: 6
Case D2727 Count: 5
Case D2728 Count: 1
Case D2729 Count: 6
Case D2730 Count: 11
Case D2731 Count: 9
Case D2732 Count: 5
Case D2733 Count: 4
Case D2734 Count: 6
Case D2735 Count: 3
Case D2736 Count: 5
Case D2737 Count: 4
Case D2738 Count: 6
Case D2739 Count: 10
Case D2740 Count: 1
Case D2741 Count: 4
Case D2742 Count: 5
Case D2743 Count: 2
Case D2744 Count: 4
Case D2745 Count: 8
Case D2746 Count: 5
Case D2747 Count: 5
Case D2748 Count: 6
Case D2749 Count: 4
Case D2750 Count: 2
Case D2751 Count: 9
Case D2752 Count: 7
Case D2753 Count: 3
Case D2754 Count: 2
Case D2755 Count: 3
Case D2756 Count: 3
Case D2757 Count: 4
Case D2758 Count: 4
Case D2759 Count: 3
Case D2760 Count: 8
Case D2761 Count: 5
Case D2762 Count: 3
Case D2763 Count: 1
Case D2764 Count: 9
Case D2765 Count: 6
Case D2766 Count: 8
Case D2767 Count: 3
Case D2768 Count: 5
Case D2769 Count: 3
Case D2770 Count: 6
Case D2771 Count: 3
Case D2772 Count: 5
Case D2773 Count: 8
Case D2774 Count: 4
Case D2775 Count: 6
Case D2776 Count: 6
Case D2777 Count: 5
Case D2778 Count: 5
Case D2779 Count: 3
Case D2780 Count: 6
Case D2781 Count: 2
Case D2782 Count: 6
Case D2783 Count: 5
Case D2784 Count: 5
Case D2785 Count: 4
Case D2786 Count: 6
Case D2787 Count: 3
Case D2788 Count: 3
Case D2789 Count: 4
Case D2790 Count: 4
Case D2791 Count: 4
Case D2792 Count: 3
Case D2793 Count: 7
Case D2794 Count: 4
Case D2795 Count: 2
Case D2796 Count: 5
Case D2797 Count: 2
Case D2798 Count: 4
Case D2799 Count: 4
Case D2800 Count: 7
Case D2801 Count: 3
Case D2802 Count: 2
Case D2804 Count: 5
Case D2805 Count: 7
Case D2806 Count: 1
Case D2807 Count: 8
Case D2808 Count: 6
Case D2809 Count: 6
Case D2810 Count: 4
Case D2811 Count: 6
Case D2812 Count: 3
Case D2813 Count: 2
Case D2814 Count: 5
Case D2815 Count: 3
Case D2816 Count: 4
Case D2817 Count: 5
Case D2818 Count: 1
Case D2819 Count: 5
Case D2820 Count: 4
Case D2821 Count: 6
Case D2822 Count: 5
Case D2823 Count: 4
Case D2824 Count: 6
Case D2825 Count: 5
Case D2826 Count: 6
Case D2827 Count: 4
Case D2828 Count: 4
Case D2829 Count: 4
Case D2830 Count: 4
Case D2831 Count: 6
Case D2832 Count: 4
Case D2833 Count: 6
Case D2834 Count: 4
Case D2835 Count: 6
Case D2836 Count: 2
Case D2837 Count: 8
Case D2838 Count: 7
Case D2839 Count: 6
Case D2840 Count: 3
Case D2841 Count: 2
Case D2842 Count: 2
Case D2843 Count: 4
Case D2844 Count: 6
Case D2845 Count: 5
Case D2846 Count: 4
Case D2847 Count: 2
Case D2848 Count: 4
Case D2849 Count: 5
Case D2850 Count: 5
Case D2851 Count: 1
Case D2852 Count: 4
Case D2853 Count: 4
Case D2854 Count: 2
Case D2855 Count: 6
Case D2856 Count: 7
Case D2857 Count: 2
Case D2858 Count: 2
Case D2859 Count: 3
Case D2860 Count: 4
Case D2861 Count: 2
Case D2862 Count: 3
Case D2863 Count: 4
Case D2864 Count: 4
Case D2865 Count: 5
Case D2866 Count: 5
Case D2867 Count: 5
Case D2868 Count: 3
Case D2869 Count: 6
Case D2870 Count: 3
Case D2871 Count: 9
Case D2872 Count: 5
Case D2873 Count: 2
Case D2875 Count: 2
Case D2876 Count: 3
Case D2877 Count: 3
Case D2878 Count: 4
Case D2879 Count: 8
Case D2880 Count: 3
Case D2881 Count: 6
Case D2882 Count: 3
Case D2883 Count: 3
Case D2884 Count: 5
Case D2885 Count: 6
Case D2886 Count: 5
Case D2888 Count: 3
Case D2889 Count: 3
Case D2890 Count: 4
Case D2891 Count: 5
Case D2892 Count: 4
Case D2893 Count: 2
Case D2894 Count: 2
Case D2895 Count: 5
Case D2896 Count: 2
Case D2897 Count: 4
Case D2898 Count: 2
Case D2899 Count: 1
Case D2900 Count: 6
Case D2901 Count: 4
Case D2902 Count: 5
Case D2903 Count: 2
Case D2904 Count: 5
Case D2905 Count: 2
Case D2906 Count: 5
Case D2907 Count: 6
Case D2908 Count: 3
Case D2909 Count: 3
Case D2910 Count: 3
Case D2911 Count: 1
Case D2912 Count: 4
Case D2913 Count: 4
Case D2914 Count: 4
Case D2915 Count: 3
Case D2916 Count: 1
Case D2917 Count: 4
Case D2918 Count: 3
Case D2919 Count: 4
Case D2920 Count: 5
Case D2921 Count: 6
Case D2922 Count: 3
Case D2923 Count: 3
Case D2924 Count: 5
Case D2925 Count: 2
Case D2926 Count: 2
Case D2927 Count: 8
Case D2928 Count: 3
Case D2929 Count: 3
Case D2930 Count: 7
Case D2931 Count: 6
Case D2932 Count: 2
Case D2933 Count: 1
Case D2934 Count: 3
Case D2935 Count: 7
Case D2936 Count: 5
Case D2937 Count: 2
Case D2939 Count: 6
Case D2940 Count: 3
Case D2941 Count: 7
Case D2942 Count: 3
Case D2943 Count: 3
Case D2944 Count: 4
Case D2945 Count: 2
Case D2946 Count: 2
Case D2947 Count: 2
Case D2948 Count: 4
Case D2949 Count: 2
Case D2950 Count: 4
Case D2951 Count: 4
Case D2952 Count: 2
Case D2953 Count: 5
Case D2954 Count: 5
Case D2955 Count: 2
Case D2956 Count: 3
Case D2957 Count: 1
Case D2958 Count: 2
Case D2959 Count: 2
Case D2960 Count: 4
Case D2961 Count: 6
Case D2962 Count: 5
Case D2963 Count: 4
Case D2964 Count: 2
Case D2965 Count: 4
Case D2966 Count: 4
Case D2967 Count: 6
Case D2968 Count: 3
Case D2969 Count: 4
Case D2970 Count: 5
Case D2971 Count: 2
Case D2972 Count: 4
Case D2973 Count: 4
Case D2974 Count: 2
Case D2975 Count: 6
Case D2976 Count: 3
Case D2977 Count: 5
Case D2978 Count: 7
Case D2979 Count: 3
Case D2980 Count: 4
Case D2981 Count: 2
Case D2982 Count: 5
Case D2983 Count: 6
Case D2984 Count: 6
Case D2985 Count: 3
Case D2986 Count: 5
Case D2987 Count: 3
Case D2988 Count: 2
Case D2989 Count: 1
Case D2990 Count: 4
Case D2991 Count: 1
Case D2992 Count: 4
Case D2993 Count: 3
Case D2994 Count: 5
Case D2995 Count: 3
Case D2996 Count: 4
Case D2997 Count: 6
Case D2998 Count: 5
Case D2999 Count: 3
Case D3000 Count: 2
Case D3001 Count: 2
Case D3002 Count: 2
Case D3003 Count: 5
Case D3004 Count: 5
Case D3005 Count: 3
Case D3006 Count: 5
Case D3007 Count: 3
Case D3008 Count: 2
Case D3009 Count: 2
Case D3010 Count: 3
Case D3011 Count: 3
Case D3012 Count: 5
Case D3013 Count: 4
Case D3014 Count: 3
Case D3015 Count: 4
Case D3016 Count: 2
Case D3017 Count: 2
Case D3018 Count: 3
Case D3019 Count: 2
Case D3020 Count: 5
Case D3021 Count: 2
Case D3022 Count: 3
Case D3024 Count: 5
Case D3025 Count: 4
Case D3026 Count: 3
Case D3027 Count: 6
Case D3028 Count: 2
Case D3029 Count: 3
Case D3030 Count: 1
Case D3031 Count: 2
Case D3033 Count: 3
Case D3034 Count: 1
Case D3035 Count: 2
Case D3036 Count: 3
Case D3037 Count: 2
Case D3038 Count: 5
Case D3039 Count: 4
Case D3040 Count: 5
Case D3041 Count: 7
Case D3043 Count: 8
Case D3044 Count: 3
Case D3045 Count: 4
Case D3046 Count: 5
Case D3047 Count: 6
Case D3048 Count: 1
Case D3049 Count: 3
Case D3050 Count: 2
Case D3051 Count: 3
Case D3052 Count: 2
Case D3053 Count: 1
Case D3054 Count: 3
Case D3055 Count: 2
Case D3056 Count: 6
Case D3057 Count: 3
Case D3058 Count: 3
Case D3059 Count: 1
Case D3060 Count: 2
Case D3062 Count: 3
Case D3063 Count: 6
Case D3064 Count: 2
Case D3065 Count: 4
Case D3067 Count: 4
Case D3068 Count: 2
Case D3069 Count: 4
Case D3070 Count: 1
Case D3071 Count: 2
Case D3072 Count: 5
Case D3073 Count: 3
Case D3074 Count: 5
Case D3075 Count: 4
Case D3076 Count: 5
Case D3077 Count: 6
Case D3078 Count: 5
Case D3079 Count: 3
Case D3080 Count: 8
Case D3081 Count: 5
Case D3082 Count: 1
Case D3084 Count: 4
Case D3085 Count: 4
Case D3086 Count: 6
Case D3087 Count: 7
Case D3088 Count: 2
Case D3089 Count: 2
Case D3090 Count: 3
Case D3091 Count: 2
Case D3092 Count: 3
Case D3093 Count: 4
Case D3094 Count: 3
Case D3095 Count: 1
Case D3096 Count: 5
Case D3097 Count: 2
Case D3098 Count: 6
Case D3099 Count: 1
Case D3100 Count: 2
Case D3101 Count: 2
Case D3102 Count: 2
Case D3103 Count: 1
Case D3104 Count: 3
Case D3105 Count: 3
Case D3106 Count: 3
Case D3107 Count: 2
Case D3108 Count: 3
Case D3109 Count: 2
Case D3110 Count: 4
Case D3111 Count: 2
Case D3112 Count: 4
Case D3113 Count: 2
Case D3114 Count: 2
Case D3115 Count: 6
Case D3116 Count: 5
Case D3117 Count: 7
Case D3118 Count: 1
Case D3119 Count: 4
Case D3120 Count: 3
Case D3121 Count: 3
Case D3122 Count: 2
Case D3123 Count: 2
Case D3124 Count: 2
Case D3125 Count: 4
Case D3126 Count: 5
Case D3127 Count: 3
Case D3128 Count: 3
Case D3129 Count: 4
Case D3130 Count: 2
Case D3131 Count: 2
Case D3132 Count: 1
Case D3133 Count: 3
Case D3134 Count: 2
Case D3135 Count: 1
Case D3136 Count: 3
Case D3137 Count: 1
Case D3138 Count: 4
Case D3139 Count: 3
Case D3140 Count: 4
Case D3141 Count: 5
Case D3142 Count: 7
Case D3143 Count: 4
Case D3144 Count: 5
Case D3145 Count: 6
Case D3146 Count: 1
Case D3147 Count: 4
Case D3148 Count: 3
Case D3149 Count: 3
Case D3150 Count: 1
Case D3151 Count: 3
Case D3152 Count: 2
Case D3153 Count: 2
Case D3154 Count: 7
Case D3155 Count: 1
Case D3156 Count: 3
Case D3157 Count: 4
Case D3158 Count: 4
Case D3159 Count: 2
Case D3160 Count: 5
Case D3161 Count: 4
Case D3162 Count: 3
Case D3163 Count: 5
Case D3164 Count: 5
Case D3165 Count: 2
Case D3166 Count: 1
Case D3167 Count: 1
Case D3168 Count: 7
Case D3169 Count: 2
Case D3170 Count: 6
Case D3171 Count: 3
Case D3172 Count: 4
Case D3173 Count: 8
Case D3174 Count: 3
Case D3175 Count: 1
Case D3176 Count: 2
Case D3177 Count: 3
Case D3178 Count: 1
Case D3179 Count: 2
Case D3181 Count: 1
Case D3182 Count: 2
Case D3184 Count: 4
Case D3185 Count: 3
Case D3186 Count: 3
Case D3187 Count: 2
Case D3188 Count: 2
Case D3189 Count: 3
Case D3190 Count: 3
Case D3192 Count: 5
Case D3193 Count: 1
Case D3194 Count: 5
Case D3195 Count: 3
Case D3196 Count: 4
Case D3197 Count: 5
Case D3198 Count: 1
Case D3199 Count: 4
Case D3200 Count: 2
Case D3201 Count: 2
Case D3202 Count: 3
Case D3203 Count: 1
Case D3204 Count: 3
Case D3205 Count: 4
Case D3206 Count: 1
Case D3207 Count: 5
Case D3209 Count: 2
Case D3210 Count: 1
Case D3211 Count: 3
Case D3212 Count: 1
Case D3213 Count: 3
Case D3214 Count: 3
Case D3215 Count: 1
Case D3216 Count: 1
Case D3217 Count: 4
Case D3218 Count: 3
Case D3219 Count: 2
Case D3220 Count: 1
Case D3221 Count: 7
Case D3222 Count: 3
Case D3223 Count: 6
Case D3224 Count: 1
Case D3225 Count: 2
Case D3226 Count: 2
Case D3227 Count: 4
Case D3228 Count: 4
Case D3229 Count: 5
Case D3230 Count: 2
Case D3231 Count: 2
Case D3232 Count: 2
Case D3233 Count: 3
Case D3234 Count: 1
Case D3235 Count: 1
Case D3236 Count: 3
Case D3238 Count: 4
Case D3239 Count: 3
Case D3240 Count: 5
Case D3241 Count: 4
Case D3242 Count: 4
Case D3243 Count: 4
Case D3244 Count: 3
Case D3245 Count: 4
Case D3246 Count: 3
Case D3247 Count: 3
Case D3248 Count: 2
Case D3249 Count: 2
Case D3250 Count: 3
Case D3251 Count: 2
Case D3252 Count: 6
Case D3253 Count: 3
Case D3254 Count: 2
Case D3255 Count: 2
Case D3256 Count: 5
Case D3257 Count: 1
Case D3258 Count: 4
Case D3259 Count: 6
Case D3260 Count: 2
Case D3261 Count: 4
Case D3262 Count: 4
Case D3263 Count: 2
Case D3264 Count: 5
Case D3265 Count: 4
Case D3266 Count: 1
Case D3267 Count: 3
Case D3268 Count: 2
Case D3269 Count: 4
Case D3270 Count: 6
Case D3271 Count: 1
Case D3272 Count: 4
Case D3273 Count: 2
Case D3274 Count: 3
Case D3275 Count: 2
Case D3276 Count: 5
Case D3277 Count: 3
Case D3278 Count: 3
Case D3279 Count: 2
Case D3280 Count: 2
Case D3281 Count: 4
Case D3282 Count: 3
Case D3283 Count: 4
Case D3284 Count: 3
Case D3285 Count: 2
Case D3286 Count: 3
Case D3287 Count: 3
Case D3288 Count: 3
Case D3289 Count: 4
Case D3290 Count: 4
Case D3291 Count: 2
Case D3292 Count: 2
Case D3293 Count: 4
Case D3294 Count: 3
Case D3295 Count: 4
Case D3296 Count: 3
Case D3297 Count: 5
Case D3299 Count: 1
Case D3300 Count: 1
Case D3301 Count: 5
Case D3302 Count: 3
Case D3303 Count: 3
Case D3304 Count: 6
Case D3305 Count: 6
Case D3306 Count: 5
Case D3307 Count: 1
Case D3308 Count: 7
Case D3309 Count: 3
Case D3310 Count: 5
Case D3311 Count: 1
Case D3312 Count: 3
Case D3313 Count: 2
Case D3314 Count: 2
Case D3315 Count: 3
Case D3316 Count: 2
Case D3317 Count: 5
Case D3318 Count: 2
Case D3319 Count: 2
Case D3320 Count: 1
Case D3321 Count: 1
Case D3322 Count: 3
Case D3323 Count: 5
Case D3324 Count: 3
Case D3325 Count: 2
Case D3326 Count: 2
Case D3327 Count: 3
Case D3328 Count: 1
Case D3329 Count: 4
Case D3330 Count: 2
Case D3331 Count: 2
Case D3332 Count: 2
Case D3333 Count: 4
Case D3334 Count: 2
Case D3335 Count: 3
Case D3336 Count: 5
Case D3337 Count: 3
Case D3338 Count: 2
Case D3339 Count: 9
Case D3340 Count: 3
Case D3341 Count: 4
Case D3342 Count: 1
Case D3343 Count: 3
Case D3344 Count: 4
Case D3345 Count: 5
Case D3346 Count: 2
Case D3347 Count: 3
Case D3348 Count: 3
Case D3349 Count: 3
Case D3350 Count: 3
Case D3351 Count: 8
Case D3352 Count: 5
Case D3353 Count: 4
Case D3354 Count: 4
Case D3355 Count: 5
Case D3356 Count: 4
Case D3357 Count: 3
Case D3358 Count: 5
Case D3359 Count: 3
Case D3360 Count: 4
Case D3361 Count: 6
Case D3363 Count: 5
Case D3364 Count: 4
Case D3365 Count: 4
Case D3366 Count: 4
Case D3367 Count: 2
Case D3368 Count: 3
Case D3369 Count: 4
Case D3370 Count: 3
Case D3371 Count: 2
Case D3372 Count: 5
Case D3373 Count: 1
Case D3374 Count: 4
Case D3375 Count: 1
Case D3376 Count: 6
Case D3377 Count: 3
Case D3378 Count: 3
Case D3379 Count: 4
Case D3381 Count: 2
Case D3382 Count: 2
Case D3383 Count: 1
Case D3384 Count: 3
Case D3385 Count: 3
Case D3386 Count: 5
Case D3387 Count: 2
Case D3388 Count: 3
Case D3389 Count: 6
Case D3390 Count: 3
Case D3391 Count: 2
Case D3392 Count: 2
Case D3393 Count: 3
Case D3394 Count: 1
Case D3395 Count: 1
Case D3396 Count: 2
Case D3397 Count: 3
Case D3398 Count: 2
Case D3399 Count: 2
Case D3400 Count: 2
Case D3401 Count: 4
Case D3402 Count: 3
Case D3403 Count: 3
Case D3404 Count: 3
Case D3405 Count: 5
Case D3406 Count: 1
Case D3407 Count: 5
Case D3408 Count: 6
Case D3409 Count: 3
Case D3411 Count: 6
Case D3412 Count: 8
Case D3413 Count: 2
Case D3414 Count: 2
Case D3415 Count: 4
Case D3416 Count: 6
Case D3417 Count: 4
Case D3419 Count: 4
Case D3420 Count: 3
Case D3421 Count: 4
Case D3422 Count: 3
Case D3423 Count: 1
Case D3424 Count: 2
Case D3425 Count: 1
Case D3427 Count: 5
Case D3428 Count: 6
Case D3429 Count: 3
Case D3430 Count: 4
Case D3431 Count: 2
Case D3432 Count: 6
Case D3433 Count: 3
Case D3434 Count: 2
Case D3435 Count: 4
Case D3436 Count: 3
Case D3437 Count: 1
Case D3438 Count: 3
Case D3440 Count: 3
Case D3441 Count: 3
Case D3442 Count: 5
Case D3443 Count: 3
Case D3444 Count: 3
Case D3445 Count: 7
Case D3446 Count: 2
Case D3447 Count: 2
Case D3449 Count: 2
Case D3450 Count: 2
Case D3451 Count: 1
Case D3452 Count: 2
Case D3453 Count: 2
Case D3454 Count: 2
Case D3455 Count: 3
Case D3456 Count: 3
Case D3457 Count: 2
Case D3458 Count: 3
Case D3459 Count: 1
Case D3460 Count: 1
Case D3461 Count: 6
Case D3462 Count: 3
Case D3464 Count: 1
Case D3465 Count: 1
Case D3466 Count: 6
Case D3467 Count: 2
Case D3468 Count: 1
Case D3469 Count: 2
Case D3470 Count: 3
Case D3471 Count: 3
Case D3472 Count: 1
Case D3473 Count: 4
Case D3474 Count: 3
Case D3477 Count: 2
Case D3478 Count: 4
Case D3479 Count: 3
Case D3480 Count: 5
Case D3481 Count: 3
Case D3482 Count: 3
Case D3483 Count: 2
Case D3484 Count: 2
Case D3485 Count: 1
Case D3486 Count: 3
Case D3488 Count: 6
Case D3489 Count: 4
Case D3490 Count: 2
Case D3491 Count: 2
Case D3492 Count: 1
Case D3493 Count: 3
Case D3494 Count: 4
Case D3495 Count: 2
Case D3496 Count: 7
Case D3497 Count: 2
Case D3498 Count: 2
Case D3499 Count: 2
Case D3500 Count: 1
Case D3501 Count: 2
Case D3502 Count: 1
Case D3503 Count: 1
Case D3504 Count: 3
Case D3505 Count: 4
Case D3506 Count: 2
Case D3507 Count: 1
Case D3508 Count: 3
Case D3509 Count: 4
Case D3510 Count: 2
Case D3511 Count: 1
Case D3513 Count: 3
Case D3514 Count: 2
Case D3515 Count: 1
Case D3516 Count: 3
Case D3517 Count: 5
Case D3518 Count: 1
Case D3519 Count: 2
Case D3520 Count: 3
Case D3521 Count: 1
Case D3522 Count: 3
Case D3523 Count: 1
Case D3524 Count: 4
Case D3525 Count: 2
Case D3526 Count: 1
Case D3527 Count: 1
Case D3528 Count: 3
Case D3529 Count: 4
Case D3532 Count: 2
Case D3533 Count: 5
Case D3534 Count: 3
Case D3535 Count: 5
Case D3536 Count: 2
Case D3537 Count: 1
Case D3538 Count: 5
Case D3539 Count: 2
Case D3540 Count: 6
Case D3541 Count: 2
Case D3542 Count: 4
Case D3543 Count: 1
Case D3544 Count: 1
Case D3545 Count: 1
Case D3546 Count: 4
Case D3547 Count: 3
Case D3548 Count: 2
Case D3549 Count: 1
Case D3550 Count: 2
Case D3551 Count: 4
Case D3552 Count: 4
Case D3553 Count: 1
Case D3554 Count: 2
Case D3555 Count: 2
Case D3556 Count: 1
Case D3557 Count: 2
Case D3558 Count: 4
Case D3559 Count: 2
Case D3560 Count: 5
Case D3561 Count: 3
Case D3562 Count: 3
Case D3563 Count: 2
Case D3565 Count: 4
Case D3566 Count: 5
Case D3567 Count: 2
Case D3568 Count: 2
Case D3569 Count: 1
Case D3571 Count: 2
Case D3572 Count: 4
Case D3573 Count: 1
Case D3574 Count: 7
Case D3575 Count: 1
Case D3576 Count: 2
Case D3577 Count: 3
Case D3578 Count: 1
Case D3579 Count: 1
Case D3580 Count: 2
Case D3581 Count: 1
Case D3582 Count: 2
Case D3584 Count: 2
Case D3585 Count: 4
Case D3586 Count: 2
Case D3587 Count: 2
Case D3588 Count: 4
Case D3590 Count: 4
Case D3591 Count: 3
Case D3592 Count: 3
Case D3593 Count: 2
Case D3595 Count: 3
Case D3596 Count: 1
Case D3597 Count: 4
Case D3598 Count: 4
Case D3599 Count: 1
Case D3600 Count: 5
Case D3601 Count: 3
Case D3602 Count: 1
Case D3603 Count: 5
Case D3604 Count: 2
Case D3605 Count: 2
Case D3606 Count: 3
Case D3607 Count: 4
Case D3608 Count: 2
Case D3609 Count: 2
Case D3610 Count: 5
Case D3611 Count: 1
Case D3612 Count: 2
Case D3613 Count: 3
Case D3614 Count: 4
Case D3615 Count: 4
Case D3616 Count: 1
Case D3617 Count: 1
Case D3618 Count: 2
Case D3619 Count: 1
Case D3621 Count: 4
Case D3622 Count: 5
Case D3623 Count: 3
Case D3624 Count: 1
Case D3625 Count: 2
Case D3626 Count: 3
Case D3627 Count: 4
Case D3628 Count: 3
Case D3629 Count: 3
Case D3630 Count: 2
Case D3632 Count: 4
Case D3633 Count: 1
Case D3634 Count: 2
Case D3635 Count: 6
Case D3636 Count: 1
Case D3637 Count: 3
Case D3638 Count: 3
Case D3639 Count: 1
Case D3640 Count: 1
Case D3641 Count: 4
Case D3642 Count: 5
Case D3643 Count: 3
Case D3644 Count: 2
Case D3645 Count: 2
Case D3646 Count: 4
Case D3647 Count: 1
Case D3648 Count: 4
Case D3650 Count: 4
Case D3651 Count: 3
Case D3652 Count: 3
Case D3653 Count: 1
Case D3655 Count: 8
Case D3656 Count: 4
Case D3657 Count: 3
Case D3658 Count: 3
Case D3659 Count: 4
Case D3660 Count: 4
Case D3661 Count: 3
Case D3663 Count: 1
Case D3664 Count: 5
Case D3665 Count: 1
Case D3666 Count: 1
Case D3667 Count: 2
Case D3668 Count: 2
Case D3669 Count: 2
Case D3670 Count: 4
Case D3671 Count: 3
Case D3672 Count: 5
Case D3673 Count: 3
Case D3674 Count: 4
Case D3675 Count: 1
Case D3676 Count: 3
Case D3677 Count: 1
Case D3678 Count: 5
Case D3679 Count: 5
Case D3680 Count: 1
Case D3681 Count: 1
Case D3682 Count: 2
Case D3683 Count: 2
Case D3684 Count: 2
Case D3685 Count: 1
Case D3686 Count: 3
Case D3687 Count: 3
Case D3689 Count: 1
Case D3690 Count: 2
Case D3691 Count: 7
Case D3692 Count: 2
Case D3693 Count: 4
Case D3694 Count: 2
Case D3696 Count: 1
Case D3698 Count: 1
Case D3699 Count: 2
Case D3700 Count: 2
Case D3701 Count: 4
Case D3703 Count: 3
Case D3705 Count: 1
Case D3706 Count: 2
Case D3707 Count: 4
Case D3708 Count: 2
Case D3709 Count: 1
Case D3710 Count: 8
Case D3711 Count: 3
Case D3712 Count: 4
Case D3713 Count: 3
Case D3715 Count: 4
Case D3716 Count: 2
Case D3717 Count: 2
Case D3718 Count: 3
Case D3719 Count: 1
Case D3720 Count: 5
Case D3721 Count: 2
Case D3722 Count: 2
Case D3723 Count: 3
Case D3724 Count: 1
Case D3725 Count: 3
Case D3726 Count: 3
Case D3727 Count: 1
Case D3728 Count: 4
Case D3729 Count: 2
Case D3730 Count: 1
Case D3732 Count: 1
Case D3733 Count: 1
Case D3734 Count: 1
Case D3735 Count: 1
Case D3736 Count: 3
Case D3737 Count: 2
Case D3738 Count: 7
Case D3739 Count: 5
Case D3740 Count: 3
Case D3741 Count: 2
Case D3743 Count: 3
Case D3744 Count: 2
Case D3745 Count: 1
Case D3746 Count: 6
Case D3748 Count: 3
Case D3749 Count: 2
Case D3750 Count: 1
Case D3751 Count: 2
Case D3752 Count: 6
Case D3753 Count: 2
Case D3754 Count: 1
Case D3755 Count: 2
Case D3756 Count: 4
Case D3757 Count: 4
Case D3758 Count: 1
Case D3760 Count: 2
Case D3761 Count: 2
Case D3762 Count: 1
Case D3763 Count: 3
Case D3765 Count: 1
Case D3766 Count: 3
Case D3767 Count: 2
Case D3768 Count: 2
Case D3769 Count: 3
Case D3771 Count: 3
Case D3772 Count: 4
Case D3773 Count: 1
Case D3774 Count: 1
Case D3775 Count: 2
Case D3776 Count: 3
Case D3777 Count: 5
Case D3778 Count: 2
Case D3779 Count: 5
Case D3780 Count: 3
Case D3781 Count: 4
Case D3782 Count: 1
Case D3783 Count: 1
Case D3784 Count: 2
Case D3785 Count: 2
Case D3786 Count: 2
Case D3787 Count: 1
Case D3789 Count: 5
Case D3790 Count: 2
Case D3791 Count: 2
Case D3792 Count: 1
Case D3793 Count: 5
Case D3794 Count: 4
Case D3795 Count: 2
Case D3796 Count: 3
Case D3797 Count: 4
Case D3798 Count: 4
Case D3799 Count: 4
Case D3800 Count: 2
Case D3801 Count: 4
Case D3802 Count: 2
Case D3803 Count: 3
Case D3804 Count: 4
Case D3805 Count: 3
Case D3806 Count: 4
Case D3807 Count: 4
Case D3808 Count: 1
Case D3809 Count: 6
Case D3810 Count: 2
Case D3811 Count: 2
Case D3812 Count: 2
Case D3813 Count: 5
Case D3814 Count: 1
Case D3815 Count: 1
Case D3816 Count: 2
Case D3817 Count: 3
Case D3819 Count: 4
Case D3821 Count: 5
Case D3822 Count: 2
Case D3823 Count: 1
Case D3825 Count: 1
Case D3826 Count: 6
Case D3827 Count: 3
Case D3828 Count: 2
Case D3829 Count: 3
Case D3830 Count: 7
Case D3832 Count: 1
Case D3834 Count: 3
Case D3835 Count: 4
Case D3836 Count: 1
Case D3837 Count: 2
Case D3839 Count: 2
Case D3840 Count: 2
Case D3841 Count: 1
Case D3842 Count: 4
Case D3843 Count: 5
Case D3844 Count: 2
Case D3845 Count: 2
Case D3846 Count: 1
Case D3847 Count: 3
Case D3848 Count: 2
Case D3849 Count: 1
Case D3850 Count: 3
Case D3851 Count: 3
Case D3852 Count: 2
Case D3853 Count: 2
Case D3854 Count: 3
Case D3855 Count: 2
Case D3856 Count: 2
Case D3857 Count: 1
Case D3860 Count: 6
Case D3861 Count: 3
Case D3862 Count: 1
Case D3863 Count: 2
Case D3864 Count: 2
Case D3865 Count: 3
Case D3866 Count: 2
Case D3867 Count: 3
Case D3868 Count: 2
Case D3869 Count: 2
Case D3870 Count: 2
Case D3871 Count: 1
Case D3872 Count: 2
Case D3873 Count: 2
Case D3874 Count: 4
Case D3875 Count: 3
Case D3876 Count: 4
Case D3879 Count: 2
Case D3880 Count: 2
Case D3881 Count: 1
Case D3882 Count: 2
Case D3883 Count: 5
Case D3884 Count: 3
Case D3885 Count: 2
Case D3886 Count: 1
Case D3887 Count: 2
Case D3888 Count: 3
Case D3889 Count: 1
Case D3891 Count: 2
Case D3892 Count: 4
Case D3893 Count: 2
Case D3894 Count: 3
Case D3895 Count: 2
Case D3896 Count: 3
Case D3897 Count: 3
Case D3899 Count: 2
Case D3900 Count: 2
Case D3902 Count: 1
Case D3903 Count: 3
Case D3904 Count: 1
Case D3905 Count: 3
Case D3907 Count: 3
Case D3908 Count: 2
Case D3909 Count: 2
Case D3911 Count: 3
Case D3912 Count: 5
Case D3913 Count: 1
Case D3914 Count: 2
Case D3916 Count: 3
Case D3917 Count: 2
Case D3918 Count: 2
Case D3919 Count: 1
Case D3920 Count: 2
Case D3921 Count: 3
Case D3922 Count: 2
Case D3923 Count: 4
Case D3924 Count: 3
Case D3925 Count: 3
Case D3926 Count: 5
Case D3928 Count: 1
Case D3931 Count: 2
Case D3932 Count: 3
Case D3933 Count: 2
Case D3934 Count: 2
Case D3935 Count: 1
Case D3936 Count: 2
Case D3937 Count: 3
Case D3938 Count: 1
Case D3939 Count: 2
Case D3940 Count: 2
Case D3942 Count: 1
Case D3943 Count: 1
Case D3944 Count: 3
Case D3945 Count: 1
Case D3947 Count: 3
Case D3948 Count: 1
Case D3949 Count: 2
Case D3950 Count: 3
Case D3952 Count: 3
Case D3953 Count: 2
Case D3954 Count: 2
Case D3956 Count: 1
Case D3957 Count: 1
Case D3958 Count: 4
Case D3959 Count: 1
Case D3961 Count: 2
Case D3962 Count: 1
Case D3963 Count: 2
Case D3964 Count: 1
Case D3965 Count: 5
Case D3966 Count: 1
Case D3967 Count: 2
Case D3968 Count: 3
Case D3970 Count: 1
Case D3971 Count: 3
Case D3972 Count: 2
Case D3973 Count: 1
Case D3974 Count: 1
Case D3975 Count: 1
Case D3976 Count: 1
Case D3977 Count: 5
Case D3978 Count: 2
Case D3979 Count: 3
Case D3982 Count: 2
Case D3983 Count: 2
Case D3984 Count: 1
Case D3985 Count: 1
Case D3986 Count: 3
Case D3987 Count: 1
Case D3988 Count: 2
Case D3990 Count: 1
Case D3992 Count: 2
Case D3994 Count: 2
Case D3995 Count: 3
Case D3996 Count: 2
Case D3997 Count: 2
Case D3998 Count: 1
Case D3999 Count: 1
Case D4000 Count: 2
Case D4001 Count: 2
Case D4002 Count: 2
Case D4003 Count: 2
Case D4004 Count: 3
Case D4005 Count: 1
Case D4006 Count: 4
Case D4007 Count: 2
Case D4008 Count: 3
Case D4009 Count: 4
Case D4010 Count: 3
Case D4011 Count: 2
Case D4012 Count: 1
Case D4013 Count: 3
Case D4014 Count: 3
Case D4015 Count: 3
Case D4017 Count: 1
Case D4018 Count: 4
Case D4019 Count: 3
Case D4021 Count: 1
Case D4022 Count: 2
Case D4023 Count: 3
Case D4024 Count: 2
Case D4025 Count: 2
Case D4026 Count: 1
Case D4027 Count: 4
Case D4028 Count: 1
Case D4029 Count: 2
Case D4030 Count: 1
Case D4031 Count: 1
Case D4032 Count: 4
Case D4033 Count: 4
Case D4034 Count: 3
Case D4035 Count: 3
Case D4036 Count: 1
Case D4037 Count: 2
Case D4038 Count: 2
Case D4040 Count: 2
Case D4041 Count: 1
Case D4042 Count: 3
Case D4043 Count: 2
Case D4045 Count: 2
Case D4046 Count: 2
Case D4047 Count: 2
Case D4048 Count: 2
Case D4049 Count: 2
Case D4051 Count: 2
Case D4052 Count: 4
Case D4053 Count: 1
Case D4054 Count: 2
Case D4055 Count: 1
Case D4056 Count: 1
Case D4057 Count: 4
Case D4058 Count: 1
Case D4059 Count: 1
Case D4060 Count: 2
Case D4061 Count: 2
Case D4062 Count: 3
Case D4063 Count: 4
Case D4065 Count: 5
Case D4067 Count: 3
Case D4069 Count: 3
Case D4070 Count: 4
Case D4071 Count: 3
Case D4072 Count: 1
Case D4073 Count: 3
Case D4074 Count: 1
Case D4075 Count: 4
Case D4076 Count: 2
Case D4077 Count: 2
Case D4078 Count: 3
Case D4079 Count: 2
Case D4080 Count: 3
Case D4082 Count: 1
Case D4083 Count: 1
Case D4085 Count: 1
Case D4086 Count: 2
Case D4087 Count: 2
Case D4088 Count: 2
Case D4089 Count: 4
Case D4090 Count: 1
Case D4091 Count: 4
Case D4092 Count: 2
Case D4093 Count: 1
Case D4094 Count: 2
Case D4095 Count: 1
Case D4096 Count: 5
Case D4097 Count: 1
Case D4098 Count: 4
Case D4099 Count: 1
Case D4100 Count: 5
Case D4101 Count: 1
Case D4102 Count: 5
Case D4103 Count: 3
Case D4105 Count: 1
Case D4108 Count: 5
Case D4109 Count: 1
Case D4110 Count: 1
Case D4112 Count: 2
Case D4113 Count: 1
Case D4114 Count: 4
Case D4115 Count: 1
Case D4116 Count: 2
Case D4117 Count: 1
Case D4118 Count: 2
Case D4120 Count: 2
Case D4121 Count: 1
Case D4122 Count: 2
Case D4123 Count: 4
Case D4124 Count: 2
Case D4127 Count: 1
Case D4128 Count: 1
Case D4129 Count: 4
Case D4131 Count: 3
Case D4133 Count: 4
Case D4134 Count: 4
Case D4136 Count: 3
Case D4139 Count: 4
Case D4140 Count: 3
Case D4141 Count: 2
Case D4142 Count: 2
Case D4143 Count: 1
Case D4144 Count: 2
Case D4145 Count: 3
Case D4146 Count: 1
Case D4147 Count: 3
Case D4148 Count: 2
Case D4150 Count: 5
Case D4151 Count: 1
Case D4152 Count: 1
Case D4153 Count: 5
Case D4154 Count: 3
Case D4155 Count: 7
Case D4157 Count: 1
Case D4158 Count: 1
Case D4159 Count: 2
Case D4160 Count: 4
Case D4162 Count: 2
Case D4163 Count: 4
Case D4164 Count: 1
Case D4165 Count: 1
Case D4166 Count: 2
Case D4167 Count: 1
Case D4168 Count: 2
Case D4169 Count: 3
Case D4170 Count: 1
Case D4171 Count: 1
Case D4172 Count: 2
Case D4173 Count: 2
Case D4174 Count: 3
Case D4175 Count: 3
Case D4176 Count: 2
Case D4177 Count: 1
Case D4178 Count: 2
Case D4179 Count: 8
Case D4180 Count: 3
Case D4183 Count: 5
Case D4184 Count: 2
Case D4185 Count: 5
Case D4186 Count: 1
Case D4187 Count: 3
Case D4188 Count: 2
Case D4189 Count: 6
Case D4190 Count: 2
Case D4191 Count: 1
Case D4192 Count: 2
Case D4193 Count: 1
Case D4194 Count: 3
Case D4195 Count: 4
Case D4196 Count: 2
Case D4197 Count: 1
Case D4198 Count: 2
Case D4199 Count: 2
Case D4201 Count: 1
Case D4203 Count: 4
Case D4204 Count: 1
Case D4205 Count: 2
Case D4206 Count: 4
Case D4207 Count: 1
Case D4208 Count: 2
Case D4209 Count: 2
Case D4210 Count: 3
Case D4211 Count: 5
Case D4212 Count: 1
Case D4213 Count: 2
Case D4214 Count: 4
Case D4215 Count: 2
Case D4216 Count: 2
Case D4217 Count: 3
Case D4218 Count: 3
Case D4219 Count: 2
Case D4220 Count: 1
Case D4221 Count: 3
Case D4223 Count: 3
Case D4224 Count: 1
Case D4225 Count: 2
Case D4228 Count: 3
Case D4230 Count: 2
Case D4231 Count: 3
Case D4232 Count: 3
Case D4233 Count: 1
Case D4234 Count: 3
Case D4235 Count: 1
Case D4236 Count: 4
Case D4237 Count: 4
Case D4238 Count: 2
Case D4239 Count: 1
Case D4241 Count: 1
Case D4242 Count: 2
Case D4243 Count: 1
Case D4245 Count: 1
Case D4246 Count: 3
Case D4247 Count: 2
Case D4248 Count: 3
Case D4249 Count: 1
Case D4250 Count: 4
Case D4251 Count: 2
Case D4252 Count: 2
Case D4253 Count: 1
Case D4254 Count: 1
Case D4255 Count: 2
Case D4257 Count: 2
Case D4258 Count: 4
Case D4259 Count: 6
Case D4260 Count: 3
Case D4261 Count: 1
Case D4262 Count: 5
Case D4264 Count: 2
Case D4266 Count: 3
Case D4267 Count: 2
Case D4268 Count: 2
Case D4269 Count: 1
Case D4270 Count: 5
Case D4271 Count: 1
Case D4272 Count: 3
Case D4273 Count: 1
Case D4274 Count: 3
Case D4275 Count: 1
Case D4276 Count: 3
Case D4277 Count: 2
Case D4279 Count: 3
Case D4280 Count: 1
Case D4281 Count: 3
Case D4282 Count: 1
Case D4283 Count: 3
Case D4284 Count: 1
Case D4285 Count: 4
Case D4286 Count: 3
Case D4287 Count: 1
Case D4288 Count: 1
Case D4289 Count: 1
Case D4291 Count: 2
Case D4293 Count: 5
Case D4294 Count: 4
Case D4295 Count: 2
Case D4296 Count: 1
Case D4297 Count: 2
Case D4298 Count: 1
Case D4299 Count: 1
Case D4301 Count: 2
Case D4302 Count: 1
Case D4303 Count: 3
Case D4304 Count: 3
Case D4305 Count: 1
Case D4306 Count: 1
Case D4307 Count: 3
Case D4308 Count: 1
Case D4309 Count: 4
Case D4311 Count: 1
Case D4312 Count: 1
Case D4313 Count: 3
Case D4315 Count: 1
Case D4317 Count: 3
Case D4318 Count: 2
Case D4319 Count: 3
Case D4321 Count: 3
Case D4322 Count: 3
Case D4323 Count: 2
Case D4324 Count: 4
Case D4325 Count: 1
Case D4326 Count: 2
Case D4327 Count: 2
Case D4328 Count: 2
Case D4329 Count: 1
Case D4330 Count: 4
Case D4333 Count: 3
Case D4334 Count: 4
Case D4335 Count: 2
Case D4336 Count: 2
Case D4337 Count: 1
Case D4338 Count: 3
Case D4340 Count: 1
Case D4341 Count: 1
Case D4342 Count: 2
Case D4343 Count: 2
Case D4344 Count: 1
Case D4345 Count: 1
Case D4347 Count: 2
Case D4348 Count: 1
Case D4349 Count: 2
Case D4351 Count: 2
Case D4353 Count: 1
Case D4354 Count: 2
Case D4357 Count: 1
Case D4358 Count: 4
Case D4359 Count: 1
Case D4360 Count: 3
Case D4361 Count: 3
Case D4363 Count: 1
Case D4364 Count: 2
Case D4365 Count: 1
Case D4366 Count: 2
Case D4369 Count: 2
Case D4370 Count: 1
Case D4371 Count: 2
Case D4372 Count: 1
Case D4373 Count: 4
Case D4374 Count: 3
Case D4375 Count: 2
Case D4376 Count: 2
Case D4377 Count: 1
Case D4378 Count: 2
Case D4379 Count: 3
Case D4380 Count: 2
Case D4381 Count: 1
Case D4382 Count: 1
Case D4383 Count: 2
Case D4384 Count: 3
Case D4385 Count: 2
Case D4388 Count: 3
Case D4390 Count: 4
Case D4391 Count: 1
Case D4392 Count: 1
Case D4393 Count: 1
Case D4394 Count: 2
Case D4395 Count: 1
Case D4396 Count: 3
Case D4397 Count: 3
Case D4398 Count: 3
Case D4399 Count: 2
Case D4400 Count: 4
Case D4401 Count: 2
Case D4404 Count: 3
Case D4405 Count: 3
Case D4406 Count: 2
Case D4407 Count: 2
Case D4408 Count: 2
Case D4409 Count: 1
Case D4411 Count: 2
Case D4412 Count: 2
Case D4413 Count: 1
Case D4414 Count: 3
Case D4415 Count: 1
Case D4416 Count: 1
Case D4417 Count: 1
Case D4418 Count: 2
Case D4419 Count: 2
Case D4420 Count: 1
Case D4421 Count: 1
Case D4422 Count: 3
Case D4424 Count: 2
Case D4427 Count: 1
Case D4429 Count: 2
Case D4430 Count: 1
Case D4431 Count: 4
Case D4432 Count: 2
Case D4433 Count: 1
Case D4434 Count: 1
Case D4435 Count: 2
Case D4436 Count: 4
Case D4437 Count: 1
Case D4438 Count: 1
Case D4440 Count: 4
Case D4441 Count: 1
Case D4442 Count: 1
Case D4443 Count: 3
Case D4444 Count: 3
Case D4445 Count: 1
Case D4447 Count: 3
Case D4448 Count: 1
Case D4449 Count: 1
Case D4450 Count: 2
Case D4451 Count: 2
Case D4452 Count: 3
Case D4454 Count: 2
Case D4455 Count: 3
Case D4456 Count: 3
Case D4458 Count: 1
Case D4459 Count: 2
Case D4460 Count: 1
Case D4461 Count: 3
Case D4462 Count: 1
Case D4464 Count: 1
Case D4465 Count: 3
Case D4468 Count: 1
Case D4469 Count: 1
Case D4470 Count: 1
Case D4471 Count: 2
Case D4472 Count: 3
Case D4473 Count: 3
Case D4474 Count: 5
Case D4475 Count: 3
Case D4476 Count: 2
Case D4477 Count: 1
Case D4478 Count: 2
Case D4479 Count: 1
Case D4480 Count: 2
Case D4481 Count: 1
Case D4483 Count: 2
Case D4484 Count: 2
Case D4485 Count: 2
Case D4486 Count: 4
Case D4487 Count: 1
Case D4488 Count: 2
Case D4489 Count: 3
Case D4490 Count: 3
Case D4491 Count: 1
Case D4492 Count: 1
Case D4493 Count: 1
Case D4494 Count: 2
Case D4495 Count: 3
Case D4496 Count: 1
Case D4497 Count: 6
Case D4498 Count: 2
Case D4499 Count: 3
Case D4500 Count: 2
Case D4501 Count: 4
Case D4503 Count: 2
Case D4504 Count: 1
Case D4505 Count: 3
Case D4506 Count: 2
Case D4507 Count: 2
Case D4508 Count: 1
Case D4509 Count: 2
Case D4510 Count: 1
Case D4511 Count: 3
Case D4514 Count: 2
Case D4515 Count: 3
Case D4516 Count: 1
Case D4517 Count: 2
Case D4518 Count: 4
Case D4519 Count: 1
Case D4520 Count: 1
Case D4525 Count: 4
Case D4527 Count: 1
Case D4528 Count: 1
Case D4529 Count: 3
Case D4530 Count: 4
Case D4534 Count: 1
Case D4535 Count: 1
Case D4536 Count: 4
Case D4537 Count: 1
Case D4538 Count: 3
Case D4540 Count: 1
Case D4541 Count: 1
Case D4542 Count: 1
Case D4544 Count: 1
Case D4545 Count: 3
Case D4546 Count: 1
Case D4547 Count: 3
Case D4548 Count: 1
Case D4549 Count: 1
Case D4550 Count: 1
Case D4551 Count: 4
Case D4552 Count: 1
Case D4553 Count: 1
Case D4554 Count: 7
Case D4556 Count: 4
Case D4557 Count: 1
Case D4558 Count: 3
Case D4559 Count: 2
Case D4560 Count: 1
Case D4561 Count: 1
Case D4562 Count: 1
Case D4563 Count: 1
Case D4564 Count: 1
Case D4566 Count: 2
Case D4567 Count: 1
Case D4568 Count: 2
Case D4569 Count: 4
Case D4570 Count: 1
Case D4571 Count: 1
Case D4572 Count: 1
Case D4574 Count: 3
Case D4575 Count: 2
Case D4576 Count: 1
Case D4577 Count: 2
Case D4578 Count: 1
Case D4579 Count: 2
Case D4580 Count: 2
Case D4581 Count: 1
Case D4582 Count: 1
Case D4583 Count: 4
Case D4584 Count: 3
Case D4585 Count: 2
Case D4586 Count: 4
Case D4587 Count: 2
Case D4588 Count: 2
Case D4589 Count: 2
Case D4590 Count: 1
Case D4591 Count: 1
Case D4592 Count: 3
Case D4594 Count: 5
Case D4595 Count: 4
Case D4596 Count: 4
Case D4597 Count: 2
Case D4598 Count: 1
Case D4599 Count: 2
Case D4600 Count: 1
Case D4601 Count: 1
Case D4602 Count: 1
Case D4603 Count: 1
Case D4604 Count: 1
Case D4605 Count: 3
Case D4606 Count: 1
Case D4607 Count: 2
Case D4608 Count: 2
Case D4609 Count: 1
Case D4611 Count: 2
Case D4613 Count: 1
Case D4614 Count: 4
Case D4616 Count: 1
Case D4618 Count: 1
Case D4619 Count: 4
Case D4620 Count: 2
Case D4621 Count: 3
Case D4623 Count: 5
Case D4624 Count: 2
Case D4625 Count: 1
Case D4626 Count: 1
Case D4628 Count: 1
Case D4629 Count: 2
Case D4630 Count: 1
Case D4631 Count: 1
Case D4632 Count: 1
Case D4633 Count: 1
Case D4635 Count: 1
Case D4636 Count: 4
Case D4637 Count: 2
Case D4639 Count: 1
Case D4641 Count: 1
Case D4642 Count: 1
Case D4643 Count: 3
Case D4644 Count: 3
Case D4645 Count: 2
Case D4646 Count: 3
Case D4647 Count: 2
Case D4648 Count: 1
Case D4649 Count: 1
Case D4650 Count: 3
Case D4651 Count: 1
Case D4652 Count: 2
Case D4654 Count: 1
Case D4655 Count: 3
Case D4656 Count: 2
Case D4657 Count: 4
Case D4658 Count: 3
Case D4659 Count: 1
Case D4660 Count: 2
Case D4661 Count: 1
Case D4663 Count: 2
Case D4665 Count: 3
Case D4666 Count: 2
Case D4667 Count: 1
Case D4668 Count: 1
Case D4670 Count: 2
Case D4671 Count: 1
Case D4672 Count: 2
Case D4675 Count: 3
Case D4676 Count: 5
Case D4677 Count: 2
Case D4678 Count: 1
Case D4679 Count: 3
Case D4680 Count: 3
Case D4682 Count: 3
Case D4683 Count: 2
Case D4685 Count: 1
Case D4686 Count: 2
Case D4687 Count: 2
Case D4689 Count: 1
Case D4690 Count: 1
Case D4691 Count: 1
Case D4692 Count: 3
Case D4693 Count: 2
Case D4696 Count: 1
Case D4698 Count: 2
Case D4699 Count: 2
Case D4700 Count: 1
Case D4701 Count: 1
Case D4702 Count: 3
Case D4703 Count: 3
Case D4705 Count: 2
Case D4706 Count: 4
Case D4708 Count: 2
Case D4709 Count: 3
Case D4710 Count: 4
Case D4711 Count: 2
Case D4712 Count: 2
Case D4713 Count: 1
Case D4714 Count: 2
Case D4715 Count: 1
Case D4716 Count: 2
Case D4717 Count: 4
Case D4721 Count: 1
Case D4722 Count: 2
Case D4723 Count: 1
Case D4725 Count: 2
Case D4727 Count: 3
Case D4728 Count: 1
Case D4729 Count: 3
Case D4731 Count: 1
Case D4732 Count: 2
Case D4735 Count: 1
Case D4736 Count: 2
Case D4737 Count: 1
Case D4738 Count: 2
Case D4739 Count: 1
Case D4742 Count: 5
Case D4743 Count: 1
Case D4744 Count: 1
Case D4745 Count: 1
Case D4746 Count: 2
Case D4747 Count: 1
Case D4749 Count: 4
Case D4750 Count: 1
Case D4753 Count: 2
Case D4754 Count: 3
Case D4755 Count: 5
Case D4756 Count: 1
Case D4757 Count: 1
Case D4759 Count: 3
Case D4760 Count: 1
Case D4761 Count: 1
Case D4762 Count: 2
Case D4764 Count: 2
Case D4765 Count: 2
Case D4766 Count: 1
Case D4768 Count: 3
Case D4769 Count: 3
Case D4770 Count: 1
Case D4771 Count: 1
Case D4772 Count: 1
Case D4774 Count: 3
Case D4775 Count: 4
Case D4777 Count: 1
Case D4778 Count: 2
Case D4779 Count: 1
Case D4780 Count: 1
Case D4782 Count: 1
Case D4784 Count: 2
Case D4785 Count: 3
Case D4786 Count: 2
Case D4789 Count: 2
Case D4790 Count: 2
Case D4791 Count: 3
Case D4792 Count: 2
Case D4793 Count: 2
Case D4794 Count: 1
Case D4795 Count: 2
Case D4796 Count: 2
Case D4797 Count: 2
Case D4798 Count: 1
Case D4800 Count: 2
Case D4801 Count: 2
Case D4802 Count: 2
Case D4803 Count: 2
Case D4804 Count: 3
Case D4805 Count: 2
Case D4809 Count: 1
Case D4810 Count: 1
Case D4811 Count: 2
Case D4813 Count: 1
Case D4814 Count: 1
Case D4815 Count: 4
Case D4816 Count: 2
Case D4818 Count: 2
Case D4819 Count: 2
Case D4821 Count: 2
Case D4822 Count: 1
Case D4825 Count: 1
Case D4826 Count: 1
Case D4827 Count: 1
Case D4828 Count: 2
Case D4830 Count: 1
Case D4831 Count: 1
Case D4832 Count: 3
Case D4835 Count: 3
Case D4836 Count: 1
Case D4837 Count: 1
Case D4839 Count: 3
Case D4840 Count: 1
Case D4841 Count: 1
Case D4842 Count: 3
Case D4845 Count: 2
Case D4846 Count: 1
Case D4847 Count: 3
Case D4848 Count: 1
Case D4849 Count: 2
Case D4850 Count: 1
Case D4852 Count: 1
Case D4853 Count: 1
Case D4854 Count: 3
Case D4855 Count: 3
Case D4858 Count: 1
Case D4859 Count: 1
Case D4860 Count: 1
Case D4861 Count: 2
Case D4863 Count: 1
Case D4864 Count: 1
Case D4865 Count: 2
Case D4866 Count: 1
Case D4867 Count: 1
Case D4868 Count: 1
Case D4869 Count: 3
Case D4871 Count: 1
Case D4873 Count: 1
Case D4874 Count: 1
Case D4877 Count: 1
Case D4878 Count: 2
Case D4879 Count: 3
Case D4880 Count: 4
Case D4881 Count: 2
Case D4882 Count: 2
Case D4884 Count: 2
Case D4885 Count: 2
Case D4886 Count: 2
Case D4888 Count: 1
Case D4889 Count: 1
Case D4891 Count: 2
Case D4893 Count: 4
Case D4895 Count: 1
Case D4896 Count: 1
Case D4897 Count: 3
Case D4898 Count: 1
Case D4899 Count: 1
Case D4900 Count: 1
Case D4901 Count: 2
Case D4902 Count: 6
Case D4903 Count: 1
Case D4904 Count: 1
Case D4905 Count: 2
Case D4906 Count: 1
Case D4909 Count: 2
Case D4910 Count: 1
Case D4911 Count: 1
Case D4915 Count: 1
Case D4917 Count: 2
Case D4918 Count: 2
Case D4919 Count: 1
Case D4920 Count: 1
Case D4921 Count: 2
Case D4922 Count: 1
Case D4923 Count: 2
Case D4925 Count: 1
Case D4926 Count: 2
Case D4927 Count: 1
Case D4928 Count: 2
Case D4929 Count: 1
Case D4930 Count: 1
Case D4931 Count: 2
Case D4932 Count: 2
Case D4933 Count: 2
Case D4934 Count: 1
Case D4935 Count: 2
Case D4936 Count: 2
Case D4939 Count: 1
Case D4940 Count: 1
Case D4941 Count: 1
Case D4943 Count: 1
Case D4944 Count: 3
Case D4945 Count: 1
Case D4946 Count: 1
Case D4947 Count: 3
Case D4948 Count: 2
Case D4949 Count: 1
Case D4950 Count: 1
Case D4951 Count: 1
Case D4952 Count: 4
Case D4954 Count: 1
Case D4955 Count: 1
Case D4956 Count: 3
Case D4957 Count: 2
Case D4958 Count: 1
Case D4960 Count: 1
Case D4961 Count: 2
Case D4962 Count: 2
Case D4965 Count: 1
Case D4967 Count: 2
Case D4969 Count: 3
Case D4970 Count: 1
Case D4971 Count: 2
Case D4972 Count: 2
Case D4973 Count: 1
Case D4974 Count: 2
Case D4975 Count: 3
Case D4979 Count: 2
Case D4980 Count: 3
Case D4983 Count: 2
Case D4984 Count: 2
Case D4985 Count: 2
Case D4988 Count: 1
Case D4989 Count: 1
Case D4993 Count: 1
Case D4994 Count: 5
Case D4995 Count: 2
Case D4996 Count: 1
Case D4998 Count: 1
Case D5001 Count: 3
Case D5003 Count: 1
Case D5004 Count: 1
Case D5006 Count: 3
Case D5007 Count: 1
Case D5009 Count: 1
Case D5010 Count: 2
Case D5012 Count: 2
Case D5013 Count: 1
Case D5015 Count: 2
Case D5016 Count: 1
Case D5017 Count: 1
Case D5018 Count: 2
Case D5020 Count: 2
Case D5021 Count: 5
Case D5025 Count: 2
Case D5026 Count: 1
Case D5027 Count: 3
Case D5030 Count: 2
Case D5031 Count: 2
Case D5033 Count: 1
Case D5034 Count: 2
Case D5036 Count: 1
Case D5040 Count: 2
Case D5043 Count: 2
Case D5045 Count: 3
Case D5047 Count: 2
Case D5048 Count: 3
Case D5051 Count: 3
Case D5052 Count: 1
Case D5053 Count: 3
Case D5055 Count: 1
Case D5056 Count: 1
Case D5057 Count: 4
Case D5059 Count: 2
Case D5060 Count: 3
Case D5062 Count: 1
Case D5063 Count: 1
Case D5064 Count: 1
Case D5065 Count: 3
Case D5068 Count: 2
Case D5072 Count: 1
Case D5074 Count: 2
Case D5081 Count: 1
Case D5086 Count: 1
Case D5087 Count: 1
Case D5088 Count: 1
Case D5089 Count: 4
Case D5091 Count: 1
Case D5092 Count: 1
Case D5093 Count: 4
Case D5094 Count: 2
Case D5095 Count: 1
Case D5098 Count: 2
Case D5101 Count: 5
Case D5103 Count: 2
Case D5105 Count: 2
Case D5106 Count: 1
Case D5107 Count: 1
Case D5109 Count: 1
Case D5110 Count: 3
Case D5111 Count: 1
Case D5112 Count: 2
Case D5113 Count: 1
Case D5114 Count: 3
Case D5115 Count: 3
Case D5116 Count: 4
Case D5117 Count: 1
Case D5120 Count: 2
Case D5121 Count: 3
Case D5122 Count: 1
Case D5126 Count: 5
Case D5127 Count: 1
Case D5129 Count: 2
Case D5130 Count: 1
Case D5132 Count: 2
Case D5134 Count: 1
Case D5135 Count: 3
Case D5136 Count: 2
Case D5137 Count: 1
Case D5138 Count: 1
Case D5139 Count: 1
Case D5140 Count: 1
Case D5141 Count: 1
Case D5144 Count: 1
Case D5145 Count: 3
Case D5146 Count: 1
Case D5147 Count: 1
Case D5152 Count: 1
Case D5153 Count: 3
Case D5154 Count: 2
Case D5155 Count: 2
Case D5156 Count: 1
Case D5157 Count: 1
Case D5158 Count: 5
Case D5159 Count: 2
Case D5161 Count: 1
Case D5162 Count: 2
Case D5163 Count: 1
Case D5164 Count: 3
Case D5165 Count: 2
Case D5166 Count: 3
Case D5167 Count: 1
Case D5172 Count: 2
Case D5173 Count: 2
Case D5174 Count: 1
Case D5177 Count: 1
Case D5178 Count: 1
Case D5179 Count: 1
Case D5180 Count: 4
Case D5181 Count: 2
Case D5182 Count: 2
Case D5183 Count: 1
Case D5184 Count: 1
Case D5185 Count: 3
Case D5186 Count: 3
Case D5187 Count: 2
Case D5188 Count: 3
Case D5191 Count: 1
Case D5192 Count: 1
Case D5193 Count: 2
Case D5194 Count: 1
Case D5195 Count: 1
Case D5197 Count: 1
Case D5198 Count: 1
Case D5200 Count: 3
Case D5201 Count: 1
Case D5203 Count: 1
Case D5204 Count: 2
Case D5206 Count: 4
Case D5208 Count: 1
Case D5209 Count: 1
Case D5212 Count: 2
Case D5213 Count: 1
Case D5214 Count: 1
Case D5215 Count: 2
Case D5218 Count: 1
Case D5219 Count: 1
Case D5220 Count: 2
Case D5221 Count: 2
Case D5222 Count: 2
Case D5223 Count: 1
Case D5225 Count: 1
Case D5227 Count: 1
Case D5228 Count: 1
Case D5230 Count: 3
Case D5232 Count: 1
Case D5233 Count: 2
Case D5234 Count: 1
Case D5235 Count: 1
Case D5236 Count: 4
Case D5237 Count: 2
Case D5238 Count: 1
Case D5240 Count: 1
Case D5241 Count: 1
Case D5244 Count: 2
Case D5245 Count: 1
Case D5246 Count: 3
Case D5247 Count: 1
Case D5248 Count: 2
Case D5249 Count: 1
Case D5250 Count: 2
Case D5251 Count: 1
Case D5255 Count: 2
Case D5256 Count: 1
Case D5257 Count: 3
Case D5259 Count: 2
Case D5260 Count: 2
Case D5261 Count: 1
Case D5263 Count: 3
Case D5266 Count: 1
Case D5267 Count: 2
Case D5272 Count: 1
Case D5273 Count: 2
Case D5274 Count: 2
Case D5275 Count: 1
Case D5276 Count: 1
Case D5279 Count: 1
Case D5281 Count: 2
Case D5282 Count: 1
Case D5283 Count: 2
Case D5284 Count: 4
Case D5287 Count: 1
Case D5290 Count: 1
Case D5292 Count: 2
Case D5293 Count: 1
Case D5296 Count: 1
Case D5297 Count: 3
Case D5298 Count: 1
Case D5300 Count: 2
Case D5303 Count: 2
Case D5304 Count: 2
Case D5306 Count: 2
Case D5308 Count: 1
Case D5309 Count: 2
Case D5310 Count: 4
Case D5311 Count: 2
Case D5313 Count: 1
Case D5316 Count: 4
Case D5318 Count: 2
Case D5319 Count: 2
Case D5320 Count: 2
Case D5322 Count: 2
Case D5323 Count: 1
Case D5327 Count: 2
Case D5328 Count: 1
Case D5329 Count: 1
Case D5330 Count: 1
Case D5333 Count: 1
Case D5334 Count: 1
Case D5335 Count: 1
Case D5336 Count: 1
Case D5338 Count: 1
Case D5339 Count: 1
Case D5340 Count: 2
Case D5343 Count: 3
Case D5346 Count: 1
Case D5347 Count: 1
Case D5348 Count: 2
Case D5349 Count: 1
Case D5351 Count: 1
Case D5352 Count: 1
Case D5353 Count: 1
Case D5354 Count: 2
Case D5355 Count: 1
Case D5358 Count: 2
Case D5359 Count: 1
Case D5360 Count: 1
Case D5361 Count: 2
Case D5363 Count: 2
Case D5364 Count: 1
Case D5366 Count: 2
Case D5369 Count: 2
Case D5370 Count: 2
Case D5371 Count: 2
Case D5372 Count: 1
Case D5373 Count: 1
Case D5376 Count: 1
Case D5377 Count: 1
Case D5379 Count: 3
Case D5380 Count: 1
Case D5381 Count: 2
Case D5383 Count: 2
Case D5384 Count: 3
Case D5385 Count: 2
Case D5387 Count: 3
Case D5388 Count: 2
Case D5389 Count: 1
Case D5390 Count: 1
Case D5391 Count: 1
Case D5392 Count: 3
Case D5394 Count: 2
Case D5396 Count: 3
Case D5397 Count: 1
Case D5398 Count: 3
Case D5400 Count: 1
Case D5401 Count: 2
Case D5402 Count: 1
Case D5403 Count: 2
Case D5404 Count: 1
Case D5405 Count: 2
Case D5406 Count: 1
Case D5408 Count: 1
Case D5409 Count: 2
Case D5410 Count: 1
Case D5411 Count: 1
Case D5412 Count: 1
Case D5413 Count: 1
Case D5415 Count: 1
Case D5416 Count: 2
Case D5418 Count: 1
Case D5420 Count: 3
Case D5421 Count: 4
Case D5423 Count: 1
Case D5424 Count: 1
Case D5425 Count: 2
Case D5426 Count: 2
Case D5427 Count: 2
Case D5429 Count: 3
Case D5430 Count: 1
Case D5431 Count: 2
Case D5432 Count: 3
Case D5435 Count: 2
Case D5436 Count: 2
Case D5437 Count: 1
Case D5438 Count: 1
Case D5440 Count: 2
Case D5441 Count: 3
Case D5442 Count: 2
Case D5444 Count: 1
Case D5446 Count: 1
Case D5447 Count: 1
Case D5448 Count: 2
Case D5449 Count: 1
Case D5450 Count: 3
Case D5451 Count: 2
Case D5452 Count: 2
Case D5453 Count: 1
Case D5456 Count: 1
Case D5458 Count: 3
Case D5460 Count: 2
Case D5462 Count: 4
Case D5463 Count: 2
Case D5464 Count: 1
Case D5465 Count: 3
Case D5466 Count: 3
Case D5467 Count: 2
Case D5468 Count: 5
Case D5469 Count: 1
Case D5471 Count: 1
Case D5472 Count: 1
Case D5473 Count: 1
Case D5475 Count: 2
Case D5476 Count: 3
Case D5477 Count: 2
Case D5478 Count: 3
Case D5479 Count: 2
Case D5482 Count: 1
Case D5486 Count: 2
Case D5488 Count: 2
Case D5489 Count: 3
Case D5490 Count: 1
Case D5492 Count: 1
Case D5495 Count: 1
Case D5496 Count: 3
Case D5499 Count: 2
Case D5500 Count: 2
Case D5501 Count: 1
Case D5502 Count: 3
Case D5503 Count: 1
Case D5504 Count: 2
Case D5506 Count: 1
Case D5507 Count: 1
Case D5508 Count: 2
Case D5509 Count: 1
Case D5510 Count: 1
Case D5511 Count: 1
Case D5512 Count: 2
Case D5513 Count: 1
Case D5516 Count: 1
Case D5520 Count: 3
Case D5521 Count: 1
Case D5527 Count: 2
Case D5529 Count: 1
Case D5530 Count: 1
Case D5531 Count: 3
Case D5532 Count: 3
Case D5533 Count: 3
Case D5534 Count: 1
Case D5536 Count: 2
Case D5537 Count: 2
Case D5538 Count: 2
Case D5539 Count: 2
Case D5540 Count: 1
Case D5541 Count: 1
Case D5542 Count: 2
Case D5543 Count: 1
Case D5545 Count: 1
Case D5546 Count: 2
Case D5547 Count: 1
Case D5549 Count: 3
Case D5551 Count: 1
Case D5552 Count: 1
Case D5553 Count: 2
Case D5554 Count: 1
Case D5555 Count: 1
Case D5556 Count: 2
Case D5558 Count: 2
Case D5559 Count: 1
Case D5561 Count: 4
Case D5562 Count: 4
Case D5563 Count: 1
Case D5565 Count: 1
Case D5566 Count: 1
Case D5567 Count: 1
Case D5568 Count: 1
Case D5570 Count: 3
Case D5571 Count: 2
Case D5574 Count: 2
Case D5575 Count: 1
Case D5576 Count: 1
Case D5578 Count: 1
Case D5580 Count: 1
Case D5582 Count: 2
Case D5583 Count: 1
Case D5584 Count: 2
Case D5588 Count: 1
Case D5589 Count: 2
Case D5590 Count: 2
Case D5591 Count: 1
Case D5592 Count: 3
Case D5593 Count: 2
Case D5594 Count: 1
Case D5596 Count: 1
Case D5597 Count: 1
Case D5599 Count: 1
Case D5600 Count: 1
Case D5601 Count: 1
Case D5605 Count: 2
Case D5606 Count: 2
Case D5611 Count: 2
Case D5612 Count: 1
Case D5613 Count: 1
Case D5616 Count: 1
Case D5617 Count: 2
Case D5618 Count: 2
Case D5621 Count: 1
Case D5622 Count: 2
Case D5623 Count: 1
Case D5624 Count: 1
Case D5626 Count: 1
Case D5629 Count: 3
Case D5630 Count: 2
Case D5633 Count: 1
Case D5635 Count: 1
Case D5637 Count: 1
Case D5638 Count: 1
Case D5639 Count: 2
Case D5640 Count: 2
Case D5641 Count: 2
Case D5644 Count: 1
Case D5646 Count: 2
Case D5647 Count: 1
Case D5649 Count: 3
Case D5652 Count: 3
Case D5653 Count: 1
Case D5654 Count: 2
Case D5656 Count: 1
Case D5657 Count: 1
Case D5660 Count: 1
Case D5662 Count: 2
Case D5663 Count: 2
Case D5664 Count: 1
Case D5666 Count: 2
Case D5667 Count: 2
Case D5669 Count: 1
Case D5670 Count: 1
Case D5676 Count: 1
Case D5677 Count: 4
Case D5679 Count: 2
Case D5680 Count: 1
Case D5681 Count: 1
Case D5682 Count: 1
Case D5683 Count: 2
Case D5684 Count: 1
Case D5685 Count: 1
Case D5686 Count: 1
Case D5687 Count: 1
Case D5688 Count: 2
Case D5692 Count: 2
Case D5695 Count: 2
Case D5699 Count: 1
Case D5700 Count: 1
Case D5701 Count: 2
Case D5704 Count: 1
Case D5705 Count: 2
Case D5706 Count: 1
Case D5707 Count: 2
Case D5708 Count: 2
Case D5710 Count: 1
Case D5711 Count: 2
Case D5712 Count: 1
Case D5713 Count: 1
Case D5715 Count: 1
Case D5716 Count: 2
Case D5717 Count: 1
Case D5718 Count: 2
Case D5719 Count: 1
Case D5721 Count: 2
Case D5722 Count: 2
Case D5724 Count: 1
Case D5726 Count: 2
Case D5727 Count: 1
Case D5728 Count: 2
Case D5729 Count: 1
Case D5730 Count: 2
Case D5731 Count: 1
Case D5732 Count: 2
Case D5733 Count: 1
Case D5734 Count: 1
Case D5735 Count: 1
Case D5740 Count: 2
Case D5741 Count: 1
Case D5742 Count: 1
Case D5743 Count: 2
Case D5745 Count: 1
Case D5746 Count: 1
Case D5747 Count: 1
Case D5748 Count: 1
Case D5750 Count: 1
Case D5751 Count: 3
Case D5752 Count: 1
Case D5753 Count: 3
Case D5754 Count: 1
Case D5755 Count: 1
Case D5756 Count: 1
Case D5757 Count: 1
Case D5758 Count: 1
Case D5761 Count: 3
Case D5762 Count: 2
Case D5763 Count: 1
Case D5765 Count: 1
Case D5768 Count: 2
Case D5772 Count: 2
Case D5776 Count: 2
Case D5777 Count: 1
Case D5778 Count: 4
Case D5779 Count: 2
Case D5780 Count: 2
Case D5781 Count: 1
Case D5783 Count: 1
Case D5785 Count: 1
Case D5786 Count: 2
Case D5788 Count: 2
Case D5789 Count: 2
Case D5790 Count: 2
Case D5791 Count: 4
Case D5795 Count: 1
Case D5796 Count: 1
Case D5798 Count: 1
Case D5799 Count: 1
Case D5801 Count: 1
Case D5802 Count: 3
Case D5804 Count: 2
Case D5805 Count: 2
Case D5806 Count: 3
Case D5807 Count: 1
Case D5809 Count: 1
Case D5810 Count: 1
Case D5813 Count: 2
Case D5814 Count: 2
Case D5815 Count: 1
Case D5819 Count: 5
Case D5820 Count: 1
Case D5821 Count: 1
Case D5822 Count: 1
Case D5823 Count: 1
Case D5824 Count: 1
Case D5826 Count: 1
Case D5827 Count: 2
Case D5828 Count: 3
Case D5829 Count: 1
Case D5830 Count: 2
Case D5831 Count: 3
Case D5832 Count: 1
Case D5833 Count: 1
Case D5834 Count: 1
Case D5835 Count: 1
Case D5836 Count: 5
Case D5841 Count: 1
Case D5842 Count: 1
Case D5843 Count: 1
Case D5844 Count: 1
Case D5846 Count: 1
Case D5847 Count: 1
Case D5848 Count: 2
Case D5850 Count: 2
Case D5851 Count: 4
Case D5853 Count: 4
Case D5854 Count: 2
Case D5856 Count: 5
Case D5861 Count: 1
Case D5865 Count: 1
Case D5866 Count: 1
Case D5867 Count: 2
Case D5868 Count: 2
Case D5869 Count: 3
Case D5871 Count: 1
Case D5873 Count: 2
Case D5875 Count: 1
Case D5876 Count: 1
Case D5877 Count: 3
Case D5878 Count: 2
Case D5880 Count: 1
Case D5881 Count: 1
Case D5884 Count: 3
Case D5885 Count: 1
Case D5886 Count: 1
Case D5888 Count: 1
Case D5890 Count: 1
Case D5891 Count: 1
Case D5893 Count: 1
Case D5894 Count: 1
Case D5895 Count: 1
Case D5896 Count: 4
Case D5897 Count: 1
Case D5899 Count: 2
Case D5902 Count: 1
Case D5904 Count: 2
Case D5905 Count: 1
Case D5906 Count: 2
Case D5907 Count: 3
Case D5908 Count: 1
Case D5910 Count: 2
Case D5911 Count: 1
Case D5912 Count: 3
Case D5914 Count: 1
Case D5915 Count: 1
Case D5917 Count: 1
Case D5918 Count: 1
Case D5924 Count: 1
Case D5925 Count: 2
Case D5926 Count: 2
Case D5928 Count: 2
Case D5929 Count: 1
Case D5932 Count: 1
Case D5933 Count: 1
Case D5935 Count: 3
Case D5936 Count: 2
Case D5937 Count: 2
Case D5940 Count: 2
Case D5941 Count: 1
Case D5944 Count: 2
Case D5945 Count: 1
Case D5946 Count: 1
Case D5947 Count: 2
Case D5949 Count: 2
Case D5951 Count: 1
Case D5952 Count: 1
Case D5954 Count: 1
Case D5956 Count: 1
Case D5958 Count: 1
Case D5959 Count: 1
Case D5960 Count: 3
Case D5961 Count: 1
Case D5962 Count: 2
Case D5965 Count: 2
Case D5966 Count: 1
Case D5969 Count: 2
Case D5971 Count: 1
Case D5974 Count: 1
Case D5976 Count: 2
Case D5977 Count: 2
Case D5978 Count: 1
Case D5980 Count: 1
Case D5981 Count: 1
Case D5982 Count: 2
Case D5983 Count: 1
Case D5985 Count: 2
Case D5986 Count: 1
Case D5988 Count: 1
Case D5989 Count: 2
Case D5990 Count: 2
Case D5993 Count: 1
Case D5995 Count: 1
Case D5997 Count: 1
Case D5998 Count: 4
Case D6000 Count: 1
Case D6001 Count: 1
Case D6006 Count: 2
Case D6007 Count: 1
Case D6008 Count: 1
Case D6011 Count: 2
Case D6012 Count: 2
Case D6014 Count: 2
Case D6015 Count: 1
Case D6017 Count: 3
Case D6019 Count: 1
Case D6021 Count: 1
Case D6022 Count: 1
Case D6023 Count: 1
Case D6024 Count: 2
Case D6025 Count: 2
Case D6026 Count: 1
Case D6027 Count: 2
Case D6031 Count: 1
Case D6033 Count: 2
Case D6036 Count: 2
Case D6037 Count: 1
Case D6038 Count: 2
Case D6039 Count: 4
Case D6040 Count: 2
Case D6041 Count: 2
Case D6043 Count: 2
Case D6044 Count: 1
Case D6046 Count: 1
Case D6048 Count: 4
Case D6049 Count: 1
Case D6053 Count: 4
Case D6054 Count: 1
Case D6055 Count: 1
Case D6056 Count: 2
Case D6057 Count: 2
Case D6060 Count: 1
Case D6061 Count: 1
Case D6062 Count: 2
Case D6063 Count: 1
Case D6064 Count: 1
Case D6067 Count: 3
Case D6069 Count: 1
Case D6076 Count: 1
Case D6077 Count: 1
Case D6079 Count: 1
Case D6080 Count: 3
Case D6082 Count: 1
Case D6085 Count: 1
Case D6086 Count: 1
Case D6090 Count: 1
Case D6091 Count: 2
Case D6092 Count: 1
Case D6095 Count: 3
Case D6098 Count: 2
Case D6099 Count: 2
Case D6100 Count: 2
Case D6101 Count: 1
Case D6103 Count: 2
Case D6105 Count: 1
Case D6106 Count: 3
Case D6108 Count: 1
Case D6109 Count: 1
Case D6110 Count: 1
Case D6112 Count: 1
Case D6113 Count: 1
Case D6115 Count: 1
Case D6117 Count: 3
Case D6119 Count: 2
Case D6120 Count: 1
Case D6122 Count: 1
Case D6123 Count: 2
Case D6125 Count: 2
Case D6126 Count: 1
Case D6128 Count: 2
Case D6130 Count: 1
Case D6134 Count: 2
Case D6135 Count: 1
Case D6136 Count: 2
Case D6137 Count: 1
Case D6139 Count: 2
Case D6141 Count: 1
Case D6142 Count: 1
Case D6143 Count: 3
Case D6147 Count: 2
Case D6148 Count: 1
Case D6150 Count: 3
Case D6151 Count: 4
Case D6152 Count: 1
Case D6154 Count: 1
Case D6157 Count: 1
Case D6158 Count: 1
Case D6160 Count: 2
Case D6161 Count: 1
Case D6162 Count: 1
Case D6165 Count: 1
Case D6171 Count: 3
Case D6172 Count: 2
Case D6173 Count: 3
Case D6175 Count: 1
Case D6176 Count: 3
Case D6178 Count: 1
Case D6179 Count: 1
Case D6182 Count: 1
Case D6185 Count: 1
Case D6186 Count: 1
Case D6188 Count: 1
Case D6190 Count: 2
Case D6192 Count: 1
Case D6193 Count: 2
Case D6194 Count: 1
Case D6195 Count: 3
Case D6197 Count: 2
Case D6198 Count: 1
Case D6199 Count: 3
Case D6200 Count: 1
Case D6201 Count: 1
Case D6203 Count: 1
Case D6204 Count: 1
Case D6205 Count: 1
Case D6206 Count: 2
Case D6207 Count: 1
Case D6208 Count: 1
Case D6210 Count: 1
Case D6211 Count: 1
Case D6212 Count: 1
Case D6214 Count: 1
Case D6216 Count: 2
Case D6217 Count: 2
Case D6218 Count: 1
Case D6219 Count: 1
Case D6223 Count: 1
Case D6224 Count: 1
Case D6225 Count: 4
Case D6226 Count: 2
Case D6227 Count: 1
Case D6231 Count: 2
Case D6232 Count: 1
Case D6234 Count: 1
Case D6235 Count: 1
Case D6236 Count: 1
Case D6237 Count: 1
Case D6238 Count: 2
Case D6239 Count: 2
Case D6241 Count: 1
Case D6242 Count: 2
Case D6243 Count: 1
Case D6244 Count: 2
Case D6246 Count: 1
Case D6248 Count: 1
Case D6251 Count: 1
Case D6252 Count: 1
Case D6253 Count: 1
Case D6254 Count: 1
Case D6256 Count: 2
Case D6258 Count: 2
Case D6260 Count: 1
Case D6262 Count: 2
Case D6263 Count: 2
Case D6266 Count: 1
Case D6267 Count: 1
Case D6268 Count: 3
Case D6269 Count: 2
Case D6270 Count: 2
Case D6271 Count: 1
Case D6273 Count: 1
Case D6274 Count: 1
Case D6275 Count: 1
Case D6277 Count: 1
Case D6281 Count: 2
Case D6284 Count: 1
Case D6285 Count: 1
Case D6287 Count: 2
Case D6289 Count: 1
Case D6290 Count: 1
Case D6291 Count: 2
Case D6292 Count: 3
Case D6293 Count: 3
Case D6295 Count: 1
Case D6298 Count: 1
Case D6299 Count: 1
Case D6307 Count: 2
Case D6311 Count: 1
Case D6313 Count: 1
Case D6314 Count: 3
Case D6315 Count: 1
Case D6316 Count: 1
Case D6317 Count: 1
Case D6318 Count: 1
Case D6319 Count: 1
Case D6321 Count: 1
Case D6324 Count: 3
Case D6325 Count: 1
Case D6326 Count: 1
Case D6327 Count: 1
Case D6328 Count: 3
Case D6330 Count: 1
Case D6332 Count: 1
Case D6333 Count: 1
Case D6334 Count: 1
Case D6336 Count: 1
Case D6337 Count: 3
Case D6338 Count: 2
Case D6342 Count: 2
Case D6343 Count: 1
Case D6346 Count: 1
Case D6349 Count: 1
Case D6350 Count: 1
Case D6352 Count: 2
Case D6355 Count: 1
Case D6357 Count: 2
Case D6359 Count: 2
Case D6360 Count: 1
Case D6364 Count: 5
Case D6365 Count: 2
Case D6366 Count: 2
Case D6367 Count: 1
Case D6368 Count: 2
Case D6371 Count: 1
Case D6374 Count: 1
Case D6377 Count: 1
Case D6378 Count: 1
Case D6379 Count: 2
Case D6381 Count: 1
Case D6382 Count: 2
Case D6384 Count: 1
Case D6385 Count: 1
Case D6388 Count: 1
Case D6390 Count: 2
Case D6391 Count: 2
Case D6393 Count: 1
Case D6394 Count: 1
Case D6399 Count: 1
Case D6400 Count: 1
Case D6402 Count: 1
Case D6403 Count: 3
Case D6407 Count: 2
Case D6410 Count: 2
Case D6411 Count: 1
Case D6412 Count: 1
Case D6414 Count: 1
Case D6415 Count: 1
Case D6417 Count: 2
Case D6418 Count: 1
Case D6419 Count: 1
Case D6420 Count: 1
Case D6425 Count: 1
Case D6431 Count: 1
Case D6432 Count: 1
Case D6434 Count: 5
Case D6435 Count: 1
Case D6436 Count: 2
Case D6437 Count: 1
Case D6440 Count: 1
Case D6441 Count: 1
Case D6443 Count: 1
Case D6444 Count: 1
Case D6445 Count: 1
Case D6446 Count: 1
Case D6448 Count: 1
Case D6449 Count: 2
Case D6451 Count: 2
Case D6452 Count: 1
Case D6456 Count: 1
Case D6457 Count: 1
Case D6460 Count: 1
Case D6461 Count: 1
Case D6462 Count: 1
Case D6465 Count: 1
Case D6466 Count: 1
Case D6467 Count: 2
Case D6469 Count: 1
Case D6470 Count: 1
Case D6471 Count: 2
Case D6473 Count: 1
Case D6474 Count: 2
Case D6484 Count: 1
Case D6487 Count: 1
Case D6488 Count: 1
Case D6489 Count: 1
Case D6491 Count: 6
Case D6492 Count: 1
Case D6494 Count: 2
Case D6496 Count: 2
Case D6497 Count: 1
Case D6498 Count: 1
Case D6500 Count: 1
Case D6502 Count: 1
Case D6504 Count: 1
Case D6505 Count: 3
Case D6507 Count: 1
Case D6508 Count: 1
Case D6510 Count: 1
Case D6511 Count: 2
Case D6513 Count: 1
Case D6514 Count: 2
Case D6515 Count: 1
Case D6518 Count: 1
Case D6519 Count: 3
Case D6522 Count: 1
Case D6523 Count: 1
Case D6525 Count: 2
Case D6526 Count: 2
Case D6530 Count: 1
Case D6531 Count: 1
Case D6533 Count: 2
Case D6535 Count: 1
Case D6538 Count: 1
Case D6539 Count: 2
Case D6540 Count: 1
Case D6541 Count: 1
Case D6542 Count: 2
Case D6544 Count: 1
Case D6545 Count: 3
Case D6546 Count: 2
Case D6547 Count: 1
Case D6548 Count: 3
Case D6549 Count: 1
Case D6550 Count: 2
Case D6554 Count: 1
Case D6556 Count: 1
Case D6557 Count: 2
Case D6558 Count: 2
Case D6559 Count: 1
Case D6560 Count: 3
Case D6561 Count: 2
Case D6562 Count: 1
Case D6564 Count: 2
Case D6565 Count: 2
Case D6567 Count: 1
Case D6568 Count: 1
Case D6569 Count: 2
Case D6570 Count: 2
Case D6572 Count: 1
Case D6573 Count: 1
Case D6574 Count: 1
Case D6575 Count: 2
Case D6576 Count: 1
Case D6580 Count: 1
Case D6581 Count: 1
Case D6582 Count: 1
Case D6587 Count: 1
Case D6588 Count: 1
Case D6590 Count: 1
Case D6591 Count: 1
Case D6594 Count: 1
Case D6597 Count: 2
Case D6598 Count: 1
Case D6600 Count: 1
Case D6601 Count: 1
Case D6602 Count: 1
Case D6603 Count: 1
Case D6604 Count: 2
Case D6605 Count: 1
Case D6606 Count: 1
Case D6607 Count: 3
Case D6610 Count: 1
Case D6611 Count: 1
Case D6613 Count: 1
Case D6614 Count: 2
Case D6615 Count: 1
Case D6616 Count: 1
Case D6618 Count: 1
Case D6619 Count: 1
Case D6620 Count: 1
Case D6621 Count: 3
Case D6622 Count: 1
Case D6628 Count: 1
Case D6629 Count: 2
Case D6632 Count: 2
Case D6635 Count: 2
Case D6636 Count: 2
Case D6637 Count: 1
Case D6638 Count: 1
Case D6641 Count: 2
Case D6642 Count: 1
Case D6643 Count: 1
Case D6645 Count: 2
Case D6647 Count: 1
Case D6651 Count: 1
Case D6658 Count: 1
Case D6659 Count: 2
Case D6661 Count: 3
Case D6664 Count: 1
Case D6665 Count: 1
Case D6670 Count: 2
Case D6673 Count: 1
Case D6674 Count: 1
Case D6677 Count: 1
Case D6679 Count: 1
Case D6680 Count: 1
Case D6681 Count: 2
Case D6682 Count: 1
Case D6687 Count: 1
Case D6690 Count: 1
Case D6691 Count: 1
Case D6692 Count: 2
Case D6693 Count: 2
Case D6695 Count: 1
Case D6696 Count: 1
Case D6699 Count: 2
Case D6700 Count: 1
Case D6701 Count: 1
Case D6705 Count: 1
Case D6709 Count: 1
Case D6711 Count: 1
Case D6712 Count: 1
Case D6716 Count: 1
Case D6718 Count: 1
Case D6721 Count: 1
Case D6722 Count: 1
Case D6724 Count: 1
Case D6727 Count: 1
Case D6728 Count: 1
Case D6729 Count: 1
Case D6730 Count: 1
Case D6731 Count: 2
Case D6732 Count: 1
Case D6733 Count: 2
Case D6734 Count: 2
Case D6736 Count: 3
Case D6737 Count: 1
Case D6739 Count: 1
Case D6742 Count: 1
Case D6743 Count: 1
Case D6744 Count: 1
Case D6746 Count: 1
Case D6748 Count: 2
Case D6750 Count: 1
Case D6751 Count: 1
Case D6754 Count: 1
Case D6755 Count: 1
Case D6757 Count: 1
Case D6758 Count: 1
Case D6759 Count: 2
Case D6763 Count: 2
Case D6766 Count: 3
Case D6767 Count: 3
Case D6770 Count: 1
Case D6773 Count: 1
Case D6774 Count: 1
Case D6775 Count: 2
Case D6776 Count: 1
Case D6779 Count: 1
Case D6781 Count: 1
Case D6793 Count: 2
Case D6796 Count: 1
Case D6797 Count: 1
Case D6802 Count: 1
Case D6806 Count: 3
Case D6807 Count: 1
Case D6811 Count: 1
Case D6812 Count: 1
Case D6814 Count: 1
Case D6817 Count: 1
Case D6818 Count: 2
Case D6819 Count: 1
Case D6820 Count: 2
Case D6821 Count: 1
Case D6822 Count: 1
Case D6823 Count: 3
Case D6824 Count: 1
Case D6826 Count: 1
Case D6827 Count: 1
Case D6828 Count: 1
Case D6829 Count: 1
Case D6830 Count: 1
Case D6832 Count: 1
Case D6833 Count: 2
Case D6834 Count: 1
Case D6835 Count: 2
Case D6836 Count: 2
Case D6837 Count: 1
Case D6838 Count: 2
Case D6840 Count: 1
Case D6841 Count: 2
Case D6845 Count: 1
Case D6850 Count: 2
Case D6851 Count: 1
Case D6852 Count: 1
Case D6856 Count: 1
Case D6857 Count: 3
Case D6858 Count: 1
Case D6863 Count: 2
Case D6864 Count: 1
Case D6865 Count: 2
Case D6868 Count: 1
Case D6870 Count: 1
Case D6871 Count: 2
Case D6873 Count: 1
Case D6874 Count: 1
Case D6875 Count: 2
Case D6876 Count: 3
Case D6881 Count: 1
Case D6882 Count: 2
Case D6883 Count: 1
Case D6885 Count: 2
Case D6886 Count: 1
Case D6887 Count: 1
Case D6889 Count: 1
Case D6890 Count: 1
Case D6891 Count: 1
Case D6892 Count: 1
Case D6894 Count: 2
Case D6895 Count: 1
Case D6897 Count: 1
Case D6898 Count: 1
Case D6902 Count: 1
Case D6903 Count: 1
Case D6904 Count: 1
Case D6905 Count: 1
Case D6906 Count: 3
Case D6907 Count: 1
Case D6908 Count: 3
Case D6911 Count: 2
Case D6914 Count: 1
Case D6915 Count: 2
Case D6917 Count: 1
Case D6919 Count: 1
Case D6920 Count: 1
Case D6922 Count: 3
Case D6923 Count: 1
Case D6924 Count: 1
Case D6925 Count: 1
Case D6926 Count: 1
Case D6928 Count: 1
Case D6929 Count: 1
Case D6930 Count: 1
Case D6933 Count: 1
Case D6937 Count: 1
Case D6938 Count: 2
Case D6941 Count: 1
Case D6942 Count: 1
Case D6943 Count: 1
Case D6946 Count: 2
Case D6947 Count: 1
Case D6948 Count: 2
Case D6950 Count: 1
Case D6954 Count: 1
Case D6955 Count: 1
Case D6957 Count: 1
Case D6958 Count: 1
Case D6959 Count: 1
Case D6960 Count: 1
Case D6964 Count: 2
Case D6968 Count: 1
Case D6969 Count: 1
Case D6970 Count: 2
Case D6973 Count: 2
Case D6974 Count: 1
Case D6977 Count: 2
Case D6979 Count: 1
Case D6982 Count: 1
Case D6985 Count: 2
Case D6986 Count: 1
Case D6987 Count: 1
Case D6990 Count: 2
Case D6992 Count: 1
Case D6995 Count: 1
Case D6997 Count: 1
Case D6998 Count: 1
Case D7001 Count: 3
Case D7003 Count: 1
Case D7005 Count: 2
Case D7007 Count: 2
Case D7008 Count: 1
Case D7010 Count: 1
Case D7011 Count: 1
Case D7012 Count: 1
Case D7015 Count: 1
Case D7016 Count: 2
Case D7017 Count: 1
Case D7019 Count: 2
Case D7020 Count: 1
Case D7023 Count: 1
Case D7028 Count: 1
Case D7029 Count: 2
Case D7034 Count: 1
Case D7035 Count: 1
Case D7036 Count: 3
Case D7037 Count: 2
Case D7038 Count: 1
Case D7039 Count: 1
Case D7043 Count: 1
Case D7044 Count: 1
Case D7046 Count: 2
Case D7050 Count: 1
Case D7051 Count: 1
Case D7055 Count: 1
Case D7057 Count: 1
Case D7059 Count: 2
Case D7060 Count: 1
Case D7061 Count: 1
Case D7062 Count: 1
Case D7063 Count: 2
Case D7064 Count: 1
Case D7066 Count: 1
Case D7067 Count: 1
Case D7068 Count: 1
Case D7070 Count: 1
Case D7071 Count: 1
Case D7072 Count: 1
Case D7073 Count: 2
Case D7076 Count: 1
Case D7077 Count: 2
Case D7079 Count: 1
Case D7080 Count: 1
Case D7082 Count: 1
Case D7083 Count: 1
Case D7085 Count: 1
Case D7086 Count: 1
Case D7088 Count: 1
Case D7089 Count: 1
Case D7090 Count: 1
Case D7091 Count: 2
Case D7093 Count: 1
Case D7097 Count: 1
Case D7098 Count: 2
Case D7107 Count: 1
Case D7109 Count: 1
Case D7110 Count: 2
Case D7112 Count: 1
Case D7113 Count: 1
Case D7115 Count: 1
Case D7118 Count: 1
Case D7119 Count: 1
Case D7121 Count: 2
Case D7123 Count: 1
Case D7126 Count: 1
Case D7127 Count: 1
Case D7128 Count: 1
Case D7131 Count: 1
Case D7135 Count: 1
Case D7136 Count: 1
Case D7137 Count: 2
Case D7138 Count: 2
Case D7140 Count: 1
Case D7144 Count: 1
Case D7145 Count: 1
Case D7146 Count: 1
Case D7148 Count: 1
Case D7149 Count: 1
Case D7154 Count: 2
Case D7157 Count: 1
Case D7160 Count: 2
Case D7162 Count: 1
Case D7165 Count: 1
Case D7166 Count: 1
Case D7175 Count: 1
Case D7178 Count: 1
Case D7179 Count: 1
Case D7180 Count: 2
Case D7181 Count: 3
Case D7182 Count: 3
Case D7183 Count: 1
Case D7185 Count: 1
Case D7189 Count: 1
Case D7190 Count: 1
Case D7191 Count: 1
Case D7192 Count: 1
Case D7194 Count: 2
Case D7195 Count: 1
Case D7196 Count: 1
Case D7198 Count: 1
Case D7199 Count: 2
Case D7200 Count: 1
Case D7201 Count: 1
Case D7204 Count: 1
Case D7206 Count: 1
Case D7210 Count: 1
Case D7212 Count: 1
Case D7214 Count: 1
Case D7215 Count: 2
Case D7219 Count: 1
Case D7220 Count: 1
Case D7224 Count: 2
Case D7226 Count: 1
Case D7231 Count: 1
Case D7232 Count: 1
Case D7233 Count: 2
Case D7235 Count: 1
Case D7236 Count: 1
Case D7238 Count: 2
Case D7239 Count: 1
Case D7240 Count: 1
Case D7242 Count: 2
Case D7243 Count: 1
Case D7247 Count: 2
Case D7248 Count: 1
Case D7249 Count: 1
Case D7250 Count: 1
Case D7254 Count: 1
Case D7255 Count: 1
Case D7258 Count: 2
Case D7259 Count: 2
Case D7262 Count: 1
Case D7263 Count: 1
Case D7265 Count: 3
Case D7266 Count: 2
Case D7267 Count: 2
Case D7268 Count: 1
Case D7270 Count: 1
Case D7278 Count: 1
Case D7279 Count: 1
Case D7282 Count: 1
Case D7283 Count: 1
Case D7284 Count: 1
Case D7286 Count: 1
Case D7288 Count: 2
Case D7290 Count: 1
Case D7292 Count: 2
Case D7294 Count: 1
Case D7296 Count: 1
Case D7297 Count: 1
Case D7301 Count: 1
Case D7303 Count: 1
Case D7313 Count: 1
Case D7315 Count: 2
Case D7316 Count: 1
Case D7318 Count: 1
Case D7319 Count: 2
Case D7321 Count: 1
Case D7328 Count: 1
Case D7334 Count: 2
Case D7337 Count: 1
Case D7339 Count: 1
Case D7340 Count: 1
Case D7346 Count: 1
Case D7347 Count: 1
Case D7348 Count: 2
Case D7349 Count: 1
Case D7350 Count: 2
Case D7353 Count: 1
Case D7356 Count: 1
Case D7358 Count: 1
Case D7359 Count: 1
Case D7361 Count: 1
Case D7362 Count: 1
Case D7364 Count: 2
Case D7365 Count: 1
Case D7368 Count: 1
Case D7369 Count: 1
Case D7370 Count: 2
Case D7371 Count: 1
Case D7374 Count: 1
Case D7375 Count: 1
Case D7376 Count: 2
Case D7380 Count: 1
Case D7381 Count: 1
Case D7383 Count: 2
Case D7384 Count: 1
Case D7386 Count: 1
Case D7388 Count: 3
Case D7389 Count: 1
Case D7390 Count: 1
Case D7391 Count: 2
Case D7393 Count: 3
Case D7396 Count: 1
Case D7397 Count: 1
Case D7399 Count: 1
Case D7400 Count: 1
Case D7403 Count: 1
Case D7404 Count: 1
Case D7408 Count: 3
Case D7410 Count: 1
Case D7413 Count: 1
Case D7414 Count: 3
Case D7416 Count: 2
Case D7419 Count: 1
Case D7422 Count: 2
Case D7425 Count: 1
Case D7431 Count: 1
Case D7433 Count: 1
Case D7434 Count: 1
Case D7435 Count: 1
Case D7437 Count: 2
Case D7438 Count: 1
Case D7439 Count: 1
Case D7441 Count: 1
Case D7443 Count: 1
Case D7444 Count: 1
Case D7445 Count: 1
Case D7447 Count: 1
Case D7449 Count: 1
Case D7450 Count: 1
Case D7451 Count: 1
Case D7453 Count: 1
Case D7454 Count: 1
Case D7455 Count: 1
Case D7457 Count: 1
Case D7463 Count: 1
Case D7464 Count: 1
Case D7465 Count: 1
Case D7467 Count: 2
Case D7468 Count: 2
Case D7469 Count: 1
Case D7475 Count: 1
Case D7476 Count: 1
Case D7477 Count: 1
Case D7479 Count: 1
Case D7482 Count: 3
Case D7483 Count: 1
Case D7486 Count: 1
Case D7488 Count: 1
Case D7489 Count: 1
Case D7492 Count: 1
Case D7494 Count: 1
Case D7495 Count: 1
Case D7499 Count: 2
Case D7500 Count: 2
Case D7502 Count: 1
Case D7503 Count: 1
Case D7505 Count: 2
Case D7508 Count: 2
Case D7509 Count: 1
Case D7511 Count: 1
Case D7512 Count: 1
Case D7516 Count: 2
Case D7518 Count: 1
Case D7523 Count: 1
Case D7529 Count: 2
Case D7531 Count: 2
Case D7532 Count: 1
Case D7534 Count: 1
Case D7536 Count: 1
Case D7537 Count: 1
Case D7541 Count: 1
Case D7542 Count: 1
Case D7547 Count: 1
Case D7549 Count: 1
Case D7551 Count: 2
Case D7553 Count: 2
Case D7555 Count: 1
Case D7557 Count: 1
Case D7559 Count: 3
Case D7560 Count: 2
Case D7564 Count: 1
Case D7565 Count: 2
Case D7568 Count: 3
Case D7570 Count: 3
Case D7571 Count: 1
Case D7572 Count: 2
Case D7574 Count: 2
Case D7575 Count: 2
Case D7577 Count: 2
Case D7583 Count: 1
Case D7587 Count: 2
Case D7589 Count: 1
Case D7591 Count: 2
Case D7593 Count: 1
Case D7594 Count: 1
Case D7597 Count: 2
Case D7601 Count: 2
Case D7602 Count: 2
Case D7607 Count: 4
Case D7612 Count: 1
Case D7613 Count: 1
Case D7614 Count: 1
Case D7615 Count: 1
Case D7617 Count: 2
Case D7618 Count: 1
Case D7619 Count: 1
Case D7620 Count: 1
Case D7623 Count: 1
Case D7624 Count: 1
Case D7625 Count: 2
Case D7626 Count: 1
Case D7627 Count: 1
Case D7629 Count: 3
Case D7631 Count: 1
Case D7636 Count: 1
Case D7638 Count: 1
Case D7641 Count: 1
Case D7643 Count: 1
Case D7645 Count: 2
Case D7647 Count: 1
Case D7648 Count: 1
Case D7651 Count: 1
Case D7656 Count: 1
Case D7663 Count: 2
Case D7669 Count: 1
Case D7673 Count: 2
Case D7675 Count: 1
Case D7677 Count: 1
Case D7681 Count: 1
Case D7682 Count: 1
Case D7685 Count: 1
Case D7686 Count: 1
Case D7694 Count: 1
Case D7695 Count: 1
Case D7698 Count: 1
Case D7703 Count: 3
Case D7711 Count: 2
Case D7714 Count: 1
Case D7716 Count: 2
Case D7719 Count: 1
Case D7720 Count: 1
Case D7722 Count: 2
Case D7724 Count: 1
Case D7729 Count: 1
Case D7732 Count: 2
Case D7734 Count: 1
Case D7735 Count: 1
Case D7736 Count: 1
Case D7737 Count: 1
Case D7738 Count: 1
Case D7740 Count: 1
Case D7744 Count: 2
Case D7745 Count: 1
Case D7747 Count: 2
Case D7749 Count: 1
Case D7752 Count: 1
Case D7755 Count: 1
Case D7758 Count: 1
Case D7761 Count: 1
Case D7762 Count: 1
Case D7763 Count: 2
Case D7766 Count: 2
Case D7767 Count: 1
Case D7768 Count: 3
Case D7771 Count: 2
Case D7772 Count: 1
Case D7773 Count: 1
Case D7774 Count: 1
Case D7779 Count: 1
Case D7781 Count: 1
Case D7783 Count: 1
Case D7784 Count: 2
Case D7785 Count: 1
Case D7786 Count: 3
Case D7787 Count: 1
Case D7788 Count: 1
Case D7791 Count: 1
Case D7793 Count: 2
Case D7797 Count: 2
Case D7801 Count: 1
Case D7802 Count: 1
Case D7805 Count: 1
Case D7806 Count: 1
Case D7808 Count: 1
Case D7816 Count: 2
Case D7817 Count: 2
Case D7821 Count: 1
Case D7825 Count: 1
Case D7828 Count: 1
Case D7829 Count: 1
Case D7830 Count: 2
Case D7833 Count: 1
Case D7834 Count: 1
Case D7835 Count: 1
Case D7836 Count: 3
Case D7837 Count: 1
Case D7838 Count: 2
Case D7839 Count: 1
Case D7841 Count: 1
Case D7851 Count: 1
Case D7854 Count: 1
Case D7855 Count: 1
Case D7857 Count: 2
Case D7859 Count: 1
Case D7861 Count: 2
Case D7862 Count: 1
Case D7865 Count: 1
Case D7867 Count: 1
Case D7870 Count: 2
Case D7872 Count: 1
Case D7880 Count: 1
Case D7881 Count: 1
Case D7882 Count: 1
Case D7884 Count: 2
Case D7887 Count: 1
Case D7888 Count: 1
Case D7890 Count: 1
Case D7891 Count: 1
Case D7894 Count: 1
Case D7897 Count: 1
Case D7898 Count: 2
Case D7902 Count: 1
Case D7907 Count: 1
Case D7909 Count: 1
Case D7914 Count: 1
Case D7915 Count: 2
Case D7918 Count: 1
Case D7919 Count: 1
Case D7921 Count: 1
Case D7923 Count: 1
Case D7926 Count: 1
Case D7927 Count: 2
Case D7930 Count: 1
Case D7933 Count: 1
Case D7934 Count: 1
Case D7935 Count: 1
Case D7936 Count: 1
Case D7945 Count: 1
Case D7948 Count: 2
Case D7951 Count: 1
Case D7954 Count: 1
Case D7956 Count: 1
Case D7957 Count: 1
Case D7963 Count: 1
Case D7966 Count: 1
Case D7969 Count: 2
Case D7975 Count: 1
Case D7976 Count: 1
Case D7978 Count: 1
Case D7979 Count: 1
Case D7980 Count: 1
Case D7983 Count: 1
Case D7984 Count: 1
Case D7985 Count: 1
Case D7990 Count: 2
Case D7991 Count: 1
Case D7992 Count: 1
Case D7995 Count: 2
Case D7996 Count: 1
Case D7998 Count: 1
Case D8001 Count: 1
Case D8004 Count: 1
Case D8005 Count: 1
Case D8010 Count: 1
Case D8011 Count: 2
Case D8012 Count: 1
Case D8014 Count: 1
Case D8016 Count: 1
Case D8018 Count: 2
Case D8020 Count: 2
Case D8021 Count: 1
Case D8023 Count: 1
Case D8025 Count: 1
Case D8031 Count: 1
Case D8033 Count: 2
Case D8035 Count: 2
Case D8039 Count: 2
Case D8040 Count: 2
Case D8044 Count: 2
Case D8045 Count: 2
Case D8050 Count: 2
Case D8051 Count: 1
Case D8052 Count: 1
Case D8056 Count: 1
Case D8057 Count: 1
Case D8058 Count: 1
Case D8059 Count: 1
Case D8062 Count: 1
Case D8063 Count: 1
Case D8067 Count: 1
Case D8068 Count: 2
Case D8070 Count: 2
Case D8071 Count: 2
Case D8072 Count: 1
Case D8074 Count: 1
Case D8076 Count: 1
Case D8081 Count: 2
Case D8082 Count: 1
Case D8085 Count: 3
Case D8097 Count: 1
Case D8098 Count: 1
Case D8100 Count: 1
Case D8107 Count: 2
Case D8109 Count: 1
Case D8111 Count: 1
Case D8112 Count: 1
Case D8113 Count: 3
Case D8114 Count: 1
Case D8119 Count: 1
Case D8121 Count: 2
Case D8123 Count: 1
Case D8125 Count: 2
Case D8127 Count: 1
Case D8128 Count: 1
Case D8129 Count: 1
Case D8131 Count: 2
Case D8135 Count: 1
Case D8137 Count: 1
Case D8141 Count: 1
Case D8144 Count: 1
Case D8145 Count: 1
Case D8147 Count: 1
Case D8148 Count: 1
Case D8154 Count: 1
Case D8158 Count: 3
Case D8160 Count: 1
Case D8163 Count: 1
Case D8167 Count: 1
Case D8177 Count: 2
Case D8178 Count: 1
Case D8179 Count: 2
Case D8184 Count: 1
Case D8185 Count: 2
Case D8186 Count: 1
Case D8192 Count: 1
Case D8193 Count: 1
Case D8194 Count: 1
Case D8195 Count: 2
Case D8196 Count: 2
Case D8200 Count: 2
Case D8205 Count: 1
Case D8206 Count: 1
Case D8212 Count: 2
Case D8213 Count: 1
Case D8216 Count: 1
Case D8220 Count: 1
Case D8222 Count: 2
Case D8223 Count: 1
Case D8224 Count: 1
Case D8226 Count: 1
Case D8229 Count: 3
Case D8232 Count: 1
Case D8238 Count: 1
Case D8241 Count: 1
Case D8246 Count: 1
Case D8250 Count: 1
Case D8251 Count: 2
Case D8255 Count: 1
Case D8258 Count: 1
Case D8259 Count: 2
Case D8263 Count: 1
Case D8264 Count: 1
Case D8265 Count: 1
Case D8266 Count: 1
Case D8267 Count: 2
Case D8272 Count: 1
Case D8275 Count: 2
Case D8277 Count: 1
Case D8283 Count: 2
Case D8286 Count: 1
Case D8288 Count: 2
Case D8289 Count: 1
Case D8294 Count: 1
Case D8295 Count: 1
Case D8298 Count: 1
Case D8301 Count: 1
Case D8302 Count: 1
Case D8303 Count: 1
Case D8304 Count: 1
Case D8310 Count: 2
Case D8311 Count: 1
Case D8312 Count: 1
Case D8315 Count: 1
Case D8316 Count: 1
Case D8317 Count: 2
Case D8319 Count: 1
Case D8320 Count: 1
Case D8326 Count: 1
Case D8330 Count: 1
Case D8332 Count: 1
Case D8333 Count: 1
Case D8334 Count: 1
Case D8336 Count: 1
Case D8339 Count: 1
Case D8341 Count: 1
Case D8343 Count: 1
Case D8345 Count: 1
Case D8346 Count: 1
Case D8351 Count: 1
Case D8354 Count: 1
Case D8356 Count: 1
Case D8358 Count: 1
Case D8371 Count: 1
Case D8374 Count: 1
Case D8381 Count: 1
Case D8383 Count: 1
Case D8385 Count: 1
Case D8386 Count: 1
Case D8387 Count: 2
Case D8388 Count: 1
Case D8392 Count: 1
Case D8393 Count: 1
Case D8396 Count: 1
Case D8399 Count: 1
Case D8400 Count: 1
Case D8401 Count: 1
Case D8402 Count: 1
Case D8403 Count: 2
Case D8404 Count: 1
Case D8406 Count: 1
Case D8408 Count: 1
Case D8414 Count: 1
Case D8417 Count: 1
Case D8420 Count: 1
Case D8421 Count: 1
Case D8427 Count: 1
Case D8430 Count: 1
Case D8438 Count: 1
Case D8442 Count: 1
Case D8444 Count: 1
Case D8449 Count: 1
Case D8450 Count: 1
Case D8451 Count: 1
Case D8452 Count: 1
Case D8455 Count: 2
Case D8458 Count: 1
Case D8460 Count: 1
Case D8461 Count: 1
Case D8462 Count: 1
Case D8466 Count: 1
Case D8472 Count: 1
Case D8473 Count: 2
Case D8479 Count: 1
Case D8480 Count: 1
Case D8481 Count: 1
Case D8487 Count: 2
Case D8501 Count: 1
Case D8503 Count: 1
Case D8507 Count: 1
Case D8508 Count: 2
Case D8511 Count: 1
Case D8513 Count: 1
Case D8514 Count: 2
Case D8515 Count: 1
Case D8523 Count: 1
Case D8524 Count: 1
Case D8526 Count: 1
Case D8527 Count: 1
Case D8532 Count: 1
Case D8539 Count: 1
Case D8540 Count: 1
Case D8542 Count: 1
Case D8544 Count: 1
Case D8546 Count: 1
Case D8548 Count: 1
Case D8549 Count: 1
Case D8551 Count: 1
Case D8554 Count: 1
Case D8557 Count: 1
Case D8558 Count: 1
Case D8562 Count: 1
Case D8564 Count: 2
Case D8577 Count: 1
Case D8578 Count: 1
Case D8579 Count: 1
Case D8581 Count: 2
Case D8582 Count: 1
Case D8583 Count: 1
Case D8584 Count: 1
Case D8587 Count: 1
Case D8588 Count: 1
Case D8590 Count: 1
Case D8591 Count: 1
Case D8599 Count: 1
Case D8601 Count: 1
Case D8603 Count: 1
Case D8604 Count: 1
Case D8605 Count: 1
Case D8607 Count: 1
Case D8611 Count: 1
Case D8615 Count: 2
Case D8618 Count: 2
Case D8619 Count: 1
Case D8621 Count: 1
Case D8623 Count: 2
Case D8625 Count: 1
Case D8629 Count: 1
Case D8632 Count: 2
Case D8634 Count: 1
Case D8635 Count: 1
Case D8636 Count: 2
Case D8637 Count: 1
Case D8639 Count: 1
Case D8642 Count: 2
Case D8643 Count: 1
Case D8645 Count: 2
Case D8646 Count: 1
Case D8649 Count: 1
Case D8650 Count: 2
Case D8652 Count: 2
Case D8657 Count: 1
Case D8661 Count: 1
Case D8666 Count: 2
Case D8676 Count: 2
Case D8677 Count: 2
Case D8678 Count: 1
Case D8680 Count: 1
Case D8683 Count: 2
Case D8684 Count: 1
Case D8686 Count: 1
Case D8689 Count: 1
Case D8690 Count: 1
Case D8693 Count: 1
Case D8694 Count: 1
Case D8696 Count: 1
Case D8700 Count: 1
Case D8702 Count: 1
Case D8703 Count: 1
Case D8704 Count: 1
Case D8705 Count: 1
Case D8706 Count: 1
Case D8710 Count: 1
Case D8712 Count: 1
Case D8713 Count: 1
Case D8715 Count: 1
Case D8717 Count: 1
Case D8718 Count: 1
Case D8720 Count: 1
Case D8722 Count: 1
Case D8728 Count: 1
Case D8731 Count: 1
Case D8734 Count: 1
Case D8736 Count: 1
Case D8738 Count: 1
Case D8740 Count: 1
Case D8742 Count: 2
Case D8744 Count: 1
Case D8745 Count: 1
Case D8748 Count: 1
Case D8749 Count: 1
Case D8751 Count: 1
Case D8752 Count: 1
Case D8753 Count: 1
Case D8754 Count: 1
Case D8756 Count: 1
Case D8758 Count: 1
Case D8759 Count: 2
Case D8761 Count: 2
Case D8762 Count: 1
Case D8764 Count: 1
Case D8765 Count: 1
Case D8767 Count: 1
Case D8768 Count: 1
Case D8771 Count: 2
Case D8774 Count: 1
Case D8776 Count: 1
Case D8777 Count: 1
Case D8779 Count: 1
Case D8782 Count: 1
Case D8784 Count: 1
Case D8785 Count: 1
Case D8786 Count: 1
Case D8789 Count: 3
Case D8790 Count: 1
Case D8791 Count: 1
Case D8797 Count: 1
Case D8803 Count: 1
Case D8804 Count: 1
Case D8805 Count: 1
Case D8807 Count: 2
Case D8810 Count: 2
Case D8813 Count: 1
Case D8815 Count: 1
Case D8816 Count: 1
Case D8822 Count: 2
Case D8826 Count: 1
Case D8827 Count: 1
Case D8830 Count: 2
Case D8831 Count: 1
Case D8837 Count: 1
Case D8839 Count: 1
Case D8840 Count: 1
Case D8843 Count: 1
Case D8845 Count: 1
Case D8850 Count: 1
Case D8853 Count: 1
Case D8854 Count: 1
Case D8857 Count: 1
Case D8858 Count: 2
Case D8861 Count: 2
Case D8869 Count: 1
Case D8871 Count: 1
Case D8877 Count: 1
Case D8882 Count: 1
Case D8883 Count: 2
Case D8887 Count: 1
Case D8892 Count: 2
Case D8897 Count: 1
Case D8898 Count: 1
Case D8900 Count: 2
Case D8902 Count: 1
Case D8905 Count: 1
Case D8907 Count: 1
Case D8908 Count: 1
Case D8912 Count: 2
Case D8913 Count: 1
Case D8916 Count: 1
Case D8920 Count: 1
Case D8921 Count: 1
Case D8922 Count: 1
Case D8924 Count: 1
Case D8928 Count: 2
Case D8929 Count: 1
Case D8931 Count: 1
Case D8932 Count: 1
Case D8933 Count: 2
Case D8935 Count: 1
Case D8936 Count: 1
Case D8937 Count: 1
Case D8942 Count: 1
Case D8944 Count: 1
Case D8945 Count: 1
Case D8948 Count: 2
Case D8950 Count: 3
Case D8952 Count: 1
Case D8953 Count: 3
Case D8954 Count: 1
Case D8957 Count: 1
Case D8958 Count: 1
Case D8959 Count: 2
Case D8961 Count: 2
Case D8964 Count: 2
Case D8972 Count: 1
Case D8974 Count: 1
Case D8979 Count: 2
Case D8980 Count: 1
Case D8984 Count: 1
Case D8987 Count: 1
Case D8994 Count: 1
Case D8995 Count: 1
Case D8996 Count: 1
Case D8999 Count: 2
Case D9003 Count: 2
Case D9005 Count: 1
Case D9011 Count: 2
Case D9012 Count: 2
Case D9013 Count: 2
Case D9014 Count: 1
Case D9016 Count: 1
Case D9023 Count: 1
Case D9026 Count: 1
Case D9034 Count: 1
Case D9038 Count: 1
Case D9043 Count: 1
Case D9044 Count: 1
Case D9046 Count: 1
Case D9048 Count: 1
Case D9051 Count: 2
Case D9053 Count: 1
Case D9056 Count: 1
Case D9060 Count: 2
Case D9062 Count: 1
Case D9069 Count: 1
Case D9073 Count: 2
Case D9074 Count: 1
Case D9081 Count: 1
Case D9082 Count: 1
Case D9083 Count: 2
Case D9087 Count: 3
Case D9088 Count: 2
Case D9093 Count: 2
Case D9095 Count: 2
Case D9103 Count: 1
Case D9114 Count: 1
Case D9115 Count: 1
Case D9121 Count: 2
Case D9122 Count: 1
Case D9126 Count: 1
Case D9135 Count: 1
Case D9137 Count: 1
Case D9145 Count: 1
Case D9147 Count: 1
Case D9152 Count: 2
Case D9155 Count: 1
Case D9156 Count: 1
Case D9157 Count: 1
Case D9158 Count: 2
Case D9160 Count: 2
Case D9161 Count: 1
Case D9163 Count: 1
Case D9165 Count: 1
Case D9176 Count: 1
Case D9177 Count: 1
Case D9181 Count: 1
Case D9183 Count: 1
Case D9185 Count: 1
Case D9188 Count: 1
Case D9191 Count: 1
Case D9194 Count: 2
Case D9195 Count: 2
Case D9199 Count: 1
Case D9200 Count: 1
Case D9205 Count: 1
Case D9213 Count: 1
Case D9214 Count: 1
Case D9215 Count: 1
Case D9216 Count: 1
Case D9228 Count: 1
Case D9232 Count: 1
Case D9235 Count: 2
Case D9238 Count: 1
Case D9240 Count: 1
Case D9243 Count: 1
Case D9245 Count: 1
Case D9247 Count: 1
Case D9248 Count: 2
Case D9250 Count: 2
Case D9251 Count: 1
Case D9253 Count: 2
Case D9257 Count: 1
Case D9259 Count: 1
Case D9269 Count: 1
Case D9270 Count: 1
Case D9276 Count: 1
Case D9279 Count: 1
Case D9288 Count: 1
Case D9291 Count: 2
Case D9298 Count: 2
Case D9305 Count: 1
Case D9312 Count: 1
Case D9313 Count: 1
Case D9318 Count: 1
Case D9319 Count: 2
Case D9323 Count: 1
Case D9327 Count: 1
Case D9332 Count: 1
Case D9335 Count: 1
Case D9337 Count: 1
Case D9350 Count: 1
Case D9351 Count: 1
Case D9354 Count: 1
Case D9355 Count: 1
Case D9356 Count: 1
Case D9358 Count: 1
Case D9363 Count: 1
Case D9364 Count: 1
Case D9369 Count: 1
Case D9370 Count: 1
Case D9372 Count: 1
Case D9375 Count: 1
Case D9378 Count: 1
Case D9382 Count: 1
Case D9384 Count: 1
Case D9386 Count: 2
Case D9392 Count: 1
Case D9393 Count: 1
Case D9394 Count: 1
Case D9398 Count: 2
Case D9403 Count: 1
Case D9408 Count: 1
Case D9409 Count: 1
Case D9414 Count: 1
Case D9417 Count: 1
Case D9418 Count: 1
Case D9421 Count: 2
Case D9428 Count: 1
Case D9429 Count: 1
Case D9430 Count: 1
Case D9433 Count: 1
Case D9435 Count: 1
Case D9438 Count: 1
Case D9439 Count: 1
Case D9442 Count: 1
Case D9446 Count: 1
Case D9448 Count: 1
Case D9450 Count: 1
Case D9452 Count: 1
Case D9453 Count: 1
Case D9454 Count: 2
Case D9462 Count: 3
Case D9463 Count: 2
Case D9464 Count: 1
Case D9465 Count: 2
Case D9466 Count: 1
Case D9467 Count: 1
Case D9469 Count: 1
Case D9470 Count: 1
Case D9473 Count: 1
Case D9475 Count: 1
Case D9477 Count: 2
Case D9480 Count: 1
Case D9483 Count: 1
Case D9486 Count: 1
Case D9489 Count: 2
Case D9491 Count: 1
Case D9493 Count: 1
Case D9495 Count: 1
Case D9497 Count: 1
Case D9498 Count: 1
Case D9501 Count: 1
Case D9502 Count: 1
Case D9504 Count: 2
Case D9508 Count: 1
Case D9511 Count: 1
Case D9513 Count: 1
Case D9520 Count: 1
Case D9521 Count: 1
Case D9522 Count: 2
Case D9525 Count: 1
Case D9527 Count: 1
Case D9528 Count: 1
Case D9532 Count: 1
Case D9536 Count: 2
Case D9538 Count: 1
Case D9540 Count: 1
Case D9543 Count: 1
Case D9545 Count: 2
Case D9547 Count: 1
Case D9548 Count: 1
Case D9549 Count: 1
Case D9554 Count: 1
Case D9557 Count: 1
Case D9560 Count: 1
Case D9561 Count: 1
Case D9568 Count: 1
Case D9571 Count: 1
Case D9580 Count: 1
Case D9582 Count: 1
Case D9584 Count: 1
Case D9591 Count: 1
Case D9592 Count: 1
Case D9605 Count: 1
Case D9607 Count: 1
Case D9608 Count: 1
Case D9609 Count: 1
Case D9610 Count: 1
Case D9613 Count: 1
Case D9615 Count: 1
Case D9617 Count: 2
Case D9619 Count: 1
Case D9626 Count: 1
Case D9630 Count: 1
Case D9634 Count: 1
Case D9635 Count: 1
Case D9640 Count: 1
Case D9642 Count: 1
Case D9643 Count: 1
Case D9644 Count: 1
Case D9648 Count: 1
Case D9650 Count: 1
Case D9651 Count: 1
Case D9653 Count: 1
Case D9655 Count: 1
Case D9657 Count: 1
Case D9662 Count: 2
Case D9663 Count: 1
Case D9678 Count: 2
Case D9681 Count: 1
Case D9682 Count: 2
Case D9683 Count: 1
Case D9684 Count: 2
Case D9687 Count: 1
Case D9690 Count: 1
Case D9699 Count: 1
Case D9710 Count: 2
Case D9711 Count: 1
Case D9717 Count: 1
Case D9722 Count: 1
Case D9724 Count: 1
Case D9726 Count: 1
Case D9729 Count: 1
Case D9734 Count: 1
Case D9744 Count: 2
Case D9745 Count: 3
Case D9748 Count: 1
Case D9749 Count: 1
Case D9752 Count: 1
Case D9755 Count: 1
Case D9759 Count: 1
Case D9760 Count: 2
Case D9761 Count: 3
Case D9765 Count: 1
Case D9767 Count: 2
Case D9782 Count: 1
Case D9784 Count: 2
Case D9786 Count: 1
Case D9788 Count: 1
Case D9790 Count: 1
Case D9794 Count: 1
Case D9795 Count: 2
Case D9797 Count: 1
Case D9801 Count: 1
Case D9802 Count: 1
Case D9805 Count: 1
Case D9806 Count: 1
Case D9811 Count: 1
Case D9820 Count: 1
Case D9821 Count: 1
Case D9822 Count: 1
Case D9823 Count: 2
Case D9833 Count: 1
Case D9836 Count: 1
Case D9840 Count: 1
Case D9841 Count: 2
Case D9847 Count: 1
Case D9854 Count: 1
Case D9855 Count: 1
Case D9858 Count: 1
Case D9867 Count: 3
Case D9871 Count: 1
Case D9874 Count: 2
Case D9878 Count: 1
Case D9879 Count: 1
Case D9885 Count: 1
Case D9890 Count: 1
Case D9895 Count: 1
Case D9896 Count: 1
Case D9902 Count: 1
Case D9903 Count: 1
Case D9904 Count: 2
Case D9908 Count: 1
Case D9909 Count: 1
Case D9914 Count: 1
Case D9915 Count: 1
Case D9919 Count: 1
Case D9920 Count: 1
Case D9922 Count: 1
Case D9926 Count: 1
Case D9927 Count: 2
Case D9935 Count: 1
Case D9937 Count: 1
Case D9939 Count: 1
Case D9944 Count: 2
Case D9946 Count: 3
Case D9949 Count: 1
Case D9950 Count: 1
Case D9953 Count: 1
Case D9954 Count: 1
Case D9960 Count: 1
Case D9965 Count: 1
Case D9970 Count: 1
Case D9976 Count: 1
Case D9977 Count: 2
Case D9978 Count: 1
Case D9980 Count: 2
Case D9982 Count: 1
Case D9986 Count: 1
Case D9988 Count: 1
Case D9989 Count: 1
Case D9999 Count: 1
Case D10007 Count: 1
Case D10013 Count: 1
Case D10014 Count: 1
Case D10016 Count: 1
Case D10018 Count: 1
Case D10019 Count: 1
Case D10023 Count: 1
Case D10025 Count: 1
Case D10028 Count: 1
Case D10033 Count: 1
Case D10037 Count: 1
Case D10038 Count: 1
Case D10039 Count: 1
Case D10041 Count: 1
Case D10048 Count: 1
Case D10049 Count: 1
Case D10054 Count: 1
Case D10056 Count: 1
Case D10062 Count: 1
Case D10063 Count: 1
Case D10064 Count: 2
Case D10076 Count: 1
Case D10080 Count: 1
Case D10081 Count: 1
Case D10082 Count: 1
Case D10089 Count: 1
Case D10096 Count: 1
Case D10106 Count: 1
Case D10108 Count: 1
Case D10110 Count: 2
Case D10121 Count: 1
Case D10126 Count: 1
Case D10129 Count: 1
Case D10133 Count: 1
Case D10135 Count: 1
Case D10137 Count: 2
Case D10148 Count: 1
Case D10150 Count: 1
Case D10154 Count: 1
Case D10158 Count: 1
Case D10160 Count: 1
Case D10166 Count: 1
Case D10172 Count: 1
Case D10177 Count: 2
Case D10179 Count: 1
Case D10190 Count: 1
Case D10192 Count: 1
Case D10194 Count: 1
Case D10196 Count: 1
Case D10197 Count: 1
Case D10198 Count: 1
Case D10204 Count: 1
Case D10209 Count: 1
Case D10211 Count: 1
Case D10214 Count: 1
Case D10217 Count: 1
Case D10218 Count: 1
Case D10219 Count: 1
Case D10221 Count: 1
Case D10222 Count: 1
Case D10224 Count: 1
Case D10225 Count: 1
Case D10238 Count: 1
Case D10239 Count: 1
Case D10248 Count: 1
Case D10249 Count: 1
Case D10251 Count: 1
Case D10253 Count: 1
Case D10266 Count: 1
Case D10267 Count: 1
Case D10269 Count: 1
Case D10271 Count: 1
Case D10272 Count: 1
Case D10275 Count: 2
Case D10286 Count: 1
Case D10291 Count: 1
Case D10299 Count: 1
Case D10300 Count: 1
Case D10309 Count: 1
Case D10311 Count: 1
Case D10312 Count: 1
Case D10323 Count: 1
Case D10325 Count: 1
Case D10331 Count: 1
Case D10332 Count: 3
Case D10333 Count: 1
Case D10339 Count: 1
Case D10341 Count: 1
Case D10344 Count: 1
Case D10345 Count: 1
Case D10347 Count: 1
Case D10349 Count: 1
Case D10350 Count: 1
Case D10352 Count: 2
Case D10357 Count: 1
Case D10364 Count: 1
Case D10367 Count: 1
Case D10368 Count: 1
Case D10370 Count: 1
Case D10373 Count: 1
Case D10376 Count: 1
Case D10384 Count: 1
Case D10388 Count: 1
Case D10390 Count: 1
Case D10391 Count: 1
Case D10397 Count: 1
Case D10405 Count: 2
Case D10406 Count: 1
Case D10407 Count: 1
Case D10408 Count: 1
Case D10420 Count: 1
Case D10423 Count: 1
Case D10429 Count: 2
Case D10430 Count: 1
Case D10435 Count: 1
Case D10437 Count: 1
Case D10439 Count: 1
Case D10443 Count: 1
Case D10445 Count: 1
Case D10446 Count: 1
Case D10453 Count: 2
Case D10457 Count: 1
Case D10468 Count: 1
Case D10471 Count: 1
Case D10480 Count: 1
Case D10481 Count: 1
Case D10483 Count: 1
Case D10492 Count: 1
Case D10496 Count: 1
Case D10507 Count: 1
Case D10510 Count: 1
Case D10511 Count: 1
Case D10512 Count: 1
Case D10515 Count: 1
Case D10516 Count: 1
Case D10518 Count: 1
Case D10519 Count: 1
Case D10521 Count: 1
Case D10522 Count: 1
Case D10530 Count: 1
Case D10532 Count: 1
Case D10543 Count: 1
Case D10544 Count: 1
Case D10560 Count: 2
Case D10563 Count: 2
Case D10568 Count: 2
Case D10570 Count: 2
Case D10580 Count: 1
Case D10583 Count: 2
Case D10584 Count: 1
Case D10588 Count: 1
Case D10589 Count: 1
Case D10591 Count: 1
Case D10596 Count: 1
Case D10597 Count: 1
Case D10599 Count: 1
Case D10600 Count: 1
Case D10611 Count: 1
Case D10612 Count: 1
Case D10613 Count: 1
Case D10614 Count: 3
Case D10619 Count: 1
Case D10620 Count: 1
Case D10621 Count: 2
Case D10622 Count: 1
Case D10634 Count: 1
Case D10638 Count: 2
Case D10640 Count: 1
Case D10642 Count: 1
Case D10651 Count: 1
Case D10652 Count: 1
Case D10656 Count: 2
Case D10659 Count: 1
Case D10666 Count: 1
Case D10668 Count: 1
Case D10669 Count: 1
Case D10674 Count: 1
Case D10680 Count: 2
Case D10682 Count: 1
Case D10692 Count: 1
Case D10696 Count: 1
Case D10699 Count: 2
Case D10710 Count: 1
Case D10712 Count: 1
Case D10719 Count: 1
Case D10721 Count: 1
Case D10724 Count: 1
Case D10726 Count: 1
Case D10728 Count: 1
Case D10731 Count: 1
Case D10732 Count: 1
Case D10736 Count: 1
Case D10738 Count: 2
Case D10739 Count: 1
Case D10753 Count: 1
Case D10755 Count: 1
Case D10762 Count: 1
Case D10765 Count: 1
Case D10766 Count: 1
Case D10768 Count: 1
Case D10770 Count: 1
Case D10778 Count: 1
Case D10780 Count: 1
Case D10781 Count: 1
Case D10786 Count: 1
Case D10788 Count: 1
Case D10789 Count: 1
Case D10791 Count: 1
Case D10799 Count: 2
Case D10801 Count: 1
Case D10806 Count: 1
Case D10807 Count: 2
Case D10809 Count: 1
Case D10812 Count: 1
Case D10814 Count: 1
Case D10820 Count: 1
Case D10823 Count: 1
Case D10825 Count: 1
Case D10827 Count: 1
Case D10829 Count: 1
Case D10831 Count: 1
Case D10836 Count: 1
Case D10838 Count: 2
Case D10840 Count: 2
Case D10841 Count: 1
Case D10848 Count: 1
Case D10856 Count: 1
Case D10857 Count: 1
Case D10863 Count: 1
Case D10865 Count: 2
Case D10868 Count: 1
Case D10870 Count: 1
Case D10881 Count: 1
Case D10884 Count: 1
Case D10893 Count: 1
Case D10896 Count: 1
Case D10902 Count: 1
Case D10903 Count: 1
Case D10906 Count: 1
Case D10909 Count: 1
Case D10910 Count: 1
Case D10911 Count: 1
Case D10913 Count: 1
Case D10916 Count: 1
Case D10922 Count: 1
Case D10930 Count: 2
Case D10931 Count: 1
Case D10933 Count: 1
Case D10939 Count: 2
Case D10940 Count: 1
Case D10943 Count: 1
Case D10945 Count: 1
Case D10947 Count: 1
Case D10951 Count: 1
Case D10954 Count: 2
Case D10959 Count: 1
Case D10964 Count: 1
Case D10966 Count: 1
Case D10970 Count: 1
Case D10971 Count: 2
Case D10984 Count: 2
Case D10991 Count: 1
Case D10993 Count: 1
Case D11000 Count: 1
Case D11004 Count: 2
Case D11005 Count: 1
Case D11010 Count: 1
Case D11012 Count: 1
Case D11022 Count: 1
Case D11025 Count: 1
Case D11027 Count: 1
Case D11029 Count: 1
Case D11030 Count: 1
Case D11034 Count: 1
Case D11035 Count: 1
Case D11046 Count: 1
Case D11047 Count: 1
Case D11056 Count: 1
Case D11058 Count: 3
Case D11060 Count: 1
Case D11067 Count: 3
Case D11068 Count: 1
Case D11073 Count: 1
Case D11077 Count: 1
Case D11090 Count: 1
Case D11093 Count: 1
Case D11094 Count: 1
Case D11095 Count: 1
Case D11105 Count: 1
Case D11114 Count: 1
Case D11116 Count: 1
Case D11123 Count: 1
Case D11124 Count: 1
Case D11128 Count: 1
Case D11132 Count: 1
Case D11133 Count: 1
Case D11136 Count: 1
Case D11141 Count: 1
Case D11144 Count: 1
Case D11156 Count: 1
Case D11160 Count: 1
Case D11169 Count: 1
Case D11173 Count: 2
Case D11176 Count: 1
Case D11185 Count: 1
Case D11193 Count: 1
Case D11196 Count: 1
Case D11198 Count: 1
Case D11210 Count: 1
Case D11214 Count: 1
Case D11221 Count: 1
Case D11232 Count: 1
Case D11236 Count: 1
Case D11237 Count: 1
Case D11243 Count: 1
Case D11247 Count: 1
Case D11248 Count: 1
Case D11257 Count: 1
Case D11262 Count: 2
Case D11265 Count: 1
Case D11268 Count: 1
Case D11269 Count: 1
Case D11282 Count: 1
Case D11285 Count: 3
Case D11287 Count: 2
Case D11293 Count: 1
Case D11295 Count: 1
Case D11297 Count: 1
Case D11302 Count: 1
Case D11303 Count: 1
Case D11310 Count: 1
Case D11312 Count: 2
Case D11317 Count: 1
Case D11326 Count: 1
Case D11327 Count: 1
Case D11333 Count: 1
Case D11348 Count: 2
Case D11351 Count: 1
Case D11353 Count: 2
Case D11356 Count: 1
Case D11357 Count: 1
Case D11358 Count: 1
Case D11361 Count: 1
Case D11365 Count: 1
Case D11381 Count: 1
Case D11383 Count: 1
Case D11385 Count: 1
Case D11388 Count: 1
Case D11397 Count: 1
Case D11401 Count: 1
Case D11405 Count: 1
Case D11407 Count: 1
Case D11416 Count: 1
Case D11420 Count: 2
Case D11426 Count: 2
Case D11427 Count: 1
Case D11429 Count: 1
Case D11430 Count: 1
Case D11431 Count: 1
Case D11433 Count: 1
Case D11435 Count: 1
Case D11442 Count: 1
Case D11443 Count: 1
Case D11446 Count: 2
Case D11458 Count: 1
Case D11459 Count: 1
Case D11461 Count: 1
Case D11462 Count: 1
Case D11463 Count: 1
Case D11479 Count: 1
Case D11482 Count: 2
Case D11489 Count: 1
Case D11492 Count: 1
Case D11499 Count: 1
Case D11503 Count: 1
Case D11506 Count: 1
Case D11510 Count: 1
Case D11514 Count: 1
Case D11515 Count: 1
Case D11517 Count: 1
Case D11519 Count: 1
Case D11527 Count: 1
Case D11529 Count: 1
Case D11531 Count: 1
Case D11532 Count: 1
Case D11540 Count: 1
Case D11545 Count: 1
Case D11546 Count: 1
Case D11548 Count: 1
Case D11550 Count: 1
Case D11552 Count: 1
Case D11557 Count: 1
Case D11562 Count: 1
Case D11573 Count: 1
Case D11576 Count: 2
Case D11580 Count: 1
Case D11585 Count: 2
Case D11588 Count: 1
Case D11590 Count: 1
Case D11591 Count: 2
Case D11592 Count: 1
Case D11594 Count: 1
Case D11602 Count: 1
Case D11606 Count: 1
Case D11611 Count: 1
Case D11613 Count: 2
Case D11618 Count: 1
Case D11619 Count: 1
Case D11621 Count: 1
Case D11623 Count: 1
Case D11627 Count: 1
Case D11629 Count: 1
Case D11630 Count: 1
Case D11641 Count: 1
Case D11643 Count: 1
Case D11655 Count: 1
Case D11658 Count: 1
Case D11663 Count: 1
Case D11665 Count: 1
Case D11667 Count: 2
Case D11669 Count: 1
Case D11672 Count: 1
Case D11678 Count: 1
Case D11679 Count: 2
Case D11683 Count: 1
Case D11684 Count: 1
Case D11686 Count: 1
Case D11690 Count: 1
Case D11691 Count: 1
Case D11694 Count: 1
Case D11706 Count: 1
Case D11710 Count: 1
Case D11714 Count: 1
Case D11715 Count: 1
Case D11717 Count: 1
Case D11720 Count: 1
Case D11727 Count: 1
Case D11729 Count: 2
Case D11731 Count: 1
Case D11735 Count: 2
Case D11743 Count: 1
Case D11746 Count: 1
Case D11758 Count: 1
Case D11762 Count: 1
Case D11763 Count: 1
Case D11764 Count: 1
Case D11768 Count: 2
Case D11769 Count: 1
Case D11781 Count: 1
Case D11782 Count: 1
Case D11785 Count: 1
Case D11786 Count: 1
Case D11787 Count: 1
Case D11789 Count: 1
Case D11795 Count: 1
Case D11796 Count: 1
Case D11798 Count: 1
Case D11806 Count: 1
Case D11812 Count: 1
Case D11814 Count: 1
Case D11817 Count: 1
Case D11825 Count: 1
Case D11828 Count: 1
Case D11832 Count: 1
Case D11835 Count: 1
Case D11837 Count: 1
Case D11839 Count: 1
Case D11841 Count: 1
Case D11842 Count: 1
Case D11844 Count: 1
Case D11847 Count: 1
Case D11853 Count: 1
Case D11864 Count: 1
Case D11865 Count: 1
Case D11867 Count: 1
Case D11875 Count: 2
Case D11883 Count: 1
Case D11887 Count: 1
Case D11889 Count: 1
Case D11896 Count: 1
Case D11902 Count: 1
Case D11921 Count: 1
Case D11929 Count: 1
Case D11940 Count: 3
Case D11942 Count: 1
Case D11945 Count: 1
Case D11957 Count: 1
Case D11958 Count: 1
Case D11961 Count: 1
Case D11964 Count: 1
Case D11972 Count: 1
Case D11977 Count: 1
Case D11992 Count: 1
Case D11993 Count: 1
Case D11999 Count: 2
Case D12004 Count: 1
Case D12005 Count: 1
Case D12008 Count: 1
Case D12010 Count: 1
Case D12014 Count: 1
Case D12015 Count: 1
Case D12016 Count: 1
Case D12019 Count: 1
Case D12026 Count: 1
Case D12032 Count: 1
Case D12037 Count: 1
Case D12040 Count: 1
Case D12042 Count: 1
Case D12043 Count: 1
Case D12044 Count: 1
Case D12048 Count: 1
Case D12050 Count: 1
Case D12052 Count: 1
Case D12062 Count: 1
Case D12064 Count: 1
Case D12066 Count: 1
Case D12069 Count: 2
Case D12073 Count: 1
Case D12079 Count: 1
Case D12081 Count: 1
Case D12084 Count: 1
Case D12085 Count: 1
Case D12086 Count: 1
Case D12089 Count: 1
Case D12090 Count: 1
Case D12093 Count: 1
Case D12099 Count: 2
Case D12106 Count: 1
Case D12108 Count: 1
Case D12116 Count: 1
Case D12119 Count: 1
Case D12120 Count: 1
Case D12131 Count: 2
Case D12133 Count: 1
Case D12146 Count: 1
Case D12148 Count: 1
Case D12157 Count: 1
Case D12161 Count: 1
Case D12167 Count: 2
Case D12178 Count: 1
Case D12179 Count: 1
Case D12180 Count: 1
Case D12182 Count: 1
Case D12186 Count: 1
Case D12194 Count: 1
Case D12197 Count: 1
Case D12200 Count: 1
Case D12214 Count: 1
Case D12234 Count: 1
Case D12235 Count: 1
Case D12237 Count: 1
Case D12238 Count: 1
Case D12241 Count: 1
Case D12244 Count: 1
Case D12247 Count: 1
Case D12248 Count: 1
Case D12252 Count: 1
Case D12254 Count: 1
Case D12257 Count: 2
Case D12259 Count: 1
Case D12262 Count: 1
Case D12266 Count: 1
Case D12281 Count: 1
Case D12284 Count: 1
Case D12285 Count: 1
Case D12286 Count: 1
Case D12288 Count: 1
Case D12289 Count: 1
Case D12291 Count: 1
Case D12294 Count: 1
Case D12304 Count: 1
Case D12305 Count: 1
Case D12307 Count: 1
Case D12310 Count: 1
Case D12315 Count: 1
Case D12317 Count: 1
Case D12321 Count: 1
Case D12323 Count: 2
Case D12326 Count: 1
Case D12329 Count: 1
Case D12334 Count: 1
Case D12336 Count: 2
Case D12338 Count: 1
Case D12350 Count: 1
Case D12351 Count: 1
Case D12352 Count: 1
Case D12355 Count: 1
Case D12356 Count: 1
Case D12360 Count: 1
Case D12365 Count: 1
Case D12366 Count: 1
Case D12379 Count: 1
Case D12383 Count: 1
Case D12389 Count: 1
Case D12393 Count: 1
Case D12394 Count: 1
Case D12397 Count: 1
Case D12398 Count: 1
Case D12400 Count: 2
Case D12410 Count: 1
Case D12411 Count: 2
Case D12412 Count: 1
Case D12424 Count: 1
Case D12426 Count: 1
Case D12427 Count: 2
Case D12439 Count: 1
Case D12440 Count: 1
Case D12441 Count: 2
Case D12447 Count: 1
Case D12451 Count: 1
Case D12456 Count: 3
Case D12457 Count: 1
Case D12459 Count: 1
Case D12466 Count: 1
Case D12472 Count: 1
Case D12476 Count: 1
Case D12477 Count: 1
Case D12484 Count: 1
Case D12488 Count: 1
Case D12491 Count: 2
Case D12492 Count: 1
Case D12494 Count: 1
Case D12495 Count: 1
Case D12501 Count: 1
Case D12520 Count: 1
Case D12525 Count: 1
Case D12538 Count: 1
Case D12548 Count: 1
Case D12554 Count: 1
Case D12568 Count: 1
Case D12574 Count: 1
Case D12576 Count: 1
Case D12582 Count: 1
Case D12583 Count: 1
Case D12593 Count: 2
Case D12595 Count: 1
Case D12599 Count: 1
Case D12600 Count: 1
Case D12611 Count: 1
Case D12613 Count: 1
Case D12623 Count: 1
Case D12625 Count: 1
Case D12628 Count: 2
Case D12630 Count: 2
Case D12636 Count: 1
Case D12640 Count: 1
Case D12672 Count: 1
Case D12674 Count: 1
Case D12676 Count: 1
Case D12682 Count: 1
Case D12685 Count: 1
Case D12695 Count: 1
Case D12696 Count: 1
Case D12703 Count: 1
Case D12710 Count: 1
Case D12718 Count: 1
Case D12723 Count: 1
Case D12730 Count: 1
Case D12756 Count: 1
Case D12765 Count: 1
Case D12768 Count: 1
Case D12798 Count: 1
Case D12799 Count: 1
Case D12801 Count: 1
Case D12809 Count: 1
Case D12812 Count: 1
Case D12821 Count: 1
Case D12833 Count: 1
Case D12835 Count: 1
Case D12844 Count: 2
Case D12856 Count: 1
Case D12857 Count: 1
Case D12868 Count: 1
Case D12870 Count: 1
Case D12873 Count: 1
Case D12874 Count: 1
Case D12875 Count: 1
Case D12876 Count: 1
Case D12881 Count: 1
Case D12886 Count: 1
Case D12890 Count: 1
Case D12891 Count: 1
Case D12897 Count: 1
Case D12901 Count: 1
Case D12904 Count: 1
Case D12906 Count: 1
Case D12909 Count: 1
Case D12919 Count: 1
Case D12920 Count: 1
Case D12933 Count: 1
Case D12934 Count: 1
Case D12946 Count: 1
Case D12952 Count: 1
Case D12954 Count: 1
Case D12960 Count: 1
Case D12970 Count: 1
Case D12971 Count: 1
Case D12999 Count: 1
Case D13002 Count: 1
Case D13014 Count: 1
Case D13023 Count: 1
Case D13024 Count: 1
Case D13025 Count: 1
Case D13060 Count: 1
Case D13063 Count: 2
Case D13073 Count: 1
Case D13074 Count: 1
Case D13081 Count: 1
Case D13082 Count: 1
Case D13089 Count: 1
Case D13092 Count: 1
Case D13113 Count: 1
Case D13122 Count: 1
Case D13126 Count: 1
Case D13131 Count: 1
Case D13136 Count: 1
Case D13145 Count: 1
Case D13146 Count: 1
Case D13147 Count: 1
Case D13148 Count: 1
Case D13149 Count: 2
Case D13150 Count: 2
Case D13169 Count: 1
Case D13199 Count: 1
Case D13205 Count: 1
Case D13213 Count: 1
Case D13231 Count: 1
Case D13240 Count: 1
Case D13241 Count: 1
Case D13251 Count: 1
Case D13253 Count: 1
Case D13262 Count: 1
Case D13267 Count: 1
Case D13269 Count: 1
Case D13290 Count: 1
Case D13293 Count: 2
Case D13305 Count: 1
Case D13322 Count: 1
Case D13339 Count: 1
Case D13341 Count: 1
Case D13350 Count: 1
Case D13354 Count: 1
Case D13360 Count: 1
Case D13374 Count: 1
Case D13376 Count: 1
Case D13380 Count: 2
Case D13385 Count: 1
Case D13386 Count: 1
Case D13388 Count: 1
Case D13389 Count: 1
Case D13394 Count: 1
Case D13395 Count: 1
Case D13397 Count: 1
Case D13400 Count: 1
Case D13408 Count: 1
Case D13410 Count: 1
Case D13411 Count: 1
Case D13436 Count: 1
Case D13447 Count: 1
Case D13452 Count: 1
Case D13456 Count: 1
Case D13467 Count: 1
Case D13474 Count: 1
Case D13483 Count: 1
Case D13492 Count: 1
Case D13494 Count: 1
Case D13500 Count: 1
Case D13501 Count: 1
Case D13513 Count: 1
Case D13514 Count: 2
Case D13534 Count: 1
Case D13537 Count: 1
Case D13544 Count: 1
Case D13553 Count: 1
Case D13561 Count: 1
Case D13563 Count: 1
Case D13565 Count: 1
Case D13566 Count: 1
Case D13567 Count: 2
Case D13577 Count: 1
Case D13582 Count: 1
Case D13583 Count: 1
Case D13585 Count: 1
Case D13593 Count: 1
Case D13598 Count: 1
Case D13601 Count: 1
Case D13604 Count: 1
Case D13608 Count: 1
Case D13612 Count: 1
Case D13614 Count: 1
Case D13618 Count: 1
Case D13620 Count: 1
Case D13627 Count: 2
Case D13631 Count: 1
Case D13637 Count: 1
Case D13644 Count: 1
Case D13650 Count: 1
Case D13665 Count: 1
Case D13677 Count: 1
Case D13682 Count: 1
Case D13686 Count: 1
Case D13689 Count: 1
Case D13690 Count: 1
Case D13699 Count: 1
Case D13702 Count: 2
Case D13719 Count: 1
Case D13723 Count: 1
Case D13727 Count: 1
Case D13732 Count: 1
Case D13742 Count: 1
Case D13743 Count: 1
Case D13753 Count: 1
Case D13756 Count: 1
Case D13759 Count: 1
Case D13773 Count: 2
Case D13777 Count: 2
Case D13783 Count: 1
Case D13786 Count: 1
Case D13793 Count: 1
Case D13797 Count: 2
Case D13800 Count: 1
Case D13807 Count: 1
Case D13812 Count: 1
Case D13815 Count: 1
Case D13820 Count: 1
Case D13825 Count: 1
Case D13829 Count: 1
Case D13834 Count: 1
Case D13836 Count: 1
Case D13837 Count: 1
Case D13839 Count: 1
Case D13844 Count: 1
Case D13846 Count: 1
Case D13848 Count: 1
Case D13851 Count: 1
Case D13858 Count: 1
Case D13861 Count: 1
Case D13868 Count: 1
Case D13875 Count: 1
Case D13880 Count: 1
Case D13887 Count: 1
Case D13888 Count: 1
Case D13892 Count: 1
Case D13895 Count: 1
Case D13896 Count: 1
Case D13897 Count: 1
Case D13908 Count: 1
Case D13909 Count: 1
Case D13921 Count: 1
Case D13932 Count: 1
Case D13935 Count: 1
Case D13936 Count: 1
Case D13938 Count: 2
Case D13941 Count: 1
Case D13942 Count: 2
Case D13963 Count: 1
Case D13970 Count: 1
Case D13981 Count: 2
Case D13982 Count: 1
Case D13983 Count: 1
Case D13986 Count: 1
Case D13992 Count: 1
Case D13997 Count: 1
Case D14003 Count: 1
Case D14005 Count: 1
Case D14011 Count: 1
Case D14014 Count: 1
Case D14017 Count: 1
Case D14019 Count: 1
Case D14026 Count: 1
Case D14039 Count: 3
Case D14040 Count: 1
Case D14042 Count: 1
Case D14048 Count: 1
Case D14049 Count: 1
Case D14053 Count: 1
Case D14064 Count: 1
Case D14066 Count: 1
Case D14067 Count: 1
Case D14079 Count: 1
Case D14082 Count: 1
Case D14085 Count: 2
Case D14093 Count: 1
Case D14095 Count: 2
Case D14101 Count: 1
Case D14107 Count: 1
Case D14112 Count: 3
Case D14113 Count: 1
Case D14116 Count: 1
Case D14137 Count: 1
Case D14140 Count: 1
Case D14141 Count: 1
Case D14146 Count: 1
Case D14147 Count: 1
Case D14149 Count: 1
Case D14152 Count: 1
Case D14154 Count: 1
Case D14156 Count: 1
Case D14167 Count: 1
Case D14173 Count: 1
Case D14176 Count: 1
Case D14181 Count: 1
Case D14184 Count: 1
Case D14196 Count: 1
Case D14211 Count: 1
Case D14219 Count: 1
Case D14221 Count: 1
Case D14232 Count: 1
Case D14233 Count: 1
Case D14234 Count: 1
Case D14235 Count: 1
Case D14240 Count: 1
Case D14257 Count: 1
Case D14258 Count: 1
Case D14269 Count: 1
Case D14276 Count: 1
Case D14311 Count: 1
Case D14329 Count: 1
Case D14330 Count: 1
Case D14352 Count: 1
Case D14361 Count: 1
Case D14384 Count: 1
Case D14388 Count: 1
Case D14405 Count: 1
Case D14410 Count: 2
Case D14416 Count: 1
Case D14420 Count: 1
Case D14421 Count: 1
Case D14424 Count: 1
Case D14448 Count: 1
Case D14449 Count: 1
Case D14464 Count: 1
Case D14470 Count: 1
Case D14472 Count: 1
Case D14480 Count: 1
Case D14482 Count: 1
Case D14485 Count: 1
Case D14496 Count: 1
Case D14499 Count: 1
Case D14500 Count: 1
Case D14514 Count: 1
Case D14516 Count: 1
Case D14518 Count: 2
Case D14520 Count: 1
Case D14537 Count: 1
Case D14548 Count: 1
Case D14551 Count: 1
Case D14564 Count: 1
Case D14570 Count: 1
Case D14573 Count: 1
Case D14578 Count: 1
Case D14600 Count: 1
Case D14601 Count: 1
Case D14604 Count: 1
Case D14612 Count: 1
Case D14614 Count: 2
Case D14615 Count: 1
Case D14619 Count: 1
Case D14633 Count: 1
Case D14637 Count: 1
Case D14640 Count: 1
Case D14645 Count: 1
Case D14651 Count: 1
Case D14662 Count: 1
Case D14664 Count: 1
Case D14683 Count: 1
Case D14695 Count: 1
Case D14697 Count: 1
Case D14698 Count: 1
Case D14707 Count: 2
Case D14737 Count: 1
Case D14738 Count: 1
Case D14750 Count: 1
Case D14757 Count: 1
Case D14766 Count: 1
Case D14780 Count: 1
Case D14781 Count: 2
Case D14790 Count: 1
Case D14793 Count: 1
Case D14799 Count: 1
Case D14810 Count: 1
Case D14814 Count: 1
Case D14819 Count: 1
Case D14846 Count: 1
Case D14851 Count: 1
Case D14865 Count: 1
Case D14866 Count: 1
Case D14868 Count: 1
Case D14873 Count: 1
Case D14876 Count: 2
Case D14877 Count: 1
Case D14882 Count: 1
Case D14885 Count: 1
Case D14888 Count: 1
Case D14900 Count: 1
Case D14913 Count: 1
Case D14921 Count: 2
Case D14928 Count: 1
Case D14929 Count: 1
Case D14930 Count: 1
Case D14932 Count: 1
Case D14954 Count: 1
Case D14960 Count: 1
Case D14972 Count: 1
Case D15014 Count: 1
Case D15051 Count: 1
Case D15055 Count: 1
Case D15063 Count: 1
Case D15068 Count: 1
Case D15069 Count: 1
Case D15070 Count: 1
Case D15093 Count: 1
Case D15094 Count: 1
Case D15101 Count: 2
Case D15109 Count: 1
Case D15151 Count: 1
Case D15152 Count: 1
Case D15172 Count: 1
Case D15173 Count: 1
Case D15177 Count: 1
Case D15183 Count: 1
Case D15190 Count: 1
Case D15191 Count: 1
Case D15192 Count: 1
Case D15194 Count: 1
Case D15202 Count: 1
Case D15203 Count: 1
Case D15205 Count: 1
Case D15234 Count: 1
Case D15235 Count: 1
Case D15237 Count: 2
Case D15246 Count: 1
Case D15253 Count: 1
Case D15269 Count: 1
Case D15282 Count: 1
Case D15287 Count: 1
Case D15290 Count: 1
Case D15292 Count: 1
Case D15296 Count: 1
Case D15304 Count: 1
Case D15307 Count: 1
Case D15315 Count: 1
Case D15326 Count: 1
Case D15336 Count: 1
Case D15338 Count: 2
Case D15347 Count: 1
Case D15362 Count: 1
Case D15367 Count: 1
Case D15370 Count: 1
Case D15371 Count: 1
Case D15374 Count: 1
Case D15380 Count: 1
Case D15387 Count: 1
Case D15391 Count: 1
Case D15416 Count: 1
Case D15421 Count: 1
Case D15437 Count: 1
Case D15446 Count: 1
Case D15451 Count: 2
Case D15452 Count: 1
Case D15458 Count: 1
Case D15461 Count: 1
Case D15463 Count: 1
Case D15470 Count: 1
Case D15474 Count: 1
Case D15480 Count: 1
Case D15488 Count: 1
Case D15493 Count: 2
Case D15503 Count: 1
Case D15508 Count: 2
Case D15514 Count: 1
Case D15516 Count: 1
Case D15517 Count: 1
Case D15526 Count: 1
Case D15539 Count: 1
Case D15556 Count: 1
Case D15559 Count: 1
Case D15560 Count: 1
Case D15566 Count: 1
Case D15569 Count: 1
Case D15574 Count: 1
Case D15576 Count: 1
Case D15593 Count: 1
Case D15594 Count: 2
Case D15609 Count: 1
Case D15613 Count: 1
Case D15614 Count: 1
Case D15622 Count: 1
Case D15625 Count: 1
Case D15631 Count: 1
Case D15633 Count: 1
Case D15641 Count: 1
Case D15644 Count: 1
Case D15660 Count: 1
Case D15666 Count: 1
Case D15669 Count: 1
Case D15678 Count: 1
Case D15679 Count: 2
Case D15688 Count: 1
Case D15693 Count: 1
Case D15700 Count: 1
Case D15713 Count: 1
Case D15714 Count: 1
Case D15739 Count: 1
Case D15764 Count: 1
Case D15785 Count: 1
Case D15808 Count: 1
Case D15814 Count: 1
Case D15820 Count: 1
Case D15848 Count: 1
Case D15849 Count: 1
Case D15851 Count: 1
Case D15857 Count: 1
Case D15858 Count: 1
Case D15882 Count: 1
Case D15885 Count: 1
Case D15888 Count: 1
Case D15892 Count: 1
Case D15895 Count: 1
Case D15901 Count: 1
Case D15902 Count: 1
Case D15903 Count: 1
Case D15942 Count: 1
Case D15943 Count: 1
Case D15946 Count: 1
Case D15950 Count: 1
Case D15952 Count: 1
Case D15954 Count: 1
Case D15958 Count: 1
Case D15959 Count: 1
Case D15978 Count: 1
Case D15986 Count: 1
Case D15987 Count: 1
Case D15995 Count: 1
Case D15997 Count: 1
Case D15998 Count: 1
Case D16006 Count: 1
Case D16007 Count: 1
Case D16012 Count: 1
Case D16016 Count: 1
Case D16018 Count: 1
Case D16029 Count: 1
Case D16030 Count: 1
Case D16031 Count: 1
Case D16033 Count: 1
Case D16035 Count: 1
Case D16038 Count: 1
Case D16048 Count: 1
Case D16055 Count: 1
Case D16056 Count: 1
Case D16062 Count: 2
Case D16081 Count: 1
Case D16082 Count: 1
Case D16087 Count: 1
Case D16105 Count: 1
Case D16108 Count: 1
Case D16115 Count: 1
Case D16128 Count: 2
Case D16135 Count: 1
Case D16136 Count: 1
Case D16164 Count: 1
Case D16171 Count: 1
Case D16178 Count: 1
Case D16189 Count: 1
Case D16196 Count: 1
Case D16203 Count: 1
Case D16206 Count: 2
Case D16208 Count: 1
Case D16209 Count: 1
Case D16212 Count: 1
Case D16216 Count: 1
Case D16237 Count: 1
Case D16238 Count: 1
Case D16242 Count: 1
Case D16249 Count: 1
Case D16262 Count: 1
Case D16266 Count: 1
Case D16294 Count: 1
Case D16296 Count: 1
Case D16302 Count: 1
Case D16315 Count: 1
Case D16328 Count: 1
Case D16337 Count: 1
Case D16341 Count: 1
Case D16347 Count: 1
Case D16355 Count: 1
Case D16358 Count: 1
Case D16359 Count: 1
Case D16363 Count: 1
Case D16369 Count: 1
Case D16385 Count: 1
Case D16391 Count: 1
Case D16405 Count: 1
Case D16406 Count: 1
Case D16407 Count: 1
Case D16414 Count: 1
Case D16439 Count: 1
Case D16442 Count: 1
Case D16469 Count: 1
Case D16470 Count: 1
Case D16471 Count: 1
Case D16486 Count: 1
Case D16519 Count: 1
Case D16528 Count: 1
Case D16533 Count: 1
Case D16536 Count: 1
Case D16538 Count: 1
Case D16548 Count: 1
Case D16552 Count: 1
Case D16553 Count: 1
Case D16554 Count: 2
Case D16585 Count: 1
Case D16586 Count: 1
Case D16587 Count: 1
Case D16592 Count: 1
Case D16605 Count: 1
Case D16615 Count: 1
Case D16624 Count: 1
Case D16640 Count: 1
Case D16645 Count: 1
Case D16654 Count: 2
Case D16661 Count: 1
Case D16698 Count: 1
Case D16706 Count: 1
Case D16717 Count: 1
Case D16725 Count: 1
Case D16783 Count: 1
Case D16784 Count: 1
Case D16787 Count: 1
Case D16793 Count: 1
Case D16810 Count: 1
Case D16813 Count: 1
Case D16828 Count: 1
Case D16838 Count: 1
Case D16841 Count: 2
Case D16842 Count: 1
Case D16878 Count: 1
Case D16907 Count: 1
Case D16913 Count: 1
Case D16917 Count: 1
Case D16967 Count: 1
Case D16984 Count: 1
Case D16989 Count: 1
Case D16990 Count: 1
Case D16991 Count: 2
Case D16993 Count: 1
Case D17025 Count: 1
Case D17036 Count: 1
Case D17069 Count: 1
Case D17074 Count: 1
Case D17079 Count: 1
Case D17085 Count: 1
Case D17103 Count: 1
Case D17105 Count: 1
Case D17113 Count: 1
Case D17131 Count: 1
Case D17133 Count: 1
Case D17146 Count: 1
Case D17179 Count: 1
Case D17182 Count: 2
Case D17194 Count: 1
Case D17199 Count: 1
Case D17234 Count: 1
Case D17235 Count: 1
Case D17236 Count: 1
Case D17237 Count: 1
Case D17242 Count: 1
Case D17260 Count: 1
Case D17274 Count: 1
Case D17294 Count: 1
Case D17303 Count: 1
Case D17306 Count: 1
Case D17333 Count: 1
Case D17345 Count: 1
Case D17348 Count: 1
Case D17354 Count: 1
Case D17356 Count: 1
Case D17362 Count: 1
Case D17364 Count: 1
Case D17371 Count: 1
Case D17392 Count: 1
Case D17393 Count: 1
Case D17397 Count: 1
Case D17399 Count: 1
Case D17402 Count: 1
Case D17411 Count: 1
Case D17412 Count: 1
Case D17422 Count: 1
Case D17423 Count: 1
Case D17440 Count: 1
Case D17452 Count: 1
Case D17460 Count: 1
Case D17467 Count: 1
Case D17474 Count: 1
Case D17483 Count: 1
Case D17486 Count: 1
Case D17488 Count: 1
Case D17508 Count: 1
Case D17511 Count: 1
Case D17518 Count: 1
Case D17523 Count: 1
Case D17538 Count: 1
Case D17543 Count: 1
Case D17561 Count: 1
Case D17562 Count: 1
Case D17567 Count: 1
Case D17582 Count: 1
Case D17589 Count: 1
Case D17599 Count: 1
Case D17610 Count: 1
Case D17616 Count: 1
Case D17635 Count: 1
Case D17636 Count: 1
Case D17651 Count: 1
Case D17656 Count: 1
Case D17660 Count: 1
Case D17692 Count: 1
Case D17702 Count: 1
Case D17706 Count: 1
Case D17725 Count: 1
Case D17730 Count: 1
Case D17740 Count: 1
Case D17759 Count: 1
Case D17765 Count: 1
Case D17772 Count: 1
Case D17776 Count: 1
Case D17781 Count: 1
Case D17799 Count: 1
Case D17807 Count: 1
Case D17842 Count: 1
Case D17848 Count: 1
Case D17857 Count: 1
Case D17889 Count: 1
Case D17892 Count: 1
Case D17897 Count: 1
Case D17923 Count: 1
Case D17928 Count: 1
Case D17948 Count: 1
Case D17962 Count: 1
Case D17970 Count: 1
Case D17973 Count: 1
Case D17981 Count: 1
Case D17998 Count: 1
Case D18009 Count: 1
Case D18032 Count: 1
Case D18053 Count: 1
Case D18069 Count: 1
Case D18070 Count: 1
Case D18073 Count: 1
Case D18081 Count: 1
Case D18083 Count: 1
Case D18096 Count: 1
Case D18099 Count: 1
Case D18139 Count: 1
Case D18141 Count: 1
Case D18147 Count: 1
Case D18150 Count: 1
Case D18153 Count: 1
Case D18156 Count: 1
Case D18163 Count: 1
Case D18168 Count: 1
Case D18188 Count: 1
Case D18194 Count: 1
Case D18198 Count: 1
Case D18208 Count: 1
Case D18233 Count: 1
Case D18244 Count: 1
Case D18245 Count: 1
Case D18263 Count: 1
Case D18301 Count: 1
Case D18302 Count: 1
Case D18323 Count: 1
Case D18335 Count: 1
Case D18356 Count: 1
Case D18378 Count: 1
Case D18389 Count: 1
Case D18391 Count: 1
Case D18398 Count: 1
Case D18399 Count: 1
Case D18409 Count: 1
Case D18416 Count: 1
Case D18430 Count: 1
Case D18449 Count: 1
Case D18473 Count: 1
Case D18488 Count: 1
Case D18491 Count: 1
Case D18493 Count: 1
Case D18495 Count: 1
Case D18513 Count: 1
Case D18518 Count: 2
Case D18546 Count: 1
Case D18555 Count: 1
Case D18558 Count: 1
Case D18562 Count: 1
Case D18566 Count: 1
Case D18570 Count: 1
Case D18571 Count: 1
Case D18585 Count: 1
Case D18603 Count: 1
Case D18611 Count: 1
Case D18621 Count: 2
Case D18627 Count: 1
Case D18645 Count: 1
Case D18666 Count: 1
Case D18679 Count: 1
Case D18684 Count: 1
Case D18698 Count: 1
Case D18707 Count: 1
Case D18711 Count: 1
Case D18715 Count: 1
Case D18729 Count: 1
Case D18738 Count: 1
Case D18745 Count: 1
Case D18753 Count: 1
Case D18787 Count: 1
Case D18799 Count: 1
Case D18813 Count: 1
Case D18818 Count: 1
Case D18834 Count: 1
Case D18851 Count: 1
Case D18852 Count: 1
Case D18854 Count: 1
Case D18863 Count: 1
Case D18905 Count: 1
Case D18928 Count: 1
Case D18936 Count: 1
Case D18948 Count: 2
Case D18950 Count: 1
Case D18962 Count: 2
Case D18965 Count: 1
Case D18972 Count: 1
Case D18976 Count: 1
Case D18982 Count: 1
Case D18995 Count: 1
Case D18996 Count: 1
Case D19003 Count: 1
Case D19004 Count: 1
Case D19018 Count: 1
Case D19021 Count: 1
Case D19023 Count: 1
Case D19032 Count: 1
Case D19039 Count: 1
Case D19043 Count: 1
Case D19045 Count: 1
Case D19048 Count: 1
Case D19051 Count: 1
Case D19060 Count: 1
Case D19065 Count: 1
Case D19073 Count: 1
Case D19085 Count: 1
Case D19106 Count: 1
Case D19173 Count: 1
Case D19174 Count: 1
Case D19175 Count: 1
Case D19176 Count: 1
Case D19177 Count: 1
Case D19199 Count: 1
Case D19211 Count: 1
Case D19223 Count: 1
Case D19258 Count: 1
Case D19275 Count: 1
Case D19278 Count: 1
Case D19309 Count: 1
Case D19331 Count: 1
Case D19333 Count: 1
Case D19353 Count: 1
Case D19365 Count: 1
Case D19375 Count: 1
Case D19380 Count: 1
Case D19401 Count: 1
Case D19424 Count: 1
Case D19488 Count: 1
Case D19497 Count: 1
Case D19511 Count: 1
Case D19520 Count: 1
Case D19531 Count: 1
Case D19532 Count: 1
Case D19537 Count: 1
Case D19548 Count: 1
Case D19549 Count: 1
Case D19563 Count: 1
Case D19565 Count: 2
Case D19579 Count: 1
Case D19590 Count: 2
Case D19592 Count: 1
Case D19611 Count: 1
Case D19629 Count: 1
Case D19632 Count: 1
Case D19643 Count: 1
Case D19648 Count: 1
Case D19697 Count: 1
Case D19723 Count: 1
Case D19724 Count: 1
Case D19750 Count: 1
Case D19768 Count: 1
Case D19788 Count: 1
Case D19809 Count: 1
Case D19850 Count: 1
Case D19862 Count: 1
Case D19863 Count: 1
Case D19878 Count: 1
Case D19908 Count: 1
Case D19933 Count: 1
Case D19936 Count: 1
Case D19938 Count: 1
Case D19980 Count: 1
Case D20028 Count: 1
Case D20040 Count: 1
Case D20060 Count: 1
Case D20079 Count: 1
Case D20088 Count: 1
Case D20090 Count: 1
Case D20093 Count: 1
Case D20114 Count: 1
Case D20146 Count: 1
Case D20156 Count: 1
Case D20168 Count: 1
Case D20196 Count: 1
Case D20230 Count: 1
Case D20257 Count: 1
Case D20287 Count: 1
Case D20329 Count: 1
Case D20333 Count: 1
Case D20340 Count: 1
Case D20359 Count: 1
Case D20389 Count: 1
Case D20445 Count: 1
Case D20466 Count: 1
Case D20470 Count: 1
Case D20498 Count: 1
Case D20499 Count: 1
Case D20522 Count: 1
Case D20531 Count: 1
Case D20565 Count: 1
Case D20572 Count: 1
Case D20604 Count: 1
Case D20639 Count: 1
Case D20654 Count: 1
Case D20681 Count: 1
Case D20690 Count: 2
Case D20693 Count: 1
Case D20706 Count: 1
Case D20737 Count: 1
Case D20847 Count: 2
Case D20857 Count: 1
Case D20859 Count: 1
Case D20871 Count: 1
Case D20872 Count: 1
Case D20883 Count: 1
Case D20888 Count: 1
Case D20892 Count: 1
Case D20905 Count: 1
Case D20912 Count: 1
Case D20915 Count: 1
Case D20947 Count: 1
Case D20962 Count: 1
Case D20963 Count: 1
Case D20987 Count: 1
Case D20999 Count: 1
Case D21009 Count: 1
Case D21054 Count: 1
Case D21067 Count: 1
Case D21082 Count: 1
Case D21112 Count: 2
Case D21113 Count: 1
Case D21167 Count: 1
Case D21180 Count: 1
Case D21187 Count: 1
Case D21196 Count: 1
Case D21214 Count: 1
Case D21226 Count: 1
Case D21234 Count: 1
Case D21242 Count: 1
Case D21246 Count: 1
Case D21308 Count: 1
Case D21318 Count: 1
Case D21322 Count: 1
Case D21334 Count: 1
Case D21335 Count: 1
Case D21337 Count: 1
Case D21351 Count: 1
Case D21353 Count: 1
Case D21390 Count: 1
Case D21398 Count: 2
Case D21410 Count: 1
Case D21449 Count: 1
Case D21471 Count: 1
Case D21472 Count: 1
Case D21479 Count: 1
Case D21493 Count: 1
Case D21496 Count: 1
Case D21501 Count: 1
Case D21524 Count: 1
Case D21575 Count: 1
Case D21593 Count: 1
Case D21617 Count: 1
Case D21632 Count: 1
Case D21659 Count: 1
Case D21687 Count: 1
Case D21698 Count: 1
Case D21702 Count: 1
Case D21709 Count: 1
Case D21715 Count: 1
Case D21723 Count: 1
Case D21733 Count: 2
Case D21734 Count: 1
Case D21746 Count: 1
Case D21773 Count: 1
Case D21776 Count: 1
Case D21794 Count: 1
Case D21829 Count: 1
Case D21842 Count: 1
Case D21862 Count: 1
Case D21864 Count: 1
Case D21869 Count: 1
Case D21875 Count: 1
Case D21886 Count: 1
Case D21889 Count: 1
Case D21953 Count: 1
Case D21961 Count: 1
Case D21968 Count: 1
Case D21970 Count: 1
Case D22000 Count: 1
Case D22032 Count: 1
Case D22044 Count: 1
Case D22088 Count: 1
Case D22125 Count: 1
Case D22132 Count: 1
Case D22137 Count: 1
Case D22167 Count: 1
Case D22178 Count: 1
Case D22186 Count: 1
Case D22196 Count: 1
Case D22219 Count: 1
Case D22242 Count: 1
Case D22267 Count: 1
Case D22268 Count: 1
Case D22278 Count: 1
Case D22281 Count: 1
Case D22302 Count: 1
Case D22315 Count: 1
Case D22332 Count: 1
Case D22362 Count: 1
Case D22449 Count: 1
Case D22476 Count: 1
Case D22500 Count: 2
Case D22506 Count: 1
Case D22518 Count: 1
Case D22559 Count: 1
Case D22587 Count: 1
Case D22595 Count: 1
Case D22604 Count: 1
Case D22612 Count: 1
Case D22627 Count: 1
Case D22633 Count: 1
Case D22642 Count: 1
Case D22644 Count: 1
Case D22651 Count: 1
Case D22655 Count: 1
Case D22671 Count: 1
Case D22677 Count: 1
Case D22681 Count: 1
Case D22684 Count: 1
Case D22720 Count: 1
Case D22722 Count: 1
Case D22735 Count: 1
Case D22766 Count: 1
Case D22768 Count: 1
Case D22779 Count: 1
Case D22791 Count: 1
Case D22809 Count: 1
Case D22810 Count: 1
Case D22828 Count: 1
Case D22848 Count: 1
Case D22862 Count: 1
Case D22900 Count: 1
Case D22915 Count: 1
Case D22932 Count: 1
Case D22958 Count: 1
Case D22972 Count: 1
Case D22974 Count: 1
Case D22984 Count: 1
Case D22986 Count: 1
Case D22991 Count: 1
Case D22992 Count: 1
Case D23029 Count: 1
Case D23033 Count: 1
Case D23049 Count: 1
Case D23103 Count: 1
Case D23107 Count: 1
Case D23122 Count: 1
Case D23140 Count: 1
Case D23143 Count: 1
Case D23148 Count: 1
Case D23182 Count: 1
Case D23210 Count: 1
Case D23275 Count: 1
Case D23282 Count: 1
Case D23315 Count: 1
Case D23321 Count: 1
Case D23336 Count: 1
Case D23344 Count: 1
Case D23355 Count: 1
Case D23368 Count: 1
Case D23383 Count: 1
Case D23388 Count: 1
Case D23404 Count: 1
Case D23406 Count: 1
Case D23466 Count: 1
Case D23501 Count: 1
Case D23524 Count: 1
Case D23547 Count: 1
Case D23553 Count: 1
Case D23559 Count: 1
Case D23564 Count: 1
Case D23582 Count: 1
Case D23595 Count: 1
Case D23608 Count: 1
Case D23617 Count: 1
Case D23619 Count: 1
Case D23626 Count: 1
Case D23630 Count: 1
Case D23640 Count: 1
Case D23642 Count: 2
Case D23645 Count: 1
Case D23660 Count: 1
Case D23666 Count: 1
Case D23693 Count: 1
Case D23714 Count: 1
Case D23740 Count: 1
Case D23780 Count: 1
Case D23785 Count: 1
Case D23789 Count: 1
Case D23797 Count: 1
Case D23811 Count: 1
Case D23816 Count: 2
Case D23827 Count: 1
Case D23840 Count: 1
Case D23844 Count: 1
Case D23855 Count: 1
Case D23878 Count: 1
Case D23886 Count: 1
Case D23893 Count: 1
Case D23925 Count: 1
Case D23944 Count: 1
Case D23946 Count: 1
Case D23961 Count: 1
Case D23970 Count: 1
Case D23975 Count: 1
Case D23990 Count: 1
Case D23992 Count: 1
Case D23993 Count: 1
Case D23998 Count: 1
Case D24036 Count: 1
Case D24038 Count: 1
Case D24113 Count: 1
Case D24147 Count: 1
Case D24157 Count: 1
Case D24178 Count: 1
Case D24183 Count: 1
Case D24192 Count: 1
Case D24196 Count: 1
Case D24254 Count: 1
Case D24330 Count: 1
Case D24339 Count: 1
Case D24358 Count: 1
Case D24370 Count: 1
Case D24410 Count: 1
Case D24424 Count: 1
Case D24480 Count: 1
Case D24482 Count: 1
Case D24494 Count: 1
Case D24535 Count: 1
Case D24551 Count: 1
Case D24554 Count: 1
Case D24576 Count: 1
Case D24585 Count: 1
Case D24592 Count: 1
Case D24602 Count: 1
Case D24618 Count: 1
Case D24656 Count: 1
Case D24665 Count: 1
Case D24682 Count: 1
Case D24760 Count: 1
Case D24769 Count: 1
Case D24773 Count: 1
Case D24782 Count: 1
Case D24799 Count: 1
Case D24804 Count: 1
Case D24829 Count: 1
Case D24834 Count: 1
Case D24838 Count: 1
Case D24860 Count: 1
Case D24861 Count: 1
Case D24899 Count: 1
Case D24940 Count: 1
Case D24947 Count: 1
Case D24972 Count: 1
Case D24986 Count: 1
Case D24987 Count: 1
Case D25027 Count: 1
Case D25060 Count: 1
Case D25098 Count: 1
Case D25113 Count: 1
Case D25116 Count: 1
Case D25208 Count: 1
Case D25217 Count: 1
Case D25265 Count: 1
Case D25277 Count: 1
Case D25291 Count: 1
Case D25307 Count: 1
Case D25357 Count: 1
Case D25399 Count: 1
Case D25428 Count: 1
Case D25450 Count: 1
Case D25458 Count: 1
Case D25463 Count: 1
Case D25483 Count: 1
Case D25519 Count: 1
Case D25572 Count: 1
Case D25619 Count: 1
Case D25626 Count: 1
Case D25647 Count: 1
Case D25656 Count: 1
Case D25663 Count: 1
Case D25667 Count: 1
Case D25710 Count: 1
Case D25726 Count: 1
Case D25780 Count: 1
Case D25803 Count: 1
Case D25822 Count: 1
Case D25894 Count: 1
Case D25906 Count: 1
Case D25945 Count: 1
Case D25979 Count: 1
Case D26019 Count: 1
Case D26021 Count: 1
Case D26025 Count: 1
Case D26050 Count: 1
Case D26066 Count: 1
Case D26084 Count: 1
Case D26086 Count: 1
Case D26202 Count: 1
Case D26256 Count: 1
Case D26289 Count: 1
Case D26483 Count: 1
Case D26571 Count: 1
Case D26627 Count: 1
Case D26643 Count: 1
Case D26726 Count: 1
Case D26760 Count: 1
Case D26771 Count: 1
Case D26816 Count: 1
Case D26880 Count: 1
Case D26904 Count: 1
Case D26952 Count: 1
Case D27000 Count: 1
Case D27049 Count: 1
Case D27050 Count: 1
Case D27072 Count: 1
Case D27089 Count: 1
Case D27110 Count: 1
Case D27153 Count: 1
Case D27192 Count: 1
Case D27201 Count: 1
Case D27206 Count: 1
Case D27207 Count: 1
Case D27269 Count: 1
Case D27368 Count: 1
Case D27462 Count: 1
Case D27465 Count: 1
Case D27477 Count: 1
Case D27556 Count: 1
Case D27572 Count: 1
Case D27588 Count: 1
Case D27638 Count: 1
Case D27751 Count: 1
Case D27753 Count: 1
Case D27756 Count: 1
Case D27822 Count: 1
Case D27830 Count: 1
Case D27840 Count: 1
Case D27856 Count: 1
Case D27882 Count: 1
Case D27883 Count: 1
Case D27954 Count: 1
Case D28013 Count: 1
Case D28017 Count: 1
Case D28043 Count: 1
Case D28044 Count: 1
Case D28102 Count: 1
Case D28103 Count: 1
Case D28238 Count: 1
Case D28397 Count: 1
Case D28414 Count: 1
Case D28442 Count: 1
Case D28470 Count: 1
Case D28484 Count: 1
Case D28553 Count: 1
Case D28563 Count: 1
Case D28588 Count: 1
Case D28612 Count: 1
Case D28625 Count: 1
Case D28638 Count: 1
Case D28652 Count: 1
Case D28740 Count: 1
Case D28788 Count: 1
Case D28802 Count: 1
Case D28808 Count: 1
Case D28855 Count: 1
Case D28859 Count: 1
Case D28908 Count: 1
Case D28911 Count: 1
Case D28926 Count: 1
Case D28956 Count: 1
Case D28980 Count: 1
Case D29006 Count: 1
Case D29022 Count: 1
Case D29027 Count: 1
Case D29083 Count: 1
Case D29204 Count: 1
Case D29247 Count: 1
Case D29278 Count: 1
Case D29375 Count: 1
Case D29414 Count: 1
Case D29417 Count: 1
Case D29502 Count: 1
Case D29545 Count: 1
Case D29594 Count: 1
Case D29595 Count: 1
Case D29604 Count: 1
Case D29653 Count: 1
Case D29671 Count: 1
Case D29736 Count: 1
Case D29745 Count: 1
Case D29748 Count: 1
Case D29793 Count: 1
Case D29799 Count: 1
Case D29938 Count: 1
Case D29997 Count: 1
Case D30073 Count: 1
Case D30173 Count: 1
Case D30187 Count: 1
Case D30268 Count: 1
Case D30374 Count: 1
Case D30386 Count: 1
Case D30450 Count: 1
Case D30509 Count: 1
Case D30515 Count: 1
Case D30572 Count: 1
Case D30582 Count: 1
Case D30605 Count: 1
Case D30608 Count: 1
Case D30639 Count: 1
Case D30701 Count: 1
Case D30709 Count: 1
Case D30774 Count: 1
Case D30779 Count: 1
Case D30800 Count: 1
Case D30806 Count: 1
Case D30816 Count: 1
Case D30823 Count: 1
Case D30834 Count: 1
Case D30843 Count: 1
Case D30846 Count: 1
Case D30883 Count: 1
Case D30894 Count: 1
Case D30925 Count: 1
Case D30988 Count: 1
Case D31018 Count: 1
Case D31125 Count: 1
Case D31191 Count: 1
Case D31226 Count: 1
Case D31243 Count: 2
Case D31274 Count: 1
Case D31431 Count: 1
Case D31447 Count: 1
Case D31484 Count: 1
Case D31542 Count: 1
Case D31553 Count: 1
Case D31588 Count: 1
Case D31590 Count: 1
Case D31615 Count: 1
Case D31669 Count: 1
Case D31675 Count: 1
Case D31742 Count: 1
Case D31755 Count: 1
Case D31777 Count: 1
Case D31788 Count: 1
Case D31817 Count: 1
Case D31910 Count: 1
Case D31982 Count: 1
Case D32075 Count: 1
Case D32081 Count: 1
Case D32088 Count: 1
Case D32206 Count: 1
Case D32208 Count: 1
Case D32325 Count: 1
Case D32332 Count: 1
Case D32355 Count: 1
Case D32412 Count: 1
Case D32425 Count: 1
Case D32475 Count: 1
Case D32489 Count: 1
Case D32524 Count: 1
Case D32717 Count: 1
Case D32743 Count: 2
Case D32845 Count: 1
Case D32940 Count: 1
Case D32952 Count: 1
Case D32960 Count: 1
Case D33012 Count: 1
Case D33044 Count: 1
Case D33064 Count: 1
Case D33080 Count: 1
Case D33120 Count: 1
Case D33123 Count: 1
Case D33186 Count: 1
Case D33198 Count: 1
Case D33239 Count: 1
Case D33244 Count: 1
Case D33365 Count: 1
Case D33558 Count: 1
Case D33591 Count: 1
Case D33660 Count: 1
Case D33836 Count: 1
Case D33856 Count: 1
Case D33873 Count: 1
Case D34056 Count: 1
Case D34148 Count: 1
Case D34289 Count: 1
Case D34367 Count: 1
Case D34477 Count: 1
Case D34499 Count: 1
Case D34533 Count: 1
Case D34578 Count: 1
Case D34580 Count: 1
Case D34585 Count: 1
Case D34828 Count: 1
Case D35249 Count: 1
Case D35333 Count: 1
Case D35487 Count: 1
Case D35688 Count: 1
Case D35856 Count: 1
Case D35910 Count: 1
Case D35977 Count: 1
Case D35996 Count: 1
Case D36082 Count: 1
Case D36140 Count: 1
Case D36162 Count: 1
Case D36618 Count: 1
Case D36716 Count: 1
Case D36736 Count: 1
Case D36815 Count: 1
Case D37140 Count: 1
Case D37358 Count: 1
Case D37433 Count: 1
Case D37491 Count: 1
Case D37571 Count: 1
Case D37637 Count: 1
Case D37653 Count: 1
Case D37663 Count: 1
Case D37667 Count: 1
Case D37699 Count: 1
Case D37797 Count: 1
Case D38188 Count: 1
Case D38395 Count: 1
Case D38422 Count: 1
Case D38504 Count: 1
Case D38788 Count: 1
Case D38920 Count: 1
Case D39011 Count: 1
Case D39359 Count: 1
Case D39382 Count: 1
Case D39853 Count: 1
Case D39858 Count: 1
Case D40042 Count: 1
Case D40060 Count: 1
Case D40191 Count: 1
Case D40375 Count: 1
Case D40414 Count: 1
Case D40454 Count: 1
Case D40534 Count: 1
Case D40711 Count: 1
Case D41035 Count: 1
Case D41099 Count: 1
Case D41189 Count: 1
Case D41264 Count: 1
Case D41310 Count: 1
Case D41566 Count: 1
Case D41726 Count: 1
Case D41834 Count: 1
Case D41899 Count: 1
Case D42183 Count: 1
Case D42327 Count: 1
Case D42581 Count: 1
Case D42620 Count: 1
Case D42662 Count: 1
Case D42674 Count: 1
Case D42702 Count: 1
Case D42710 Count: 1
Case D42719 Count: 1
Case D43029 Count: 1
Case D43159 Count: 1
Case D43198 Count: 1
Case D43426 Count: 1
Case D43585 Count: 1
Case D43636 Count: 1
Case D43650 Count: 1
Case D43658 Count: 1
Case D43875 Count: 1
Case D44007 Count: 1
Case D44104 Count: 1
Case D44175 Count: 1
Case D44222 Count: 1
Case D44323 Count: 1
Case D44342 Count: 1
Case D44656 Count: 1
Case D44691 Count: 1
Case D44793 Count: 1
Case D44914 Count: 1
Case D44941 Count: 1
Case D45026 Count: 1
Case D45101 Count: 1
Case D45188 Count: 1
Case D45208 Count: 1
Case D45212 Count: 1
Case D45239 Count: 1
Case D45475 Count: 1
Case D45481 Count: 1
Case D45527 Count: 1
Case D45551 Count: 1
Case D45587 Count: 1
Case D45654 Count: 1
Case D45800 Count: 1
Case D45806 Count: 1
Case D45844 Count: 1
Case D45864 Count: 1
Case D46130 Count: 1
Case D46133 Count: 1
Case D46248 Count: 1
Case D46352 Count: 1
Case D46443 Count: 1
Case D46460 Count: 1
Case D46496 Count: 1
Case D46632 Count: 1
Case D46668 Count: 1
Case D46823 Count: 1
Case D46842 Count: 1
Case D46984 Count: 1
Case D47228 Count: 1
Case D47579 Count: 1
Case D47667 Count: 1
Case D47694 Count: 1
Case D47794 Count: 1
Case D48012 Count: 1
Case D48335 Count: 1
Case D48382 Count: 1
Case D48469 Count: 1
Case D48472 Count: 1
Case D48476 Count: 1
Case D48540 Count: 1
Case D48552 Count: 1
Case D48779 Count: 1
Case D48925 Count: 1
Case D49198 Count: 1
Case D49323 Count: 1
Case D49413 Count: 1
Case D49478 Count: 1
Case D49752 Count: 1
Spent time: 674.247 sec.
