Elliptic curve parameters:
name = secp256k1
mode = test
p = 10007
a = 48
b = 22
g = (4, 1668)
n = 9967

----------------------------------------------------------------------------------------------------------------------------------------------------------------------------------------------------------------
case         s           s_zk        s_rxk       s_zr        z           r           x           k-1         q           a           m1                       m2                       f                        
----------------------------------------------------------------------------------------------------------------------------------------------------------------------------------------------------------------
C            5873        7626        8214        5927        6691        8374        14          308         54          41          186                      -                        -                        
D5           7779        6535        1244        9961        6983        5391        14          3849        2182        1233        -                        -                        5.300081103000811030     
D5           7576        7617        9926        9116        7566        1034        14          1649        1540        1416        -                        -                        5.379237288135593220     
D0           6599        1572        5027        8871        2307        3607        14          1556        2272        2055        -                        -                        0.764963503649635036     
D127         7929        9163        8733        8026        8468        4024        14          2853        97          72          -                        -                        127.2638888888888888     
D21          7248        9660        7555        9515        8982        1154        14          8237        2267        447         -                        -                        21.61073825503355704     
D185         2980        9670        3277        3346        9062        1406        14          7203        366         52          -                        -                        185.9615384615384615     
D4           4802        2446        2356        6205        3509        2436        14          9019        1403        593         -                        -                        4.124789207419898819     
D106         3189        6073        7083        6321        2793        1576        14          4313        3132        57          -                        -                        106.5438596491228070     
D6           4872        8725        6114        8489        2587        9219        14          9797        3617        1255        -                        -                        6.952191235059760956     
D10          4784        5959        8792        6191        3739        9033        14          6146        1407        563         -                        -                        10.58436944937833037     
D17          6251        3349        2902        6924        7892        9589        14          2866        673         194         -                        -                        17.26288659793814433     
D14          1432        4680        6719        2540        4325        4045        14          9415        1108        324         -                        -                        14.44444444444444444     
D74          3271        7259        5979        4858        7661        992         14          4211        1587        97          -                        -                        74.83505154639175257     
D1           6566        3719        2847        8810        9239        5875        14          9647        2244        2078        -                        -                        1.789701636188642925     
D0           5332        222         5110        7339        2897        9567        14          4858        2007        1318        -                        -                        0.168437025796661608     
D1           5028        3422        1606        8199        2990        7713        14          5648        3171        1857        -                        -                        1.842757135164243403     
D6           4064        6673        7358        7026        4896        4533        14          2088        2962        1102        -                        -                        6.055353901996370235     
D7           7940        7421        519         8933        980         2867        14          3435        993         989         -                        -                        7.503538928210313447     
D8           8699        2626        6073        9899        6263        8557        14          2857        1200        299         -                        -                        8.782608695652173913     
D94          6097        4267        1830        6275        8182        4631        14          757         178         45          -                        -                        94.82222222222222222     
D4           7445        7160        285         9412        753         5360        14          261         1967        1544        -                        -                        4.637305699481865285     
D7           4686        6587        8066        5646        8200        4938        14          5761        960         846         -                        -                        7.786052009456264775     
D17          3516        5393        8090        4586        4947        6428        14          2856        1070        306         -                        -                        17.62418300653594771     
D14          1031        2208        8790        1911        6478        1962        14          1422        880         151         -                        -                        14.62251655629139072     
D146         4263        6461        7769        8482        8964        7355        14          7834        4219        44          -                        -                        146.8409090909090909     
D2           6820        1242        5578        8385        3822        7630        14          8387        1565        560         -                        -                        2.217857142857142857     
D16          2906        7918        4955        5342        3557        1750        14          6971        2436        470         -                        -                        16.84680851063829787     
D3           6177        3577        2600        8726        4735        4437        14          7145        2549        1079        -                        -                        3.315106580166821130     
D32          2634        8355        4246        3109        2861        3342        14          3201        475         259         -                        -                        32.25868725868725868     
C            5097        1917        3180        7610        1697        9484        14          3484        2513        71          27                       -                        -                        
D1           7480        869         6611        8441        9934        7597        14          3296        961         753         -                        -                        1.154050464807436919     
D40          7734        9701        8000        9608        8234        190         14          3750        1874        238         -                        -                        40.76050420168067226     
D7           2383        4988        7362        4068        8879        6702        14          5895        1685        698         -                        -                        7.146131805157593123     
D5           6563        7131        9399        7890        8787        7004        14          4496        1327        1255        -                        -                        5.682071713147410358     
D11          8896        3505        5391        9510        5759        6085        14          1399        614         300         -                        -                        11.68333333333333333     
D74          1617        7789        3795        1806        5201        7432        14          4183        189         105         -                        -                        74.18095238095238095     
D19          7891        9966        7892        9739        8294        6196        14          7721        1848        499         -                        -                        19.97194388777555110     
D5           7974        2473        5501        9474        7243        3092        14          9377        1500        474         -                        -                        5.217299578059071730     
D63          555         7071        3451        999         5362        8337        14          914         444         111         -                        -                        63.70270270270270270     
D38          1927        9345        2549        2488        6866        1092        14          9694        561         244         -                        -                        38.29918032786885245     
D0           6066        2567        3499        9434        7569        9855        14          1250        3368        2698        -                        -                        0.951445515196441808     
D8           3678        5862        7783        5154        835         1355        14          7157        1476        726         -                        -                        8.074380165289256198     
D102         8715        9343        9339        8891        685         6808        14          2429        176         91          -                        -                        102.6703296703296703     
D15          2971        1692        1279        3926        6095        2743        14          9565        955         106         -                        -                        15.96226415094339622     
D135         1494        4322        7139        2956        9102        6599        14          3060        1462        32          -                        -                        135.0625                 
D2           6060        5678        382         9377        3560        8315        14          3938        3317        2743        -                        -                        2.069996354356543930     
D9           6839        3476        3363        7271        3735        4824        14          3422        432         359         -                        -                        9.682451253481894150     
D1           3767        3122        645         5683        5214        2511        14          1981        1916        1851        -                        -                        1.686655861696380335     
D0           6637        58          6579        8547        1135        5575        14          404         1910        907         -                        -                        0.063947078280044101     
D12          8859        3911        4948        9309        4252        5199        14          3074        450         309         -                        -                        12.65695792880258899     
D0           3549        15          3534        6434        7950        5640        14          4645        2885        664         -                        -                        0.022590361445783132     
D7           3645        8037        5575        6190        5637        8009        14          691         2545        1100        -                        -                        7.306363636363636363     
D26          2164        9799        2332        3965        5790        870         14          9905        1801        363         -                        -                        26.99449035812672176     
D82          3489        3949        9507        4636        5003        1260        14          8125        1147        48          -                        -                        82.27083333333333333     
D2           5566        5619        9914        8568        5189        2297        14          6284        3002        2564        -                        -                        2.191497659906396255     
D30          5285        7443        7809        5845        4850        8766        14          2408        560         245         -                        -                        30.37959183673469387     
D2           5530        7964        7533        8367        9774        628         14          2954        2837        2693        -                        -                        2.957296695135536576     
D17          9242        3736        5506        9887        5607        5395        14          2212        645         212         -                        -                        17.62264150943396226     
D31          2569        5474        7062        3367        1468        4205        14          1511        798         175         -                        -                        31.28                    
D8           7911        6678        1233        9699        5951        3286        14          4550        1788        759         -                        -                        8.798418972332015810     
D24          4332        8990        5309        5325        5041        1826        14          9690        993         360         -                        -                        24.97222222222222222     
D15          7642        4383        3259        8075        1491        2559        14          4455        433         281         -                        -                        15.59786476868327402     
D0           8263        610         7653        9317        4244        540         14          2560        1054        885         -                        -                        0.689265536723163841     
D11          7984        6652        1332        8658        1832        2540        14          7468        674         570         -                        -                        11.67017543859649122     
D3           4467        1849        2618        8383        1573        9269        14          3898        3916        551         -                        -                        3.355716878402903811     
D10          6380        8353        7994        7768        633         91          14          8878        1388        828         -                        -                        10.08816425120772946     
D12          4304        5230        9041        5084        2348        970         14          1437        780         404         -                        -                        12.94554455445544554     
D2           5573        4035        1538        7683        1495        5812        14          9003        2110        1353        -                        -                        2.982261640798226164     
D8           8338        9469        8836        9773        9495        6631        14          3253        1435        1163        -                        -                        8.141874462596732588     
D23          7194        1257        5937        7789        5739        6257        14          2251        595         54          -                        -                        23.27777777777777777     
D7           4938        7693        7212        6878        4884        2936        14          9489        1940        1058        -                        -                        7.271266540642722117     
D34          5040        2041        2999        5206        5791        710         14          5057        166         60          -                        -                        34.01666666666666666     
D3           5809        7558        8218        9573        7162        6691        14          1877        3764        2045        -                        -                        3.695843520782396088     
D109         6219        6922        9264        6300        1511        7425        14          8870        81          63          -                        -                        109.8730158730158730     
D3           4986        4141        845         6835        5242        5810        14          2368        1849        1288        -                        -                        3.215062111801242236     
D56          1135        8409        2693        2120        1406        1476        14          8619        985         150         -                        -                        56.06                    
D7           5677        5319        358         6924        3797        5866        14          2062        1247        689         -                        -                        7.719883889695210449     
D4           4398        9489        4876        6711        8137        1810        14          6841        2313        2085        -                        -                        4.551079136690647482     
D2           6562        4586        1976        8820        2146        515         14          8325        2258        2046        -                        -                        2.241446725317693059     
D1           5446        2208        3238        9259        5110        3343        14          5454        3813        1633        -                        -                        1.352112676056338028     
D149         4887        4031        856         5697        4348        6092        14          2456        810         27          -                        -                        149.2962962962962963     
D6           3273        8168        5072        5209        7996        5661        14          6772        1936        1337        -                        -                        6.109199700822737472     
D6           3486        2375        1111        4261        4003        5185        14          1131        775         386         -                        -                        6.152849740932642487     
D19          9229        5042        4187        9827        3665        8648        14          8062        598         259         -                        -                        19.46718146718146718     
D24          7698        6323        1375        8008        9622        9626        14          6453        310         258         -                        -                        24.50775193798449612     
D2           6197        7888        8276        9469        3540        4882        14          4890        3272        2925        -                        -                        2.696752136752136752     
D27          7268        2317        4951        8166        3669        8323        14          6974        898         84          -                        -                        27.58333333333333333     
D11          2323        8542        3748        3110        1695        4118        14          5997        787         749         -                        -                        11.40453938584779706     
D4           6636        5405        1231        8008        3266        4458        14          7512        1372        1148        -                        -                        4.708188153310104529     
D3           5168        3169        1999        6591        187         4619        14          4654        1423        899         -                        -                        3.525027808676307007     
D4           3455        2835        620         4884        4226        7454        14          4437        1429        597         -                        -                        4.748743718592964824     
D40          2052        4649        7370        3988        7695        6368        14          9013        1936        116         -                        -                        40.07758620689655172     
D28          4958        9624        5301        9576        3600        202         14          6448        4618        340         -                        -                        28.30588235294117647     
D1           6651        1929        4722        8027        4039        6302        14          7369        1376        1147        -                        -                        1.681778552746294681     
D13          6045        995         5050        6642        5120        7387        14          847         597         75          -                        -                        13.26666666666666666     
D15          5295        9327        5935        6234        6574        3955        14          9788        939         600         -                        -                        15.545                   
D32          1692        9386        2273        3092        3089        4657        14          5285        1400        292         -                        -                        32.14383561643835616     
D505         5102        7074        7995        5155        7434        9540        14          2728        53          14          -                        -                        505.2857142857142857     
D12          2849        9332        3484        4958        5472        1571        14          621         2109        740         -                        -                        12.61081081081081081     
D1           1687        1098        589         2561        8955        6803        14          3446        874         813         -                        -                        1.350553505535055350     
D49          1019        7711        3275        1883        7861        6923        14          1932        864         155         -                        -                        49.74838709677419354     
C            2939        9240        3666        3145        5194        5176        14          8330        206         55          168                      -                        -                        
C            3732        9240        4459        4191        2458        6299        14          4156        459         60          154                      -                        -                        
C            9286        2967        6319        9523        2810        2277        14          4112        237         43          69                       -                        -                        
C            4524        6364        8127        9046        4653        9819        14          7505        4522        2           3182                     -                        -                        
C            4146        3924        222         4637        2281        4861        14          8636        491         218         18                       -                        -                        
C            3802        8816        4953        3821        4004        1497        14          4453        19          2           4408                     -                        -                        
C            6757        5605        1152        7116        9240        7133        14          6           359         295         19                       -                        -                        
C            6086        7392        8661        6728        5613        2544        14          9100        642         308         24                       -                        -                        
C            9439        9468        9938        9735        1890        3723        14          8738        296         263         36                       -                        -                        
C            6405        5724        681         8487        2037        6184        14          9001        2082        159         36                       -                        -                        
C            3442        7452        5957        3633        4752        6916        14          9289        191         4           1863                     -                        -                        
C            6579        9401        7145        8222        2164        9022        14          4320        1643        7           1343                     -                        -                        
C            1213        7049        4131        1412        9091        8418        14          3667        199         19          371                      -                        -                        
C            9456        3952        5504        9623        2717        3118        14          5438        167         104         38                       -                        -                        
C            9496        6896        2600        9812        3812        4437        14          7145        316         16          431                      -                        -                        
C            6428        4806        1622        6559        8538        3985        14          4049        131         9           534                      -                        -                        
C            3973        9321        4619        4254        9544        9038        14          5633        281         39          239                      -                        -                        
C            9408        3744        5664        9960        1264        7767        14          7699        552         24          156                      -                        -                        
C            588         7560        2995        862         4788        1678        14          9444        274         40          189                      -                        -                        
C            4516        7868        6615        9018        1305        2344        14          3336        4502        14          562                      -                        -                        
C            3778        7525        6220        7521        4320        2625        14          567         3743        35          215                      -                        -                        
C            4655        4257        398         4827        531         6879        14          2542        172         11          387                      -                        -                        
C            4853        1813        3040        4896        6097        2363        14          1671        43          37          49                       -                        -                        
C            5338        4706        632         7994        2543        2198        14          8503        2656        26          181                      -                        -                        
C            3607        3186        421         3965        5915        1315        14          4048        358         27          118                      -                        -                        
C            3809        5652        8124        7609        5790        6961        14          662         3800        9           628                      -                        -                        
C            3902        2432        1470        3908        4296        1792        14          1207        6           2           1216                     -                        -                        
C            1031        6514        4484        2060        3402        6323        8971        3418        1029        2           3257                     -                        -                        
C            885         930         9922        914         8149        3892        8971        6381        29          15          62                       -                        -                        
C            4355        3850        505         4625        8554        1344        8971        7961        270         35          110                      -                        -                        
C            6776        7437        9306        7297        4300        3963        8971        5771        521         3           2479                     -                        -                        
C            2926        2008        918         3900        3074        2660        8971        7912        974         4           502                      -                        -                        
C            336         532         9771        668         8098        3082        8971        485         332         4           133                      -                        -                        
C            6749        510         6239        6771        3727        6281        8971        9919        22          17          30                       -                        -                        
C            7432        658         6774        7707        84          7567        8971        1669        275         7           94                       -                        -                        
C            2182        14          2168        2618        7720        6954        8971        8725        436         2           7                        -                        -                        
C            772         6108        4631        791         2468        3324        8971        8241        19          12          509                      -                        -                        
C            5777        7031        8713        6036        1586        9732        8971        6006        259         79          89                       -                        -                        
C            5522        5032        490         6393        5269        9361        8971        262         871         296         17                       -                        -                        
C            5638        5826        9779        7047        3644        9080        8971        1681        1409        2           2913                     -                        -                        
C            1629        9120        2476        1637        202         7360        8971        9124        8           5           1824                     -                        -                        
C            3867        8228        5606        3917        4574        7560        8971        7659        50          17          484                      -                        -                        
C            7981        8567        9381        8147        5432        8374        8971        308         166         13          659                      -                        -                        
C            4829        5083        9713        5131        2909        8982        8971        687         302         299         17                       -                        -                        
C            7842        8288        9521        7852        7815        2238        8971        2738        10          2           4144                     -                        -                        
C            3131        7956        5142        4166        3231        4465        8971        4278        1035        26          306                      -                        -                        
C            3242        3444        9765        4052        9397        3595        8971        4925        810         2           1722                     -                        -                        
C            5644        5948        9663        5826        9877        5251        8971        8129        182         2           2974                     -                        -                        
C            9854        9268        586         9879        876         8374        8971        9659        25          4           2317                     -                        -                        
C            9148        7595        1553        9677        8535        7030        8971        9384        529         155         49                       -                        -                        
C            4452        5888        8531        5519        702         448         8971        1343        1067        184         32                       -                        -                        
C            5488        6370        9085        8219        2666        6811        8971        5685        2731        26          245                      -                        -                        
C            2360        9152        3175        2939        519         8782        8971        9831        579         44          208                      -                        -                        
C            9381        4902        4479        9390        7878        5907        8971        1033        9           3           1634                     -                        -                        
C            4921        7992        6896        6549        9720        7479        8971        6424        1628        37          216                      -                        -                        
C            7068        3075        3993        7853        3086        1724        8971        3150        785         3           1025                     -                        -                        
C            8924        8199        725         9735        8982        2621        8971        7601        811         3           2733                     -                        -                        
C            1157        7835        3289        1189        5206        7419        8971        2163        32          5           1567                     -                        -                        
C            483         1820        8630        496         2090        1202        8971        8108        13          2           910                      -                        -                        
C            3404        8189        5182        6789        347         5477        4785        1747        3385        19          431                      -                        -                        
C            4371        1260        3111        8727        2421        7167        4785        9597        4356        15          84                       -                        -                        
C            2517        4929        7555        2630        2520        2651        4785        8201        113         31          159                      -                        -                        
C            7108        3242        3866        7482        4215        2435        4785        9658        374         2           1621                     -                        -                        
C            7168        9016        8119        7412        2974        9259        4785        9407        244         92          98                       -                        -                        
C            2138        2550        9555        2214        3806        4861        4785        1331        76          10          255                      -                        -                        
C            7191        1560        5631        7670        376         8662        4785        6154        479         6           260                      -                        -                        
C            9239        6936        2303        9326        8041        1558        4785        9715        87          17          408                      -                        -                        
C            7253        7449        9771        7467        131         57          4785        6524        214         191         39                       -                        -                        
C            4891        2982        1909        4928        7342        1646        4785        2072        37          7           426                      -                        -                        
C            2084        3756        8295        2244        9951        7335        4785        2257        160         4           939                      -                        -                        
C            6658        48          6610        7767        4387        4323        4785        9474        1109        4           12                       -                        -                        
C            5266        4766        500         5642        1428        3424        4785        4931        376         2           2383                     -                        -                        
C            2302        9426        2843        2313        2077        9637        4785        2068        11          3           3142                     -                        -                        
C            5363        2006        3357        5561        8940        4323        4785        493         198         17          118                      -                        -                        
C            4285        5397        8855        8549        6871        6291        4785        6189        4264        21          257                      -                        -                        
C            1186        5512        5641        1331        1466        9458        4785        3104        145         26          212                      -                        -                        
C            5885        9642        6210        8024        5236        8933        4785        7696        2139        1607        6                        -                        -                        
C            6712        5484        1228        6779        8886        7250        4785        5149        67          12          457                      -                        -                        
C            2867        3196        9638        5687        8062        8295        4785        5403        2820        47          68                       -                        -                        
C            5273        4376        897         5524        709         3705        4785        4097        251         2           2188                     -                        -                        
C            839         6061        4745        859         1498        8231        4785        8474        20          19          319                      -                        -                        
C            8881        5170        3711        9768        3404        3903        4785        7386        887         11          470                      -                        -                        
C            5943        7539        8371        5959        8044        4247        3920        2344        16          7           1077                     -                        -                        
C            8176        8034        142         9073        224         85          3920        8668        897         103         78                       -                        -                        
C            3148        8232        4883        3201        2320        3855        3920        5262        53          21          392                      -                        -                        
C            1721        9326        2362        1912        6271        884         3920        4145        191         2           4663                     -                        -                        
C            5771        900         4871        8649        5066        7716        3920        917         2878        15          60                       -                        -                        
C            5132        8358        6741        5186        4383        481         3920        9812        54          2           4179                     -                        -                        
C            6203        3780        2423        6207        2927        7136        3920        5974        4           3           1260                     -                        -                        
C            4063        1040        3023        4134        7836        3244        3920        6019        71          16          65                       -                        -                        
A            7497        77          7420        8027        4464        3956        3920        2494        530         77          1                        -                        -                        
C            5877        2944        2933        6710        3442        2527        3920        1385        833         46          64                       -                        -                        
C            5556        3232        2324        8332        7771        9001        3920        8731        2776        4           808                      -                        -                        
C            341         2096        8212        666         9688        7714        3920        1350        325         16          131                      -                        -                        
C            5758        7030        8695        5888        7546        6317        3920        7918        130         38          185                      -                        -                        
C            2828        8004        4791        4240        6561        2451        3920        5821        1412        4           2001                     -                        -                        
C            3099        3710        9356        3112        5174        6007        3920        1249        13          5           742                      -                        -                        
C            7341        6018        1323        7830        973         6861        3920        4288        489         6           1003                     -                        -                        
C            7281        9462        7786        7287        6731        7627        3920        3650        6           3           3154                     -                        -                        
A            6296        116         6180        6708        3600        766         9259        144         412         116         1                        -                        -                        
A            6888        656         6232        7667        8957        6318        9437        8269        779         656         1                        -                        -                        
A            8532        858         7674        9811        9699        2232        7974        7658        1279        858         1                        -                        -                        
A            5034        134         4900        9934        1204        9462        1804        5977        4900        134         1                        -                        -                        
A            7710        326         7384        8278        7294        1824        2924        2569        568         326         1                        -                        -                        
A            2108        280         1828        2565        970         9199        7302        8426        457         280         1                        -                        -                        
A            2469        224         2245        2918        5384        8394        7302        7790        449         224         1                        -                        -                        
A            4538        638         3900        5188        6420        9589        5727        2866        650         638         1                        -                        -                        
A            1082        533         549         1631        3898        3506        5727        9310        549         533         1                        -                        -                        
A            4427        1235        3192        6023        6721        253         242         2410        1596        1235        1                        -                        -                        
A            7662        1401        6261        9749        2916        5585        1907        1918        2087        1401        1                        -                        -                        
A            4195        302         3893        8088        6747        3910        6128        5652        3893        302         1                        -                        -                        
A            5610        1887        3723        9333        5650        4590        3502        1745        3723        1887        1                        -                        -                        
A            6279        765         5514        7198        9024        5795        6873        4079        919         765         1                        -                        -                        
A            6601        49          6552        6835        6495        1597        9358        3396        234         49          1                        -                        -                        
A            2042        72          1970        4012        4159        4619        4925        4654        1970        72          1                        -                        -                        
A            4140        1461        2679        6819        1836        20          9067        4284        2679        1461        1                        -                        -                        
A            7902        1122        6780        9258        7760        6508        8424        7442        1356        1122        1                        -                        -                        
A            4027        1093        2934        5494        5052        1899        8447        1762        1467        1093        1                        -                        -                        
A            6713        83          6630        7818        3242        5155        6841        5334        1105        83          1                        -                        -                        
A            5296        16          5280        5344        5464        3693        132         4159        48          16          1                        -                        -                        
A            4466        1438        3028        5980        6602        3286        8518        5417        1514        1438        1                        -                        -                        
A            2255        1023        1232        3487        6441        9330        1659        3649        1232        1023        1                        -                        -                        
A            7602        100         7502        7723        10          1769        4003        10          121         100         1                        -                        -                        
A            3401        1444        1957        5358        7052        5380        6454        2793        1957        1444        1                        -                        -                        
A            1853        173         1680        2093        4436        4074        2539        8037        240         173         1                        -                        -                        
A            7232        30          7202        7509        3663        851         1120        9616        277         30          1                        -                        -                        
A            7711        1276        6435        9856        6258        4305        3264        8967        2145        1276        1                        -                        -                        
A            8922        462         8460        9862        3335        254         4936        6856        940         462         1                        -                        -                        
A            7675        31          7644        7948        6           4647        5963        8311        273         31          1                        -                        -                        
A            6564        23          6541        6775        5519        7225        8816        1275        211         23          1                        -                        -                        
A            4402        904         3498        7900        7244        2929        7385        6709        3498        904         1                        -                        -                        
A            7343        695         6648        9005        5030        408         3332        4409        1662        695         1                        -                        -                        
A            4847        1323        3524        6609        1619        3704        1654        8478        1762        1323        1                        -                        -                        
A            6404        569         5835        8349        854         3336        1629        2720        1945        569         1                        -                        -                        
A            1896        226         1670        2230        1642        317         1629        3715        334         226         1                        -                        -                        
A            6714        228         6486        7795        5669        5362        9434        153         1081        228         1                        -                        -                        
A            4878        16          4862        5320        8298        3138        3817        6784        442         16          1                        -                        -                        
A            2358        83          2275        2813        5886        7165        4366        3131        455         83          1                        -                        -                        
A            5861        1511        4350        8036        5114        7470        8236        7420        2175        1511        1                        -                        -                        
A            6985        235         6750        9235        8063        7350        6203        9323        2250        235         1                        -                        -                        
A            2635        564         2071        4706        8196        7353        6503        3050        2071        564         1                        -                        -                        
A            7908        988         6920        9292        4240        8004        2094        555         1384        988         1                        -                        -                        
A            5883        155         5728        6062        8737        5797        5683        9035        179         155         1                        -                        -                        
A            9091        73          9018        9425        4079        8772        3831        4887        334         73          1                        -                        -                        
A            5910        69          5841        6441        2590        3185        3488        5707        531         69          1                        -                        -                        
A            1044        9           1035        1251        4480        3531        3488        4256        207         9           1                        -                        -                        
A            6744        1009        5735        7891        2518        1060        19          3076        1147        1009        1                        -                        -                        
A            4841        933         3908        5818        4785        2180        8427        8230        977         933         1                        -                        -                        
A            3097        362         2735        5832        624         9593        5767        927         2735        362         1                        -                        -                        
A            1891        537         1354        2568        4783        4660        5767        8473        677         537         1                        -                        -                        
A            3168        1036        2132        5300        5056        3510        8964        1664        2132        1036        1                        -                        -                        
A            7068        1470        5598        9867        6873        7493        2954        2480        2799        1470        1                        -                        -                        
A            5524        101         5423        5711        4620        5194        4555        3057        187         101         1                        -                        -                        
A            4725        1278        3447        8172        9537        6842        959         8666        3447        1278        1                        -                        -                        
A            5387        127         5260        5913        5553        1568        6911        359         526         127         1                        -                        -                        
A            5559        320         5239        5962        8142        8795        365         4287        403         320         1                        -                        -                        
A            8386        182         8204        9558        8299        5408        1042        6537        1172        182         1                        -                        -                        
A            6101        2882        3219        9320        6833        2872        1042        5431        3219        2882        1                        -                        -                        
A            5300        348         4952        5919        6976        68          1042        6258        619         348         1                        -                        -                        
A            6212        56          6156        6288        5057        1306        5667        950         76          56          1                        -                        -                        
A            1822        496         1326        3148        6345        5932        5667        4810        1326        496         1                        -                        -                        
A            5056        262         4794        9850        5804        9402        5667        7058        4794        262         1                        -                        -                        
A            7665        307         7358        8231        823         2529        4067        5874        566         307         1                        -                        -                        
A            3514        116         3398        6912        5200        124         408         9300        3398        116         1                        -                        -                        
A            1999        100         1899        2210        2160        8353        6392        6737        211         100         1                        -                        -                        
A            4382        697         3685        5119        3391        510         6392        9832        737         697         1                        -                        -                        
A            7759        259         7500        8059        4751        1873        6392        942         300         259         1                        -                        -                        
A            2576        1283        1293        3869        6435        346         1800        4811        1293        1283        1                        -                        -                        
A            4817        923         3894        6764        7253        1371        7431        6790        1947        923         1                        -                        -                        
A            7064        827         6237        7955        3739        1255        5288        6038        891         827         1                        -                        -                        
A            3776        1349        2427        6203        8742        5967        8664        7704        2427        1349        1                        -                        -                        
A            1894        697         1197        3091        3557        4218        7368        8087        1197        697         1                        -                        -                        
A            1326        276         1050        1851        4771        132         6055        1312        525         276         1                        -                        -                        
A            2012        52          1960        2502        9255        4840        1870        9239        490         52          1                        -                        -                        
A            1010        281         729         1739        3343        2174        7195        3068        729         281         1                        -                        -                        
A            8372        188         8184        9395        8111        7540        8449        9301        1023        188         1                        -                        -                        
A            2232        230         2002        4234        1348        6495        8449        6285        2002        230         1                        -                        -                        
A            2649        579         2070        4719        4342        5283        4710        5204        2070        579         1                        -                        -                        
A            6406        546         5860        6992        2377        5194        7576        3057        586         546         1                        -                        -                        
A            2363        1164        1199        3562        2846        6228        60          9288        1199        1164        1                        -                        -                        
A            6571        836         5735        7718        7207        7198        3171        2412        1147        836         1                        -                        -                        
A            1187        29          1158        1380        6807        8768        7935        9169        193         29          1                        -                        -                        
A            6042        832         5210        7084        4192        3454        1626        6163        1042        832         1                        -                        -                        
A            6604        672         5932        9570        5299        1215        6125        7584        2966        672         1                        -                        -                        
A            6071        2722        3349        9420        3715        6522        6125        3459        3349        2722        1                        -                        -                        
A            2657        676         1981        4638        9962        7046        8344        5845        1981        676         1                        -                        -                        
A            875         141         734         1242        749         5910        8860        9049        367         141         1                        -                        -                        
A            4619        239         4380        4911        1835        7482        404         9223        292         239         1                        -                        -                        
A            5049        15          5034        6727        925         212         3815        8674        1678        15          1                        -                        -                        
A            6414        987         5427        8223        4492        3674        8578        6619        1809        987         1                        -                        -                        
A            1748        332         1416        3164        3935        6404        8578        1302        1416        332         1                        -                        -                        
A            2186        53          2133        2897        9503        5815        1597        2642        711         53          1                        -                        -                        
A            5366        1055        4311        6803        536         366         6954        8314        1437        1055        1                        -                        -                        
A            1548        655         893         2441        7869        9391        7710        413         893         655         1                        -                        -                        
A            5884        888         4996        8382        2875        6517        347         6712        2498        888         1                        -                        -                        
A            6640        697         5943        7489        9462        6143        9228        3867        849         697         1                        -                        -                        
A            3795        170         3625        4520        6263        6952        9228        3525        725         170         1                        -                        -                        
A            4718        1560        3158        6297        7280        7242        9213        2136        1579        1560        1                        -                        -                        
B            3783        873         2910        4947        8862        4289        4636        8965        1164        291         3                        3                        -                        
----------------------------------------------------------------------------------------------------------------------------------------------------------------------------------------------------------------
case         s           s_zk        s_rxk       s_zr        z           r           x           k-1         q           a           m1                       m2                       f                        
----------------------------------------------------------------------------------------------------------------------------------------------------------------------------------------------------------------

Statistics:

Total Key Count: 9965
Transaction Limit Per Key: 10000
Total Transaction Count: 99650000
Total Cases: 24755529
Case A Count: 2501
Case B Count: 1
Case C Count: 263126
Case D Count: 24489901
Case D0 Count: 1739806
Case D1 Count: 1743081
Case D2 Count: 1743188
Case D3 Count: 1683557
Case D4 Count: 1489598
Case D5 Count: 1277365
Case D6 Count: 1091254
Case D7 Count: 938780
Case D8 Count: 811716
Case D9 Count: 707611
Case D10 Count: 622391
Case D11 Count: 552096
Case D12 Count: 494263
Case D13 Count: 444629
Case D14 Count: 402169
Case D15 Count: 364927
Case D16 Count: 334097
Case D17 Count: 307177
Case D18 Count: 282430
Case D19 Count: 260484
Case D20 Count: 241942
Case D21 Count: 224014
Case D22 Count: 209490
Case D23 Count: 196713
Case D24 Count: 184961
Case D25 Count: 173177
Case D26 Count: 163475
Case D27 Count: 153223
Case D28 Count: 145742
Case D29 Count: 137046
Case D30 Count: 130005
Case D31 Count: 124234
Case D32 Count: 118072
Case D33 Count: 112050
Case D34 Count: 106534
Case D35 Count: 102081
Case D36 Count: 97687
Case D37 Count: 93322
Case D38 Count: 89229
Case D39 Count: 85513
Case D40 Count: 81694
Case D41 Count: 79147
Case D42 Count: 76594
Case D43 Count: 73157
Case D44 Count: 70622
Case D45 Count: 68208
Case D46 Count: 65754
Case D47 Count: 63147
Case D48 Count: 61579
Case D49 Count: 59221
Case D50 Count: 57262
Case D51 Count: 55042
Case D52 Count: 53433
Case D53 Count: 51847
Case D54 Count: 50229
Case D55 Count: 49141
Case D56 Count: 47166
Case D57 Count: 45761
Case D58 Count: 44660
Case D59 Count: 43822
Case D60 Count: 42661
Case D61 Count: 41286
Case D62 Count: 40085
Case D63 Count: 39089
Case D64 Count: 38040
Case D65 Count: 36806
Case D66 Count: 36176
Case D67 Count: 35330
Case D68 Count: 34101
Case D69 Count: 33423
Case D70 Count: 33192
Case D71 Count: 31829
Case D72 Count: 31273
Case D73 Count: 30458
Case D74 Count: 29929
Case D75 Count: 28918
Case D76 Count: 27910
Case D77 Count: 27792
Case D78 Count: 27282
Case D79 Count: 26481
Case D80 Count: 26122
Case D81 Count: 25404
Case D82 Count: 24766
Case D83 Count: 24484
Case D84 Count: 23730
Case D85 Count: 23545
Case D86 Count: 22703
Case D87 Count: 22482
Case D88 Count: 21804
Case D89 Count: 21636
Case D90 Count: 21142
Case D91 Count: 20861
Case D92 Count: 20317
Case D93 Count: 20030
Case D94 Count: 19866
Case D95 Count: 19273
Case D96 Count: 18806
Case D97 Count: 18660
Case D98 Count: 18044
Case D99 Count: 18073
Case D100 Count: 17495
Case D101 Count: 17606
Case D102 Count: 17050
Case D103 Count: 16814
Case D104 Count: 16548
Case D105 Count: 16345
Case D106 Count: 15883
Case D107 Count: 15754
Case D108 Count: 15337
Case D109 Count: 15410
Case D110 Count: 14914
Case D111 Count: 14887
Case D112 Count: 14580
Case D113 Count: 14192
Case D114 Count: 14142
Case D115 Count: 13863
Case D116 Count: 13551
Case D117 Count: 13420
Case D118 Count: 13226
Case D119 Count: 13111
Case D120 Count: 12675
Case D121 Count: 12671
Case D122 Count: 12283
Case D123 Count: 11974
Case D124 Count: 12049
Case D125 Count: 11913
Case D126 Count: 11663
Case D127 Count: 11747
Case D128 Count: 11481
Case D129 Count: 11263
Case D130 Count: 11108
Case D131 Count: 10954
Case D132 Count: 10873
Case D133 Count: 10641
Case D134 Count: 10679
Case D135 Count: 10508
Case D136 Count: 10160
Case D137 Count: 10085
Case D138 Count: 10135
Case D139 Count: 9818
Case D140 Count: 9644
Case D141 Count: 9626
Case D142 Count: 9564
Case D143 Count: 9396
Case D144 Count: 9173
Case D145 Count: 9140
Case D146 Count: 9065
Case D147 Count: 8954
Case D148 Count: 8840
Case D149 Count: 8484
Case D150 Count: 8745
Case D151 Count: 8504
Case D152 Count: 8455
Case D153 Count: 8383
Case D154 Count: 8166
Case D155 Count: 8034
Case D156 Count: 8046
Case D157 Count: 7879
Case D158 Count: 7688
Case D159 Count: 7698
Case D160 Count: 7612
Case D161 Count: 7359
Case D162 Count: 7459
Case D163 Count: 7476
Case D164 Count: 7461
Case D165 Count: 7418
Case D166 Count: 7259
Case D167 Count: 7110
Case D168 Count: 7091
Case D169 Count: 7114
Case D170 Count: 6931
Case D171 Count: 6956
Case D172 Count: 6640
Case D173 Count: 6784
Case D174 Count: 6492
Case D175 Count: 6532
Case D176 Count: 6525
Case D177 Count: 6523
Case D178 Count: 6313
Case D179 Count: 6299
Case D180 Count: 6446
Case D181 Count: 6118
Case D182 Count: 6200
Case D183 Count: 6042
Case D184 Count: 6046
Case D185 Count: 5915
Case D186 Count: 5847
Case D187 Count: 5797
Case D188 Count: 5736
Case D189 Count: 5634
Case D190 Count: 5698
Case D191 Count: 5553
Case D192 Count: 5469
Case D193 Count: 5521
Case D194 Count: 5429
Case D195 Count: 5357
Case D196 Count: 5381
Case D197 Count: 5270
Case D198 Count: 5320
Case D199 Count: 5091
Case D200 Count: 5059
Case D201 Count: 4999
Case D202 Count: 5198
Case D203 Count: 4962
Case D204 Count: 5050
Case D205 Count: 4857
Case D206 Count: 4840
Case D207 Count: 4820
Case D208 Count: 4675
Case D209 Count: 4758
Case D210 Count: 4652
Case D211 Count: 4760
Case D212 Count: 4786
Case D213 Count: 4596
Case D214 Count: 4508
Case D215 Count: 4540
Case D216 Count: 4537
Case D217 Count: 4386
Case D218 Count: 4288
Case D219 Count: 4415
Case D220 Count: 4393
Case D221 Count: 4250
Case D222 Count: 4266
Case D223 Count: 4181
Case D224 Count: 4136
Case D225 Count: 4139
Case D226 Count: 4101
Case D227 Count: 3947
Case D228 Count: 4106
Case D229 Count: 4066
Case D230 Count: 4169
Case D231 Count: 3985
Case D232 Count: 3904
Case D233 Count: 3795
Case D234 Count: 3866
Case D235 Count: 3803
Case D236 Count: 3817
Case D237 Count: 3850
Case D238 Count: 3632
Case D239 Count: 3705
Case D240 Count: 3719
Case D241 Count: 3633
Case D242 Count: 3631
Case D243 Count: 3520
Case D244 Count: 3459
Case D245 Count: 3552
Case D246 Count: 3520
Case D247 Count: 3608
Case D248 Count: 3539
Case D249 Count: 3323
Case D250 Count: 3438
Case D251 Count: 3408
Case D252 Count: 3399
Case D253 Count: 3392
Case D254 Count: 3446
Case D255 Count: 3246
Case D256 Count: 3167
Case D257 Count: 3175
Case D258 Count: 3228
Case D259 Count: 3210
Case D260 Count: 3269
Case D261 Count: 3135
Case D262 Count: 3066
Case D263 Count: 3108
Case D264 Count: 3121
Case D265 Count: 3118
Case D266 Count: 3117
Case D267 Count: 3085
Case D268 Count: 2985
Case D269 Count: 2989
Case D270 Count: 2761
Case D271 Count: 2921
Case D272 Count: 2831
Case D273 Count: 2788
Case D274 Count: 2926
Case D275 Count: 2979
Case D276 Count: 2947
Case D277 Count: 2802
Case D278 Count: 2780
Case D279 Count: 2729
Case D280 Count: 2800
Case D281 Count: 2721
Case D282 Count: 2670
Case D283 Count: 2715
Case D284 Count: 2720
Case D285 Count: 2697
Case D286 Count: 2688
Case D287 Count: 2605
Case D288 Count: 2647
Case D289 Count: 2643
Case D290 Count: 2665
Case D291 Count: 2645
Case D292 Count: 2635
Case D293 Count: 2604
Case D294 Count: 2468
Case D295 Count: 2441
Case D296 Count: 2495
Case D297 Count: 2561
Case D298 Count: 2532
Case D299 Count: 2412
Case D300 Count: 2423
Case D301 Count: 2518
Case D302 Count: 2366
Case D303 Count: 2337
Case D304 Count: 2429
Case D305 Count: 2415
Case D306 Count: 2301
Case D307 Count: 2341
Case D308 Count: 2348
Case D309 Count: 2396
Case D310 Count: 2389
Case D311 Count: 2306
Case D312 Count: 2214
Case D313 Count: 2230
Case D314 Count: 2244
Case D315 Count: 2226
Case D316 Count: 2178
Case D317 Count: 2290
Case D318 Count: 2221
Case D319 Count: 2183
Case D320 Count: 2232
Case D321 Count: 2201
Case D322 Count: 2095
Case D323 Count: 2089
Case D324 Count: 2060
Case D325 Count: 2057
Case D326 Count: 2156
Case D327 Count: 2047
Case D328 Count: 2176
Case D329 Count: 2081
Case D330 Count: 2120
Case D331 Count: 2071
Case D332 Count: 1974
Case D333 Count: 2056
Case D334 Count: 2017
Case D335 Count: 1906
Case D336 Count: 1932
Case D337 Count: 1995
Case D338 Count: 1909
Case D339 Count: 1890
Case D340 Count: 1945
Case D341 Count: 1897
Case D342 Count: 2022
Case D343 Count: 1930
Case D344 Count: 1891
Case D345 Count: 1863
Case D346 Count: 1876
Case D347 Count: 1872
Case D348 Count: 1880
Case D349 Count: 1789
Case D350 Count: 1833
Case D351 Count: 1893
Case D352 Count: 1861
Case D353 Count: 1878
Case D354 Count: 1879
Case D355 Count: 1885
Case D356 Count: 1662
Case D357 Count: 1750
Case D358 Count: 1748
Case D359 Count: 1700
Case D360 Count: 1715
Case D361 Count: 1698
Case D362 Count: 1684
Case D363 Count: 1603
Case D364 Count: 1709
Case D365 Count: 1599
Case D366 Count: 1753
Case D367 Count: 1782
Case D368 Count: 1705
Case D369 Count: 1661
Case D370 Count: 1531
Case D371 Count: 1630
Case D372 Count: 1681
Case D373 Count: 1567
Case D374 Count: 1539
Case D375 Count: 1535
Case D376 Count: 1623
Case D377 Count: 1620
Case D378 Count: 1629
Case D379 Count: 1659
Case D380 Count: 1598
Case D381 Count: 1600
Case D382 Count: 1629
Case D383 Count: 1470
Case D384 Count: 1527
Case D385 Count: 1489
Case D386 Count: 1502
Case D387 Count: 1436
Case D388 Count: 1557
Case D389 Count: 1478
Case D390 Count: 1483
Case D391 Count: 1514
Case D392 Count: 1462
Case D393 Count: 1530
Case D394 Count: 1531
Case D395 Count: 1436
Case D396 Count: 1469
Case D397 Count: 1482
Case D398 Count: 1408
Case D399 Count: 1405
Case D400 Count: 1398
Case D401 Count: 1439
Case D402 Count: 1368
Case D403 Count: 1380
Case D404 Count: 1363
Case D405 Count: 1404
Case D406 Count: 1373
Case D407 Count: 1375
Case D408 Count: 1409
Case D409 Count: 1418
Case D410 Count: 1398
Case D411 Count: 1363
Case D412 Count: 1366
Case D413 Count: 1366
Case D414 Count: 1379
Case D415 Count: 1284
Case D416 Count: 1267
Case D417 Count: 1307
Case D418 Count: 1301
Case D419 Count: 1307
Case D420 Count: 1313
Case D421 Count: 1286
Case D422 Count: 1265
Case D423 Count: 1233
Case D424 Count: 1332
Case D425 Count: 1267
Case D426 Count: 1267
Case D427 Count: 1281
Case D428 Count: 1290
Case D429 Count: 1305
Case D430 Count: 1270
Case D431 Count: 1319
Case D432 Count: 1310
Case D433 Count: 1200
Case D434 Count: 1184
Case D435 Count: 1141
Case D436 Count: 1207
Case D437 Count: 1233
Case D438 Count: 1216
Case D439 Count: 1152
Case D440 Count: 1178
Case D441 Count: 1183
Case D442 Count: 1172
Case D443 Count: 1149
Case D444 Count: 1227
Case D445 Count: 1197
Case D446 Count: 1211
Case D447 Count: 1240
Case D448 Count: 1239
Case D449 Count: 1133
Case D450 Count: 1165
Case D451 Count: 1124
Case D452 Count: 1198
Case D453 Count: 1123
Case D454 Count: 1056
Case D455 Count: 1094
Case D456 Count: 1048
Case D457 Count: 1072
Case D458 Count: 1120
Case D459 Count: 1143
Case D460 Count: 1056
Case D461 Count: 1104
Case D462 Count: 1010
Case D463 Count: 1051
Case D464 Count: 1057
Case D465 Count: 1080
Case D466 Count: 1144
Case D467 Count: 1090
Case D468 Count: 1081
Case D469 Count: 1051
Case D470 Count: 1060
Case D471 Count: 1089
Case D472 Count: 1093
Case D473 Count: 1095
Case D474 Count: 1022
Case D475 Count: 1008
Case D476 Count: 943
Case D477 Count: 996
Case D478 Count: 988
Case D479 Count: 1021
Case D480 Count: 987
Case D481 Count: 1048
Case D482 Count: 977
Case D483 Count: 1036
Case D484 Count: 1019
Case D485 Count: 995
Case D486 Count: 969
Case D487 Count: 1000
Case D488 Count: 1022
Case D489 Count: 993
Case D490 Count: 1008
Case D491 Count: 998
Case D492 Count: 933
Case D493 Count: 1026
Case D494 Count: 966
Case D495 Count: 1005
Case D496 Count: 996
Case D497 Count: 967
Case D498 Count: 899
Case D499 Count: 918
Case D500 Count: 968
Case D501 Count: 877
Case D502 Count: 948
Case D503 Count: 909
Case D504 Count: 937
Case D505 Count: 870
Case D506 Count: 893
Case D507 Count: 900
Case D508 Count: 937
Case D509 Count: 888
Case D510 Count: 882
Case D511 Count: 972
Case D512 Count: 866
Case D513 Count: 901
Case D514 Count: 949
Case D515 Count: 947
Case D516 Count: 870
Case D517 Count: 845
Case D518 Count: 877
Case D519 Count: 911
Case D520 Count: 913
Case D521 Count: 828
Case D522 Count: 874
Case D523 Count: 876
Case D524 Count: 904
Case D525 Count: 785
Case D526 Count: 841
Case D527 Count: 810
Case D528 Count: 805
Case D529 Count: 821
Case D530 Count: 787
Case D531 Count: 810
Case D532 Count: 796
Case D533 Count: 752
Case D534 Count: 766
Case D535 Count: 818
Case D536 Count: 778
Case D537 Count: 798
Case D538 Count: 824
Case D539 Count: 797
Case D540 Count: 824
Case D541 Count: 812
Case D542 Count: 775
Case D543 Count: 814
Case D544 Count: 781
Case D545 Count: 812
Case D546 Count: 825
Case D547 Count: 826
Case D548 Count: 833
Case D549 Count: 816
Case D550 Count: 825
Case D551 Count: 797
Case D552 Count: 854
Case D553 Count: 765
Case D554 Count: 694
Case D555 Count: 718
Case D556 Count: 716
Case D557 Count: 717
Case D558 Count: 721
Case D559 Count: 717
Case D560 Count: 728
Case D561 Count: 713
Case D562 Count: 747
Case D563 Count: 710
Case D564 Count: 687
Case D565 Count: 691
Case D566 Count: 703
Case D567 Count: 672
Case D568 Count: 718
Case D569 Count: 732
Case D570 Count: 730
Case D571 Count: 658
Case D572 Count: 725
Case D573 Count: 722
Case D574 Count: 747
Case D575 Count: 705
Case D576 Count: 688
Case D577 Count: 755
Case D578 Count: 759
Case D579 Count: 747
Case D580 Count: 722
Case D581 Count: 711
Case D582 Count: 735
Case D583 Count: 685
Case D584 Count: 755
Case D585 Count: 769
Case D586 Count: 703
Case D587 Count: 645
Case D588 Count: 639
Case D589 Count: 623
Case D590 Count: 633
Case D591 Count: 633
Case D592 Count: 649
Case D593 Count: 612
Case D594 Count: 627
Case D595 Count: 662
Case D596 Count: 626
Case D597 Count: 655
Case D598 Count: 683
Case D599 Count: 698
Case D600 Count: 657
Case D601 Count: 652
Case D602 Count: 611
Case D603 Count: 691
Case D604 Count: 634
Case D605 Count: 662
Case D606 Count: 638
Case D607 Count: 618
Case D608 Count: 603
Case D609 Count: 644
Case D610 Count: 629
Case D611 Count: 665
Case D612 Count: 651
Case D613 Count: 627
Case D614 Count: 635
Case D615 Count: 615
Case D616 Count: 645
Case D617 Count: 631
Case D618 Count: 596
Case D619 Count: 632
Case D620 Count: 650
Case D621 Count: 659
Case D622 Count: 697
Case D623 Count: 598
Case D624 Count: 577
Case D625 Count: 558
Case D626 Count: 557
Case D627 Count: 562
Case D628 Count: 565
Case D629 Count: 570
Case D630 Count: 576
Case D631 Count: 576
Case D632 Count: 571
Case D633 Count: 591
Case D634 Count: 626
Case D635 Count: 581
Case D636 Count: 582
Case D637 Count: 589
Case D638 Count: 553
Case D639 Count: 575
Case D640 Count: 561
Case D641 Count: 543
Case D642 Count: 602
Case D643 Count: 571
Case D644 Count: 590
Case D645 Count: 573
Case D646 Count: 619
Case D647 Count: 555
Case D648 Count: 568
Case D649 Count: 514
Case D650 Count: 560
Case D651 Count: 521
Case D652 Count: 588
Case D653 Count: 571
Case D654 Count: 570
Case D655 Count: 594
Case D656 Count: 605
Case D657 Count: 572
Case D658 Count: 573
Case D659 Count: 546
Case D660 Count: 573
Case D661 Count: 504
Case D662 Count: 590
Case D663 Count: 573
Case D664 Count: 563
Case D665 Count: 503
Case D666 Count: 500
Case D667 Count: 558
Case D668 Count: 473
Case D669 Count: 508
Case D670 Count: 517
Case D671 Count: 472
Case D672 Count: 509
Case D673 Count: 480
Case D674 Count: 499
Case D675 Count: 503
Case D676 Count: 492
Case D677 Count: 488
Case D678 Count: 508
Case D679 Count: 487
Case D680 Count: 514
Case D681 Count: 497
Case D682 Count: 512
Case D683 Count: 488
Case D684 Count: 527
Case D685 Count: 485
Case D686 Count: 522
Case D687 Count: 555
Case D688 Count: 494
Case D689 Count: 482
Case D690 Count: 503
Case D691 Count: 499
Case D692 Count: 485
Case D693 Count: 511
Case D694 Count: 499
Case D695 Count: 497
Case D696 Count: 529
Case D697 Count: 527
Case D698 Count: 512
Case D699 Count: 508
Case D700 Count: 505
Case D701 Count: 511
Case D702 Count: 492
Case D703 Count: 492
Case D704 Count: 535
Case D705 Count: 483
Case D706 Count: 493
Case D707 Count: 521
Case D708 Count: 498
Case D709 Count: 503
Case D710 Count: 510
Case D711 Count: 506
Case D712 Count: 406
Case D713 Count: 419
Case D714 Count: 383
Case D715 Count: 399
Case D716 Count: 418
Case D717 Count: 470
Case D718 Count: 431
Case D719 Count: 422
Case D720 Count: 397
Case D721 Count: 438
Case D722 Count: 422
Case D723 Count: 437
Case D724 Count: 422
Case D725 Count: 406
Case D726 Count: 422
Case D727 Count: 414
Case D728 Count: 416
Case D729 Count: 426
Case D730 Count: 407
Case D731 Count: 436
Case D732 Count: 453
Case D733 Count: 395
Case D734 Count: 456
Case D735 Count: 436
Case D736 Count: 394
Case D737 Count: 429
Case D738 Count: 427
Case D739 Count: 421
Case D740 Count: 449
Case D741 Count: 474
Case D742 Count: 434
Case D743 Count: 449
Case D744 Count: 438
Case D745 Count: 407
Case D746 Count: 441
Case D747 Count: 438
Case D748 Count: 439
Case D749 Count: 431
Case D750 Count: 419
Case D751 Count: 446
Case D752 Count: 447
Case D753 Count: 416
Case D754 Count: 401
Case D755 Count: 416
Case D756 Count: 384
Case D757 Count: 424
Case D758 Count: 480
Case D759 Count: 471
Case D760 Count: 451
Case D761 Count: 434
Case D762 Count: 422
Case D763 Count: 438
Case D764 Count: 429
Case D765 Count: 464
Case D766 Count: 408
Case D767 Count: 383
Case D768 Count: 368
Case D769 Count: 375
Case D770 Count: 370
Case D771 Count: 405
Case D772 Count: 367
Case D773 Count: 351
Case D774 Count: 351
Case D775 Count: 370
Case D776 Count: 385
Case D777 Count: 364
Case D778 Count: 389
Case D779 Count: 389
Case D780 Count: 369
Case D781 Count: 384
Case D782 Count: 392
Case D783 Count: 342
Case D784 Count: 402
Case D785 Count: 370
Case D786 Count: 347
Case D787 Count: 383
Case D788 Count: 344
Case D789 Count: 377
Case D790 Count: 350
Case D791 Count: 393
Case D792 Count: 358
Case D793 Count: 368
Case D794 Count: 356
Case D795 Count: 410
Case D796 Count: 364
Case D797 Count: 340
Case D798 Count: 356
Case D799 Count: 346
Case D800 Count: 399
Case D801 Count: 358
Case D802 Count: 314
Case D803 Count: 374
Case D804 Count: 349
Case D805 Count: 368
Case D806 Count: 397
Case D807 Count: 340
Case D808 Count: 366
Case D809 Count: 352
Case D810 Count: 387
Case D811 Count: 354
Case D812 Count: 376
Case D813 Count: 409
Case D814 Count: 337
Case D815 Count: 375
Case D816 Count: 358
Case D817 Count: 362
Case D818 Count: 378
Case D819 Count: 392
Case D820 Count: 347
Case D821 Count: 373
Case D822 Count: 396
Case D823 Count: 389
Case D824 Count: 400
Case D825 Count: 394
Case D826 Count: 385
Case D827 Count: 400
Case D828 Count: 351
Case D829 Count: 371
Case D830 Count: 391
Case D831 Count: 340
Case D832 Count: 324
Case D833 Count: 343
Case D834 Count: 313
Case D835 Count: 329
Case D836 Count: 299
Case D837 Count: 325
Case D838 Count: 322
Case D839 Count: 294
Case D840 Count: 311
Case D841 Count: 282
Case D842 Count: 315
Case D843 Count: 308
Case D844 Count: 305
Case D845 Count: 302
Case D846 Count: 321
Case D847 Count: 300
Case D848 Count: 301
Case D849 Count: 341
Case D850 Count: 311
Case D851 Count: 358
Case D852 Count: 308
Case D853 Count: 304
Case D854 Count: 320
Case D855 Count: 351
Case D856 Count: 327
Case D857 Count: 294
Case D858 Count: 350
Case D859 Count: 342
Case D860 Count: 335
Case D861 Count: 312
Case D862 Count: 293
Case D863 Count: 309
Case D864 Count: 323
Case D865 Count: 299
Case D866 Count: 310
Case D867 Count: 305
Case D868 Count: 322
Case D869 Count: 330
Case D870 Count: 322
Case D871 Count: 327
Case D872 Count: 329
Case D873 Count: 316
Case D874 Count: 306
Case D875 Count: 284
Case D876 Count: 314
Case D877 Count: 304
Case D878 Count: 304
Case D879 Count: 322
Case D880 Count: 316
Case D881 Count: 339
Case D882 Count: 295
Case D883 Count: 323
Case D884 Count: 319
Case D885 Count: 333
Case D886 Count: 289
Case D887 Count: 311
Case D888 Count: 326
Case D889 Count: 348
Case D890 Count: 263
Case D891 Count: 315
Case D892 Count: 338
Case D893 Count: 338
Case D894 Count: 308
Case D895 Count: 293
Case D896 Count: 325
Case D897 Count: 338
Case D898 Count: 286
Case D899 Count: 329
Case D900 Count: 284
Case D901 Count: 273
Case D902 Count: 278
Case D903 Count: 321
Case D904 Count: 288
Case D905 Count: 315
Case D906 Count: 256
Case D907 Count: 233
Case D908 Count: 258
Case D909 Count: 249
Case D910 Count: 273
Case D911 Count: 247
Case D912 Count: 241
Case D913 Count: 243
Case D914 Count: 272
Case D915 Count: 276
Case D916 Count: 274
Case D917 Count: 242
Case D918 Count: 276
Case D919 Count: 263
Case D920 Count: 287
Case D921 Count: 251
Case D922 Count: 232
Case D923 Count: 264
Case D924 Count: 264
Case D925 Count: 248
Case D926 Count: 262
Case D927 Count: 265
Case D928 Count: 254
Case D929 Count: 285
Case D930 Count: 236
Case D931 Count: 252
Case D932 Count: 287
Case D933 Count: 273
Case D934 Count: 247
Case D935 Count: 263
Case D936 Count: 266
Case D937 Count: 289
Case D938 Count: 251
Case D939 Count: 260
Case D940 Count: 282
Case D941 Count: 283
Case D942 Count: 256
Case D943 Count: 252
Case D944 Count: 281
Case D945 Count: 256
Case D946 Count: 279
Case D947 Count: 275
Case D948 Count: 268
Case D949 Count: 248
Case D950 Count: 272
Case D951 Count: 284
Case D952 Count: 256
Case D953 Count: 239
Case D954 Count: 255
Case D955 Count: 240
Case D956 Count: 247
Case D957 Count: 269
Case D958 Count: 286
Case D959 Count: 247
Case D960 Count: 267
Case D961 Count: 268
Case D962 Count: 234
Case D963 Count: 256
Case D964 Count: 261
Case D965 Count: 235
Case D966 Count: 249
Case D967 Count: 288
Case D968 Count: 264
Case D969 Count: 268
Case D970 Count: 281
Case D971 Count: 255
Case D972 Count: 274
Case D973 Count: 270
Case D974 Count: 248
Case D975 Count: 236
Case D976 Count: 252
Case D977 Count: 279
Case D978 Count: 237
Case D979 Count: 263
Case D980 Count: 258
Case D981 Count: 295
Case D982 Count: 268
Case D983 Count: 264
Case D984 Count: 271
Case D985 Count: 261
Case D986 Count: 239
Case D987 Count: 256
Case D988 Count: 262
Case D989 Count: 249
Case D990 Count: 251
Case D991 Count: 240
Case D992 Count: 276
Case D993 Count: 261
Case D994 Count: 257
Case D995 Count: 267
Case D996 Count: 216
Case D997 Count: 226
Case D998 Count: 242
Case D999 Count: 207
Case D1000 Count: 214
Case D1001 Count: 233
Case D1002 Count: 214
Case D1003 Count: 195
Case D1004 Count: 222
Case D1005 Count: 222
Case D1006 Count: 193
Case D1007 Count: 234
Case D1008 Count: 207
Case D1009 Count: 230
Case D1010 Count: 214
Case D1011 Count: 222
Case D1012 Count: 203
Case D1013 Count: 234
Case D1014 Count: 224
Case D1015 Count: 197
Case D1016 Count: 238
Case D1017 Count: 225
Case D1018 Count: 222
Case D1019 Count: 238
Case D1020 Count: 210
Case D1021 Count: 198
Case D1022 Count: 210
Case D1023 Count: 217
Case D1024 Count: 240
Case D1025 Count: 229
Case D1026 Count: 209
Case D1027 Count: 205
Case D1028 Count: 213
Case D1029 Count: 214
Case D1030 Count: 200
Case D1031 Count: 216
Case D1032 Count: 202
Case D1033 Count: 207
Case D1034 Count: 237
Case D1035 Count: 224
Case D1036 Count: 214
Case D1037 Count: 224
Case D1038 Count: 183
Case D1039 Count: 218
Case D1040 Count: 219
Case D1041 Count: 208
Case D1042 Count: 213
Case D1043 Count: 224
Case D1044 Count: 237
Case D1045 Count: 240
Case D1046 Count: 170
Case D1047 Count: 204
Case D1048 Count: 213
Case D1049 Count: 209
Case D1050 Count: 203
Case D1051 Count: 203
Case D1052 Count: 232
Case D1053 Count: 223
Case D1054 Count: 226
Case D1055 Count: 248
Case D1056 Count: 192
Case D1057 Count: 200
Case D1058 Count: 225
Case D1059 Count: 226
Case D1060 Count: 219
Case D1061 Count: 209
Case D1062 Count: 209
Case D1063 Count: 217
Case D1064 Count: 226
Case D1065 Count: 207
Case D1066 Count: 206
Case D1067 Count: 210
Case D1068 Count: 192
Case D1069 Count: 200
Case D1070 Count: 215
Case D1071 Count: 202
Case D1072 Count: 214
Case D1073 Count: 192
Case D1074 Count: 190
Case D1075 Count: 215
Case D1076 Count: 196
Case D1077 Count: 212
Case D1078 Count: 212
Case D1079 Count: 199
Case D1080 Count: 210
Case D1081 Count: 209
Case D1082 Count: 208
Case D1083 Count: 232
Case D1084 Count: 200
Case D1085 Count: 187
Case D1086 Count: 211
Case D1087 Count: 206
Case D1088 Count: 202
Case D1089 Count: 225
Case D1090 Count: 182
Case D1091 Count: 208
Case D1092 Count: 221
Case D1093 Count: 198
Case D1094 Count: 199
Case D1095 Count: 194
Case D1096 Count: 211
Case D1097 Count: 213
Case D1098 Count: 228
Case D1099 Count: 207
Case D1100 Count: 196
Case D1101 Count: 212
Case D1102 Count: 194
Case D1103 Count: 197
Case D1104 Count: 209
Case D1105 Count: 229
Case D1106 Count: 210
Case D1107 Count: 204
Case D1108 Count: 146
Case D1109 Count: 170
Case D1110 Count: 165
Case D1111 Count: 172
Case D1112 Count: 170
Case D1113 Count: 163
Case D1114 Count: 155
Case D1115 Count: 139
Case D1116 Count: 160
Case D1117 Count: 179
Case D1118 Count: 164
Case D1119 Count: 182
Case D1120 Count: 174
Case D1121 Count: 168
Case D1122 Count: 154
Case D1123 Count: 188
Case D1124 Count: 166
Case D1125 Count: 156
Case D1126 Count: 148
Case D1127 Count: 189
Case D1128 Count: 159
Case D1129 Count: 171
Case D1130 Count: 184
Case D1131 Count: 166
Case D1132 Count: 167
Case D1133 Count: 167
Case D1134 Count: 157
Case D1135 Count: 179
Case D1136 Count: 149
Case D1137 Count: 166
Case D1138 Count: 160
Case D1139 Count: 163
Case D1140 Count: 157
Case D1141 Count: 161
Case D1142 Count: 159
Case D1143 Count: 150
Case D1144 Count: 157
Case D1145 Count: 162
Case D1146 Count: 163
Case D1147 Count: 170
Case D1148 Count: 185
Case D1149 Count: 176
Case D1150 Count: 175
Case D1151 Count: 177
Case D1152 Count: 160
Case D1153 Count: 158
Case D1154 Count: 161
Case D1155 Count: 174
Case D1156 Count: 167
Case D1157 Count: 192
Case D1158 Count: 163
Case D1159 Count: 165
Case D1160 Count: 188
Case D1161 Count: 170
Case D1162 Count: 166
Case D1163 Count: 158
Case D1164 Count: 186
Case D1165 Count: 154
Case D1166 Count: 194
Case D1167 Count: 159
Case D1168 Count: 187
Case D1169 Count: 177
Case D1170 Count: 156
Case D1171 Count: 182
Case D1172 Count: 175
Case D1173 Count: 195
Case D1174 Count: 155
Case D1175 Count: 158
Case D1176 Count: 176
Case D1177 Count: 157
Case D1178 Count: 159
Case D1179 Count: 166
Case D1180 Count: 165
Case D1181 Count: 172
Case D1182 Count: 198
Case D1183 Count: 156
Case D1184 Count: 168
Case D1185 Count: 186
Case D1186 Count: 179
Case D1187 Count: 196
Case D1188 Count: 156
Case D1189 Count: 181
Case D1190 Count: 195
Case D1191 Count: 186
Case D1192 Count: 183
Case D1193 Count: 162
Case D1194 Count: 155
Case D1195 Count: 201
Case D1196 Count: 150
Case D1197 Count: 188
Case D1198 Count: 154
Case D1199 Count: 176
Case D1200 Count: 168
Case D1201 Count: 188
Case D1202 Count: 162
Case D1203 Count: 160
Case D1204 Count: 156
Case D1205 Count: 193
Case D1206 Count: 159
Case D1207 Count: 161
Case D1208 Count: 170
Case D1209 Count: 164
Case D1210 Count: 163
Case D1211 Count: 167
Case D1212 Count: 174
Case D1213 Count: 175
Case D1214 Count: 188
Case D1215 Count: 153
Case D1216 Count: 169
Case D1217 Count: 174
Case D1218 Count: 161
Case D1219 Count: 148
Case D1220 Count: 179
Case D1221 Count: 169
Case D1222 Count: 175
Case D1223 Count: 186
Case D1224 Count: 173
Case D1225 Count: 161
Case D1226 Count: 164
Case D1227 Count: 167
Case D1228 Count: 166
Case D1229 Count: 180
Case D1230 Count: 158
Case D1231 Count: 152
Case D1232 Count: 157
Case D1233 Count: 162
Case D1234 Count: 176
Case D1235 Count: 178
Case D1236 Count: 155
Case D1237 Count: 179
Case D1238 Count: 159
Case D1239 Count: 180
Case D1240 Count: 146
Case D1241 Count: 167
Case D1242 Count: 172
Case D1243 Count: 204
Case D1244 Count: 160
Case D1245 Count: 165
Case D1246 Count: 131
Case D1247 Count: 124
Case D1248 Count: 123
Case D1249 Count: 144
Case D1250 Count: 128
Case D1251 Count: 140
Case D1252 Count: 131
Case D1253 Count: 130
Case D1254 Count: 129
Case D1255 Count: 123
Case D1256 Count: 135
Case D1257 Count: 119
Case D1258 Count: 128
Case D1259 Count: 115
Case D1260 Count: 125
Case D1261 Count: 111
Case D1262 Count: 149
Case D1263 Count: 138
Case D1264 Count: 129
Case D1265 Count: 134
Case D1266 Count: 127
Case D1267 Count: 119
Case D1268 Count: 141
Case D1269 Count: 129
Case D1270 Count: 155
Case D1271 Count: 116
Case D1272 Count: 169
Case D1273 Count: 126
Case D1274 Count: 121
Case D1275 Count: 111
Case D1276 Count: 127
Case D1277 Count: 130
Case D1278 Count: 114
Case D1279 Count: 123
Case D1280 Count: 140
Case D1281 Count: 109
Case D1282 Count: 109
Case D1283 Count: 137
Case D1284 Count: 115
Case D1285 Count: 137
Case D1286 Count: 114
Case D1287 Count: 115
Case D1288 Count: 137
Case D1289 Count: 108
Case D1290 Count: 120
Case D1291 Count: 119
Case D1292 Count: 127
Case D1293 Count: 128
Case D1294 Count: 109
Case D1295 Count: 132
Case D1296 Count: 136
Case D1297 Count: 132
Case D1298 Count: 125
Case D1299 Count: 131
Case D1300 Count: 110
Case D1301 Count: 122
Case D1302 Count: 132
Case D1303 Count: 134
Case D1304 Count: 125
Case D1305 Count: 120
Case D1306 Count: 137
Case D1307 Count: 126
Case D1308 Count: 129
Case D1309 Count: 127
Case D1310 Count: 130
Case D1311 Count: 128
Case D1312 Count: 140
Case D1313 Count: 152
Case D1314 Count: 128
Case D1315 Count: 128
Case D1316 Count: 109
Case D1317 Count: 131
Case D1318 Count: 142
Case D1319 Count: 131
Case D1320 Count: 135
Case D1321 Count: 137
Case D1322 Count: 134
Case D1323 Count: 122
Case D1324 Count: 121
Case D1325 Count: 140
Case D1326 Count: 121
Case D1327 Count: 137
Case D1328 Count: 142
Case D1329 Count: 134
Case D1330 Count: 130
Case D1331 Count: 124
Case D1332 Count: 153
Case D1333 Count: 128
Case D1334 Count: 137
Case D1335 Count: 114
Case D1336 Count: 122
Case D1337 Count: 146
Case D1338 Count: 142
Case D1339 Count: 119
Case D1340 Count: 116
Case D1341 Count: 119
Case D1342 Count: 133
Case D1343 Count: 111
Case D1344 Count: 125
Case D1345 Count: 124
Case D1346 Count: 139
Case D1347 Count: 122
Case D1348 Count: 150
Case D1349 Count: 110
Case D1350 Count: 131
Case D1351 Count: 142
Case D1352 Count: 119
Case D1353 Count: 113
Case D1354 Count: 131
Case D1355 Count: 118
Case D1356 Count: 105
Case D1357 Count: 125
Case D1358 Count: 125
Case D1359 Count: 121
Case D1360 Count: 131
Case D1361 Count: 141
Case D1362 Count: 129
Case D1363 Count: 114
Case D1364 Count: 156
Case D1365 Count: 144
Case D1366 Count: 141
Case D1367 Count: 136
Case D1368 Count: 128
Case D1369 Count: 127
Case D1370 Count: 125
Case D1371 Count: 119
Case D1372 Count: 133
Case D1373 Count: 108
Case D1374 Count: 92
Case D1375 Count: 137
Case D1376 Count: 134
Case D1377 Count: 129
Case D1378 Count: 139
Case D1379 Count: 144
Case D1380 Count: 123
Case D1381 Count: 135
Case D1382 Count: 128
Case D1383 Count: 141
Case D1384 Count: 119
Case D1385 Count: 118
Case D1386 Count: 141
Case D1387 Count: 134
Case D1388 Count: 130
Case D1389 Count: 135
Case D1390 Count: 136
Case D1391 Count: 128
Case D1392 Count: 124
Case D1393 Count: 118
Case D1394 Count: 138
Case D1395 Count: 133
Case D1396 Count: 119
Case D1397 Count: 120
Case D1398 Count: 114
Case D1399 Count: 117
Case D1400 Count: 146
Case D1401 Count: 123
Case D1402 Count: 114
Case D1403 Count: 136
Case D1404 Count: 118
Case D1405 Count: 131
Case D1406 Count: 136
Case D1407 Count: 141
Case D1408 Count: 131
Case D1409 Count: 137
Case D1410 Count: 122
Case D1411 Count: 113
Case D1412 Count: 118
Case D1413 Count: 124
Case D1414 Count: 132
Case D1415 Count: 149
Case D1416 Count: 132
Case D1417 Count: 133
Case D1418 Count: 129
Case D1419 Count: 125
Case D1420 Count: 124
Case D1421 Count: 128
Case D1422 Count: 126
Case D1423 Count: 146
Case D1424 Count: 98
Case D1425 Count: 88
Case D1426 Count: 89
Case D1427 Count: 108
Case D1428 Count: 91
Case D1429 Count: 88
Case D1430 Count: 97
Case D1431 Count: 90
Case D1432 Count: 102
Case D1433 Count: 103
Case D1434 Count: 89
Case D1435 Count: 92
Case D1436 Count: 95
Case D1437 Count: 97
Case D1438 Count: 96
Case D1439 Count: 81
Case D1440 Count: 93
Case D1441 Count: 101
Case D1442 Count: 96
Case D1443 Count: 108
Case D1444 Count: 93
Case D1445 Count: 84
Case D1446 Count: 82
Case D1447 Count: 89
Case D1448 Count: 92
Case D1449 Count: 83
Case D1450 Count: 88
Case D1451 Count: 101
Case D1452 Count: 111
Case D1453 Count: 94
Case D1454 Count: 88
Case D1455 Count: 92
Case D1456 Count: 104
Case D1457 Count: 101
Case D1458 Count: 95
Case D1459 Count: 101
Case D1460 Count: 84
Case D1461 Count: 83
Case D1462 Count: 68
Case D1463 Count: 105
Case D1464 Count: 86
Case D1465 Count: 87
Case D1466 Count: 87
Case D1467 Count: 95
Case D1468 Count: 97
Case D1469 Count: 90
Case D1470 Count: 87
Case D1471 Count: 97
Case D1472 Count: 87
Case D1473 Count: 109
Case D1474 Count: 86
Case D1475 Count: 85
Case D1476 Count: 97
Case D1477 Count: 88
Case D1478 Count: 94
Case D1479 Count: 89
Case D1480 Count: 89
Case D1481 Count: 102
Case D1482 Count: 92
Case D1483 Count: 96
Case D1484 Count: 101
Case D1485 Count: 80
Case D1486 Count: 82
Case D1487 Count: 100
Case D1488 Count: 91
Case D1489 Count: 100
Case D1490 Count: 93
Case D1491 Count: 98
Case D1492 Count: 80
Case D1493 Count: 92
Case D1494 Count: 105
Case D1495 Count: 87
Case D1496 Count: 93
Case D1497 Count: 104
Case D1498 Count: 103
Case D1499 Count: 96
Case D1500 Count: 80
Case D1501 Count: 88
Case D1502 Count: 79
Case D1503 Count: 98
Case D1504 Count: 93
Case D1505 Count: 100
Case D1506 Count: 100
Case D1507 Count: 82
Case D1508 Count: 91
Case D1509 Count: 91
Case D1510 Count: 89
Case D1511 Count: 89
Case D1512 Count: 106
Case D1513 Count: 82
Case D1514 Count: 96
Case D1515 Count: 81
Case D1516 Count: 99
Case D1517 Count: 94
Case D1518 Count: 100
Case D1519 Count: 100
Case D1520 Count: 88
Case D1521 Count: 98
Case D1522 Count: 87
Case D1523 Count: 93
Case D1524 Count: 90
Case D1525 Count: 75
Case D1526 Count: 91
Case D1527 Count: 86
Case D1528 Count: 79
Case D1529 Count: 89
Case D1530 Count: 113
Case D1531 Count: 101
Case D1532 Count: 82
Case D1533 Count: 91
Case D1534 Count: 94
Case D1535 Count: 90
Case D1536 Count: 109
Case D1537 Count: 93
Case D1538 Count: 106
Case D1539 Count: 86
Case D1540 Count: 98
Case D1541 Count: 93
Case D1542 Count: 93
Case D1543 Count: 76
Case D1544 Count: 79
Case D1545 Count: 104
Case D1546 Count: 101
Case D1547 Count: 79
Case D1548 Count: 69
Case D1549 Count: 82
Case D1550 Count: 93
Case D1551 Count: 102
Case D1552 Count: 86
Case D1553 Count: 89
Case D1554 Count: 91
Case D1555 Count: 92
Case D1556 Count: 93
Case D1557 Count: 95
Case D1558 Count: 90
Case D1559 Count: 103
Case D1560 Count: 98
Case D1561 Count: 93
Case D1562 Count: 98
Case D1563 Count: 96
Case D1564 Count: 86
Case D1565 Count: 94
Case D1566 Count: 104
Case D1567 Count: 99
Case D1568 Count: 77
Case D1569 Count: 109
Case D1570 Count: 95
Case D1571 Count: 100
Case D1572 Count: 85
Case D1573 Count: 92
Case D1574 Count: 91
Case D1575 Count: 85
Case D1576 Count: 98
Case D1577 Count: 111
Case D1578 Count: 86
Case D1579 Count: 101
Case D1580 Count: 90
Case D1581 Count: 101
Case D1582 Count: 102
Case D1583 Count: 84
Case D1584 Count: 104
Case D1585 Count: 87
Case D1586 Count: 90
Case D1587 Count: 95
Case D1588 Count: 82
Case D1589 Count: 85
Case D1590 Count: 97
Case D1591 Count: 98
Case D1592 Count: 88
Case D1593 Count: 89
Case D1594 Count: 85
Case D1595 Count: 86
Case D1596 Count: 86
Case D1597 Count: 77
Case D1598 Count: 102
Case D1599 Count: 94
Case D1600 Count: 87
Case D1601 Count: 93
Case D1602 Count: 84
Case D1603 Count: 102
Case D1604 Count: 84
Case D1605 Count: 96
Case D1606 Count: 98
Case D1607 Count: 98
Case D1608 Count: 96
Case D1609 Count: 86
Case D1610 Count: 89
Case D1611 Count: 105
Case D1612 Count: 82
Case D1613 Count: 98
Case D1614 Count: 87
Case D1615 Count: 83
Case D1616 Count: 87
Case D1617 Count: 97
Case D1618 Count: 94
Case D1619 Count: 93
Case D1620 Count: 84
Case D1621 Count: 110
Case D1622 Count: 94
Case D1623 Count: 76
Case D1624 Count: 81
Case D1625 Count: 84
Case D1626 Count: 101
Case D1627 Count: 89
Case D1628 Count: 82
Case D1629 Count: 86
Case D1630 Count: 99
Case D1631 Count: 96
Case D1632 Count: 91
Case D1633 Count: 102
Case D1634 Count: 85
Case D1635 Count: 93
Case D1636 Count: 82
Case D1637 Count: 87
Case D1638 Count: 108
Case D1639 Count: 87
Case D1640 Count: 91
Case D1641 Count: 102
Case D1642 Count: 84
Case D1643 Count: 107
Case D1644 Count: 88
Case D1645 Count: 88
Case D1646 Count: 81
Case D1647 Count: 92
Case D1648 Count: 94
Case D1649 Count: 88
Case D1650 Count: 79
Case D1651 Count: 94
Case D1652 Count: 98
Case D1653 Count: 92
Case D1654 Count: 82
Case D1655 Count: 106
Case D1656 Count: 90
Case D1657 Count: 92
Case D1658 Count: 102
Case D1659 Count: 59
Case D1660 Count: 76
Case D1661 Count: 53
Case D1662 Count: 78
Case D1663 Count: 67
Case D1664 Count: 44
Case D1665 Count: 64
Case D1666 Count: 69
Case D1667 Count: 71
Case D1668 Count: 74
Case D1669 Count: 58
Case D1670 Count: 72
Case D1671 Count: 66
Case D1672 Count: 70
Case D1673 Count: 78
Case D1674 Count: 56
Case D1675 Count: 70
Case D1676 Count: 52
Case D1677 Count: 60
Case D1678 Count: 77
Case D1679 Count: 46
Case D1680 Count: 72
Case D1681 Count: 58
Case D1682 Count: 61
Case D1683 Count: 53
Case D1684 Count: 55
Case D1685 Count: 57
Case D1686 Count: 66
Case D1687 Count: 65
Case D1688 Count: 65
Case D1689 Count: 68
Case D1690 Count: 54
Case D1691 Count: 58
Case D1692 Count: 65
Case D1693 Count: 65
Case D1694 Count: 54
Case D1695 Count: 67
Case D1696 Count: 56
Case D1697 Count: 59
Case D1698 Count: 85
Case D1699 Count: 63
Case D1700 Count: 63
Case D1701 Count: 54
Case D1702 Count: 70
Case D1703 Count: 73
Case D1704 Count: 49
Case D1705 Count: 49
Case D1706 Count: 59
Case D1707 Count: 57
Case D1708 Count: 55
Case D1709 Count: 57
Case D1710 Count: 67
Case D1711 Count: 49
Case D1712 Count: 72
Case D1713 Count: 55
Case D1714 Count: 56
Case D1715 Count: 52
Case D1716 Count: 57
Case D1717 Count: 65
Case D1718 Count: 53
Case D1719 Count: 55
Case D1720 Count: 64
Case D1721 Count: 63
Case D1722 Count: 66
Case D1723 Count: 67
Case D1724 Count: 62
Case D1725 Count: 54
Case D1726 Count: 74
Case D1727 Count: 81
Case D1728 Count: 66
Case D1729 Count: 60
Case D1730 Count: 57
Case D1731 Count: 55
Case D1732 Count: 51
Case D1733 Count: 66
Case D1734 Count: 59
Case D1735 Count: 79
Case D1736 Count: 67
Case D1737 Count: 58
Case D1738 Count: 58
Case D1739 Count: 61
Case D1740 Count: 54
Case D1741 Count: 54
Case D1742 Count: 66
Case D1743 Count: 73
Case D1744 Count: 64
Case D1745 Count: 61
Case D1746 Count: 59
Case D1747 Count: 48
Case D1748 Count: 68
Case D1749 Count: 68
Case D1750 Count: 73
Case D1751 Count: 52
Case D1752 Count: 56
Case D1753 Count: 57
Case D1754 Count: 63
Case D1755 Count: 62
Case D1756 Count: 67
Case D1757 Count: 73
Case D1758 Count: 68
Case D1759 Count: 77
Case D1760 Count: 69
Case D1761 Count: 58
Case D1762 Count: 67
Case D1763 Count: 69
Case D1764 Count: 62
Case D1765 Count: 71
Case D1766 Count: 61
Case D1767 Count: 74
Case D1768 Count: 67
Case D1769 Count: 66
Case D1770 Count: 65
Case D1771 Count: 44
Case D1772 Count: 52
Case D1773 Count: 48
Case D1774 Count: 60
Case D1775 Count: 64
Case D1776 Count: 66
Case D1777 Count: 60
Case D1778 Count: 66
Case D1779 Count: 63
Case D1780 Count: 69
Case D1781 Count: 81
Case D1782 Count: 49
Case D1783 Count: 65
Case D1784 Count: 57
Case D1785 Count: 64
Case D1786 Count: 53
Case D1787 Count: 65
Case D1788 Count: 76
Case D1789 Count: 63
Case D1790 Count: 64
Case D1791 Count: 70
Case D1792 Count: 69
Case D1793 Count: 47
Case D1794 Count: 72
Case D1795 Count: 48
Case D1796 Count: 66
Case D1797 Count: 64
Case D1798 Count: 62
Case D1799 Count: 74
Case D1800 Count: 55
Case D1801 Count: 62
Case D1802 Count: 78
Case D1803 Count: 68
Case D1804 Count: 61
Case D1805 Count: 54
Case D1806 Count: 52
Case D1807 Count: 66
Case D1808 Count: 77
Case D1809 Count: 61
Case D1810 Count: 60
Case D1811 Count: 91
Case D1812 Count: 57
Case D1813 Count: 60
Case D1814 Count: 72
Case D1815 Count: 56
Case D1816 Count: 51
Case D1817 Count: 55
Case D1818 Count: 56
Case D1819 Count: 56
Case D1820 Count: 57
Case D1821 Count: 73
Case D1822 Count: 61
Case D1823 Count: 80
Case D1824 Count: 65
Case D1825 Count: 85
Case D1826 Count: 74
Case D1827 Count: 61
Case D1828 Count: 67
Case D1829 Count: 60
Case D1830 Count: 62
Case D1831 Count: 61
Case D1832 Count: 56
Case D1833 Count: 73
Case D1834 Count: 56
Case D1835 Count: 72
Case D1836 Count: 56
Case D1837 Count: 56
Case D1838 Count: 56
Case D1839 Count: 67
Case D1840 Count: 68
Case D1841 Count: 60
Case D1842 Count: 50
Case D1843 Count: 68
Case D1844 Count: 72
Case D1845 Count: 54
Case D1846 Count: 60
Case D1847 Count: 62
Case D1848 Count: 53
Case D1849 Count: 68
Case D1850 Count: 67
Case D1851 Count: 64
Case D1852 Count: 72
Case D1853 Count: 72
Case D1854 Count: 68
Case D1855 Count: 64
Case D1856 Count: 69
Case D1857 Count: 64
Case D1858 Count: 72
Case D1859 Count: 66
Case D1860 Count: 66
Case D1861 Count: 55
Case D1862 Count: 38
Case D1863 Count: 52
Case D1864 Count: 61
Case D1865 Count: 54
Case D1866 Count: 61
Case D1867 Count: 70
Case D1868 Count: 54
Case D1869 Count: 73
Case D1870 Count: 79
Case D1871 Count: 70
Case D1872 Count: 73
Case D1873 Count: 70
Case D1874 Count: 62
Case D1875 Count: 50
Case D1876 Count: 63
Case D1877 Count: 71
Case D1878 Count: 52
Case D1879 Count: 62
Case D1880 Count: 68
Case D1881 Count: 57
Case D1882 Count: 70
Case D1883 Count: 68
Case D1884 Count: 75
Case D1885 Count: 64
Case D1886 Count: 57
Case D1887 Count: 54
Case D1888 Count: 52
Case D1889 Count: 57
Case D1890 Count: 65
Case D1891 Count: 57
Case D1892 Count: 53
Case D1893 Count: 61
Case D1894 Count: 67
Case D1895 Count: 74
Case D1896 Count: 72
Case D1897 Count: 55
Case D1898 Count: 60
Case D1899 Count: 58
Case D1900 Count: 63
Case D1901 Count: 58
Case D1902 Count: 69
Case D1903 Count: 67
Case D1904 Count: 78
Case D1905 Count: 76
Case D1906 Count: 67
Case D1907 Count: 63
Case D1908 Count: 63
Case D1909 Count: 71
Case D1910 Count: 67
Case D1911 Count: 65
Case D1912 Count: 70
Case D1913 Count: 70
Case D1914 Count: 64
Case D1915 Count: 76
Case D1916 Count: 69
Case D1917 Count: 45
Case D1918 Count: 52
Case D1919 Count: 59
Case D1920 Count: 57
Case D1921 Count: 62
Case D1922 Count: 81
Case D1923 Count: 54
Case D1924 Count: 54
Case D1925 Count: 68
Case D1926 Count: 60
Case D1927 Count: 64
Case D1928 Count: 64
Case D1929 Count: 60
Case D1930 Count: 63
Case D1931 Count: 65
Case D1932 Count: 69
Case D1933 Count: 62
Case D1934 Count: 54
Case D1935 Count: 56
Case D1936 Count: 55
Case D1937 Count: 65
Case D1938 Count: 57
Case D1939 Count: 70
Case D1940 Count: 64
Case D1941 Count: 52
Case D1942 Count: 56
Case D1943 Count: 59
Case D1944 Count: 71
Case D1945 Count: 63
Case D1946 Count: 80
Case D1947 Count: 77
Case D1948 Count: 54
Case D1949 Count: 72
Case D1950 Count: 64
Case D1951 Count: 61
Case D1952 Count: 69
Case D1953 Count: 61
Case D1954 Count: 73
Case D1955 Count: 72
Case D1956 Count: 51
Case D1957 Count: 58
Case D1958 Count: 61
Case D1959 Count: 67
Case D1960 Count: 63
Case D1961 Count: 69
Case D1962 Count: 55
Case D1963 Count: 61
Case D1964 Count: 58
Case D1965 Count: 55
Case D1966 Count: 56
Case D1967 Count: 71
Case D1968 Count: 74
Case D1969 Count: 56
Case D1970 Count: 77
Case D1971 Count: 71
Case D1972 Count: 67
Case D1973 Count: 52
Case D1974 Count: 42
Case D1975 Count: 58
Case D1976 Count: 53
Case D1977 Count: 65
Case D1978 Count: 54
Case D1979 Count: 54
Case D1980 Count: 75
Case D1981 Count: 61
Case D1982 Count: 72
Case D1983 Count: 64
Case D1984 Count: 62
Case D1985 Count: 68
Case D1986 Count: 70
Case D1987 Count: 68
Case D1988 Count: 65
Case D1989 Count: 77
Case D1990 Count: 74
Case D1991 Count: 59
Case D1992 Count: 69
Case D1993 Count: 56
Case D1994 Count: 44
Case D1995 Count: 39
Case D1996 Count: 28
Case D1997 Count: 44
Case D1998 Count: 35
Case D1999 Count: 33
Case D2000 Count: 53
Case D2001 Count: 47
Case D2002 Count: 28
Case D2003 Count: 42
Case D2004 Count: 39
Case D2005 Count: 40
Case D2006 Count: 41
Case D2007 Count: 36
Case D2008 Count: 40
Case D2009 Count: 42
Case D2010 Count: 49
Case D2011 Count: 38
Case D2012 Count: 32
Case D2013 Count: 36
Case D2014 Count: 41
Case D2015 Count: 37
Case D2016 Count: 43
Case D2017 Count: 29
Case D2018 Count: 44
Case D2019 Count: 35
Case D2020 Count: 56
Case D2021 Count: 36
Case D2022 Count: 31
Case D2023 Count: 37
Case D2024 Count: 53
Case D2025 Count: 37
Case D2026 Count: 36
Case D2027 Count: 41
Case D2028 Count: 44
Case D2029 Count: 43
Case D2030 Count: 32
Case D2031 Count: 37
Case D2032 Count: 43
Case D2033 Count: 40
Case D2034 Count: 33
Case D2035 Count: 39
Case D2036 Count: 43
Case D2037 Count: 42
Case D2038 Count: 42
Case D2039 Count: 42
Case D2040 Count: 37
Case D2041 Count: 35
Case D2042 Count: 41
Case D2043 Count: 35
Case D2044 Count: 46
Case D2045 Count: 44
Case D2046 Count: 31
Case D2047 Count: 44
Case D2048 Count: 36
Case D2049 Count: 43
Case D2050 Count: 33
Case D2051 Count: 43
Case D2052 Count: 42
Case D2053 Count: 49
Case D2054 Count: 35
Case D2055 Count: 43
Case D2056 Count: 48
Case D2057 Count: 38
Case D2058 Count: 45
Case D2059 Count: 37
Case D2060 Count: 34
Case D2061 Count: 32
Case D2062 Count: 38
Case D2063 Count: 37
Case D2064 Count: 44
Case D2065 Count: 33
Case D2066 Count: 39
Case D2067 Count: 40
Case D2068 Count: 44
Case D2069 Count: 30
Case D2070 Count: 32
Case D2071 Count: 35
Case D2072 Count: 35
Case D2073 Count: 49
Case D2074 Count: 30
Case D2075 Count: 46
Case D2076 Count: 39
Case D2077 Count: 40
Case D2078 Count: 38
Case D2079 Count: 32
Case D2080 Count: 32
Case D2081 Count: 37
Case D2082 Count: 44
Case D2083 Count: 41
Case D2084 Count: 30
Case D2085 Count: 53
Case D2086 Count: 36
Case D2087 Count: 39
Case D2088 Count: 43
Case D2089 Count: 52
Case D2090 Count: 33
Case D2091 Count: 32
Case D2092 Count: 43
Case D2093 Count: 39
Case D2094 Count: 39
Case D2095 Count: 48
Case D2096 Count: 51
Case D2097 Count: 42
Case D2098 Count: 44
Case D2099 Count: 34
Case D2100 Count: 34
Case D2101 Count: 52
Case D2102 Count: 34
Case D2103 Count: 37
Case D2104 Count: 46
Case D2105 Count: 38
Case D2106 Count: 51
Case D2107 Count: 43
Case D2108 Count: 33
Case D2109 Count: 32
Case D2110 Count: 35
Case D2111 Count: 41
Case D2112 Count: 31
Case D2113 Count: 45
Case D2114 Count: 38
Case D2115 Count: 33
Case D2116 Count: 52
Case D2117 Count: 34
Case D2118 Count: 41
Case D2119 Count: 34
Case D2120 Count: 36
Case D2121 Count: 34
Case D2122 Count: 35
Case D2123 Count: 47
Case D2124 Count: 37
Case D2125 Count: 42
Case D2126 Count: 45
Case D2127 Count: 29
Case D2128 Count: 47
Case D2129 Count: 36
Case D2130 Count: 33
Case D2131 Count: 29
Case D2132 Count: 46
Case D2133 Count: 34
Case D2134 Count: 37
Case D2135 Count: 38
Case D2136 Count: 40
Case D2137 Count: 41
Case D2138 Count: 54
Case D2139 Count: 56
Case D2140 Count: 45
Case D2141 Count: 38
Case D2142 Count: 35
Case D2143 Count: 38
Case D2144 Count: 46
Case D2145 Count: 45
Case D2146 Count: 36
Case D2147 Count: 47
Case D2148 Count: 37
Case D2149 Count: 27
Case D2150 Count: 35
Case D2151 Count: 48
Case D2152 Count: 32
Case D2153 Count: 27
Case D2154 Count: 59
Case D2155 Count: 39
Case D2156 Count: 43
Case D2157 Count: 46
Case D2158 Count: 29
Case D2159 Count: 48
Case D2160 Count: 40
Case D2161 Count: 38
Case D2162 Count: 38
Case D2163 Count: 40
Case D2164 Count: 35
Case D2165 Count: 36
Case D2166 Count: 35
Case D2167 Count: 38
Case D2168 Count: 35
Case D2169 Count: 47
Case D2170 Count: 39
Case D2171 Count: 42
Case D2172 Count: 44
Case D2173 Count: 37
Case D2174 Count: 35
Case D2175 Count: 48
Case D2176 Count: 39
Case D2177 Count: 28
Case D2178 Count: 41
Case D2179 Count: 39
Case D2180 Count: 34
Case D2181 Count: 40
Case D2182 Count: 45
Case D2183 Count: 37
Case D2184 Count: 36
Case D2185 Count: 43
Case D2186 Count: 40
Case D2187 Count: 35
Case D2188 Count: 44
Case D2189 Count: 55
Case D2190 Count: 35
Case D2191 Count: 42
Case D2192 Count: 43
Case D2193 Count: 48
Case D2194 Count: 43
Case D2195 Count: 38
Case D2196 Count: 36
Case D2197 Count: 37
Case D2198 Count: 34
Case D2199 Count: 53
Case D2200 Count: 42
Case D2201 Count: 45
Case D2202 Count: 36
Case D2203 Count: 29
Case D2204 Count: 44
Case D2205 Count: 43
Case D2206 Count: 48
Case D2207 Count: 40
Case D2208 Count: 46
Case D2209 Count: 46
Case D2210 Count: 32
Case D2211 Count: 38
Case D2212 Count: 34
Case D2213 Count: 40
Case D2214 Count: 39
Case D2215 Count: 36
Case D2216 Count: 43
Case D2217 Count: 29
Case D2218 Count: 45
Case D2219 Count: 36
Case D2220 Count: 38
Case D2221 Count: 34
Case D2222 Count: 43
Case D2223 Count: 47
Case D2224 Count: 41
Case D2225 Count: 47
Case D2226 Count: 43
Case D2227 Count: 44
Case D2228 Count: 35
Case D2229 Count: 45
Case D2230 Count: 38
Case D2231 Count: 45
Case D2232 Count: 36
Case D2233 Count: 28
Case D2234 Count: 48
Case D2235 Count: 35
Case D2236 Count: 32
Case D2237 Count: 34
Case D2238 Count: 32
Case D2239 Count: 33
Case D2240 Count: 47
Case D2241 Count: 37
Case D2242 Count: 43
Case D2243 Count: 33
Case D2244 Count: 32
Case D2245 Count: 39
Case D2246 Count: 41
Case D2247 Count: 32
Case D2248 Count: 35
Case D2249 Count: 40
Case D2250 Count: 53
Case D2251 Count: 35
Case D2252 Count: 31
Case D2253 Count: 47
Case D2254 Count: 39
Case D2255 Count: 27
Case D2256 Count: 43
Case D2257 Count: 45
Case D2258 Count: 29
Case D2259 Count: 44
Case D2260 Count: 40
Case D2261 Count: 44
Case D2262 Count: 45
Case D2263 Count: 34
Case D2264 Count: 29
Case D2265 Count: 37
Case D2266 Count: 39
Case D2267 Count: 37
Case D2268 Count: 28
Case D2269 Count: 26
Case D2270 Count: 32
Case D2271 Count: 48
Case D2272 Count: 42
Case D2273 Count: 36
Case D2274 Count: 32
Case D2275 Count: 36
Case D2276 Count: 36
Case D2277 Count: 34
Case D2278 Count: 40
Case D2279 Count: 46
Case D2280 Count: 35
Case D2281 Count: 49
Case D2282 Count: 38
Case D2283 Count: 37
Case D2284 Count: 36
Case D2285 Count: 33
Case D2286 Count: 36
Case D2287 Count: 37
Case D2288 Count: 36
Case D2289 Count: 38
Case D2290 Count: 39
Case D2291 Count: 48
Case D2292 Count: 35
Case D2293 Count: 34
Case D2294 Count: 28
Case D2295 Count: 33
Case D2296 Count: 35
Case D2297 Count: 52
Case D2298 Count: 37
Case D2299 Count: 40
Case D2300 Count: 45
Case D2301 Count: 38
Case D2302 Count: 47
Case D2303 Count: 32
Case D2304 Count: 47
Case D2305 Count: 43
Case D2306 Count: 54
Case D2307 Count: 30
Case D2308 Count: 50
Case D2309 Count: 35
Case D2310 Count: 43
Case D2311 Count: 37
Case D2312 Count: 37
Case D2313 Count: 47
Case D2314 Count: 38
Case D2315 Count: 46
Case D2316 Count: 35
Case D2317 Count: 39
Case D2318 Count: 36
Case D2319 Count: 45
Case D2320 Count: 36
Case D2321 Count: 32
Case D2322 Count: 38
Case D2323 Count: 36
Case D2324 Count: 37
Case D2325 Count: 34
Case D2326 Count: 38
Case D2327 Count: 36
Case D2328 Count: 38
Case D2329 Count: 38
Case D2330 Count: 37
Case D2331 Count: 39
Case D2332 Count: 39
Case D2333 Count: 30
Case D2334 Count: 39
Case D2335 Count: 42
Case D2336 Count: 42
Case D2337 Count: 35
Case D2338 Count: 41
Case D2339 Count: 39
Case D2340 Count: 29
Case D2341 Count: 25
Case D2342 Count: 45
Case D2343 Count: 51
Case D2344 Count: 44
Case D2345 Count: 41
Case D2346 Count: 37
Case D2347 Count: 50
Case D2348 Count: 35
Case D2349 Count: 39
Case D2350 Count: 42
Case D2351 Count: 53
Case D2352 Count: 36
Case D2353 Count: 33
Case D2354 Count: 37
Case D2355 Count: 34
Case D2356 Count: 44
Case D2357 Count: 37
Case D2358 Count: 39
Case D2359 Count: 40
Case D2360 Count: 32
Case D2361 Count: 47
Case D2362 Count: 36
Case D2363 Count: 41
Case D2364 Count: 34
Case D2365 Count: 40
Case D2366 Count: 36
Case D2367 Count: 36
Case D2368 Count: 36
Case D2369 Count: 57
Case D2370 Count: 33
Case D2371 Count: 30
Case D2372 Count: 30
Case D2373 Count: 39
Case D2374 Count: 43
Case D2375 Count: 41
Case D2376 Count: 42
Case D2377 Count: 49
Case D2378 Count: 39
Case D2379 Count: 49
Case D2380 Count: 32
Case D2381 Count: 40
Case D2382 Count: 42
Case D2383 Count: 45
Case D2384 Count: 24
Case D2385 Count: 51
Case D2386 Count: 37
Case D2387 Count: 35
Case D2388 Count: 40
Case D2389 Count: 42
Case D2390 Count: 27
Case D2391 Count: 34
Case D2392 Count: 34
Case D2393 Count: 35
Case D2394 Count: 41
Case D2395 Count: 39
Case D2396 Count: 38
Case D2397 Count: 41
Case D2398 Count: 37
Case D2399 Count: 34
Case D2400 Count: 38
Case D2401 Count: 36
Case D2402 Count: 42
Case D2403 Count: 27
Case D2404 Count: 40
Case D2405 Count: 42
Case D2406 Count: 45
Case D2407 Count: 36
Case D2408 Count: 38
Case D2409 Count: 41
Case D2410 Count: 47
Case D2411 Count: 38
Case D2412 Count: 47
Case D2413 Count: 36
Case D2414 Count: 42
Case D2415 Count: 35
Case D2416 Count: 30
Case D2417 Count: 33
Case D2418 Count: 50
Case D2419 Count: 43
Case D2420 Count: 33
Case D2421 Count: 29
Case D2422 Count: 57
Case D2423 Count: 35
Case D2424 Count: 36
Case D2425 Count: 37
Case D2426 Count: 45
Case D2427 Count: 48
Case D2428 Count: 29
Case D2429 Count: 61
Case D2430 Count: 39
Case D2431 Count: 42
Case D2432 Count: 27
Case D2433 Count: 41
Case D2434 Count: 39
Case D2435 Count: 38
Case D2436 Count: 38
Case D2437 Count: 41
Case D2438 Count: 39
Case D2439 Count: 31
Case D2440 Count: 37
Case D2441 Count: 47
Case D2442 Count: 41
Case D2443 Count: 43
Case D2444 Count: 30
Case D2445 Count: 39
Case D2446 Count: 37
Case D2447 Count: 44
Case D2448 Count: 37
Case D2449 Count: 33
Case D2450 Count: 38
Case D2451 Count: 51
Case D2452 Count: 41
Case D2453 Count: 39
Case D2454 Count: 30
Case D2455 Count: 42
Case D2456 Count: 39
Case D2457 Count: 37
Case D2458 Count: 40
Case D2459 Count: 29
Case D2460 Count: 40
Case D2461 Count: 38
Case D2462 Count: 48
Case D2463 Count: 50
Case D2464 Count: 45
Case D2465 Count: 48
Case D2466 Count: 39
Case D2467 Count: 42
Case D2468 Count: 40
Case D2469 Count: 27
Case D2470 Count: 30
Case D2471 Count: 37
Case D2472 Count: 38
Case D2473 Count: 49
Case D2474 Count: 46
Case D2475 Count: 40
Case D2476 Count: 40
Case D2477 Count: 38
Case D2478 Count: 40
Case D2479 Count: 42
Case D2480 Count: 43
Case D2481 Count: 36
Case D2482 Count: 40
Case D2483 Count: 33
Case D2484 Count: 40
Case D2485 Count: 34
Case D2486 Count: 52
Case D2487 Count: 33
Case D2488 Count: 37
Case D2489 Count: 36
Case D2490 Count: 40
Case D2491 Count: 35
Case D2492 Count: 16
Case D2493 Count: 20
Case D2494 Count: 26
Case D2495 Count: 16
Case D2496 Count: 12
Case D2497 Count: 17
Case D2498 Count: 22
Case D2499 Count: 22
Case D2500 Count: 13
Case D2501 Count: 14
Case D2502 Count: 18
Case D2503 Count: 22
Case D2504 Count: 20
Case D2505 Count: 24
Case D2506 Count: 21
Case D2507 Count: 22
Case D2508 Count: 31
Case D2509 Count: 21
Case D2510 Count: 19
Case D2511 Count: 23
Case D2512 Count: 27
Case D2513 Count: 12
Case D2514 Count: 20
Case D2515 Count: 23
Case D2516 Count: 26
Case D2517 Count: 24
Case D2518 Count: 16
Case D2519 Count: 25
Case D2520 Count: 36
Case D2521 Count: 20
Case D2522 Count: 10
Case D2523 Count: 27
Case D2524 Count: 16
Case D2525 Count: 28
Case D2526 Count: 20
Case D2527 Count: 24
Case D2528 Count: 25
Case D2529 Count: 18
Case D2530 Count: 19
Case D2531 Count: 19
Case D2532 Count: 20
Case D2533 Count: 17
Case D2534 Count: 20
Case D2535 Count: 25
Case D2536 Count: 23
Case D2537 Count: 8
Case D2538 Count: 14
Case D2539 Count: 28
Case D2540 Count: 26
Case D2541 Count: 20
Case D2542 Count: 17
Case D2543 Count: 23
Case D2544 Count: 22
Case D2545 Count: 19
Case D2546 Count: 16
Case D2547 Count: 20
Case D2548 Count: 13
Case D2549 Count: 19
Case D2550 Count: 22
Case D2551 Count: 19
Case D2552 Count: 26
Case D2553 Count: 25
Case D2554 Count: 14
Case D2555 Count: 23
Case D2556 Count: 11
Case D2557 Count: 13
Case D2558 Count: 19
Case D2559 Count: 25
Case D2560 Count: 21
Case D2561 Count: 16
Case D2562 Count: 17
Case D2563 Count: 29
Case D2564 Count: 18
Case D2565 Count: 21
Case D2566 Count: 17
Case D2567 Count: 22
Case D2568 Count: 15
Case D2569 Count: 15
Case D2570 Count: 22
Case D2571 Count: 11
Case D2572 Count: 20
Case D2573 Count: 19
Case D2574 Count: 17
Case D2575 Count: 18
Case D2576 Count: 16
Case D2577 Count: 21
Case D2578 Count: 19
Case D2579 Count: 12
Case D2580 Count: 24
Case D2581 Count: 15
Case D2582 Count: 23
Case D2583 Count: 15
Case D2584 Count: 17
Case D2585 Count: 21
Case D2586 Count: 23
Case D2587 Count: 21
Case D2588 Count: 24
Case D2589 Count: 22
Case D2590 Count: 21
Case D2591 Count: 18
Case D2592 Count: 25
Case D2593 Count: 25
Case D2594 Count: 20
Case D2595 Count: 32
Case D2596 Count: 22
Case D2597 Count: 18
Case D2598 Count: 14
Case D2599 Count: 23
Case D2600 Count: 18
Case D2601 Count: 21
Case D2602 Count: 14
Case D2603 Count: 25
Case D2604 Count: 17
Case D2605 Count: 14
Case D2606 Count: 19
Case D2607 Count: 18
Case D2608 Count: 15
Case D2609 Count: 21
Case D2610 Count: 22
Case D2611 Count: 14
Case D2612 Count: 17
Case D2613 Count: 22
Case D2614 Count: 19
Case D2615 Count: 16
Case D2616 Count: 24
Case D2617 Count: 13
Case D2618 Count: 21
Case D2619 Count: 19
Case D2620 Count: 21
Case D2621 Count: 17
Case D2622 Count: 18
Case D2623 Count: 18
Case D2624 Count: 22
Case D2625 Count: 22
Case D2626 Count: 26
Case D2627 Count: 20
Case D2628 Count: 25
Case D2629 Count: 17
Case D2630 Count: 15
Case D2631 Count: 20
Case D2632 Count: 25
Case D2633 Count: 20
Case D2634 Count: 23
Case D2635 Count: 19
Case D2636 Count: 26
Case D2637 Count: 17
Case D2638 Count: 19
Case D2639 Count: 19
Case D2640 Count: 21
Case D2641 Count: 21
Case D2642 Count: 18
Case D2643 Count: 20
Case D2644 Count: 18
Case D2645 Count: 14
Case D2646 Count: 25
Case D2647 Count: 21
Case D2648 Count: 20
Case D2649 Count: 20
Case D2650 Count: 19
Case D2651 Count: 14
Case D2652 Count: 23
Case D2653 Count: 22
Case D2654 Count: 24
Case D2655 Count: 21
Case D2656 Count: 16
Case D2657 Count: 15
Case D2658 Count: 20
Case D2659 Count: 15
Case D2660 Count: 19
Case D2661 Count: 18
Case D2662 Count: 27
Case D2663 Count: 21
Case D2664 Count: 25
Case D2665 Count: 33
Case D2666 Count: 8
Case D2667 Count: 22
Case D2668 Count: 23
Case D2669 Count: 15
Case D2670 Count: 18
Case D2671 Count: 25
Case D2672 Count: 28
Case D2673 Count: 14
Case D2674 Count: 17
Case D2675 Count: 22
Case D2676 Count: 17
Case D2677 Count: 18
Case D2678 Count: 31
Case D2679 Count: 16
Case D2680 Count: 24
Case D2681 Count: 20
Case D2682 Count: 22
Case D2683 Count: 22
Case D2684 Count: 25
Case D2685 Count: 20
Case D2686 Count: 22
Case D2687 Count: 26
Case D2688 Count: 20
Case D2689 Count: 19
Case D2690 Count: 21
Case D2691 Count: 19
Case D2692 Count: 15
Case D2693 Count: 8
Case D2694 Count: 20
Case D2695 Count: 27
Case D2696 Count: 14
Case D2697 Count: 19
Case D2698 Count: 17
Case D2699 Count: 14
Case D2700 Count: 18
Case D2701 Count: 24
Case D2702 Count: 16
Case D2703 Count: 24
Case D2704 Count: 16
Case D2705 Count: 19
Case D2706 Count: 16
Case D2707 Count: 24
Case D2708 Count: 26
Case D2709 Count: 22
Case D2710 Count: 18
Case D2711 Count: 15
Case D2712 Count: 22
Case D2713 Count: 18
Case D2714 Count: 27
Case D2715 Count: 20
Case D2716 Count: 16
Case D2717 Count: 23
Case D2718 Count: 9
Case D2719 Count: 24
Case D2720 Count: 24
Case D2721 Count: 16
Case D2722 Count: 19
Case D2723 Count: 21
Case D2724 Count: 22
Case D2725 Count: 15
Case D2726 Count: 22
Case D2727 Count: 28
Case D2728 Count: 18
Case D2729 Count: 24
Case D2730 Count: 21
Case D2731 Count: 22
Case D2732 Count: 12
Case D2733 Count: 19
Case D2734 Count: 20
Case D2735 Count: 27
Case D2736 Count: 24
Case D2737 Count: 17
Case D2738 Count: 19
Case D2739 Count: 20
Case D2740 Count: 20
Case D2741 Count: 18
Case D2742 Count: 17
Case D2743 Count: 18
Case D2744 Count: 20
Case D2745 Count: 22
Case D2746 Count: 19
Case D2747 Count: 20
Case D2748 Count: 15
Case D2749 Count: 23
Case D2750 Count: 21
Case D2751 Count: 13
Case D2752 Count: 17
Case D2753 Count: 16
Case D2754 Count: 20
Case D2755 Count: 22
Case D2756 Count: 22
Case D2757 Count: 17
Case D2758 Count: 20
Case D2759 Count: 20
Case D2760 Count: 18
Case D2761 Count: 22
Case D2762 Count: 21
Case D2763 Count: 19
Case D2764 Count: 16
Case D2765 Count: 20
Case D2766 Count: 20
Case D2767 Count: 15
Case D2768 Count: 16
Case D2769 Count: 19
Case D2770 Count: 21
Case D2771 Count: 17
Case D2772 Count: 26
Case D2773 Count: 23
Case D2774 Count: 16
Case D2775 Count: 18
Case D2776 Count: 18
Case D2777 Count: 27
Case D2778 Count: 25
Case D2779 Count: 20
Case D2780 Count: 25
Case D2781 Count: 17
Case D2782 Count: 23
Case D2783 Count: 16
Case D2784 Count: 27
Case D2785 Count: 18
Case D2786 Count: 18
Case D2787 Count: 20
Case D2788 Count: 15
Case D2789 Count: 24
Case D2790 Count: 16
Case D2791 Count: 18
Case D2792 Count: 28
Case D2793 Count: 26
Case D2794 Count: 14
Case D2795 Count: 17
Case D2796 Count: 15
Case D2797 Count: 15
Case D2798 Count: 13
Case D2799 Count: 19
Case D2800 Count: 19
Case D2801 Count: 23
Case D2802 Count: 21
Case D2803 Count: 14
Case D2804 Count: 17
Case D2805 Count: 31
Case D2806 Count: 18
Case D2807 Count: 15
Case D2808 Count: 16
Case D2809 Count: 22
Case D2810 Count: 24
Case D2811 Count: 25
Case D2812 Count: 28
Case D2813 Count: 16
Case D2814 Count: 21
Case D2815 Count: 22
Case D2816 Count: 23
Case D2817 Count: 18
Case D2818 Count: 21
Case D2819 Count: 16
Case D2820 Count: 17
Case D2821 Count: 15
Case D2822 Count: 16
Case D2823 Count: 19
Case D2824 Count: 17
Case D2825 Count: 24
Case D2826 Count: 28
Case D2827 Count: 16
Case D2828 Count: 24
Case D2829 Count: 18
Case D2830 Count: 27
Case D2831 Count: 19
Case D2832 Count: 24
Case D2833 Count: 27
Case D2834 Count: 23
Case D2835 Count: 17
Case D2836 Count: 21
Case D2837 Count: 24
Case D2838 Count: 22
Case D2839 Count: 15
Case D2840 Count: 27
Case D2841 Count: 22
Case D2842 Count: 28
Case D2843 Count: 18
Case D2844 Count: 22
Case D2845 Count: 18
Case D2846 Count: 18
Case D2847 Count: 22
Case D2848 Count: 20
Case D2849 Count: 20
Case D2850 Count: 25
Case D2851 Count: 18
Case D2852 Count: 21
Case D2853 Count: 21
Case D2854 Count: 15
Case D2855 Count: 21
Case D2856 Count: 24
Case D2857 Count: 29
Case D2858 Count: 20
Case D2859 Count: 25
Case D2860 Count: 17
Case D2861 Count: 14
Case D2862 Count: 19
Case D2863 Count: 24
Case D2864 Count: 19
Case D2865 Count: 21
Case D2866 Count: 24
Case D2867 Count: 22
Case D2868 Count: 18
Case D2869 Count: 15
Case D2870 Count: 21
Case D2871 Count: 13
Case D2872 Count: 16
Case D2873 Count: 31
Case D2874 Count: 20
Case D2875 Count: 33
Case D2876 Count: 28
Case D2877 Count: 25
Case D2878 Count: 24
Case D2879 Count: 17
Case D2880 Count: 24
Case D2881 Count: 20
Case D2882 Count: 15
Case D2883 Count: 18
Case D2884 Count: 23
Case D2885 Count: 19
Case D2886 Count: 21
Case D2887 Count: 26
Case D2888 Count: 20
Case D2889 Count: 20
Case D2890 Count: 24
Case D2891 Count: 28
Case D2892 Count: 16
Case D2893 Count: 19
Case D2894 Count: 23
Case D2895 Count: 17
Case D2896 Count: 22
Case D2897 Count: 24
Case D2898 Count: 14
Case D2899 Count: 24
Case D2900 Count: 17
Case D2901 Count: 21
Case D2902 Count: 13
Case D2903 Count: 12
Case D2904 Count: 19
Case D2905 Count: 23
Case D2906 Count: 13
Case D2907 Count: 16
Case D2908 Count: 22
Case D2909 Count: 14
Case D2910 Count: 23
Case D2911 Count: 22
Case D2912 Count: 22
Case D2913 Count: 18
Case D2914 Count: 19
Case D2915 Count: 20
Case D2916 Count: 23
Case D2917 Count: 25
Case D2918 Count: 18
Case D2919 Count: 22
Case D2920 Count: 20
Case D2921 Count: 23
Case D2922 Count: 27
Case D2923 Count: 20
Case D2924 Count: 20
Case D2925 Count: 27
Case D2926 Count: 25
Case D2927 Count: 19
Case D2928 Count: 17
Case D2929 Count: 22
Case D2930 Count: 13
Case D2931 Count: 14
Case D2932 Count: 28
Case D2933 Count: 19
Case D2934 Count: 20
Case D2935 Count: 18
Case D2936 Count: 20
Case D2937 Count: 28
Case D2938 Count: 13
Case D2939 Count: 17
Case D2940 Count: 18
Case D2941 Count: 22
Case D2942 Count: 23
Case D2943 Count: 22
Case D2944 Count: 29
Case D2945 Count: 26
Case D2946 Count: 17
Case D2947 Count: 17
Case D2948 Count: 18
Case D2949 Count: 16
Case D2950 Count: 21
Case D2951 Count: 25
Case D2952 Count: 23
Case D2953 Count: 21
Case D2954 Count: 18
Case D2955 Count: 20
Case D2956 Count: 23
Case D2957 Count: 24
Case D2958 Count: 11
Case D2959 Count: 21
Case D2960 Count: 14
Case D2961 Count: 21
Case D2962 Count: 25
Case D2963 Count: 18
Case D2964 Count: 21
Case D2965 Count: 25
Case D2966 Count: 16
Case D2967 Count: 21
Case D2968 Count: 18
Case D2969 Count: 25
Case D2970 Count: 23
Case D2971 Count: 14
Case D2972 Count: 13
Case D2973 Count: 21
Case D2974 Count: 17
Case D2975 Count: 26
Case D2976 Count: 18
Case D2977 Count: 21
Case D2978 Count: 15
Case D2979 Count: 26
Case D2980 Count: 14
Case D2981 Count: 22
Case D2982 Count: 16
Case D2983 Count: 16
Case D2984 Count: 20
Case D2985 Count: 23
Case D2986 Count: 21
Case D2987 Count: 24
Case D2988 Count: 22
Case D2989 Count: 22
Case D2990 Count: 12
Case D2991 Count: 21
Case D2992 Count: 23
Case D2993 Count: 33
Case D2994 Count: 15
Case D2995 Count: 24
Case D2996 Count: 21
Case D2997 Count: 18
Case D2998 Count: 24
Case D2999 Count: 23
Case D3000 Count: 11
Case D3001 Count: 23
Case D3002 Count: 22
Case D3003 Count: 15
Case D3004 Count: 15
Case D3005 Count: 26
Case D3006 Count: 24
Case D3007 Count: 18
Case D3008 Count: 20
Case D3009 Count: 31
Case D3010 Count: 23
Case D3011 Count: 15
Case D3012 Count: 19
Case D3013 Count: 18
Case D3014 Count: 16
Case D3015 Count: 23
Case D3016 Count: 20
Case D3017 Count: 11
Case D3018 Count: 29
Case D3019 Count: 26
Case D3020 Count: 27
Case D3021 Count: 18
Case D3022 Count: 21
Case D3023 Count: 17
Case D3024 Count: 19
Case D3025 Count: 20
Case D3026 Count: 20
Case D3027 Count: 19
Case D3028 Count: 21
Case D3029 Count: 18
Case D3030 Count: 24
Case D3031 Count: 21
Case D3032 Count: 15
Case D3033 Count: 21
Case D3034 Count: 14
Case D3035 Count: 24
Case D3036 Count: 31
Case D3037 Count: 20
Case D3038 Count: 23
Case D3039 Count: 19
Case D3040 Count: 16
Case D3041 Count: 24
Case D3042 Count: 21
Case D3043 Count: 18
Case D3044 Count: 14
Case D3045 Count: 20
Case D3046 Count: 22
Case D3047 Count: 21
Case D3048 Count: 16
Case D3049 Count: 19
Case D3050 Count: 24
Case D3051 Count: 18
Case D3052 Count: 13
Case D3053 Count: 16
Case D3054 Count: 19
Case D3055 Count: 15
Case D3056 Count: 26
Case D3057 Count: 20
Case D3058 Count: 17
Case D3059 Count: 17
Case D3060 Count: 10
Case D3061 Count: 24
Case D3062 Count: 25
Case D3063 Count: 20
Case D3064 Count: 16
Case D3065 Count: 17
Case D3066 Count: 15
Case D3067 Count: 26
Case D3068 Count: 11
Case D3069 Count: 20
Case D3070 Count: 21
Case D3071 Count: 21
Case D3072 Count: 19
Case D3073 Count: 25
Case D3074 Count: 14
Case D3075 Count: 16
Case D3076 Count: 27
Case D3077 Count: 22
Case D3078 Count: 16
Case D3079 Count: 20
Case D3080 Count: 20
Case D3081 Count: 27
Case D3082 Count: 19
Case D3083 Count: 16
Case D3084 Count: 22
Case D3085 Count: 17
Case D3086 Count: 25
Case D3087 Count: 22
Case D3088 Count: 14
Case D3089 Count: 18
Case D3090 Count: 18
Case D3091 Count: 17
Case D3092 Count: 19
Case D3093 Count: 20
Case D3094 Count: 26
Case D3095 Count: 15
Case D3096 Count: 19
Case D3097 Count: 20
Case D3098 Count: 24
Case D3099 Count: 18
Case D3100 Count: 22
Case D3101 Count: 25
Case D3102 Count: 19
Case D3103 Count: 19
Case D3104 Count: 18
Case D3105 Count: 14
Case D3106 Count: 22
Case D3107 Count: 17
Case D3108 Count: 25
Case D3109 Count: 21
Case D3110 Count: 22
Case D3111 Count: 21
Case D3112 Count: 16
Case D3113 Count: 21
Case D3114 Count: 19
Case D3115 Count: 15
Case D3116 Count: 16
Case D3117 Count: 19
Case D3118 Count: 21
Case D3119 Count: 15
Case D3120 Count: 13
Case D3121 Count: 13
Case D3122 Count: 23
Case D3123 Count: 17
Case D3124 Count: 16
Case D3125 Count: 16
Case D3126 Count: 25
Case D3127 Count: 29
Case D3128 Count: 19
Case D3129 Count: 17
Case D3130 Count: 19
Case D3131 Count: 21
Case D3132 Count: 16
Case D3133 Count: 21
Case D3134 Count: 16
Case D3135 Count: 15
Case D3136 Count: 17
Case D3137 Count: 25
Case D3138 Count: 20
Case D3139 Count: 17
Case D3140 Count: 19
Case D3141 Count: 23
Case D3142 Count: 18
Case D3143 Count: 19
Case D3144 Count: 24
Case D3145 Count: 19
Case D3146 Count: 24
Case D3147 Count: 27
Case D3148 Count: 29
Case D3149 Count: 16
Case D3150 Count: 25
Case D3151 Count: 19
Case D3152 Count: 25
Case D3153 Count: 20
Case D3154 Count: 20
Case D3155 Count: 23
Case D3156 Count: 13
Case D3157 Count: 20
Case D3158 Count: 17
Case D3159 Count: 13
Case D3160 Count: 23
Case D3161 Count: 23
Case D3162 Count: 22
Case D3163 Count: 21
Case D3164 Count: 15
Case D3165 Count: 25
Case D3166 Count: 16
Case D3167 Count: 17
Case D3168 Count: 21
Case D3169 Count: 18
Case D3170 Count: 19
Case D3171 Count: 19
Case D3172 Count: 26
Case D3173 Count: 19
Case D3174 Count: 13
Case D3175 Count: 17
Case D3176 Count: 12
Case D3177 Count: 22
Case D3178 Count: 27
Case D3179 Count: 12
Case D3180 Count: 19
Case D3181 Count: 20
Case D3182 Count: 19
Case D3183 Count: 19
Case D3184 Count: 19
Case D3185 Count: 24
Case D3186 Count: 15
Case D3187 Count: 15
Case D3188 Count: 15
Case D3189 Count: 22
Case D3190 Count: 17
Case D3191 Count: 17
Case D3192 Count: 20
Case D3193 Count: 27
Case D3194 Count: 21
Case D3195 Count: 21
Case D3196 Count: 25
Case D3197 Count: 14
Case D3198 Count: 16
Case D3199 Count: 29
Case D3200 Count: 21
Case D3201 Count: 25
Case D3202 Count: 13
Case D3203 Count: 27
Case D3204 Count: 19
Case D3205 Count: 15
Case D3206 Count: 22
Case D3207 Count: 16
Case D3208 Count: 12
Case D3209 Count: 24
Case D3210 Count: 14
Case D3211 Count: 9
Case D3212 Count: 21
Case D3213 Count: 21
Case D3214 Count: 27
Case D3215 Count: 18
Case D3216 Count: 29
Case D3217 Count: 18
Case D3218 Count: 19
Case D3219 Count: 16
Case D3220 Count: 13
Case D3221 Count: 30
Case D3222 Count: 20
Case D3223 Count: 24
Case D3224 Count: 24
Case D3225 Count: 19
Case D3226 Count: 13
Case D3227 Count: 18
Case D3228 Count: 19
Case D3229 Count: 20
Case D3230 Count: 24
Case D3231 Count: 21
Case D3232 Count: 18
Case D3233 Count: 19
Case D3234 Count: 15
Case D3235 Count: 15
Case D3236 Count: 29
Case D3237 Count: 20
Case D3238 Count: 17
Case D3239 Count: 22
Case D3240 Count: 19
Case D3241 Count: 18
Case D3242 Count: 20
Case D3243 Count: 16
Case D3244 Count: 22
Case D3245 Count: 27
Case D3246 Count: 18
Case D3247 Count: 22
Case D3248 Count: 23
Case D3249 Count: 22
Case D3250 Count: 21
Case D3251 Count: 16
Case D3252 Count: 18
Case D3253 Count: 17
Case D3254 Count: 15
Case D3255 Count: 16
Case D3256 Count: 26
Case D3257 Count: 24
Case D3258 Count: 26
Case D3259 Count: 22
Case D3260 Count: 13
Case D3261 Count: 19
Case D3262 Count: 18
Case D3263 Count: 21
Case D3264 Count: 18
Case D3265 Count: 19
Case D3266 Count: 27
Case D3267 Count: 17
Case D3268 Count: 29
Case D3269 Count: 20
Case D3270 Count: 12
Case D3271 Count: 20
Case D3272 Count: 24
Case D3273 Count: 17
Case D3274 Count: 19
Case D3275 Count: 23
Case D3276 Count: 21
Case D3277 Count: 19
Case D3278 Count: 25
Case D3279 Count: 18
Case D3280 Count: 21
Case D3281 Count: 22
Case D3282 Count: 15
Case D3283 Count: 29
Case D3284 Count: 13
Case D3285 Count: 21
Case D3286 Count: 17
Case D3287 Count: 22
Case D3288 Count: 21
Case D3289 Count: 23
Case D3290 Count: 22
Case D3291 Count: 19
Case D3292 Count: 15
Case D3293 Count: 33
Case D3294 Count: 22
Case D3295 Count: 16
Case D3296 Count: 19
Case D3297 Count: 18
Case D3298 Count: 27
Case D3299 Count: 18
Case D3300 Count: 14
Case D3301 Count: 14
Case D3302 Count: 18
Case D3303 Count: 14
Case D3304 Count: 22
Case D3305 Count: 18
Case D3306 Count: 21
Case D3307 Count: 16
Case D3308 Count: 21
Case D3309 Count: 23
Case D3310 Count: 21
Case D3311 Count: 25
Case D3312 Count: 18
Case D3313 Count: 22
Case D3314 Count: 21
Case D3315 Count: 22
Case D3316 Count: 22
Case D3317 Count: 21
Case D3318 Count: 20
Case D3319 Count: 16
Case D3320 Count: 18
Case D3321 Count: 20
Case D3322 Count: 4
Case D3323 Count: 3
Case D3324 Count: 4
Case D3325 Count: 8
Case D3326 Count: 8
Case D3327 Count: 10
Case D3328 Count: 4
Case D3329 Count: 6
Case D3330 Count: 3
Case D3331 Count: 9
Case D3332 Count: 4
Case D3333 Count: 6
Case D3334 Count: 9
Case D3335 Count: 2
Case D3336 Count: 12
Case D3337 Count: 13
Case D3338 Count: 4
Case D3339 Count: 9
Case D3340 Count: 8
Case D3341 Count: 4
Case D3342 Count: 9
Case D3343 Count: 10
Case D3344 Count: 7
Case D3345 Count: 7
Case D3346 Count: 7
Case D3347 Count: 6
Case D3348 Count: 8
Case D3349 Count: 8
Case D3350 Count: 6
Case D3351 Count: 6
Case D3352 Count: 4
Case D3353 Count: 5
Case D3354 Count: 7
Case D3355 Count: 4
Case D3356 Count: 5
Case D3357 Count: 11
Case D3358 Count: 3
Case D3359 Count: 4
Case D3360 Count: 5
Case D3361 Count: 12
Case D3362 Count: 13
Case D3363 Count: 6
Case D3364 Count: 9
Case D3365 Count: 4
Case D3366 Count: 10
Case D3367 Count: 7
Case D3368 Count: 9
Case D3369 Count: 4
Case D3370 Count: 4
Case D3371 Count: 5
Case D3372 Count: 2
Case D3373 Count: 1
Case D3374 Count: 6
Case D3375 Count: 7
Case D3376 Count: 8
Case D3377 Count: 9
Case D3378 Count: 5
Case D3379 Count: 5
Case D3380 Count: 8
Case D3381 Count: 10
Case D3382 Count: 5
Case D3383 Count: 5
Case D3384 Count: 5
Case D3385 Count: 7
Case D3386 Count: 5
Case D3387 Count: 4
Case D3388 Count: 8
Case D3389 Count: 5
Case D3390 Count: 4
Case D3391 Count: 10
Case D3392 Count: 6
Case D3393 Count: 4
Case D3394 Count: 6
Case D3395 Count: 4
Case D3396 Count: 8
Case D3397 Count: 6
Case D3398 Count: 7
Case D3399 Count: 5
Case D3400 Count: 7
Case D3401 Count: 8
Case D3402 Count: 5
Case D3403 Count: 5
Case D3404 Count: 9
Case D3405 Count: 8
Case D3406 Count: 10
Case D3407 Count: 8
Case D3408 Count: 7
Case D3409 Count: 5
Case D3410 Count: 10
Case D3411 Count: 6
Case D3412 Count: 5
Case D3413 Count: 2
Case D3414 Count: 6
Case D3415 Count: 5
Case D3416 Count: 3
Case D3417 Count: 8
Case D3418 Count: 9
Case D3419 Count: 5
Case D3420 Count: 11
Case D3421 Count: 4
Case D3422 Count: 10
Case D3423 Count: 10
Case D3424 Count: 6
Case D3425 Count: 12
Case D3426 Count: 9
Case D3427 Count: 3
Case D3428 Count: 9
Case D3429 Count: 8
Case D3430 Count: 3
Case D3431 Count: 7
Case D3432 Count: 5
Case D3433 Count: 5
Case D3434 Count: 6
Case D3435 Count: 10
Case D3436 Count: 3
Case D3437 Count: 13
Case D3438 Count: 10
Case D3439 Count: 12
Case D3440 Count: 3
Case D3441 Count: 7
Case D3442 Count: 7
Case D3443 Count: 5
Case D3444 Count: 7
Case D3445 Count: 6
Case D3446 Count: 9
Case D3447 Count: 7
Case D3448 Count: 11
Case D3449 Count: 6
Case D3450 Count: 7
Case D3451 Count: 8
Case D3452 Count: 7
Case D3453 Count: 4
Case D3454 Count: 6
Case D3455 Count: 10
Case D3456 Count: 7
Case D3457 Count: 3
Case D3458 Count: 11
Case D3459 Count: 5
Case D3460 Count: 5
Case D3461 Count: 10
Case D3462 Count: 5
Case D3463 Count: 11
Case D3464 Count: 4
Case D3465 Count: 12
Case D3466 Count: 7
Case D3467 Count: 4
Case D3468 Count: 5
Case D3469 Count: 9
Case D3470 Count: 6
Case D3471 Count: 6
Case D3472 Count: 14
Case D3473 Count: 5
Case D3474 Count: 9
Case D3475 Count: 7
Case D3476 Count: 3
Case D3477 Count: 11
Case D3478 Count: 7
Case D3479 Count: 7
Case D3480 Count: 10
Case D3481 Count: 7
Case D3482 Count: 4
Case D3483 Count: 6
Case D3484 Count: 2
Case D3485 Count: 8
Case D3486 Count: 9
Case D3487 Count: 8
Case D3488 Count: 12
Case D3489 Count: 6
Case D3490 Count: 11
Case D3491 Count: 4
Case D3492 Count: 5
Case D3493 Count: 8
Case D3494 Count: 4
Case D3495 Count: 7
Case D3496 Count: 7
Case D3497 Count: 8
Case D3498 Count: 6
Case D3499 Count: 6
Case D3500 Count: 6
Case D3501 Count: 9
Case D3502 Count: 5
Case D3503 Count: 12
Case D3504 Count: 8
Case D3505 Count: 10
Case D3506 Count: 3
Case D3507 Count: 10
Case D3508 Count: 6
Case D3509 Count: 7
Case D3510 Count: 7
Case D3511 Count: 14
Case D3512 Count: 3
Case D3513 Count: 4
Case D3514 Count: 6
Case D3515 Count: 8
Case D3516 Count: 5
Case D3517 Count: 9
Case D3518 Count: 8
Case D3519 Count: 6
Case D3520 Count: 4
Case D3521 Count: 9
Case D3522 Count: 6
Case D3523 Count: 9
Case D3524 Count: 5
Case D3525 Count: 4
Case D3526 Count: 7
Case D3527 Count: 15
Case D3528 Count: 8
Case D3529 Count: 6
Case D3530 Count: 8
Case D3531 Count: 4
Case D3532 Count: 7
Case D3533 Count: 4
Case D3534 Count: 9
Case D3535 Count: 4
Case D3536 Count: 2
Case D3537 Count: 9
Case D3538 Count: 5
Case D3539 Count: 9
Case D3540 Count: 12
Case D3541 Count: 5
Case D3542 Count: 7
Case D3543 Count: 4
Case D3544 Count: 6
Case D3545 Count: 8
Case D3546 Count: 7
Case D3547 Count: 2
Case D3548 Count: 5
Case D3549 Count: 7
Case D3550 Count: 11
Case D3551 Count: 8
Case D3552 Count: 9
Case D3553 Count: 6
Case D3554 Count: 8
Case D3555 Count: 6
Case D3556 Count: 7
Case D3557 Count: 2
Case D3558 Count: 5
Case D3559 Count: 3
Case D3560 Count: 8
Case D3561 Count: 8
Case D3562 Count: 2
Case D3563 Count: 13
Case D3564 Count: 11
Case D3565 Count: 6
Case D3566 Count: 9
Case D3567 Count: 4
Case D3568 Count: 5
Case D3569 Count: 5
Case D3570 Count: 2
Case D3571 Count: 7
Case D3572 Count: 8
Case D3573 Count: 3
Case D3574 Count: 16
Case D3575 Count: 5
Case D3576 Count: 8
Case D3577 Count: 5
Case D3578 Count: 5
Case D3579 Count: 8
Case D3580 Count: 6
Case D3581 Count: 8
Case D3582 Count: 5
Case D3583 Count: 7
Case D3584 Count: 8
Case D3585 Count: 5
Case D3586 Count: 6
Case D3587 Count: 11
Case D3588 Count: 5
Case D3589 Count: 6
Case D3590 Count: 7
Case D3591 Count: 4
Case D3592 Count: 9
Case D3593 Count: 6
Case D3594 Count: 10
Case D3595 Count: 4
Case D3596 Count: 6
Case D3597 Count: 7
Case D3598 Count: 3
Case D3599 Count: 3
Case D3600 Count: 13
Case D3601 Count: 10
Case D3602 Count: 7
Case D3603 Count: 3
Case D3604 Count: 7
Case D3605 Count: 5
Case D3606 Count: 7
Case D3607 Count: 3
Case D3608 Count: 7
Case D3609 Count: 9
Case D3610 Count: 5
Case D3611 Count: 6
Case D3612 Count: 5
Case D3613 Count: 5
Case D3614 Count: 12
Case D3615 Count: 5
Case D3616 Count: 6
Case D3617 Count: 7
Case D3618 Count: 9
Case D3619 Count: 4
Case D3620 Count: 12
Case D3621 Count: 6
Case D3622 Count: 3
Case D3623 Count: 4
Case D3624 Count: 10
Case D3625 Count: 8
Case D3626 Count: 8
Case D3627 Count: 5
Case D3628 Count: 10
Case D3629 Count: 6
Case D3630 Count: 2
Case D3631 Count: 7
Case D3632 Count: 8
Case D3633 Count: 9
Case D3634 Count: 4
Case D3635 Count: 2
Case D3636 Count: 10
Case D3637 Count: 4
Case D3638 Count: 8
Case D3639 Count: 6
Case D3640 Count: 8
Case D3641 Count: 6
Case D3642 Count: 11
Case D3643 Count: 5
Case D3644 Count: 8
Case D3645 Count: 8
Case D3646 Count: 6
Case D3647 Count: 9
Case D3648 Count: 9
Case D3649 Count: 5
Case D3650 Count: 4
Case D3651 Count: 6
Case D3652 Count: 9
Case D3653 Count: 5
Case D3654 Count: 6
Case D3655 Count: 5
Case D3656 Count: 6
Case D3657 Count: 5
Case D3658 Count: 11
Case D3659 Count: 8
Case D3660 Count: 4
Case D3661 Count: 4
Case D3662 Count: 11
Case D3663 Count: 9
Case D3664 Count: 7
Case D3665 Count: 7
Case D3666 Count: 3
Case D3667 Count: 4
Case D3668 Count: 11
Case D3669 Count: 5
Case D3670 Count: 8
Case D3671 Count: 12
Case D3672 Count: 4
Case D3673 Count: 7
Case D3674 Count: 4
Case D3675 Count: 9
Case D3676 Count: 3
Case D3677 Count: 9
Case D3678 Count: 7
Case D3679 Count: 7
Case D3680 Count: 7
Case D3681 Count: 6
Case D3682 Count: 7
Case D3683 Count: 6
Case D3684 Count: 12
Case D3685 Count: 1
Case D3686 Count: 10
Case D3687 Count: 10
Case D3688 Count: 4
Case D3689 Count: 9
Case D3690 Count: 1
Case D3691 Count: 4
Case D3692 Count: 6
Case D3693 Count: 7
Case D3694 Count: 4
Case D3695 Count: 4
Case D3696 Count: 6
Case D3697 Count: 5
Case D3698 Count: 12
Case D3699 Count: 8
Case D3700 Count: 7
Case D3701 Count: 5
Case D3702 Count: 3
Case D3703 Count: 5
Case D3704 Count: 9
Case D3705 Count: 9
Case D3706 Count: 4
Case D3707 Count: 7
Case D3708 Count: 10
Case D3709 Count: 4
Case D3710 Count: 4
Case D3711 Count: 7
Case D3712 Count: 7
Case D3713 Count: 6
Case D3714 Count: 8
Case D3715 Count: 4
Case D3716 Count: 12
Case D3717 Count: 4
Case D3718 Count: 2
Case D3719 Count: 4
Case D3720 Count: 6
Case D3721 Count: 11
Case D3722 Count: 5
Case D3723 Count: 6
Case D3724 Count: 5
Case D3725 Count: 10
Case D3726 Count: 4
Case D3727 Count: 5
Case D3728 Count: 11
Case D3729 Count: 7
Case D3730 Count: 7
Case D3731 Count: 11
Case D3732 Count: 6
Case D3733 Count: 9
Case D3734 Count: 9
Case D3735 Count: 11
Case D3736 Count: 7
Case D3737 Count: 3
Case D3738 Count: 4
Case D3739 Count: 9
Case D3740 Count: 11
Case D3741 Count: 10
Case D3742 Count: 7
Case D3743 Count: 10
Case D3744 Count: 8
Case D3745 Count: 4
Case D3746 Count: 4
Case D3747 Count: 10
Case D3748 Count: 4
Case D3749 Count: 5
Case D3750 Count: 5
Case D3751 Count: 5
Case D3752 Count: 5
Case D3753 Count: 9
Case D3754 Count: 3
Case D3755 Count: 3
Case D3756 Count: 6
Case D3757 Count: 7
Case D3758 Count: 7
Case D3759 Count: 11
Case D3760 Count: 4
Case D3761 Count: 9
Case D3762 Count: 11
Case D3763 Count: 6
Case D3764 Count: 8
Case D3765 Count: 8
Case D3766 Count: 12
Case D3767 Count: 4
Case D3768 Count: 7
Case D3769 Count: 4
Case D3770 Count: 8
Case D3771 Count: 7
Case D3772 Count: 5
Case D3773 Count: 10
Case D3774 Count: 11
Case D3775 Count: 9
Case D3776 Count: 5
Case D3777 Count: 4
Case D3778 Count: 8
Case D3779 Count: 11
Case D3780 Count: 12
Case D3781 Count: 2
Case D3782 Count: 5
Case D3783 Count: 7
Case D3784 Count: 5
Case D3785 Count: 8
Case D3786 Count: 7
Case D3787 Count: 4
Case D3788 Count: 10
Case D3789 Count: 9
Case D3790 Count: 7
Case D3791 Count: 4
Case D3792 Count: 5
Case D3793 Count: 5
Case D3794 Count: 8
Case D3795 Count: 8
Case D3796 Count: 9
Case D3797 Count: 8
Case D3798 Count: 5
Case D3799 Count: 6
Case D3800 Count: 10
Case D3801 Count: 10
Case D3802 Count: 6
Case D3803 Count: 12
Case D3804 Count: 6
Case D3805 Count: 9
Case D3806 Count: 6
Case D3807 Count: 13
Case D3808 Count: 3
Case D3809 Count: 8
Case D3810 Count: 8
Case D3811 Count: 6
Case D3812 Count: 1
Case D3813 Count: 9
Case D3814 Count: 3
Case D3815 Count: 3
Case D3816 Count: 5
Case D3817 Count: 8
Case D3818 Count: 6
Case D3819 Count: 5
Case D3820 Count: 12
Case D3821 Count: 8
Case D3822 Count: 3
Case D3823 Count: 8
Case D3824 Count: 13
Case D3825 Count: 7
Case D3826 Count: 7
Case D3827 Count: 10
Case D3828 Count: 4
Case D3829 Count: 4
Case D3830 Count: 6
Case D3831 Count: 5
Case D3832 Count: 5
Case D3833 Count: 9
Case D3834 Count: 9
Case D3835 Count: 12
Case D3836 Count: 6
Case D3837 Count: 5
Case D3838 Count: 5
Case D3839 Count: 9
Case D3840 Count: 10
Case D3841 Count: 6
Case D3842 Count: 4
Case D3843 Count: 9
Case D3844 Count: 10
Case D3845 Count: 7
Case D3846 Count: 9
Case D3847 Count: 4
Case D3848 Count: 6
Case D3849 Count: 8
Case D3850 Count: 8
Case D3851 Count: 7
Case D3852 Count: 5
Case D3853 Count: 8
Case D3854 Count: 5
Case D3855 Count: 5
Case D3856 Count: 7
Case D3857 Count: 7
Case D3858 Count: 7
Case D3859 Count: 3
Case D3860 Count: 4
Case D3861 Count: 14
Case D3862 Count: 9
Case D3863 Count: 6
Case D3864 Count: 4
Case D3865 Count: 4
Case D3866 Count: 4
Case D3867 Count: 18
Case D3868 Count: 5
Case D3869 Count: 11
Case D3870 Count: 7
Case D3871 Count: 4
Case D3872 Count: 5
Case D3873 Count: 6
Case D3874 Count: 8
Case D3875 Count: 9
Case D3876 Count: 5
Case D3877 Count: 10
Case D3878 Count: 7
Case D3879 Count: 8
Case D3880 Count: 6
Case D3881 Count: 3
Case D3882 Count: 7
Case D3883 Count: 3
Case D3884 Count: 2
Case D3885 Count: 4
Case D3886 Count: 7
Case D3887 Count: 6
Case D3888 Count: 10
Case D3889 Count: 8
Case D3890 Count: 6
Case D3891 Count: 5
Case D3892 Count: 5
Case D3893 Count: 11
Case D3894 Count: 9
Case D3895 Count: 4
Case D3896 Count: 4
Case D3897 Count: 11
Case D3898 Count: 5
Case D3899 Count: 3
Case D3900 Count: 6
Case D3901 Count: 6
Case D3902 Count: 4
Case D3903 Count: 9
Case D3904 Count: 6
Case D3905 Count: 6
Case D3906 Count: 8
Case D3907 Count: 3
Case D3908 Count: 10
Case D3909 Count: 9
Case D3910 Count: 3
Case D3911 Count: 4
Case D3912 Count: 7
Case D3913 Count: 4
Case D3914 Count: 11
Case D3915 Count: 3
Case D3916 Count: 6
Case D3917 Count: 6
Case D3918 Count: 2
Case D3919 Count: 10
Case D3920 Count: 7
Case D3921 Count: 16
Case D3922 Count: 7
Case D3923 Count: 5
Case D3924 Count: 4
Case D3925 Count: 1
Case D3926 Count: 11
Case D3927 Count: 5
Case D3928 Count: 1
Case D3929 Count: 4
Case D3930 Count: 10
Case D3931 Count: 7
Case D3932 Count: 9
Case D3933 Count: 14
Case D3934 Count: 12
Case D3935 Count: 7
Case D3936 Count: 3
Case D3937 Count: 3
Case D3938 Count: 5
Case D3939 Count: 9
Case D3940 Count: 7
Case D3941 Count: 6
Case D3942 Count: 2
Case D3943 Count: 10
Case D3944 Count: 10
Case D3945 Count: 6
Case D3946 Count: 7
Case D3947 Count: 4
Case D3948 Count: 9
Case D3949 Count: 7
Case D3950 Count: 7
Case D3951 Count: 9
Case D3952 Count: 6
Case D3953 Count: 7
Case D3954 Count: 7
Case D3955 Count: 3
Case D3956 Count: 6
Case D3957 Count: 8
Case D3958 Count: 9
Case D3959 Count: 7
Case D3960 Count: 11
Case D3961 Count: 4
Case D3962 Count: 8
Case D3963 Count: 6
Case D3964 Count: 8
Case D3965 Count: 9
Case D3966 Count: 6
Case D3967 Count: 6
Case D3968 Count: 8
Case D3969 Count: 3
Case D3970 Count: 8
Case D3971 Count: 8
Case D3972 Count: 6
Case D3973 Count: 7
Case D3974 Count: 4
Case D3975 Count: 4
Case D3976 Count: 5
Case D3977 Count: 7
Case D3978 Count: 13
Case D3979 Count: 9
Case D3980 Count: 5
Case D3981 Count: 6
Case D3982 Count: 3
Case D3983 Count: 9
Case D3984 Count: 12
Case D3985 Count: 4
Case D3986 Count: 6
Case D3987 Count: 9
Case D3988 Count: 9
Case D3989 Count: 9
Case D3990 Count: 9
Case D3991 Count: 8
Case D3992 Count: 8
Case D3993 Count: 11
Case D3994 Count: 5
Case D3995 Count: 10
Case D3996 Count: 4
Case D3997 Count: 6
Case D3998 Count: 4
Case D3999 Count: 13
Case D4000 Count: 9
Case D4001 Count: 11
Case D4002 Count: 8
Case D4003 Count: 8
Case D4004 Count: 6
Case D4005 Count: 8
Case D4006 Count: 8
Case D4007 Count: 5
Case D4008 Count: 11
Case D4009 Count: 3
Case D4010 Count: 5
Case D4011 Count: 13
Case D4012 Count: 8
Case D4013 Count: 8
Case D4014 Count: 3
Case D4015 Count: 5
Case D4016 Count: 7
Case D4017 Count: 6
Case D4018 Count: 16
Case D4019 Count: 3
Case D4020 Count: 8
Case D4021 Count: 6
Case D4022 Count: 4
Case D4023 Count: 8
Case D4024 Count: 11
Case D4025 Count: 5
Case D4026 Count: 5
Case D4027 Count: 12
Case D4028 Count: 2
Case D4029 Count: 4
Case D4030 Count: 6
Case D4031 Count: 13
Case D4032 Count: 5
Case D4033 Count: 3
Case D4034 Count: 2
Case D4035 Count: 1
Case D4036 Count: 6
Case D4037 Count: 6
Case D4038 Count: 6
Case D4039 Count: 10
Case D4040 Count: 6
Case D4041 Count: 7
Case D4042 Count: 8
Case D4043 Count: 3
Case D4044 Count: 3
Case D4045 Count: 7
Case D4046 Count: 7
Case D4047 Count: 7
Case D4048 Count: 3
Case D4049 Count: 5
Case D4050 Count: 11
Case D4051 Count: 7
Case D4052 Count: 6
Case D4053 Count: 5
Case D4054 Count: 2
Case D4055 Count: 6
Case D4056 Count: 9
Case D4057 Count: 7
Case D4058 Count: 8
Case D4059 Count: 12
Case D4060 Count: 11
Case D4061 Count: 7
Case D4062 Count: 4
Case D4063 Count: 12
Case D4064 Count: 9
Case D4065 Count: 9
Case D4066 Count: 10
Case D4067 Count: 4
Case D4068 Count: 6
Case D4069 Count: 7
Case D4070 Count: 10
Case D4071 Count: 8
Case D4072 Count: 9
Case D4073 Count: 10
Case D4074 Count: 6
Case D4075 Count: 4
Case D4076 Count: 9
Case D4077 Count: 10
Case D4078 Count: 6
Case D4079 Count: 6
Case D4080 Count: 7
Case D4081 Count: 5
Case D4082 Count: 9
Case D4083 Count: 2
Case D4084 Count: 9
Case D4085 Count: 8
Case D4086 Count: 6
Case D4087 Count: 11
Case D4088 Count: 8
Case D4089 Count: 8
Case D4090 Count: 4
Case D4091 Count: 11
Case D4092 Count: 11
Case D4093 Count: 5
Case D4094 Count: 4
Case D4095 Count: 10
Case D4096 Count: 8
Case D4097 Count: 9
Case D4098 Count: 9
Case D4099 Count: 14
Case D4100 Count: 3
Case D4101 Count: 6
Case D4102 Count: 7
Case D4103 Count: 6
Case D4104 Count: 6
Case D4105 Count: 12
Case D4106 Count: 7
Case D4107 Count: 9
Case D4108 Count: 5
Case D4109 Count: 7
Case D4110 Count: 8
Case D4111 Count: 7
Case D4112 Count: 4
Case D4113 Count: 6
Case D4114 Count: 5
Case D4115 Count: 6
Case D4116 Count: 4
Case D4117 Count: 8
Case D4118 Count: 12
Case D4119 Count: 5
Case D4120 Count: 8
Case D4121 Count: 6
Case D4122 Count: 3
Case D4123 Count: 14
Case D4124 Count: 1
Case D4125 Count: 5
Case D4126 Count: 8
Case D4127 Count: 6
Case D4128 Count: 7
Case D4129 Count: 8
Case D4130 Count: 9
Case D4131 Count: 5
Case D4132 Count: 7
Case D4133 Count: 6
Case D4134 Count: 10
Case D4135 Count: 12
Case D4136 Count: 7
Case D4137 Count: 9
Case D4138 Count: 3
Case D4139 Count: 6
Case D4140 Count: 5
Case D4141 Count: 7
Case D4142 Count: 7
Case D4143 Count: 9
Case D4144 Count: 6
Case D4145 Count: 6
Case D4146 Count: 11
Case D4147 Count: 8
Case D4148 Count: 8
Case D4149 Count: 6
Case D4150 Count: 8
Case D4151 Count: 15
Case D4152 Count: 5
Case D4153 Count: 4
Case D4154 Count: 3
Case D4155 Count: 5
Case D4156 Count: 3
Case D4157 Count: 4
Case D4158 Count: 12
Case D4159 Count: 7
Case D4160 Count: 8
Case D4161 Count: 6
Case D4162 Count: 7
Case D4163 Count: 8
Case D4164 Count: 7
Case D4165 Count: 4
Case D4166 Count: 7
Case D4167 Count: 7
Case D4168 Count: 5
Case D4169 Count: 4
Case D4170 Count: 7
Case D4171 Count: 8
Case D4172 Count: 7
Case D4173 Count: 5
Case D4174 Count: 8
Case D4175 Count: 5
Case D4176 Count: 4
Case D4177 Count: 5
Case D4178 Count: 4
Case D4179 Count: 10
Case D4180 Count: 5
Case D4181 Count: 8
Case D4182 Count: 9
Case D4183 Count: 4
Case D4184 Count: 7
Case D4185 Count: 11
Case D4186 Count: 5
Case D4187 Count: 10
Case D4188 Count: 6
Case D4189 Count: 7
Case D4190 Count: 9
Case D4191 Count: 11
Case D4192 Count: 7
Case D4193 Count: 4
Case D4194 Count: 7
Case D4195 Count: 7
Case D4196 Count: 10
Case D4197 Count: 8
Case D4198 Count: 7
Case D4199 Count: 6
Case D4200 Count: 12
Case D4201 Count: 5
Case D4202 Count: 9
Case D4203 Count: 4
Case D4204 Count: 5
Case D4205 Count: 8
Case D4206 Count: 14
Case D4207 Count: 9
Case D4208 Count: 6
Case D4209 Count: 6
Case D4210 Count: 11
Case D4211 Count: 8
Case D4212 Count: 7
Case D4213 Count: 8
Case D4214 Count: 7
Case D4215 Count: 8
Case D4216 Count: 14
Case D4217 Count: 8
Case D4218 Count: 4
Case D4219 Count: 2
Case D4220 Count: 11
Case D4221 Count: 7
Case D4222 Count: 4
Case D4223 Count: 3
Case D4224 Count: 10
Case D4225 Count: 7
Case D4226 Count: 8
Case D4227 Count: 7
Case D4228 Count: 10
Case D4229 Count: 7
Case D4230 Count: 3
Case D4231 Count: 5
Case D4232 Count: 7
Case D4233 Count: 7
Case D4234 Count: 4
Case D4235 Count: 12
Case D4236 Count: 7
Case D4237 Count: 7
Case D4238 Count: 12
Case D4239 Count: 4
Case D4240 Count: 9
Case D4241 Count: 1
Case D4242 Count: 7
Case D4243 Count: 9
Case D4244 Count: 5
Case D4245 Count: 9
Case D4246 Count: 7
Case D4247 Count: 7
Case D4248 Count: 7
Case D4249 Count: 5
Case D4250 Count: 7
Case D4251 Count: 10
Case D4252 Count: 6
Case D4253 Count: 7
Case D4254 Count: 6
Case D4255 Count: 4
Case D4256 Count: 11
Case D4257 Count: 6
Case D4258 Count: 9
Case D4259 Count: 4
Case D4260 Count: 5
Case D4261 Count: 6
Case D4262 Count: 3
Case D4263 Count: 9
Case D4264 Count: 5
Case D4265 Count: 10
Case D4266 Count: 11
Case D4267 Count: 5
Case D4268 Count: 3
Case D4269 Count: 6
Case D4270 Count: 4
Case D4271 Count: 9
Case D4272 Count: 6
Case D4273 Count: 8
Case D4274 Count: 3
Case D4275 Count: 9
Case D4276 Count: 7
Case D4277 Count: 10
Case D4278 Count: 2
Case D4279 Count: 11
Case D4280 Count: 3
Case D4281 Count: 6
Case D4282 Count: 5
Case D4283 Count: 8
Case D4284 Count: 9
Case D4285 Count: 6
Case D4286 Count: 7
Case D4287 Count: 3
Case D4288 Count: 6
Case D4289 Count: 9
Case D4290 Count: 6
Case D4291 Count: 4
Case D4292 Count: 10
Case D4293 Count: 10
Case D4294 Count: 8
Case D4295 Count: 9
Case D4296 Count: 5
Case D4297 Count: 6
Case D4298 Count: 4
Case D4299 Count: 6
Case D4300 Count: 7
Case D4301 Count: 7
Case D4302 Count: 7
Case D4303 Count: 11
Case D4304 Count: 3
Case D4305 Count: 3
Case D4306 Count: 3
Case D4307 Count: 4
Case D4308 Count: 5
Case D4309 Count: 8
Case D4310 Count: 7
Case D4311 Count: 11
Case D4312 Count: 4
Case D4313 Count: 6
Case D4314 Count: 10
Case D4315 Count: 11
Case D4316 Count: 9
Case D4317 Count: 13
Case D4318 Count: 5
Case D4319 Count: 3
Case D4320 Count: 3
Case D4321 Count: 4
Case D4322 Count: 8
Case D4323 Count: 3
Case D4324 Count: 7
Case D4325 Count: 8
Case D4326 Count: 6
Case D4327 Count: 7
Case D4328 Count: 9
Case D4329 Count: 3
Case D4330 Count: 10
Case D4331 Count: 6
Case D4332 Count: 6
Case D4333 Count: 7
Case D4334 Count: 6
Case D4335 Count: 9
Case D4336 Count: 4
Case D4337 Count: 10
Case D4338 Count: 7
Case D4339 Count: 11
Case D4340 Count: 7
Case D4341 Count: 5
Case D4342 Count: 5
Case D4343 Count: 5
Case D4344 Count: 8
Case D4345 Count: 8
Case D4346 Count: 6
Case D4347 Count: 5
Case D4348 Count: 4
Case D4349 Count: 8
Case D4350 Count: 10
Case D4351 Count: 6
Case D4352 Count: 11
Case D4353 Count: 10
Case D4354 Count: 4
Case D4355 Count: 8
Case D4356 Count: 7
Case D4357 Count: 8
Case D4358 Count: 6
Case D4359 Count: 9
Case D4360 Count: 5
Case D4361 Count: 8
Case D4362 Count: 6
Case D4363 Count: 12
Case D4364 Count: 7
Case D4365 Count: 3
Case D4366 Count: 6
Case D4367 Count: 9
Case D4368 Count: 9
Case D4369 Count: 5
Case D4370 Count: 8
Case D4371 Count: 6
Case D4372 Count: 5
Case D4373 Count: 6
Case D4374 Count: 6
Case D4375 Count: 8
Case D4376 Count: 11
Case D4377 Count: 6
Case D4378 Count: 8
Case D4379 Count: 8
Case D4380 Count: 6
Case D4381 Count: 13
Case D4382 Count: 9
Case D4383 Count: 7
Case D4384 Count: 6
Case D4385 Count: 3
Case D4386 Count: 5
Case D4387 Count: 6
Case D4388 Count: 5
Case D4389 Count: 5
Case D4390 Count: 5
Case D4391 Count: 7
Case D4392 Count: 9
Case D4393 Count: 4
Case D4394 Count: 4
Case D4395 Count: 10
Case D4396 Count: 6
Case D4397 Count: 8
Case D4398 Count: 6
Case D4399 Count: 7
Case D4400 Count: 9
Case D4401 Count: 8
Case D4402 Count: 6
Case D4403 Count: 4
Case D4404 Count: 2
Case D4405 Count: 5
Case D4406 Count: 9
Case D4407 Count: 8
Case D4408 Count: 5
Case D4409 Count: 10
Case D4410 Count: 7
Case D4411 Count: 6
Case D4412 Count: 11
Case D4413 Count: 4
Case D4414 Count: 7
Case D4415 Count: 7
Case D4416 Count: 5
Case D4417 Count: 13
Case D4418 Count: 3
Case D4419 Count: 5
Case D4420 Count: 6
Case D4421 Count: 3
Case D4422 Count: 8
Case D4423 Count: 4
Case D4424 Count: 4
Case D4425 Count: 4
Case D4426 Count: 5
Case D4427 Count: 3
Case D4428 Count: 4
Case D4429 Count: 13
Case D4430 Count: 6
Case D4431 Count: 6
Case D4432 Count: 10
Case D4433 Count: 4
Case D4434 Count: 11
Case D4435 Count: 6
Case D4436 Count: 6
Case D4437 Count: 7
Case D4438 Count: 8
Case D4439 Count: 7
Case D4440 Count: 7
Case D4441 Count: 3
Case D4442 Count: 7
Case D4443 Count: 10
Case D4444 Count: 7
Case D4445 Count: 4
Case D4446 Count: 7
Case D4447 Count: 9
Case D4448 Count: 2
Case D4449 Count: 4
Case D4450 Count: 4
Case D4451 Count: 6
Case D4452 Count: 6
Case D4453 Count: 8
Case D4454 Count: 4
Case D4455 Count: 8
Case D4456 Count: 5
Case D4457 Count: 8
Case D4458 Count: 5
Case D4459 Count: 5
Case D4460 Count: 7
Case D4461 Count: 10
Case D4462 Count: 18
Case D4463 Count: 10
Case D4464 Count: 11
Case D4465 Count: 7
Case D4466 Count: 4
Case D4467 Count: 6
Case D4468 Count: 8
Case D4469 Count: 6
Case D4470 Count: 6
Case D4471 Count: 7
Case D4472 Count: 6
Case D4473 Count: 8
Case D4474 Count: 9
Case D4475 Count: 11
Case D4476 Count: 7
Case D4477 Count: 9
Case D4478 Count: 6
Case D4479 Count: 10
Case D4480 Count: 5
Case D4481 Count: 6
Case D4482 Count: 7
Case D4483 Count: 4
Case D4484 Count: 7
Case D4485 Count: 15
Case D4486 Count: 6
Case D4487 Count: 14
Case D4488 Count: 2
Case D4489 Count: 6
Case D4490 Count: 7
Case D4491 Count: 9
Case D4492 Count: 8
Case D4493 Count: 6
Case D4494 Count: 10
Case D4495 Count: 4
Case D4496 Count: 7
Case D4497 Count: 6
Case D4498 Count: 6
Case D4499 Count: 7
Case D4500 Count: 5
Case D4501 Count: 8
Case D4502 Count: 8
Case D4503 Count: 13
Case D4504 Count: 6
Case D4505 Count: 10
Case D4506 Count: 7
Case D4507 Count: 5
Case D4508 Count: 6
Case D4509 Count: 1
Case D4510 Count: 4
Case D4511 Count: 5
Case D4512 Count: 9
Case D4513 Count: 6
Case D4514 Count: 7
Case D4515 Count: 7
Case D4516 Count: 5
Case D4517 Count: 7
Case D4518 Count: 6
Case D4519 Count: 4
Case D4520 Count: 8
Case D4521 Count: 5
Case D4522 Count: 5
Case D4523 Count: 8
Case D4524 Count: 8
Case D4525 Count: 10
Case D4526 Count: 8
Case D4527 Count: 9
Case D4528 Count: 10
Case D4529 Count: 9
Case D4530 Count: 4
Case D4531 Count: 3
Case D4532 Count: 2
Case D4533 Count: 7
Case D4534 Count: 5
Case D4535 Count: 7
Case D4536 Count: 9
Case D4537 Count: 8
Case D4538 Count: 5
Case D4539 Count: 6
Case D4540 Count: 7
Case D4541 Count: 2
Case D4542 Count: 8
Case D4543 Count: 6
Case D4544 Count: 2
Case D4545 Count: 10
Case D4546 Count: 7
Case D4547 Count: 9
Case D4548 Count: 2
Case D4549 Count: 9
Case D4550 Count: 11
Case D4551 Count: 7
Case D4552 Count: 4
Case D4553 Count: 10
Case D4554 Count: 10
Case D4555 Count: 6
Case D4556 Count: 9
Case D4557 Count: 4
Case D4558 Count: 9
Case D4559 Count: 6
Case D4560 Count: 7
Case D4561 Count: 11
Case D4562 Count: 6
Case D4563 Count: 6
Case D4564 Count: 5
Case D4565 Count: 9
Case D4566 Count: 13
Case D4567 Count: 9
Case D4568 Count: 11
Case D4569 Count: 7
Case D4570 Count: 3
Case D4571 Count: 6
Case D4572 Count: 11
Case D4573 Count: 10
Case D4574 Count: 8
Case D4575 Count: 7
Case D4576 Count: 8
Case D4577 Count: 6
Case D4578 Count: 8
Case D4579 Count: 4
Case D4580 Count: 11
Case D4581 Count: 7
Case D4582 Count: 5
Case D4583 Count: 11
Case D4584 Count: 9
Case D4585 Count: 8
Case D4586 Count: 8
Case D4587 Count: 8
Case D4588 Count: 10
Case D4589 Count: 10
Case D4590 Count: 7
Case D4591 Count: 4
Case D4592 Count: 11
Case D4593 Count: 4
Case D4594 Count: 2
Case D4595 Count: 11
Case D4596 Count: 4
Case D4597 Count: 4
Case D4598 Count: 8
Case D4599 Count: 8
Case D4600 Count: 5
Case D4601 Count: 2
Case D4602 Count: 7
Case D4603 Count: 6
Case D4604 Count: 8
Case D4605 Count: 5
Case D4606 Count: 4
Case D4607 Count: 11
Case D4608 Count: 7
Case D4609 Count: 12
Case D4610 Count: 11
Case D4611 Count: 4
Case D4612 Count: 5
Case D4613 Count: 5
Case D4614 Count: 9
Case D4615 Count: 3
Case D4616 Count: 6
Case D4617 Count: 5
Case D4618 Count: 6
Case D4619 Count: 7
Case D4620 Count: 9
Case D4621 Count: 9
Case D4622 Count: 7
Case D4623 Count: 6
Case D4624 Count: 7
Case D4625 Count: 2
Case D4626 Count: 2
Case D4627 Count: 9
Case D4628 Count: 14
Case D4629 Count: 4
Case D4630 Count: 12
Case D4631 Count: 8
Case D4632 Count: 3
Case D4633 Count: 7
Case D4634 Count: 10
Case D4635 Count: 4
Case D4636 Count: 8
Case D4637 Count: 4
Case D4638 Count: 5
Case D4639 Count: 6
Case D4640 Count: 11
Case D4641 Count: 5
Case D4642 Count: 3
Case D4643 Count: 6
Case D4644 Count: 6
Case D4645 Count: 10
Case D4646 Count: 7
Case D4647 Count: 6
Case D4648 Count: 7
Case D4649 Count: 10
Case D4650 Count: 9
Case D4651 Count: 8
Case D4652 Count: 5
Case D4653 Count: 8
Case D4654 Count: 3
Case D4655 Count: 7
Case D4656 Count: 11
Case D4657 Count: 9
Case D4658 Count: 8
Case D4659 Count: 5
Case D4660 Count: 9
Case D4661 Count: 7
Case D4662 Count: 9
Case D4663 Count: 4
Case D4664 Count: 5
Case D4665 Count: 7
Case D4666 Count: 5
Case D4667 Count: 7
Case D4668 Count: 11
Case D4669 Count: 5
Case D4670 Count: 9
Case D4671 Count: 6
Case D4672 Count: 5
Case D4673 Count: 5
Case D4674 Count: 7
Case D4675 Count: 6
Case D4676 Count: 5
Case D4677 Count: 11
Case D4678 Count: 3
Case D4679 Count: 10
Case D4680 Count: 5
Case D4681 Count: 8
Case D4682 Count: 5
Case D4683 Count: 11
Case D4684 Count: 7
Case D4685 Count: 9
Case D4686 Count: 7
Case D4687 Count: 13
Case D4688 Count: 6
Case D4689 Count: 10
Case D4690 Count: 9
Case D4691 Count: 8
Case D4692 Count: 9
Case D4693 Count: 10
Case D4694 Count: 4
Case D4695 Count: 5
Case D4696 Count: 6
Case D4697 Count: 14
Case D4698 Count: 10
Case D4699 Count: 1
Case D4700 Count: 6
Case D4701 Count: 6
Case D4702 Count: 7
Case D4703 Count: 11
Case D4704 Count: 4
Case D4705 Count: 9
Case D4706 Count: 4
Case D4707 Count: 8
Case D4708 Count: 10
Case D4709 Count: 9
Case D4710 Count: 5
Case D4711 Count: 4
Case D4712 Count: 11
Case D4713 Count: 7
Case D4714 Count: 8
Case D4715 Count: 14
Case D4716 Count: 3
Case D4717 Count: 5
Case D4718 Count: 3
Case D4719 Count: 8
Case D4720 Count: 7
Case D4721 Count: 8
Case D4722 Count: 8
Case D4723 Count: 5
Case D4724 Count: 8
Case D4725 Count: 10
Case D4726 Count: 8
Case D4727 Count: 11
Case D4728 Count: 10
Case D4729 Count: 5
Case D4730 Count: 10
Case D4731 Count: 9
Case D4732 Count: 6
Case D4733 Count: 4
Case D4734 Count: 5
Case D4735 Count: 5
Case D4736 Count: 8
Case D4737 Count: 11
Case D4738 Count: 7
Case D4739 Count: 10
Case D4740 Count: 10
Case D4741 Count: 5
Case D4742 Count: 8
Case D4743 Count: 6
Case D4744 Count: 4
Case D4745 Count: 6
Case D4746 Count: 1
Case D4747 Count: 5
Case D4748 Count: 9
Case D4749 Count: 7
Case D4750 Count: 8
Case D4751 Count: 5
Case D4752 Count: 4
Case D4753 Count: 8
Case D4754 Count: 6
Case D4755 Count: 8
Case D4756 Count: 5
Case D4757 Count: 4
Case D4758 Count: 7
Case D4759 Count: 4
Case D4760 Count: 3
Case D4761 Count: 11
Case D4762 Count: 8
Case D4763 Count: 11
Case D4764 Count: 2
Case D4765 Count: 3
Case D4766 Count: 9
Case D4767 Count: 5
Case D4768 Count: 5
Case D4769 Count: 11
Case D4770 Count: 4
Case D4771 Count: 8
Case D4772 Count: 5
Case D4773 Count: 12
Case D4774 Count: 11
Case D4775 Count: 7
Case D4776 Count: 8
Case D4777 Count: 6
Case D4778 Count: 7
Case D4779 Count: 7
Case D4780 Count: 8
Case D4781 Count: 7
Case D4782 Count: 8
Case D4783 Count: 9
Case D4784 Count: 7
Case D4785 Count: 9
Case D4786 Count: 12
Case D4787 Count: 9
Case D4788 Count: 6
Case D4789 Count: 12
Case D4790 Count: 5
Case D4791 Count: 9
Case D4792 Count: 9
Case D4793 Count: 10
Case D4794 Count: 5
Case D4795 Count: 6
Case D4796 Count: 9
Case D4797 Count: 6
Case D4798 Count: 6
Case D4799 Count: 8
Case D4800 Count: 8
Case D4801 Count: 5
Case D4802 Count: 11
Case D4803 Count: 4
Case D4804 Count: 3
Case D4805 Count: 8
Case D4806 Count: 8
Case D4807 Count: 11
Case D4808 Count: 8
Case D4809 Count: 11
Case D4810 Count: 7
Case D4811 Count: 7
Case D4812 Count: 6
Case D4813 Count: 5
Case D4814 Count: 4
Case D4815 Count: 9
Case D4816 Count: 6
Case D4817 Count: 6
Case D4818 Count: 7
Case D4819 Count: 5
Case D4820 Count: 8
Case D4821 Count: 11
Case D4822 Count: 7
Case D4823 Count: 6
Case D4824 Count: 10
Case D4825 Count: 6
Case D4826 Count: 7
Case D4827 Count: 5
Case D4828 Count: 8
Case D4829 Count: 7
Case D4830 Count: 6
Case D4831 Count: 4
Case D4832 Count: 9
Case D4833 Count: 4
Case D4834 Count: 4
Case D4835 Count: 12
Case D4836 Count: 4
Case D4837 Count: 8
Case D4838 Count: 6
Case D4839 Count: 11
Case D4840 Count: 8
Case D4841 Count: 7
Case D4842 Count: 9
Case D4843 Count: 11
Case D4844 Count: 7
Case D4845 Count: 7
Case D4846 Count: 12
Case D4847 Count: 6
Case D4848 Count: 8
Case D4849 Count: 10
Case D4850 Count: 9
Case D4851 Count: 9
Case D4852 Count: 5
Case D4853 Count: 2
Case D4854 Count: 5
Case D4855 Count: 6
Case D4856 Count: 6
Case D4857 Count: 8
Case D4858 Count: 3
Case D4859 Count: 6
Case D4860 Count: 8
Case D4861 Count: 9
Case D4862 Count: 8
Case D4863 Count: 4
Case D4864 Count: 6
Case D4865 Count: 8
Case D4866 Count: 6
Case D4867 Count: 9
Case D4868 Count: 8
Case D4869 Count: 3
Case D4870 Count: 6
Case D4871 Count: 6
Case D4872 Count: 4
Case D4873 Count: 8
Case D4874 Count: 10
Case D4875 Count: 8
Case D4876 Count: 7
Case D4877 Count: 6
Case D4878 Count: 6
Case D4879 Count: 5
Case D4880 Count: 5
Case D4881 Count: 3
Case D4882 Count: 8
Case D4883 Count: 7
Case D4884 Count: 3
Case D4885 Count: 10
Case D4886 Count: 10
Case D4887 Count: 13
Case D4888 Count: 9
Case D4889 Count: 5
Case D4890 Count: 5
Case D4891 Count: 6
Case D4892 Count: 6
Case D4893 Count: 3
Case D4894 Count: 8
Case D4895 Count: 11
Case D4896 Count: 5
Case D4897 Count: 2
Case D4898 Count: 8
Case D4899 Count: 5
Case D4900 Count: 2
Case D4901 Count: 5
Case D4902 Count: 12
Case D4903 Count: 4
Case D4904 Count: 7
Case D4905 Count: 6
Case D4906 Count: 7
Case D4907 Count: 8
Case D4908 Count: 6
Case D4909 Count: 7
Case D4910 Count: 10
Case D4911 Count: 6
Case D4912 Count: 5
Case D4913 Count: 8
Case D4914 Count: 2
Case D4915 Count: 4
Case D4916 Count: 4
Case D4917 Count: 8
Case D4918 Count: 11
Case D4919 Count: 1
Case D4920 Count: 3
Case D4921 Count: 6
Case D4922 Count: 6
Case D4923 Count: 8
Case D4924 Count: 11
Case D4925 Count: 8
Case D4926 Count: 3
Case D4927 Count: 6
Case D4928 Count: 11
Case D4929 Count: 4
Case D4930 Count: 5
Case D4931 Count: 6
Case D4932 Count: 3
Case D4933 Count: 4
Case D4934 Count: 3
Case D4935 Count: 7
Case D4936 Count: 7
Case D4937 Count: 6
Case D4938 Count: 6
Case D4939 Count: 7
Case D4940 Count: 7
Case D4941 Count: 7
Case D4942 Count: 7
Case D4943 Count: 7
Case D4944 Count: 5
Case D4945 Count: 4
Case D4946 Count: 7
Case D4947 Count: 4
Case D4948 Count: 5
Case D4949 Count: 9
Case D4950 Count: 7
Case D4951 Count: 5
Case D4952 Count: 10
Case D4953 Count: 10
Case D4954 Count: 10
Case D4955 Count: 5
Case D4956 Count: 8
Case D4958 Count: 8
Case D4959 Count: 6
Case D4960 Count: 3
Case D4961 Count: 8
Case D4962 Count: 4
Case D4963 Count: 5
Case D4964 Count: 6
Case D4965 Count: 7
Case D4966 Count: 7
Case D4967 Count: 12
Case D4968 Count: 7
Case D4969 Count: 9
Case D4970 Count: 8
Case D4971 Count: 9
Case D4972 Count: 14
Case D4973 Count: 5
Case D4974 Count: 9
Case D4975 Count: 9
Case D4976 Count: 6
Case D4977 Count: 8
Case D4978 Count: 5
Case D4979 Count: 5
Case D4980 Count: 2
Case D4981 Count: 4
Case D4982 Count: 5
Spent time: 2055.790 sec.
