Elliptic curve parameters:
name = secp256k1
mode = legacy
p = 115792089237316195423570985008687907853269984665640564039457584007908834671663
a = 0
b = 7
g = (55066263022277343669578718895168534326250603453777594175500187360389116729240, 32670510020758816978083085130507043184471273380659243275938904335757337482424)
n = 115792089237316195423570985008687907852837564279074904382605163141518161494337

----------------------------------------------------------------------------------------------------------------------------------------------------------------------------------------------------------------------------------------------------------------------------------------------------------------------------------------------------------------------------------------------------------------------------------------------------------------------------------------------------------------------------------------------------------------------------------------------------------------------------------------------------------------------------------------------------------------------------------------------------------------------------------------------------------------------------------------------------------------------------------------------------------------------------------------------------------------------------------------------------------------------------------------------------------------------------------------------------------------------------------------------------------------------------------------------------------------------------------------------------------------------------------------------------------------------------------------------------------------------------------------------------
case                                                                             s                                                                               s_zk                                                                            s_rxk                                                                           s_zr                                                                            z                                                                               r                                                                               x                                                                               k-1                                                                             q                                                                               a                                                                               m1                                                                                                                                                                                             m2                                                                                                                                                                                             f                                                                                    
----------------------------------------------------------------------------------------------------------------------------------------------------------------------------------------------------------------------------------------------------------------------------------------------------------------------------------------------------------------------------------------------------------------------------------------------------------------------------------------------------------------------------------------------------------------------------------------------------------------------------------------------------------------------------------------------------------------------------------------------------------------------------------------------------------------------------------------------------------------------------------------------------------------------------------------------------------------------------------------------------------------------------------------------------------------------------------------------------------------------------------------------------------------------------------------------------------------------------------------------------------------------------------------------------------------------------------------------------------------------------------------------------
D5                                                                               64201510912198583782233403325597950324009845686560713829327444819019673730863   107667276227134426486662276996539339218301591287517723996843785012622395173956  72326323922380352719142111337746518958545818678117894215088822947915440051244   107610290119699587634713842544349859176148314106351621477324358436907022729330  102075434830493042870242043579972885263346725852910978305392715178207421323334  7900174846019691881864033062183567705331736661491748064259165429450823434463    7143612529426403923280538424914836989871907346610287706058718819222991499076    36475701279346365153084252170281310092270465592901949383764600163644552694611   43408779207501003852480439218751908852138468419790907647996913617887348998467   20792731704697579929752964106846041471871377266769806181330531201132324732396   -                                                                                                                                                                                              -                                                                                                                                                                                              5.178120785486295204344179704278998418319403069678305166394580070954190062446095     
D0                                                                               70404498457379896001499202077186203161508078786778958273886265229821004075236   26696985914012306350207021107097637127701927264133131611613697159822896171795   43707512543367589651292180970088566033806151522645826662272568069998107903441   105832128837691603700658663970534657902606117352150185319103330325248500243974  102075434830493042870242043579972885263346725852910978305392715178207421323334  22729123249584982663716866742288046873747720783582244222927210106857229604227   7143612529426403923280538424914836989871907346610287706058718819222991499076    61276392766993362389404211512903879302912332479909836520250481888630538548677   35427630380311707699159461893348454741098038565371227045217065095427496168738   34976868077068188302339740183837748420410040221407731228669200134393507906498   -                                                                                                                                                                                              -                                                                                                                                                                                              0.763275484105324914015123288900520398632095151481935104368054993136491463970869     
D2                                                                               68668121072520624711547015026344321103413240862495116058434353424860498716172   47538279954857408147993320073521736522743900553462966383302978099534281553383   21129841117663216563553694952822584580669340309032149675131375325326217162789   91714100804852533720466729838182696282536470315939763478100743130879401394172   52015812273314236856416408079188709345663359343882538178867919546331509988386   87706478540677406934165204990999594125727424094332368595483969324213003553500   91903981280491368320787747238831699168543306161638889034732679227737110379836   42651498024801087446887398785590827344996702333865572088305576232421598416409   23045979732331909008919714811838375179123229453444647419666389706018902678000   22576161607856806693707585402667570745166781955605821219101574012822693360172   -                                                                                                                                                                                              -                                                                                                                                                                                              2.105684782939959547886671836434273736531181906149383677105935628730496345711322     
D10                                                                              44896289883993009268740804313184386498616652363190210298381958916773466997144   71253329291888610275624441527136732698497289037129493691785311203216833307726   89435049829420594416687347794735561652956927605135620989201810855074795183755   63796688026912172057749555214348546064208738514026910829136817054149105800103   52015812273314236856416408079188709345663359343882538178867919546331509988386   38744724490888581538299095739987613789260907444258063593425642469531961410259   91903981280491368320787747238831699168543306161638889034732679227737110379836   9553177575298911445231768576053156143690666240468730161543472172380368232201    18900398142919162789008750901164159565592086150836700530754858137375638802959   7095493598154683690723302510856067367432480061516809236872242642022189391226    -                                                                                                                                                                                              -                                                                                                                                                                                              10.04205391861947083572718900491770884377145278830452162727672973452381172218863     
D104                                                                             76401110653806058176343869856535401271573348847563863739212254975793783414728   112126947681405254692378699220187294145430196994761181116080192433308537474439  80066252209716998907536155645036014978980716131877587005737225684003407434626   78003829632390814886485079221187735696662045477820255819458235807500732578606   52015812273314236856416408079188709345663359343882538178867919546331509988386   102715903593449701163741623343521908274024420113469221372840524484659505758652  91903981280491368320787747238831699168543306161638889034732679227737110379836   62709882710553338824712551331216602573777898421854502730312646109682621085886   1602718978584756710141209364652334425088696630256392080245980831706949163878    1073318660322492799707029717875683292404607225513435967651155885567172712462    -                                                                                                                                                                                              -                                                                                                                                                                                              104.4675284483689391597742518329745408851070084218129907634623412613761209391177     
D2                                                                               63201419292537853030780206238751390512442949298340924577263401645822525555436   56626475992662779063941304692011782750581422192405715598711712597294041557221   6574943299875073966838901546739607761861527105935208978551689048528483998215    100480838575728457475619045585479598307172298452439007963935223527375693999220  52015812273314236856416408079188709345663359343882538178867919546331509988386   112061665285270635499048844577586249653396337105922772746991050305049501807228  91903981280491368320787747238831699168543306161638889034732679227737110379836   48520593639684671563312302206818733475824060978517604371691514190726720976747   37279419283190604444838839346728207794729349154098083386671821881553168443784   25922000009347248585941366892023182717713600144242841190591579764269357111652   -                                                                                                                                                                                              -                                                                                                                                                                                              2.184494868152293900802739094921538930696222248829006163954320772725069055923151     
D7                                                                               73124908866496412312168150053364979948101630402760650476043020336576764410436   91254596018278272646989177654165415725718410757348475352598902207597365348645   97662402085534335088749957407887472075220783924487079506049281270497560556128   103270642727355065528218759318230862401245056311067856314107930708453757048192  20212368497567914749983444740340822417260728089348615362541735949808206938709   48330651072636428747291655634716596332375455570950902818529552832897589027619   13718541367517058046375300614112965130340710165577641553736462503540050320477   43221768715961107689652357340221341768792178045865552241307265419982074569029   30145733860858653216050609264865882453143425908307205838064910371876992637756   12833441144779105880066931523633215041814778586146238799913199592822779134924   -                                                                                                                                                                                              -                                                                                                                                                                                              7.110688005562905615841870260318797088158368082701035674372322203522199371621347     
D2                                                                               62519170320458721344192041424679690433742737852831865223975551679632761325836   38096160978410668073627570025902514575009066006993792243177118444276647404399   24423009342048053270564471398777175858733671845838072980798433235356113921437   108301170502195343488563897806569495488574999201273862597034645501652844288838  20212368497567914749983444740340822417260728089348615362541735949808206938709   8153764650377488776969872195612192889545348490978908831286856174847723397792    13718541367517058046375300614112965130340710165577641553736462503540050320477   92823080149665107093483166918110951113641501206441251972058461043221139910157   45782000181736622144371856381889805054832261348441997373059093822020082963002   16737170138722099199820185042789885378910476504389867850916457857612678362834   -                                                                                                                                                                                              -                                                                                                                                                                                              2.276141107646011574595284513834943832407802434411823199001132677667984687433996     
D8                                                                               38685616921312184542261165093309068170278330399862606734981033562268793276309   63086053931584476754179600456542065319836944476753647882667428482321215780797   91391652227043903211652549645454910703278950202183863234918768221465738989849   54111480426966573014347539435064356860832876808635418629822967647182317185450   20212368497567914749983444740340822417260728089348615362541735949808206938709   71893091555598317389312897595849644609381583411685502512641634456846917061515   13718541367517058046375300614112965130340710165577641553736462503540050320477   111063123684929918147889315809057234578046713426187176109693045015726604000499  15425863505654388472086374341755288690554546408772811894841934084913523909141   7833889910003407598088416409798490789169237582316982945297165392441745458027    -                                                                                                                                                                                              -                                                                                                                                                                                              8.052966617647686024289205647055303764939720098590288776505247483482524199548115     
D5                                                                               61552797145644512207153870014452555748859746828958060272822844681823141081380   60950034592796731794780773167763792787885133250762435627845242611923211281483   602762552847780412373096846688762960974613578195624644977602069899929799897     86994542993945806769140386106317932393368284598499738515474134024716967199083   79635259393314242835292759378309547772237779041847740358397539312381302414244   93846108816810328481335487049449156487798019164928810939960651113039536567941   50434404951549047357867222013790873982128401044241654137448916620813543869565   76071935442621147240060973602853224479344821551021224251101902478946955364655   25441745848301294561986516091865376644508537769541678242651289342893826117703   10669305449041923083180837830721802459842671289874703787520265996035488845974   -                                                                                                                                                                                              -                                                                                                                                                                                              5.712652513690091448450959156661934736880680826855035613568202223872044530697916     
D1                                                                               103286514532982329245503297486646975101419388141570266675576938329370854056323  8152750425994434905129497246120736316881667895145331666663806010847975796361    95133764106987894340373800240526238784537720246424935008913132318522878259962   115669074592098373533954019366151788211886834711342476487988416104897683524487  79635259393314242835292759378309547772237779041847740358397539312381302414244   110684857046704347997266623751512525560979475561825873714945566241425707252641  50434404951549047357867222013790873982128401044241654137448916620813543869565   44250430649581886098710917446215259890781210386945887425831622972285675020701   12382560059116044288450721879504813110467446569772209812411477775526829468164   4226034060053974937897522450608470217679815583392588176285116125156218311011    -                                                                                                                                                                                              -                                                                                                                                                                                              1.929172910142212132836191265162674746536582166891421134417868016364183608658811     
D49                                                                              20315162842798660288771658486895431171548472587262800774941333378634525451090   76312169023112818617323495395152045382197433598820804779427090988224555071476   59795083057002037095019148100431293642188603267516900378119405531928131873951   26570596733720103180051903387470675229084223082554942070426730290047390517055   79635259393314242835292759378309547772237779041847740358397539312381302414244   70368889437246357936114946409591041526863876496718681621732416746069657375463   50434404951549047357867222013790873982128401044241654137448916620813543869565   83837090478938377441879335719622324562455009420082254040673442167446114111341   6255433890921442891280244900575244057535750495292141295485396911412865065965    1548861170034331614930923785169698998941221101386376888485142644395930253195    -                                                                                                                                                                                              -                                                                                                                                                                                              49.26985742784248690565939625848348615832831191564719847138565631714104697653953     
D18                                                                              15318394048167195224403922815826152445273295158646489656957717477235445514928   42984681997477263043420805310423468743159737860174814198646175461558508354610   88125801288006127604554102514090591554951121577546579840916705157195098654655   28281797273351166658826438760131842000597831884722896671523865640020583256918   79635259393314242835292759378309547772237779041847740358397539312381302414244   22275239677739370769675996640477535727230742032548210755818933508842830564794   50434404951549047357867222013790873982128401044241654137448916620813543869565   40942504626603475432768907852951934030462111718190498980410994062909792066383   12963403225183971434422515944305689555324536726076407014566148162785137741990   2354990822983223789981406871520462889948758432570082642391569314450307772938    -                                                                                                                                                                                              -                                                                                                                                                                                              18.25259002199664721454122559642510681017288581061249437522757301808732814072196     
D8                                                                               79206505777085476991535216236187215024255353835622132827092383048337898651560   13130457085365528565574129830696217354687217372104651541429479476165452912856   66076048691719948425961086405490997669568136463517481285662903572172445738704   88913341133784976698564645640733381468733746435416176818992444643660970962053   77292843768932180996504088342858083486772474277561184621925820624868369668438   13489944798627855427934647281485783160387240183989354183278064547423103865679   113823086406470143414783752572969513532325544875210311511888598097951326239239  86860884962238264639361573280153028846671732087829218504196144567676395222880   9706835356699499707029429404546166444478392599794043991900061595323072310493    1551822923489479335299780999817883468428213037269780891891890285753320167616    -                                                                                                                                                                                              -                                                                                                                                                                                              8.461311459325498993611054310810175165649508262253316123422805398020345176107404     
D15                                                                              37554054674705751421494456560316185311737425274561657230289178208307365946022   37499015695594556935193330007004803903448905993835169247967823500085832018451   55038979111194486301126553311381408288519280726487982321354708221533927571      72762504048536623059514948219365084890224533226986204277005135285991969858630   77292843768932180996504088342858083486772474277561184621925820624868369668438   84825233675688301054864159751119058320458636057351105987551767822587357715844   113823086406470143414783752572969513532325544875210311511888598097951326239239  37084510512762911042197706819788458188236061163670411597070705851589790914705   35208449373830871638020491659048899578487107952424547046715957077684603912608   2345605300874879783473964901267285733250317322137110183573221130622762033414    -                                                                                                                                                                                              -                                                                                                                                                                                              15.98692485969737516176602419730010522865633395494925482075715091090964121392361     
D15                                                                              97014038846543642919066749480140709432110785751976141787439392363626793541788   23655296203620620668873078314185080348668659338477895692265231801787999768683   73358742642923022250193671165955629083442126413498246095174160561838793773105   102038479336790124332611724440047338482898002827955837615218934260755882545678  77292843768932180996504088342858083486772474277561184621925820624868369668438   65912538168494271304861121852618797695234707955103922763864994288143328275335   113823086406470143414783752572969513532325544875210311511888598097951326239239  107460565099024289183581559442774357625132493535842271330685966236921627169597  5024440490246481413544974959906629050787217075979695827779541897129089003890    1549669531860496061712225241914757467153661308361921059628096318174102467878    -                                                                                                                                                                                              -                                                                                                                                                                                              15.26473594355348753796221711659485954389712118384355770388804149996317769503673     
D8                                                                               10650244023688339103948658347683049392993989506285844858588289179914968316028   10328143474655648557593367774968890689870873159968509577535787570381679903622   322100549032690546355290572714158703123116346317335281052501609533288412406     20125234533064185430723985876811814561399725360797672983354022640151632169155   77292843768932180996504088342858083486772474277561184621925820624868369668438   64953689694863515744953891087930108959639353072885588852283867609332881666323   113823086406470143414783752572969513532325544875210311511888598097951326239239  1474300324433334396588088864439661237195037391872405973509139062203882116439    9474990509375846326775327529128765168405735854511828124765733460236663853127    1175253514312492777173330818554284224588253651774016733822555719678304462901    -                                                                                                                                                                                              -                                                                                                                                                                                              8.788013265969658599356832919588712627237501550284131302037932914926917927487287     
D13                                                                              22144849654695439564271261437830630666045102504087261823896368269268700617133   53262298515578979800971700803563108772086676047865831975003029603991351610469   84674640376432655186870545642955429746795990735296334231498501806795510501001   31206379021292460359013285727405794148860409835725624358355254974546105150186   66181686172370532182926423065296204023114862116001455924426759967714031641231   60787412899480976951794095583268701859239420241305119157692711138292866371284   78051595916952806811677954339738472231947931903937131962989494924878556801163   31400494284057955010424213964425307061645855911548044250657059395534847934419   9061529366597020794742024289575163482815307331638362534458886705277404533053    4021790921501397974787212858680303700414487840810536754978594858713891551027    -                                                                                                                                                                                              -                                                                                                                                                                                              13.24342800388423071398740336839025795367802618854385696446413074338810512074185     
D38                                                                              13272012876744027191748709677477825752687078342038119896993478455840642991008   87650942978672406854738088709371402167829707945061635530994838036103606234729   41413159135387815760581605976794331437694934676051388748603803561255198250616   18762012797371748585349664813107364665336193382547682086585819552192504696666   66181686172370532182926423065296204023114862116001455924426759967714031641231   96253321477530417539180832534301328386382608014341392759264423814923209414173   78051595916952806811677954339738472231947931903937131962989494924878556801163   70033152226849546611306071208980859003403001813135895144448506526407946058657   5489999920627721393600955135629538912649115040509562189592341096351861705658    2292013035488584404546799406218747927388848261018995517808796263136919579692    -                                                                                                                                                                                              -                                                                                                                                                                                              38.24190422197490201084687416980299798422149174594539140707435517681233821106251     
D1                                                                               83030444203446400862119299246150304122662095162059937162258888275159450457714   37733272485979724096426580022674598405617073453817216229282805206201095021826   45297171717466676765692719223475705717045021708242720932976083068958355435888   113434908205423882704283563362934531620750792710431133255483161544226458772822  66181686172370532182926423065296204023114862116001455924426759967714031641231   47276537842321410661982151722862273223279874655260608600344007270442399115625   78051595916952806811677954339738472231947931903937131962989494924878556801163   106684057829873759333904695848151769692310663250219398596024315977352596324984  30404464001977481842164264116784227498088697548371196093224273269067008315108   22221516199491437177790771012581849126484700065317544975810341737025433827498   -                                                                                                                                                                                              -                                                                                                                                                                                              1.698051210692962967684103903785781048470923897665672283539941697947092037789250     
D3                                                                               58840110230144566720979323570919259995286758767521367050449758368916783044032   100467492169320099807878998240501861451024869562679038780999848616744047295786  74164707298140662336671310339105306397099453483917232652055072893690897242583   90175339997965976902562585068958527277174972107278071753671797431551015320025   66181686172370532182926423065296204023114862116001455924426759967714031641231   1823195581093008358065908494316395551811235736671191216274529141668547924835    78051595916952806811677954339738472231947931903937131962989494924878556801163   6823525959407031545859749480539835073856370462202851205191753845665022000998    31335229767821410181583261498039267281888213339756704703222039062634232275993   27504880462323156539396062072879992713398545427764662347227719306282550768039   -                                                                                                                                                                                              -                                                                                                                                                                                              3.652715099305480524105383982771118521614610601305001971704509107263550602951961     
D35                                                                              104597568718124163470910113564596647708557880910942062285102663133460657796566  72003971758870189597729317706802123883667802227012796552421038273283388835725   32593596959253973873180795857794523824890078683929265732681624860177268960841   107447103183527525886933703914528666331615826333216365817175442702494608396905  35865094866302344798010920581034966805314640549682645328781318644873554790379   70297966406089853541516590511314614636560622328672747006804738127585691426420   96197229547043994224209794723699299969726537098510154370769574234427182269759   52865688280103735612799660953332745137626095432289262833978966962675686435809   2849534465403362416023590349932018623057945422274303532072779569033950600339    2014327963603116494060860967043977278471845709067135130482598648238436184362    -                                                                                                                                                                                              -                                                                                                                                                                                              35.74590288171025403904011749534846173142114868606099196193600320498706835460703     
D39                                                                              27112009196968528266395132552149979968542018294543074811311932982534308151644   102010871652096523065034740584928549777384254086483529915388477091492954941429  40893226782188200624931376975909338043995328487134449278528619032559514704552   35288434329203034993969261209806993278528198324578524072082531137795334344402   35865094866302344798010920581034966805314640549682645328781318644873554790379   92812786912601394170289483018437776138149114485985351995286058049397822348696   96197229547043994224209794723699299969726537098510154370769574234427182269759   99597490346611197196624602326327267767114481057823967965950576841803909989043   8176425132234506727574128657657013309986180030035449260770598155261026192758    2582733800265008083672746579178940038583478204436727029000138516751229573370    -                                                                                                                                                                                              -                                                                                                                                                                                              39.49724576401541407587630918195986854401700184722285935172115106142599824383025     
D1                                                                               60308979860657545267755414878876320187629279094705410006545764228563917474126   20680914373306624292347269440688055715904494086605415252049700118934446293318   39628065487350920975408145438188264471724785008099994754496064109629471180808   101000332747615531251745786823546671865758538577459015062335133560876048600340  35865094866302344798010920581034966805314640549682645328781318644873554790379   95306317702729570859877120887942113818495071978556241839678370610344407660565   96197229547043994224209794723699299969726537098510154370769574234427182269759   22980124417935777513651729187102002325261263407755310651201162156152922661057   40691352886957985983990371944670351678129259482753605055789369332312131126214   19617626973699559283765042934205968509500019611951804950756394896251786347912   -                                                                                                                                                                                              -                                                                                                                                                                                              1.054200612593590703242730459478381239307485013753948790709891053257294985871332     
D14                                                                              13191521507844753138326224090129324462667733667059191416536623107449819397874   46799537420262130634412040598950110674146996352853572287215280938904030166734   82184073324898817927485168499867121641358301593280523511926505310063950725477   16528838663989244735657186365264805294493450620638616113377092057443685497040   89273824299629904409025328832955086621619950333631054220502361993194405674412   60166720479136932066132394393467882040268793566342445070468821773478247784408   84456257349137990754285930321059198489509387052946621315232391506603901432167   101968526640098228108800077327218485558638453674866967934324862203614786501001  3337317156144491597330962275135480831825716953579424696840468949993866099166    3179570039411278346333337264722881967190582806320917326015216257468221100376    -                                                                                                                                                                                              -                                                                                                                                                                                              14.71882576580304615000306564906265807477128260193855773884232381874286002261412     
D2                                                                               46335110543385881331614977460383492609176356411419613508611301647179081386942   56210794701923202464952529638808673400314203777181292929277364527403105519670   105916405078778874290233432830262727061699716913313224961939100261294137361609  70461521598852718849999746025961516848650947486797387878964932319688995491489   89273824299629904409025328832955086621619950333631054220502361993194405674412   36109465545556086533932331987165377113897945466550076490974248392567835152161   84456257349137990754285930321059198489509387052946621315232391506603901432167   73517452060616147066247365998731653159442462647162269934937052959893235123043   24126411055466837518384768565578024239474591075377774370353630672509914104547   22208699487919043813230208894805468369701765336041839138257670974669167282395   -                                                                                                                                                                                              -                                                                                                                                                                                              2.531025949200691200528131015326494142855359355448531128585032429968266725595805     
D160                                                                             98592777497692780486743714914522454566684289438639535147365764997253106835972   36932582797969963516897117112928061860143750977857743060242617833448467593093   61660194699722816969846597801594392706540538460781792087123147163804639242879   99361236852342209633385466602450253549115292714444183252788682023010456262164   52414812013530822791429125506811027282330677339088220312213293373035131402896   75037940883597798969247308936020072344775952748993127073367335798022198228732   54365552359079263864948303294680194347788510478349524097603272196129464502999   94678912214640273453814386147643813667418626811042340367379282774536686628049   768459354649429146641751687927798982431003275804648105422917025757349426192     229980102565849716599498859764184815515870135644577653232385700312380283396     -                                                                                                                                                                                              -                                                                                                                                                                                              160.5903397116502074707428374737818033256121684002843753187674141444576333129530     
D79                                                                              58254536299674114667932071005224113393623375974288130566948020799169165239126   102135459543627122575664977656720744987941054246158604749793560927209660005515  71911165993363187515838078357191276258519886007204430199759623013477666727948   64585302834182393398118812928063800313379324360871445613332032366214363082410   52414812013530822791429125506811027282330677339088220312213293373035131402896   97306263832110972822672150147713826396584107948248082566068988267106893489068   54365552359079263864948303294680194347788510478349524097603272196129464502999   6643788827545925110309446712917153660840759652414695927763268984508268831221    6330766534508278730186741922839686919755948386583315046384011567045197843284    1277637489099606096251393699666931115819840495038295149491916695762384649570    -                                                                                                                                                                                              -                                                                                                                                                                                              79.94087557309029778235558488234832574478386137149175558756963979135092435227272     
D19                                                                              14505508713121909751972024563352448031691041102072731659722315460610442242873   113245586939076674355350022709093189590321515436154649805985900517086533765828  17052011011361430820192986862947166294207089944992986236341578085042069971382   23316399397105306566278008041893462324757030521284723453030584098048785070079   52414812013530822791429125506811027282330677339088220312213293373035131402896   59051143547365167114233853426757300947100238155225941384586832556843060879143   54365552359079263864948303294680194347788510478349524097603272196129464502999   16855877530231709740699353117317847108217692703628693083553050393521080013716   8810890683983396814305983478541014293065989419211991793308268637438342827206    5694618029138512937666041084811433738625051682860739866414046823172099415667    -                                                                                                                                                                                              -                                                                                                                                                                                              19.88642370034581074251425289636458943687807193968460193126049664504570772135407     
D2                                                                               34321450829226571129771030368206851286080688147266290072193701879408776742301   40362428218289126380719749980902790639548564050959542241402989712874155089563   109751111848253640172622265395991968499369688375381652213395875308052783147075  52636098687320420580463007596418396040406005394785472755052006319296087682535   52414812013530822791429125506811027282330677339088220312213293373035131402896   80486678097272471558307169671164951154260418689863537076104249059923219559056   54365552359079263864948303294680194347788510478349524097603272196129464502999   94899577389384597959629817313546404119989611412753218763857772562084067959622   18314647858093849450691977228211544754325317247519182682858304439887310940234   16006802971132721679079053139995306531755370899747107389335397439521465802067   -                                                                                                                                                                                              -                                                                                                                                                                                              2.521579624056113341103203552453313533690394017757030097686282855284743188099853     
D0                                                                               51871866879409048380568263308243953969236627915169804743726751358434008963060   19442957386781324290081360696908318470038336539983402472052707840314033385031   32428909492627724090486902611335635499198291375186402271674043518119975578029   81293336907494178182058143053701870987991085878766934773567468565716608307164   52414812013530822791429125506811027282330677339088220312213293373035131402896   49698014119966269864909366755113534112249659817955439395291157806032762343502   54365552359079263864948303294680194347788510478349524097603272196129464502999   13372684332713486635881032513084339670237389418219567824567051692722113198837   29421470028085129801489879745457917018754457963597130029840717207282599344104   22450396851323918579078383562786036950482169951572674713886034151151409618956   -                                                                                                                                                                                              -                                                                                                                                                                                              0.866040699215290571496165041416575790926079290680575797410024149141982917840117     
D35                                                                              37475252341887609451355042847518409052373250097533305878937250837670964588148   9059670157273688935512359310538187444021774418468947777561143936563787085538    28415582184613920515842683536980221608351475679064358101376106901107177502610   38085374768671193880856647385850666224427205205564039516610782556978085042308   63533985546666769843915200508249998157019698586792479141344658592398899851630   69504469865313377400448243184742623591473040912258068078911684862426613187106   50366081396555408479061815747799657513220248745143986081601429265400540497106   98530024599509135142198621997271442209685775567552365482611544984940041397489   610122426783584429501604538332257172053955108030733637673531719307120454160     257784308088959251757166009250721557081988507658553980851815959936616884388     -                                                                                                                                                                                              -                                                                                                                                                                                              35.14438184556707393943693187497172545952777278555033361535217197719339773838705     
D1                                                                               71021185513774782875316112032142701768061141027439480120532936520355790363465   13901731256645613278524571640670450698236937629431884800156348516258502945557   57119454257129169596791540391472251069824203398007595320376588004097287417908   86494704411062942387355527511369873430977855552809265803370115452161863032896   102777006330464866884261170698657196494367574964733241934812614156800556619356  74948181347909356398052764022137411601040477233906925572566803719793635468808   1756525899842249561087159792192896366923611188312007701865944939011170779148    47221402401128631593537274915227433306878356946485217575108259663792240978446   15473518897288159512039415479227171662916714525369785682837178931806072669431   9127109924622144827158450115234015116394282925960337389184220793131499685741    -                                                                                                                                                                                              -                                                                                                                                                                                              1.523125213945654765355456115969435752126656600691944644132852630699311153826770     
D0                                                                               72969959536614888644759939091654755954126325932378271383858039439424716217610   18397419280231403079196419807483485139343625419296506160939335718549053401645   54572540256383485565563519284171270814782700513081765222918703720875662815965   110725611167651280696928875896014187855673795872522715627196270650582385484037  102777006330464866884261170698657196494367574964733241934812614156800556619356  101803796065791671963854903014439834470061740598892543643781451917199895377755  1756525899842249561087159792192896366923611188312007701865944939011170779148    11645583037076373102046818334563065220455190300333495898117924848705597823052   37755651631036392052168936804359431901547469940144444243338231211157669266427   35214307905578496592591002287295324052578855992233827140519808228267046951183   -                                                                                                                                                                                              -                                                                                                                                                                                              0.522441597590420466767443117705575939934400185706388144894292069865300261831735     
D10                                                                              47896910168101349834351891093673966977464628104012737928473641229792030698240   106722807243803722437064465132427385390809241111560549034793309119423448124545  56966192161613822820858410969934489439492951271527093276285495251886744068032   85703079866664320448110690737617083280689249632100889411702866352496212933558   102777006330464866884261170698657196494367574964733241934812614156800556619356  114784754474588272014040263346506447003282623466569666251757561728684855259641  1756525899842249561087159792192896366923611188312007701865944939011170779148    79312042500186754296075537240910436960025147683636579283437420219034617511525   37806169698562970613758799643943116303224621528088151483229225122704182235318   10090740469538379220593091449730850674240006575924586445244416107087848462922   -                                                                                                                                                                                              -                                                                                                                                                                                              10.57631078373042005948051039850851705336245374854776878343014608353292563837386     
D199                                                                             42295325791274156385299818762912971169415519466168478809515016870440485409533   42985308167124542234318591215254215800758433765061645479845866387232674006284   115102106861465809574552212556346663221494649980181737712274313624725972897586  63335470332765357828733990808891051430155064838920357761857815807703915311263   10326521199227970279390782165140115586880291233084519611755297902841339490321   35958343467549370626831756077477066420542694093344970645695379229711381964004   84778813308220600846758322305007043388451174506677977260118621086791761156594   106611262553694607100686225994399568424067650278546723772016407146758965159817  21040144541491201443434172045978080260739545372751878952342798937263429901730   215036708291753498431474670956810647936428720664720904829418995913625606073     -                                                                                                                                                                                              -                                                                                                                                                                                              199.8975361397540402158370536981692489834570848655127358186306385326945346385967     
D4                                                                               32870458393937368635683216685389989169995452843955346208007167672802168833740   35668543477837072875642471812359570014968031176575511511254785133903815118502   112994004153416491183611729881718327007864985946454739079357545680416515209575  57688353256643637441247121114068578359976430499872134447110741552718450771958   10326521199227970279390782165140115586880291233084519611755297902841339490321   91640030391035792230707944964494548296819646682528821285194831085605121955886   84778813308220600846758322305007043388451174506677977260118621086791761156594   36668992995424572166904088825733093381053513648031168691324287333142977063983   24817894862706268805563904428678589189980977655916788239103573879916281938218   8052563531231099830119312256711399980014475188038557968903593792885886895522    -                                                                                                                                                                                              -                                                                                                                                                                                              4.429464398449019129587959016680409777731496422516036715416694445353095978302745     
D2                                                                               85423062740713681223132633093717721878157977950666599868036188345581882801448   33435353147746707699772039240341779064974398892906138409852495114903193610157   51987709592966973523360593853375942813183579057760461458183693230678689191291   103473804381247081665821639844176717890414259803839807558805776083462335664495  10326521199227970279390782165140115586880291233084519611755297902841339490321   47336508199356001120305023264341501644235737544373779601654730838700471016533   84778813308220600846758322305007043388451174506677977260118621086791761156594   110934013902611781265513838111494407126255629548903383322830627576340222862274  18050741640533400442689006750458996012256281853173207690769587737880452863047   13220096178580079452376606091881737829132850537973769104957837394060071349260   -                                                                                                                                                                                              -                                                                                                                                                                                              2.529130854730125917134716484161863060965839154274011716927259406386031467030738     
D3                                                                               48213602517610311960600033936224474761369653718786805118341796032084578190537   44509310503452021122820387990901610023658863644058562533663051868259526502334   3704292014158290837779645945322864737710790074728242584678744163825051688203    66024432134842484408323460413172431588576302778061964829449325263914880054781   10326521199227970279390782165140115586880291233084519611755297902841339490321   66179522119504588526675475197415440075547156163382310029298179442001071853508   84778813308220600846758322305007043388451174506677977260118621086791761156594   5851102268795488447069295551499692676544401965920604418191592720026642817654    17810829617232172447723426476947956827206649059275159711107529231830301864244   12591943283145967065153180982328561106956355600236485696126737568423974462049   -                                                                                                                                                                                              -                                                                                                                                                                                              3.534745154310433749321174268714966456859731811512174838828084405430595299122929     
D6                                                                               52692190157469262908695138802470387622669032183068990294984755538093949524453   54151656871407084791047172242344095546432506818770205411030542397593141598383   114332622523378373541218951568814199929074089643373689266559376282018969420407  63635743036814426282370796186628208921563064707280342971736715872214459539840   11805318171831481992340187273640213362719083725673749114586408720559538823236   107282429909209463653774487808960905749469445929049873658550482101560765103972  23575226842014705396487703745081441309204439449648594733071845850913417743539   100743332946363715714141559492496596329967490154817184091939875500650842781390  10943552879345163373675657384157821298894032524211352676751960334120510015387   8917978640088609413992509265839102427092902086223579587976914201611909462905    -                                                                                                                                                                                              -                                                                                                                                                                                              6.072189568607111132497786346625921221738140968243533281472063736703912541125678     
D7                                                                               63022002415721038095964387113035496175474067888732994702707810516850496802931   30259540557959979690572861802049857737314042808299673266942943197191518201749   32762461857761058405391525310985638438160025080433321435764867319658978601182   77823588040859847112241481993340906703319534041051440325169066357639935826120   11805318171831481992340187273640213362719083725673749114586408720559538823236   91167182087672984348345370277980274387447965853198371343050255911202290403166   23575226842014705396487703745081441309204439449648594733071845850913417743539   108557078579133151426330164567302131933680641263362550672828066690094661164579  14801585625138809016277094880305410527845466152318445622461255840789439023189   3815659915165802030856007591813854064092203279459212212862787153692740710175    -                                                                                                                                                                                              -                                                                                                                                                                                              7.930355752537005280092317647374369473100492035726702892895764096150702673161417     
D8                                                                               19744506487844745650431973241701396162451996486967394911603252032868316768972   57388290400570883598275633266840877876652256922226630846416204904648749194959   78148305324590057475727324983548426138637303843815668447792210269737729068350   32961780378218515616444163443177435765496699424493450141913173738077463870210   11805318171831481992340187273640213362719083725673749114586408720559538823236   2962203070678485627935244728497004345315044654292064333284884406179711741287    23575226842014705396487703745081441309204439449648594733071845850913417743539   108789246792577010036432234805012342521839841339398074817499722053637780286899  13217273890373769966012190201476039603044702937526055230309921705209147101238   6527232597470975684419783040225356559407293549441339681293330327659169667734    -                                                                                                                                                                                              -                                                                                                                                                                                              8.792131970723151360964935625878718219787537429980683759694379058750041754788283     
D3                                                                               14476878924137930668260207225274423155880021849537690983194908812221698797284   20413342692897887183080206793076220399009319597773359491214920692375916017495   109855625468556238908750985440886110609708266530839235874585151261363944274126  23762877672728468046801472752928115131286962726307260117165762615050206343611   102479499696077716092660599150347814216221415843926707463982168614504175537718  58535540886962526004102004831095930637055362458532784915883405866424021968824   32539262277317034125973236951000497920193207606884741133809007228233454437551   106998476180129067231392653637496183790214968434370092683462103883676294790687  9285998748590537378541265527653691975406940876769569133970853802828507546327    5190880175547393289718941697620731180473080972768121849224055009393191250957    -                                                                                                                                                                                              -                                                                                                                                                                                              3.932539762535597598439131805088864946594575144595576413625039732227384306035864     
D7                                                                               56926466343826890305410568235931414902522177893503615310115120309958904737762   86576649602979675821377824968822340207585469232733569198951182861592359875253   86141905978163409907603728275796982547774272939844950493769100589884706356846   79353700445465407773424092115821347715253607505807711087525659066826689290833   102479499696077716092660599150347814216221415843926707463982168614504175537718  1065924727606829957836436920735152875352806842295360042351277798824082739399    32539262277317034125973236951000497920193207606884741133809007228233454437551   24324353551852261917553188603771875239703996100787640528168094428156405254865   22427234101638517468013523879889932812731429612304095777410538756867784553071   12071998140549855369383520476151549277059318668895423755294042796223335631620   -                                                                                                                                                                                              -                                                                                                                                                                                              7.171691760966116467530125925209405175504583529315302150847994844279657444012827     
D42                                                                              76208741584588764539985925267739310068172897921013092137991237777223027856722   41479843286095506343031473762958690314365259917326931441595628654224965649254   34728898298493258196954451504780619753807638003686160696395609122998062207468   78188540356249895727734667212416974589605957499656893006087223818769182978199   102479499696077716092660599150347814216221415843926707463982168614504175537718  66599214385520396752796982436815357852844564544447565929223101320766431494330   32539262277317034125973236951000497920193207606884741133809007228233454437551   49447352009421189995703812971710094918094365408612998171606363031845479374773   1979798771661131187748741944677664521433059578643800868095986041546155121477    976388261465779405533731369988058253716633932548659150343768198469133240596     -                                                                                                                                                                                              -                                                                                                                                                                                              42.48293934200405970569862669572438050176758542254156545567918352832355000660831     
D183                                                                             104605445683509553254622225509456247736201341776821002073839568339837970419555  46038877892301271789904811451045294078606291818046046982446901451858583078243   58566567791208281464717414058410953657595049958774955091392666887979387341312   106468914761461696761763992654993717614943928413666470527301054814506962926950  43281754728990592833972963697655985158070196945002372759228809054024494834235   1514575763417232707248800299816300777572993042168080075125596882859799826683    31140815194387983405968013749152287992548591664892591851397856781784783650721   46660270651638737987358695043391892878278384642127365293594408689758402747990   1863469077952143507141767145537469878742586636845468453461486474668992507395    251177318189516854683265359357934526616490113474768679996325758374390005435     -                                                                                                                                                                                              -                                                                                                                                                                                              183.2923379553096606162202385434376509392901335717817890272716288202333225450409     
D18                                                                              64370284631992765681638497122583920790684630539816422372640917714334984486657   82405214566092690967244025092007946320784919141276902256679529620181886677358   97757159303216270137965457039263882322737275677614424498566551235671259303636   94352073482457835011109412094596038944667365198393911866543571878199585134718   43281754728990592833972963697655985158070196945002372759228809054024494834235   43420948327206020894339161251116544262345097917816935877020148689169125341628   31140815194387983405968013749152287992548591664892591851397856781784783650721   13884831741248966141470893734706707865958498883456889479365070365534401089828   29981788850465069329470914972012118153982734658577489493902654163864600648061   4406706931062627022696667178559684482719161222661443384835609386605783190535    -                                                                                                                                                                                              -                                                                                                                                                                                              18.69995346984003201842644462604459319907998781043482109164003293519775799052591     
D41                                                                              10162222767945410360771319265397057677149884997163505052411065176828283859776   40136233747302910904438778464972439840802789889129065858909204762363758537037   85818078257958694879903525809112525689184659387109343576107023555982686817076   11694077264614548031101084881335336858870001703819933802976277606403000558006   84295138924365572947119850184736069517895714963751498109636103759611833796814   66316960707244690647467665899239549532583475520600719197810343791413927247037   54032891241177695488699713074819330000855083295718376274946241246835182032135   110898955161349385902515278298313759071624765370781397547636053076666008836376  1531854496669137670329765615938279181720116706656428750565212429574716698230    971095787930584338792725569767382586829184757224932549019790599379983670396     -                                                                                                                                                                                              -                                                                                                                                                                                              41.33086997816524416049161875403165596798029843029470013819499440763987624897924     
D6                                                                               46574634097865304703715675920659376568096990449942780204912149593974743957454   70561664373981989105136506701715144915424268871017114435746202077145191074781   91805058961199511022150154227632139505510285858000570151771110658347714377010   82267364907917091339838640856805735376276696695542649152196502730766967949270   84295138924365572947119850184736069517895714963751498109636103759611833796814   79536770625020094805160545593777162401948024595322819294757054442557994985545   54032891241177695488699713074819330000855083295718376274946241246835182032135   4573185315307209073830949978696716880784004874440360844637101333442212210854    35692730810051786636122964936146358808179706245599868947284353136792223991816   10881903287813518067592710984513017759917284204342911257627796457182519965638   -                                                                                                                                                                                              -                                                                                                                                                                                              6.484312762915559949378062110494152760645488667808659782475071828370738178089341     
D27                                                                              94987821872497922402441673597401598020507057444002218809062431614161270154303   102629408355674277822954743372718149846272916235803241649542015108012460738686  108150502754139840003057915233371356027071705487273881542125579647666970909954  106402553546784834342849364424818793788215086192238367315189179489963433877816  57223305087823781394476600561651197459694630673894194471828701981365216604639   68683038947776939951478474674472039377379206300715732329927046940293035454124   20998148206304503099911802000700534616342315533316604064610690433577590519807   110013591022871202158783505182793645713176475959996920507638097410085109568507  11414731674286911940407690827417195767708028748236148506126747875802163723513   3669968478202626879180146978064031878842827458113030760048448607743960366199    -                                                                                                                                                                                              -                                                                                                                                                                                              27.96465663539900484169211812954290416082069039321110563733466261480422766506678     
D217                                                                             30861095394910558025924755772992955293898039726139253087390774886425939180410   53707181063338948526137640616685233434481680313224663063479738211844961738907   92946003568887804923358100164995629712253923691989494406516199816099138935840   32085679025817613818441575087538529092818839806443589751203268383551282683208   57223305087823781394476600561651197459694630673894194471828701981365216604639   93416306607922502892087609355738115250961641944237693091885630196370618251143   20998148206304503099911802000700534616342315533316604064610690433577590519807   114354897969064955878037399425080818806924315041515620309093411303450319566078  1224583630907055792516819314545573798920800080304336663812493497125343502798    246504622234163213004272909353610320878037718530836492078437458292351610460     -                                                                                                                                                                                              -                                                                                                                                                                                              217.8749452102389030359770645309815871184300735362100591395941197407389105127668     
D4                                                                               74290819950183107230720580492899467239887418624342284596376424797466381672392   50136582181901783489920088739259863854832503050054341806825936649442011213648   24154237768281323740800491753639603385054915574287942789550488148024370458744   86922839786068382456825291979168075781851953817788394149769031828358851787068   57223305087823781394476600561651197459694630673894194471828701981365216604639   88212105098590299368107416976164119415840695062671018165352591553029923100872   20998148206304503099911802000700534616342315533316604064610690433577590519807   106887811776662025726945650382185430330852182685468492624907158020210926220391  12632019835885275226104711486268608541964535193446109553392607030892470114676   11130720770756731100197023061556424530064742657111736829413389643004031099012   -                                                                                                                                                                                              -                                                                                                                                                                                              4.504342819705215477460944332235350715344768863586655051776947865305325541100350     
D11                                                                              33048294131288304556482448772488636383981133126535868116940541955138808375625   93494702810324658939589479207006135432161363495788282246577283074476183909221   55345680558279841040463954574170408804657333909822490252968422022180785960741   57890434142334092348587102267976553279834696919310418334850138778024607668025   57223305087823781394476600561651197459694630673894194471828701981365216604639   36941749769683055545916015145602293468642201747111089625127041935949783457329   20998148206304503099911802000700534616342315533316604064610690433577590519807   85335440600110613303796259330233649894533661877219564254794678411059716403644   24842140011045787792104653495487916895853563792774550217909596822885799292400   8206154120242516764377795277000719488127569333761317899030945132253009083225    -                                                                                                                                                                                              -                                                                                                                                                                                              11.39324236912596599690197425493675187474196778301921905244173841462432789544931     
D25                                                                              77117661449677740572604816046792177566908830358976730927421185693853930260159   34838844713797898337073487848473600567698541521124979686885638942806505880223   42278816735879842235531328198318576999210288837851751240535546751047424379936   80273255395369487452669269292488504974084545721147903931731038107218068781914   24250370920500269703403953087753522076056262827800575909640362940106343902400   114190966148713533579575136822739722697916809584294504686432810667518632816606  8927973606531186502792286229249693499847997219508676638188835665605592351310    1801532551637998160814734637085690513285436937211227878795424275019439714408    3155593945691746880064453245696327407175715362171173004309852413364138521755    1383406753075815451057938150080319794691661666868578823984727773114605738039    -                                                                                                                                                                                              -                                                                                                                                                                                              25.18337042691059478224053506052037783582200305207137565320023729266175078930218     
D15                                                                              68674679704621667266602929516383022391769986565928352339637864996782302857759   113372564887730514872173920884872869348376595540409511617131705779769865608499  71094204054207347817999993640198060896230955304593745105111322358530598743597   76329994441119575115841459024696124378865267790088050820880303025459078075635   24250370920500269703403953087753522076056262827800575909640362940106343902400   85368598708893822341777923868357306717114878213372211508096861595482977066409   8927973606531186502792286229249693499847997219508676638188835665605592351310    80289052202712476410239352640670330761794201890550473578671534912936097019762   7655314736497907849238529508313101987095281224159698481242438028676775217876    7432161812638404472694693449878206495007736772650764489698360767368101114751    -                                                                                                                                                                                              -                                                                                                                                                                                              15.25431869566406173248044206938222099799058723784151235921885938789560663809546     
D10                                                                              99349895075896981957026240219617386682657000458428565529718209498868724583566   26304977625328349588307812075632724505818649486786389823513562193690969302840   73044917450568632368718428143984662176838350971642175706204647305177755280726   110109490808962957386653535922397027430772035606644450594471616106101675928499  24250370920500269703403953087753522076056262827800575909640362940106343902400   76009887642885125685652833052506136173463677366569842589027336813097950854034   8927973606531186502792286229249693499847997219508676638188835665605592351310    34602283048507869296896448312994109898300056038883573371337184220419648705861   10759595733065975429627295702779640748115035148215885064753406607232951344933   2513533478303203090380578894600619949621684124485599946937550033772162479169    -                                                                                                                                                                                              -                                                                                                                                                                                              10.46533807979589868054112395965280043639887403629634058043511805548366556307169     
D22                                                                              56874655709855603158989680929728464169568708208173834608340497311081573361385   93068078001266167561626537824689293678316123587208799700301709954661225100614   79598666945905631020934128113727078344090148900039939290643950497938509755108   109674979215396729119054952151701921087430877702141093904714241052711913718193  67452574693039660815382651021262103009961848792318954744163076858979991647357   58481540209230877639627449573709526405010043939832352274190375515455478570626   57839513609861828566729754766849455977604801338853841437963582616384193532986   57746927337050895120436807805102339861172228135038095599881527972476986901607   52800323505541125960065271221973456917862169493967259296373743741630340356808   4074332204314477198924409707755007251706538714206575311966753569451233004577    -                                                                                                                                                                                              -                                                                                                                                                                                              22.84253549642136912564347810655426010206984750631246662181318522292192384840605     
D399                                                                             32091670656846308873184080137447913728594570604457953064163147876595771078985   93583578357649822252587151200621528054411393689059391747093684008300432571672   54300181536512682044167913945514293527020741194473465699674627009813500001650   36642721926840208520461018114171070396075226955438441896028720837590551947860   81940286292001792768790616060165516233121585117445927337677907739548014988958   94828939110920822663456855289253562483175165066710495730137327408656229627141   7901239479080729095639079013351407484349168645786444863805396825965628005141    64128234398369751354492693779780527378686536455509088888272777059875783216034   4551051269993899647276937976723156667480656350980488831865572960994780868875    234311766889011342245514300385817056229976147594531241104137149632304996860     -                                                                                                                                                                                              -                                                                                                                                                                                              399.3976896686474808546553081179689735906265750893418569486150016946846014526824     
D0                                                                               58588070863984015606386631928957428087013131153084253859153075392314799831897   23430952241784181407188436824592915599674554501251355266914863291438697200451   35157118622199834199198195104364512487338576651832898592238212100876102631446   89552116266034044677955890710985232152479363626442192337647963942852699307827   1478888979563742747488494880692289932318189905590246259074710426832902188647    82168308667025858034232963310947836691122887770412811492774479330158556775818   26748253101030846910150010806691427487089294826412091192580946403996593823809   79577559598792970875179573329992340089817599209978156499396833990074481252688   30964045402050029071569258782027804065466232473357938478494888550537899475930   27624025461933986534817373146929624021546898679726315380658186841776900355967   -                                                                                                                                                                                              -                                                                                                                                                                                              0.848209189282428219149485974722157866049145991844473987917668523731995171319891     
D51                                                                              54174106545099714736067357184846832138148033240217025719723658089648281167887   96004057453786148221354129160416422789856181116782246452055735128779273728899   73962138328629761938284213033118317201129416402509683650273086102387168933325   106495848348785063054216136789940509968456977549199796240427489215245976097901  1478888979563742747488494880692289932318189905590246259074710426832902188647    51251230228012440884900398376769055160596567035321530222349729183260406402558   26748253101030846910150010806691427487089294826412091192580946403996593823809   13694965534030761384929976140632158816491456835589637099657036108746872461074   52321741803685348318148779605093677830308944308982770520703831125597694930014   1852364741414366417918577579753154307839088931234255199019826964050586237873    -                                                                                                                                                                                              -                                                                                                                                                                                              51.82783676852032736414173295700893195399933373049368478901730710452286393339334     
D34                                                                              71542720285275032859062323619218497006510785249295175429096516781839862886857   87074573541170850505356256065599353051981344462193823243244338554239049871205   100260235981420377777277052562307051807367005066176256568457341369118974509989  74303483241127685052490831421933780835680770304816495433351756636375150406040   79496576112842864548667448756213685693004079088928930926412041211222413108542   70273996787378070999897046286442896343859526167832356993824788482519012737787   2078003113315579794889699774391348057675776724989880841073286643802890411848    47524730215879185557078814106246226092317037691918079903717692869977666474816   2760762955852652193428507802715283829169985055521320004255239854535287519183    2523646388958728023349628551336401277261158861262175322715520418457674907282    -                                                                                                                                                                                              -                                                                                                                                                                                              34.50347636742339070085511783539142343028852182711384428599387628428410465941501     
D2                                                                               78087906088859764328799540778860960737494903364585938342857676176378414259110   24276418190758523326301612224017448893891533750498165315541243510678047407545   53811487898101241002497928554843511843603369614087773027316432665700366851565   95250508544890276472600924487614046284250509940791545417028107608303638791151   79496576112842864548667448756213685693004079088928930926412041211222413108542   112591922330324067051347526839954413194194271162458915098394654895181960601747  2078003113315579794889699774391348057675776724989880841073286643802890411848    11259711276309766990180034150742272564180006374102567096493767871062113198962   17162602456030512143801383708753085546755606576205607074170431431925224532041   9437496264737715753594005943848618550472477059763510046175950448677516130946    -                                                                                                                                                                                              -                                                                                                                                                                                              2.572336720435587555119792835901674768736009485666657365411810746524566392530236     
D10                                                                              56688283570643536199410251953527936216014948514136202057574696583136879208491   95983746548851913708299651729076109418134852526618057042157751290469268143836   76496626259107817914681585233139734650717660266593049398022108434185772558992   80299806110527330886029095192448239772352064270068717106962447943069380478093   51726697974211993988640681470094070641296380100527174153377591369150178874526   9417963060219835810996218272130767983133847329668151327253718921883369398627    22257531945537825337685982272871466531973275053534364268406951224069360442902   60682550486952979827762702008964669406962950972979771029771109617237046652497   23611522539883794686618843238920303556337115755932515049387751359932501269602   9465238490875946826172565475687329103340717002271171958799193863271876669287    -                                                                                                                                                                                              -                                                                                                                                                                                              10.14065801314735139931818406053869955975567857510184269023489684351834456674213     
D17                                                                              86704008059990586782493191322032048480628006006051092690003332907605834076680   97748867462701176406186203251585703109731402186953810256718956896440156329918   104747229834605605799877973079134253223734168098172186815889539152683839241099  93469484744863535589661035910097049758986030468042214995526957600170112485318   111578620729252060400285081503677866126120508311441005598875658688385170349087  88573486768678468934172643039536460359380892864078674887763524238066303397367   49069357818135308865629698280787382883383725546768834619340905861658662864471   54145879964370248590008143119324423909182852479431578828538100134755497830611   6765476684872948807167844588065001278358024461991122305523624692564278408638    5518287841515201096479056265252033140331712462157625023719836596834493173024    -                                                                                                                                                                                              -                                                                                                                                                                                              17.71362246226385251928938405147046891369879953920886453445952505272669663920233     
D5                                                                               40600372440759713163577525321741240575987120383833290319667334452193997387861   59165871962096116263313060342881790500570167972001520623013735430417191443930   97226589715979792323835449987547357928254516690906674079258762163294967438268   55749708291257839602179033824151332083869004989920799103360129495567105127298   111578620729252060400285081503677866126120508311441005598875658688385170349087  27439015482908383456182508180114022762784296624605638170249589858584626701528   49069357818135308865629698280787382883383725546768834619340905861658662864471   65426753198321151258835292290417891090658697423131257614541891326657682269964   15149335850498126438601508502410091507881884606087508783692795043373107739437   10301700739763460286374508316921057560223351171658272752281744365447781908987   -                                                                                                                                                                                              -                                                                                                                                                                                              5.743311076172325058292556900870911919678043510351785605883088200695694370094940     
D3                                                                               48973525580498523844000777984097376814120749878692325742361395611010420313355   35269435113091284876920050207177435818499550270581856427804583172023324775005   13704090467407238967080727776919940995621199608110469314556812438987095538350   67648198514038780397231809248203695756476828860542259317047823542597246051568   57033348975879169316644171871933544088427030657743436661729646377465854221628   13222407998748599472721857269211522936119817056120210862085831153145727535241   44173561944989734637156042722869039614752827827667249977943045930369440581005   14747141540632373677119338320385011998310293694809126719712870152125322887190   18674672933540256553231031264106318942356078981849933574686427931586825738213   11624179713418010737538715455884738929408591914992458592988539747836768836929   -                                                                                                                                                                                              -                                                                                                                                                                                              3.034143998339866350135405518432406676413421580447328888045675853959041361373232     
D193                                                                             70447455169195745535191187762878783019965461756154584393716435603146435663597   49408123956191822150535954982341101966735932120410825096333099010943089633224   21039331213003923384655232780537681053229529635743759297383336592203346030373   70841792442537044512621623305110824741903775045105232094517427961335773686698   57033348975879169316644171871933544088427030657743436661729646377465854221628   31165448743663203895084554492784003834986976598281455537664136761856727936995   44173561944989734637156042722869039614752827827667249977943045930369440581005   4748539896028983716686863092311203784858797043047268776010597822499358442704    394337273341298977430435542232041721938313288950647700800992358189338023101     255420514444527552573661245575356514945696322939293651139795845444267551619     -                                                                                                                                                                                              -                                                                                                                                                                                              193.4383542513861825573273077103354211673364694641590365294130686488198595928602     
D14                                                                              90251619255590526494609426432824007489398931508247561242951898419613431200589   24061400134285080223424699403537443342363166568522613712974752099200282806451   66190219121305446271184727029286564147035764939724947529977146320413148394138   112409779999513071355371883389100752317274669371632110243889486429279160078171  97812785820221589697075133333114396162032776207769147213097115659216040267955   19640221644619032648255737475923787110835716804600721046863886153256183726941   2230318543590265289466761173640766193397463386367039078426331291174340554691    77642056421094625592750638695174080805205823146930813631328025572990241513700   22158160743922544860762456956276744827875737863384549000937588009665728877582   1618976279900347051559598607717028177895980054709365239201546380950515690261    -                                                                                                                                                                                              -                                                                                                                                                                                              14.86210788447507896419086353719426145145640495946177205688555301300752715500896     
D2                                                                               66360080322396146719573143170678193228590668050873383613051532832906151814942   29370207798021118769355608907656537349518292390325966206954815232696001920672   36989872524375027950217534263021655879072375660547417406096717600210149894270   84427716262350740336328317204440384310971195757082045937812452751482511826254   97812785820221589697075133333114396162032776207769147213097115659216040267955   86401683436942890559501506601045885754439509990784546719734036916603207632483   2230318543590265289466761173640766193397463386367039078426331291174340554691    916915953292828154971894835015402598588342509384789799668040195515239450909     18067635939954593616755174033762191082380527706208662324760919918576360011312   12157172502532365869307621069391619981449084932247396638768773077177071781006   -                                                                                                                                                                                              -                                                                                                                                                                                              2.415874891295919314307711241207525159642098210254352412449209011406692257921728     
D33                                                                              61897939955261448942627458251915483075085505504007343462853634166046852937290   54660459795160724909519658840955681754593735573172709810814213279398426513893   7237480160100724033107799410959801320491769930834633652039420886648426423397    81992478755780192134367568611074058131148520121139955211050094592290073925555   5904432061715441085503014514817273492477370569622548193760166454496517619469    14744319648692357946753957283319267819745229919821569232655913706399319319373   49613135357484372962324654373934544340798718911898434415633754585445624086124   93950233034869983806869958982871362822665839276719088267381329805440942266351   20094538800518743191740110359158575056063014617132611748196460426243220988265   1614323553705219367407127174439757906896461652609508218264252887317189972495    -                                                                                                                                                                                              -                                                                                                                                                                                              33.85966813759436684927689928365689149552274943497862491241709210944845484533400     
D61                                                                              92293484947283515862053121160593414940882779288343998684064507306175722994313   44734495987852824964460040389907163827757381832143557963710672354890880683162   47558988959430690897593080770686251113125397456200440720353834951284842311151   115185695669483546052840303184686845938324258602622148225259147338953373956183  5904432061715441085503014514817273492477370569622548193760166454496517619469    99247315756155757879453974725730493822587664632989032241952711055152595635491   49613135357484372962324654373934544340798718911898434415633754585445624086124   51933426411352079543621032004910591524390970536694099999841208684842332024914   22892210722200030190787182024093430997441479314278149541194640032777650961870   724642058483395098904393064219690951116862031231400519285947175065119146833     -                                                                                                                                                                                              -                                                                                                                                                                                              61.73323155086767457988280664335892749837206195760225551177665562770952472417107     
D24                                                                              72685968635946923798824876357178438470905884784346583894169613018315363092180   37151284569402096121117897961240190419226597644915061932235513719753990907885   35534684066544827677706978395938248051679287139431521961934099298561372184295   84549532082868479339572999584181851839216022128379931669588301657725036057760   5904432061715441085503014514817273492477370569622548193760166454496517619469    45447023605393195407010271218906902408489664564983630893392461482892575053495   49613135357484372962324654373934544340798718911898434415633754585445624086124   34938200788376649067199415628353596318237941205213261688048600505415408623996   11863563446921555540748123227003413368310137344033347775418688639409672965580   1504587954417590554336136995157958261045060720146497241657481181857325298700    -                                                                                                                                                                                              -                                                                                                                                                                                              24.69199920172360391422001643362512855987781884474379232153792137485460564187102     
D9                                                                               53403847699888586295328026661209766986660160543311955981894586292122997283891   29508252223689119290082164046541477382569219949724375617623571771693325072379   23895595476199467005245862614668289604090940593587580364271014520429672211512   60566376751018766229624504024280004662018765299343284086221187517675337525641   5904432061715441085503014514817273492477370569622548193760166454496517619469    60302954454539453961936706635013180069489240512764061333612528250769310740836   49613135357484372962324654373934544340798718911898434415633754585445624086124   65736055104853819796073533762568307289690988353577121261925679899752061905528   7162529051130179934296477363070237675358604756031328104326601225552340241750    3266144341977326755252685119718103259149927251092659251608377713256615591641    -                                                                                                                                                                                              -                                                                                                                                                                                              9.034583023304106809790059816315146273726256028108500164187328067828931253796255     
D49                                                                              56728887771218946870446759883884266353716395254792778694371047348784400926747   42886765028376148837538880080128746102838386540233700782997830260862367594094   13842122742842798032907879803755520250878008714559077911373217087922033332653   66037927166709186541286463828977131021241761433362305863988803001316456386410   5904432061715441085503014514817273492477370569622548193760166454496517619469    36311251735953125836808583238189211838593163698713530459071952549312375128802   49613135357484372962324654373934544340798718911898434415633754585445624086124   62576452341757517605455726382210812394811792634349462933850156806584230316126   9309039395490239670839703945092864667525366178569527169617755652532055459663    874651398277508845408536213327078348564198183375615676664513433592068168769     -                                                                                                                                                                                              -                                                                                                                                                                                              49.03298058270417697210777079959048706520367391495865899586718820574829787247101     
D2                                                                               62256546823072234646497091447689102319044837025745711586560373655542554289216   20155778444311969053650265789945269970663688651031315285769500875885185836159   42100768378760265592846825657743832348381148374714396300790872779657368453057   75849710275176681811262700322440753320706437523713083368313375524231791557673   46276850251279707268145514910580863533420824790818555779635775549612761237194   19649150774723690103703567369264024169919956141990092334472397738220170135431   40125358828504023500182668293927536964961143167815723672681125973647501695493   101144827131174579242389212051105671780856867000194233855987415524200137085947  13593163452104447164765608874751651001661600497967371781753001868689237268457   7883893014654445987434655948682498312398435033876224459548366180785605215388    -                                                                                                                                                                                              -                                                                                                                                                                                              2.556576859534591800380252871635756341687957666912458235490360487981881704074337     
D4                                                                               55295488061001505583079780992943756146906579930161808889149319447811943967808   106656068157105951661857627543352917145444196517963802344627422347358134758713  64431509141211749344793138458278746854299947691272910927127060241971970703432   84915685631275559480481677136032026202515911924389041452163774631044484824080   46276850251279707268145514910580863533420824790818555779635775549612761237194   50568565004534398478526714417032947490350677862800570080524752842017232933879   40125358828504023500182668293927536964961143167815723672681125973647501695493   73916509968076611818555477888584343773502659703861688644880716057897929298172   29620197570274053897401896143088270055609331994227232563014455183232540856272   25675290490727451685677884849855486091297247935934576326134864264579403111536   -                                                                                                                                                                                              -                                                                                                                                                                                              4.154035499447394627526913173470438132966871583479700054773477873501775112393519     
D75                                                                              52488629694275195369480731953729227530632770739016293518361292378236593325659   80363943824240105264809538478225757524869729686853862540172870432052198177846   87916775107351285528242178484191377858600605331237335360793585087702556642150   61058847683122537162855440345226951371068368560531637886568637778864451677585   65764710526861363478427894792633972897645546674272424821356131533067707145261   68242704621614882261216865948432286692117368734813364093373889915680728737475   65559144502820186367190732255005266843364239381839804977772790233792431180392   92094349233445037934184547899878807258541118518850221638402838158341794288028   8570217988847341793374708391497723840435597821515344368207345400627858351926    1067321761191144609232481604742884488019183809924227309117219974469443214103    -                                                                                                                                                                                              -                                                                                                                                                                                              75.29495485461940332531641210691092847418988096065880160843872457505243840357958     
D41                                                                              17686289052875331242244642357813501048243201202539545641248376959815349715819   31730385471894931287047647767391933675699075892864715726667572643243432999197   101747992818296595378767979599109475225381689588749734297185967458090078210959  20102499315541121432313157161614849429922185930473614274763057684487075759193   65764710526861363478427894792633972897645546674272424821356131533067707145261   107626556020347570947772605904686516416894423836087958107040361840762584730893  65559144502820186367190732255005266843364239381839804977772790233792431180392   41003261192757713906109299228421197284200592483526497691292849305343585687339   2416210262665790190068514803801348381678984727934068633514680724671726043374    772817214214799911765038731204062376490308107001065206645611887113267412201     -                                                                                                                                                                                              -                                                                                                                                                                                              41.05807283826322852087268974402909944406517694454420684853113711392360410766241     
D12                                                                              25511029224591996086631131502465401502933404000906351068391149769203425237483   65047223659309622937755985515668617364031968510125205443702585553178846683240   76255894802598568572446130995484691991738999769856050007293727357542740048580   45780490424831122451987278634734182150856661997220487888813642287168188164452   44153876426418270784358895486515982388506341031356695527826279708991082834708   109992132570064554208588878455252237532623060978676228608506844677001571857729  103640007149509605394222615121701654852442129015033863433401590083504661030447  47738109037886625459685524896031236563171045045635667504292836301932237982702   20269461200239126365356147132268780647923257996314136820422492517964762926969   5241568024352869721274984370196620855010146004592214247968657251238662310514    -                                                                                                                                                                                              -                                                                                                                                                                                              12.40987875328402920694944692803404502603756423377421787009115858904843735736980     
D8                                                                               99157060999394290809270577983401848895250842384096271960119304008523164302184   92893399690635112842097234169813679272811112439466487627958212379450246054360   6263661308759177967173343813588169622439729944629784332161091629072918247824    110247797221584355211238385479839431983493771305016264914160564296140164023723  44153876426418270784358895486515982388506341031356695527826279708991082834708   23170898856662185043532455218303263965042130216116176752730390849650135598520   103640007149509605394222615121701654852442129015033863433401590083504661030447  73139518861962136307539103878881517800295506463085993662958710424626855283834   11090736222190064401967807496437583088242928920919992954041260287616999721539   10431171221873775593528118011901184189307411016736328327789221707587166529872   -                                                                                                                                                                                              -                                                                                                                                                                                              8.905366206226308592165960842050360065604680191502681148281593217462148893580200     
D28                                                                              43313657475880278924762935587881485658466012633116992646629044846182128283330   42230381790618446329602787603978251761332319560682357549477053641796466243218   1083275685261832595160147983903233897133693072434635097151991204385662040112    57265524434679988742434728766950617625392511909641378077770376133484853892702   44153876426418270784358895486515982388506341031356695527826279708991082834708   106412218737119996994991832135272621612064672464256732362178053113908477293685  103640007149509605394222615121701654852442129015033863433401590083504661030447  80871291511255804497530938255192022162500088070683497085072905198526471514249   13951866958799709817671793179069131966926499276524385431141331287302725609372   1458056599481149471747556050674089757686514803543836353205050984273951455214    -                                                                                                                                                                                              -                                                                                                                                                                                              28.96347220378561379754526006120308387795214972093750618197908260044465022004919     
D2                                                                               63667202217344376465477975097778527065420169475671118052047673137451724306192   51948971044818273454984793152907004732021504404059508233548663765767384505587   11718231172526103010493181944871522333398665071611609818499009371684339800605   103710531502020805656169792997562044972099120047414957756708674428966665548249  15536934744350558589798097770975376689638801137163545346155797719531488307204   84926800447637937613950059488834350763751520447251352139709149377715432285538   21329492159132838555932485856501696431873254174725409529318935053956773674760   22212230936276675889073529305948264244243382290761043976577023014809551413100   40043329284676429190691817899783517906678950571743839704661001291514941242057   23623872932667947274786157197995009158741218903927278347386671845936783064135   -                                                                                                                                                                                              -                                                                                                                                                                                              2.199003152145360315734326534507102077745523911837115271252984428657554874790380     
D49                                                                              75307075355769477153443827673220342709459374378830270841208569017525475215382   82758391665585051823893513355867540520002532300328095802944460614611794372779   108340772927500620753121299326040710042294406357577079420869271544431842336940  77245107655375394697087376216860522576267087633871293391886423875564881183326   36035053111805313109320636661942672099037244156101781446797934326054010823035   18122711578042407789580238700387199061368244987256054178919478618562088315277   42957475611399306424079243022887684499048128305605827508814692278713385840199   87579248217579041003072886329311581861489232232918947156428772394872113557922   1938032299605917543643548543640179866807713255041022550677854858039405967944    1661847970744610494988983014893507770766270687271413915450084412028048433510    -                                                                                                                                                                                              -                                                                                                                                                                                              49.79901478503125816908974208050662399876179908523935680482378200597808778534308     
D16                                                                              57287565603548488026462558975982922330040138810617526957901892570966389225293   84113266617183622273100985099540876397034765358101983864926101041024485700727   88966388223681061176932558885129953785842937731590447475580954671460065018903   63099519306208398678963900038295268184152674965796840763908927112356623990487   36035053111805313109320636661942672099037244156101781446797934326054010823035   99238513781913367484754221873467448744570894200696535314327874064220870141957   42957475611399306424079243022887684499048128305605827508814692278713385840199   94748953341717877324650940094035685358193531724570439129748701220694215322618   5811953702659910652501341062312345854112536155179313806007034541390234765194    4979982279609292153950489415171809643027313414003702703838581698454276338547    -                                                                                                                                                                                              -                                                                                                                                                                                              16.89027428101265953834295317292970070805231580172459896468279886037962462156824     
D9                                                                               53369854578275125674531635567173476112716205222098993006914241341101401007105   78809718677962826479423428939020273533196638620863087445097646159572521953343   90352225137628494618679191636841110432357130880310809944421758323047040548099   64723208933667811898596869604628288100318141743780704367106701088372853667286   36035053111805313109320636661942672099037244156101781446797934326054010823035   85863598950346835173277171926762338208639742382558170967252562260666570947470   42957475611399306424079243022887684499048128305605827508814692278713385840199   56243212698061454791325230704756907414214886177557118589632784357074572756547   11353354355392686224065234037454811987601936521681711360192459747271452660181   7956437156704380778270699417354228162308459135372147566144402352015590366381    -                                                                                                                                                                                              -                                                                                                                                                                                              9.905151907289925167867064433532966314616094211186864632472168050184781843497566     
D7                                                                               41641012337252901587356471336266706586410152907430131561419528299785590556766   71266449474516946558218437494438386437822016210550611170487938480339519863571   86166652100052150452709018850516228001425700975954424773536752960964232187532   52531515477439174485311814052782321717093991213500743466741727835181178464106   78752514291638265577107310173417395674425398145312136150533044386768346317042   2205244089238708649406011485877216889550160857009453407016782735590367752374    106746541818976375409225277223781514693373623208051939196320354719040387726180  75482094903800203443289799725617045597929848284866474299011673207934595649218   10890503140186272897955342716515615130683838306070611905322199535395587907340   8969502916694082893490443186719861194358637989218295845452929693598826834746    -                                                                                                                                                                                              -                                                                                                                                                                                              7.945417949736710680129988672627542070333416245619242404863781632849406763078145     
D3                                                                               88469139337602622374933323042164022499062579761604409175051180947132100958142   18779390940791993141449115145214261051939803495417921955573897729212185778808   69689748396810629233484207896949761447122776266186487219477283217919915179334   98881038788334495994294557543229112101240830536352359491135238931459788832691   166514119658043055822698981242625440234235879390658910734999336926646105442     111784217357669022286103539865258463593222776508202841459496257820224846633976  64613487589996378739125130048368333297071931165088062696161711118356461978380   53529808398652274587492255466573876277845076301402051317903865087140620877929   10411899450731873619361234501065089602178250774747950316084057984327687874549   5173943731747633420043447033643305681636573563620806646378717072510597961750    -                                                                                                                                                                                              -                                                                                                                                                                                              3.629608653368320988126352523706765811087335780797979595916225747566925859232465     
D3                                                                               51525711418068630304940970672190155205483704723639224813228625338357415112895   34805227010938200364806768882232357274648840030797422436085032987130127905739   16720484407130429940134201789957797930834864692841802377143592351227287207156   65562815226383226379470261994316235736342394481467662350006161733382126440342   166514119658043055822698981242625440234235879390658910734999336926646105442     7273243281106592726642318731992022276448088794250705066759765500906298291251    64613487589996378739125130048368333297071931165088062696161711118356461978380   12912714366141854469467745569170921058475032727733916154430903001227685308779   14037103808314596074529291322126080530858689757828437536777536395024711327447   9414399993124842081353096705811913612907635450153912202896016153283281130554    -                                                                                                                                                                                              -                                                                                                                                                                                              3.697020206954856190097091863176485908708333345052858859774187871826852071079601     
D28                                                                              57539399004673188080705155096780944089736410801874607139761183888460520270051   100491639615315895955802930246950509352148079764376710443366453306239688776828  72839848626673487548473209858518342590425895316572801078999893723738992987560   84517039950231318144438908537117794173409574156429677765018744742265164612060   166514119658043055822698981242625440234235879390658910734999336926646105442     29960751481319704148810776628903498791371563655753839747758125269706568597929   64613487589996378739125130048368333297071931165088062696161711118356461978380   63460800865486175645397509226111710514848045462727617299794655391643278334644   26977640945558130063733753440336850083673163354555070625257560853804644342009   3584117113556927953237648216107243922390084092764465889246062180851231586033    -                                                                                                                                                                                              -                                                                                                                                                                                              28.03804575336172183880299786350504238708449806996882704766680596114982804420290     
D6                                                                               29370451427612161025469930448424253326694535011203434182936457221845647815009   40282092672614741821191605947411734991497123577673823490236396589873311848861   104880447992313614627849309509700426188034975712604515075305223773490497460485  52361339982924147624302903614881046238254119008247551684301469749317243328968   166514119658043055822698981242625440234235879390658910734999336926646105442     84289206215498722460981632348586297809725078430116068198868105639781681451344   64613487589996378739125130048368333297071931165088062696161711118356461978380   64389722221524828370599524537490765664164999679875211139684117013328123497961   22990888555311986598832973166456792911559583997044117501365012527471595513959   6379562872300174426636957281967460415134951014159316681571444694374052301050    -                                                                                                                                                                                              -                                                                                                                                                                                              6.314240251086496130416021360764370451477724776407198313281826735116191679805383     
D195                                                                             106208604775786271566453455439435856360582866561570680673963050207881359142354  80969917349549524268210177707575509703779223788193554822148178749996168665201   25238687426236747298243277731860346656803642773377125851814871457885190477153   107346176053103315210646137767260755772019294862426375011760970830535258832400  113306807543258463591855732803029639514486719926747713426946504287108205128144  71328382393405045429824629575905568103384426833776663033964412752783697201030   55214633832605750802058174793582741784344896214503067275338456212704083425532   63004794807239718309908126721240314669248731261709193384423675133812395331493   1137571277317043644192682327824899411436428300855694337797920622653899690046    414475985301212656533998951720211096995034581991107258756432301068687968076     -                                                                                                                                                                                              -                                                                                                                                                                                              195.3549064868164893036329685119700256873727867631237478185068080919540091293536     
D5                                                                               46075968660355033398711461709632876232554956826626260997556582244125910414016   96324633176652456848067876488338250233744352103031966903584493502793245393219   65543424721018771974214570229982533851648169002669198476577251882850826515134   73374123121993400097131026016982303945803890751463922819216149619260286757538   113306807543258463591855732803029639514486719926747713426946504287108205128144  114877615512509006819348201960334445544252170429020873111988189772848611952713  55214633832605750802058174793582741784344896214503067275338456212704083425532   21089525589965622331598493133470413251799409644894258074181549712462873356351   27298154461638366698419564307349427713248933924837661821659567375134376343522   18777814198716666700291897402283448519306022901788599175897014868991534070494   -                                                                                                                                                                                              -                                                                                                                                                                                              5.129704243385024925918046220415390013045103723664359207752010908229004441340034     
D119                                                                             71682337341899511863862463224134499766478387014245547534623345552697508591997   105685808653837392585895609560684561344884183189046669859374950342309409807019  81788617925378314701537838672137846274431768104273782057853558351906260279315   74900344917035795664577634986065639957821329816806264734507252532589577818817   113306807543258463591855732803029639514486719926747713426946504287108205128144  5866237352495618160630597746421637867681075127848458645922979635780643218583    55214633832605750802058174793582741784344896214503067275338456212704083425532   109834219279889498157122538569248161504565590349956765599742555941033729037193  3218007575136283800715171761931140191342942802560717199883906979892069226820    886170688901268248128684461649415556933645357909769137177391995071985601957     -                                                                                                                                                                                              -                                                                                                                                                                                              119.2612326016712374143883035219903079906958138724168413161144090398372146660128     
D5                                                                               5841055280588173988756177052991849157635489188830027804172978355149223124946    10454090902113689807808287399796497825088704321149443958853361831664940555215   111179053615790679604518874661883259185384349146755488227924779665002444064068  9597928002485815303572492685374522808500959020245863902626068523594425334657    54865764475094712848494416022313241910341510519182103624353477307459075043162   44869045964640792147024460771361557440776976743027355024149512237586145828647   3389844880258203941574579986974048123403271336989287411210385517047623704564    46625200728765642528806921522323810364462218013752556855476923446668643996414   3756872721897641314816315632382673650865469831415836098453090168445202209711    2084182558690532673939861420609175506770019357414191705719888186704020915235    -                                                                                                                                                                                              -                                                                                                                                                                                              5.015919003123158200000582127418579205720526382424919066981568622799200865588838     
D472                                                                             113740476604893156464878619799546098910496480053419054890398080550268342671857  95758875885332351123354229432827700132802073610374221202015017770752102386571   17981600719560805341524390366718398777694406443044833688383062779516240285286   114428584184170890662199009928792332373957739706582855027977788929008181285300  10643869728373619902730256614890676547525814710582932747689211307189804719473   52299786146378871300072342345091358311755037965761995620973484470817002800107   59605568492768372533745044469031749202151586452805645955840055804394932362000   28087413268753684603148209820175298733772250464754572564526704192059857818930   688107579277734197320390129246233463461259653163800137579708378739838613443     202726024067013907014248473917577439388637281392032189746198058194971453762     -                                                                                                                                                                                              -                                                                                                                                                                                              472.3561088224071457600194622983671437463585888510777553535081922464840432192247     
D27                                                                              12886254143662365175328733458912794916818323888048863051647592673823716628227   27161985513177407222950383316237971377876767912950334399900051458234191239072   101516357867801153375949335151362731391779120254173433034352704357107686883492  18834521622405593670402997593742110657751399661726099100674345348935930904495   35060180543781538658082363452750721792906213720567216725478344820291984599497   22714452456027975888538592890959069324590260549280726527588629372039507822112   98548802086188023938120329313277617908003931408197307581955608536916630655042   85242805869725210131483424689233710023078477586329609836538220701454299275234   5948267478743228495074264134829315740933075773677236049026752675112214276268    989719186175908185180205189254163434952172340694390953594087323599288075691     -                                                                                                                                                                                              -                                                                                                                                                                                              27.44413354067257568347015106754752419619019329012144659497836469425899138146929     
D24                                                                              49597056041060103343170066162666256288442108862766704285584949104848845601807   84794716535994619109463892580065117137568448814559783059870134125457604968401   80594428742381679657277158591289047003711224327281825608319978120909402127743   95740063112270536225181035133435281159304337246702682097456908243026564558317   35060180543781538658082363452750721792906213720567216725478344820291984599497   52457047495355206348967522886417645309992772938032005275590866736795172718690   98548802086188023938120329313277617908003931408197307581955608536916630655042   66342368634522196934955868757304071936271696538218027016782072855767520123482   46143007071210432882010968970769024870862228383935977811871959138177718956510   3454048969849670461159097191897231417579880478830726473712989966671126645297    -                                                                                                                                                                                              -                                                                                                                                                                                              24.54936721400481886091534363990296865352074280192121237437630210321272259929831     
D430                                                                             75650417273974079088826483157918744668621800914724742790553025528219593953674   68204801440549655776633857708428900136458956170628431055869680403617804837649   7445615833424423312192625449489844532162844744096311734683345124601789116025    77130651445667983178218812995320120593956041158363440756006013779691845418427   35060180543781538658082363452750721792906213720567216725478344820291984599497   23285410200576477395843654107432041290633900194701265344188613518518810777354   98548802086188023938120329313277617908003931408197307581955608536916630655042   55060287794030450308526617501197126528624873340002286682609007162355923636386   1480234171693904089392329837401375925334240243638697965452988251472251464753    158474517584970529817661450448572476575548489151146552450624703134769251271     -                                                                                                                                                                                              -                                                                                                                                                                                              430.3833984159614203495141733430956868065955426119900087245350407852642704875915     
D15                                                                              103585974128896138831292842309460900035891105271449370572496768675060020058963  90929214681174183196701962578287513919337307473314267765414050430693372629281   12656759447721955634590879731173386116553797798135102807082718244366647429682   111740960762041005311908662766988858634189775781186505441200097046902099995664  21818417639412361699435909620578417639029309507459003114053062548380096446725   57026178318583425944596574783102566707992295307045885341984302528676775873232   87930020575588694615636353066516551449274747869704886447182072031545807801025   48221048016902106558336901387182315746721727437633137658721199682759313199630   8154986633144866480615820457527958598298670509737134868703328371842079936701    5726134531157741063902996819125396856307059154603752148056828212955060818551    -                                                                                                                                                                                              -                                                                                                                                                                                              15.87968535953863091898137179466613684500627936378142030533965298638819430641461     
D7                                                                               59906359331367456978702713381920549408560590880085382986816324916286489523094   83432236354807658083011121092278458832941849227118237182931965518474050762140   92266212213875994319262577298329998428456305932042050186489522539330600255291   76283004432932380401936903376824097153106639141320209229635373065693794841549   21818417639412361699435909620578417639029309507459003114053062548380096446725   925976990072903522723253465918581460876797091601292264462798246911268351919     87930020575588694615636353066516551449274747869704886447182072031545807801025   64027642311094007574055277605723356535337738798987188731754844028606812415192   16376645101564923423234189994903547744546048261234826242819048149407305318455   10776424026672686709000143397209906174922446096380904258359180468064573567729   -                                                                                                                                                                                              -                                                                                                                                                                                              7.742107785319586781094623155338784333498203150165386568615873816093637121042967     
----------------------------------------------------------------------------------------------------------------------------------------------------------------------------------------------------------------------------------------------------------------------------------------------------------------------------------------------------------------------------------------------------------------------------------------------------------------------------------------------------------------------------------------------------------------------------------------------------------------------------------------------------------------------------------------------------------------------------------------------------------------------------------------------------------------------------------------------------------------------------------------------------------------------------------------------------------------------------------------------------------------------------------------------------------------------------------------------------------------------------------------------------------------------------------------------------------------------------------------------------------------------------------------------------------------------------------------------------------------------------------------------------
case                                                                             s                                                                               s_zk                                                                            s_rxk                                                                           s_zr                                                                            z                                                                               r                                                                               x                                                                               k-1                                                                             q                                                                               a                                                                               m1                                                                                                                                                                                             m2                                                                                                                                                                                             f                                                                                    
----------------------------------------------------------------------------------------------------------------------------------------------------------------------------------------------------------------------------------------------------------------------------------------------------------------------------------------------------------------------------------------------------------------------------------------------------------------------------------------------------------------------------------------------------------------------------------------------------------------------------------------------------------------------------------------------------------------------------------------------------------------------------------------------------------------------------------------------------------------------------------------------------------------------------------------------------------------------------------------------------------------------------------------------------------------------------------------------------------------------------------------------------------------------------------------------------------------------------------------------------------------------------------------------------------------------------------------------------------------------------------------------------

Statistics:

Total Key Count: 9965
Transaction Limit Per Key: 10
Total Transaction Count: 99650
Total Cases: 25037
Case A Count: 0
Case B Count: 0
Case C Count: 0
Case D Count: 25037
Case D0 Count: 1777
Case D1 Count: 1744
Case D2 Count: 1755
Case D3 Count: 1665
Case D4 Count: 1509
Case D5 Count: 1237
Case D6 Count: 1059
Case D7 Count: 939
Case D8 Count: 871
Case D9 Count: 723
Case D10 Count: 646
Case D11 Count: 580
Case D12 Count: 504
Case D13 Count: 422
Case D14 Count: 389
Case D15 Count: 382
Case D16 Count: 347
Case D17 Count: 318
Case D18 Count: 275
Case D19 Count: 269
Case D20 Count: 257
Case D21 Count: 225
Case D22 Count: 210
Case D23 Count: 198
Case D24 Count: 195
Case D25 Count: 172
Case D26 Count: 142
Case D27 Count: 157
Case D28 Count: 144
Case D29 Count: 144
Case D30 Count: 109
Case D31 Count: 124
Case D32 Count: 129
Case D33 Count: 125
Case D34 Count: 107
Case D35 Count: 90
Case D36 Count: 83
Case D37 Count: 107
Case D38 Count: 94
Case D39 Count: 97
Case D40 Count: 91
Case D41 Count: 85
Case D42 Count: 74
Case D43 Count: 74
Case D44 Count: 82
Case D45 Count: 72
Case D46 Count: 78
Case D47 Count: 47
Case D48 Count: 60
Case D49 Count: 56
Case D50 Count: 55
Case D51 Count: 56
Case D52 Count: 64
Case D53 Count: 61
Case D54 Count: 55
Case D55 Count: 48
Case D56 Count: 45
Case D57 Count: 50
Case D58 Count: 49
Case D59 Count: 52
Case D60 Count: 38
Case D61 Count: 55
Case D62 Count: 43
Case D63 Count: 43
Case D64 Count: 42
Case D65 Count: 43
Case D66 Count: 33
Case D67 Count: 35
Case D68 Count: 36
Case D69 Count: 34
Case D70 Count: 32
Case D71 Count: 19
Case D72 Count: 33
Case D73 Count: 33
Case D74 Count: 30
Case D75 Count: 33
Case D76 Count: 20
Case D77 Count: 27
Case D78 Count: 19
Case D79 Count: 37
Case D80 Count: 27
Case D81 Count: 33
Case D82 Count: 21
Case D83 Count: 30
Case D84 Count: 24
Case D85 Count: 30
Case D86 Count: 25
Case D87 Count: 31
Case D88 Count: 23
Case D89 Count: 22
Case D90 Count: 32
Case D91 Count: 25
Case D92 Count: 18
Case D93 Count: 12
Case D94 Count: 22
Case D95 Count: 21
Case D96 Count: 22
Case D97 Count: 27
Case D98 Count: 18
Case D99 Count: 18
Case D100 Count: 17
Case D101 Count: 24
Case D102 Count: 16
Case D103 Count: 20
Case D104 Count: 15
Case D105 Count: 20
Case D106 Count: 8
Case D107 Count: 16
Case D108 Count: 14
Case D109 Count: 15
Case D110 Count: 16
Case D111 Count: 24
Case D112 Count: 12
Case D113 Count: 10
Case D114 Count: 13
Case D115 Count: 7
Case D116 Count: 14
Case D117 Count: 14
Case D118 Count: 9
Case D119 Count: 10
Case D120 Count: 8
Case D121 Count: 10
Case D122 Count: 13
Case D123 Count: 10
Case D124 Count: 14
Case D125 Count: 13
Case D126 Count: 16
Case D127 Count: 6
Case D128 Count: 13
Case D129 Count: 9
Case D130 Count: 13
Case D131 Count: 10
Case D132 Count: 14
Case D133 Count: 10
Case D134 Count: 13
Case D135 Count: 6
Case D136 Count: 11
Case D137 Count: 9
Case D138 Count: 6
Case D139 Count: 8
Case D140 Count: 11
Case D141 Count: 12
Case D142 Count: 8
Case D143 Count: 3
Case D144 Count: 12
Case D145 Count: 8
Case D146 Count: 7
Case D147 Count: 15
Case D148 Count: 6
Case D149 Count: 5
Case D150 Count: 9
Case D151 Count: 10
Case D152 Count: 11
Case D153 Count: 5
Case D154 Count: 8
Case D155 Count: 8
Case D156 Count: 11
Case D157 Count: 10
Case D158 Count: 9
Case D159 Count: 8
Case D160 Count: 9
Case D161 Count: 4
Case D162 Count: 7
Case D163 Count: 6
Case D164 Count: 5
Case D165 Count: 3
Case D166 Count: 8
Case D167 Count: 5
Case D168 Count: 13
Case D169 Count: 10
Case D170 Count: 10
Case D171 Count: 6
Case D172 Count: 8
Case D173 Count: 10
Case D174 Count: 5
Case D175 Count: 4
Case D176 Count: 11
Case D177 Count: 7
Case D178 Count: 6
Case D179 Count: 6
Case D180 Count: 5
Case D181 Count: 6
Case D182 Count: 3
Case D183 Count: 7
Case D184 Count: 8
Case D185 Count: 6
Case D186 Count: 7
Case D187 Count: 9
Case D188 Count: 6
Case D189 Count: 6
Case D190 Count: 11
Case D191 Count: 6
Case D192 Count: 6
Case D193 Count: 5
Case D194 Count: 6
Case D195 Count: 6
Case D196 Count: 8
Case D197 Count: 5
Case D198 Count: 9
Case D199 Count: 6
Case D200 Count: 6
Case D201 Count: 3
Case D202 Count: 4
Case D203 Count: 5
Case D204 Count: 6
Case D205 Count: 4
Case D206 Count: 6
Case D207 Count: 5
Case D208 Count: 5
Case D209 Count: 1
Case D210 Count: 7
Case D211 Count: 6
Case D212 Count: 1
Case D213 Count: 3
Case D214 Count: 10
Case D215 Count: 3
Case D216 Count: 6
Case D217 Count: 3
Case D218 Count: 5
Case D219 Count: 3
Case D220 Count: 6
Case D221 Count: 11
Case D222 Count: 4
Case D223 Count: 5
Case D224 Count: 4
Case D225 Count: 2
Case D226 Count: 3
Case D227 Count: 6
Case D228 Count: 3
Case D229 Count: 4
Case D230 Count: 3
Case D231 Count: 4
Case D232 Count: 4
Case D233 Count: 5
Case D234 Count: 2
Case D235 Count: 5
Case D236 Count: 2
Case D237 Count: 3
Case D238 Count: 7
Case D239 Count: 4
Case D240 Count: 3
Case D241 Count: 3
Case D242 Count: 4
Case D243 Count: 2
Case D244 Count: 3
Case D246 Count: 6
Case D247 Count: 4
Case D248 Count: 5
Case D249 Count: 7
Case D250 Count: 5
Case D251 Count: 4
Case D252 Count: 3
Case D253 Count: 2
Case D254 Count: 5
Case D255 Count: 5
Case D256 Count: 2
Case D257 Count: 3
Case D258 Count: 2
Case D259 Count: 3
Case D260 Count: 6
Case D261 Count: 2
Case D262 Count: 3
Case D263 Count: 1
Case D264 Count: 3
Case D265 Count: 4
Case D266 Count: 2
Case D267 Count: 5
Case D268 Count: 5
Case D269 Count: 3
Case D271 Count: 3
Case D273 Count: 2
Case D274 Count: 3
Case D275 Count: 4
Case D276 Count: 4
Case D277 Count: 4
Case D278 Count: 3
Case D279 Count: 3
Case D280 Count: 5
Case D281 Count: 2
Case D282 Count: 2
Case D283 Count: 6
Case D284 Count: 2
Case D285 Count: 3
Case D286 Count: 4
Case D287 Count: 4
Case D288 Count: 3
Case D289 Count: 2
Case D290 Count: 3
Case D291 Count: 3
Case D292 Count: 5
Case D293 Count: 3
Case D294 Count: 3
Case D295 Count: 2
Case D296 Count: 3
Case D297 Count: 2
Case D298 Count: 2
Case D299 Count: 1
Case D300 Count: 2
Case D301 Count: 5
Case D302 Count: 2
Case D303 Count: 2
Case D304 Count: 6
Case D305 Count: 3
Case D306 Count: 2
Case D307 Count: 5
Case D308 Count: 4
Case D309 Count: 4
Case D310 Count: 3
Case D311 Count: 3
Case D312 Count: 2
Case D313 Count: 4
Case D314 Count: 1
Case D315 Count: 3
Case D316 Count: 2
Case D317 Count: 3
Case D318 Count: 4
Case D319 Count: 5
Case D320 Count: 3
Case D321 Count: 4
Case D322 Count: 3
Case D324 Count: 2
Case D325 Count: 1
Case D326 Count: 3
Case D327 Count: 3
Case D330 Count: 5
Case D331 Count: 1
Case D332 Count: 4
Case D333 Count: 3
Case D334 Count: 1
Case D335 Count: 2
Case D336 Count: 4
Case D337 Count: 2
Case D338 Count: 3
Case D339 Count: 5
Case D342 Count: 4
Case D343 Count: 3
Case D344 Count: 2
Case D345 Count: 2
Case D346 Count: 2
Case D347 Count: 2
Case D348 Count: 2
Case D349 Count: 2
Case D350 Count: 1
Case D351 Count: 1
Case D352 Count: 2
Case D354 Count: 2
Case D355 Count: 1
Case D356 Count: 2
Case D357 Count: 2
Case D358 Count: 1
Case D359 Count: 2
Case D360 Count: 2
Case D361 Count: 2
Case D362 Count: 1
Case D363 Count: 5
Case D364 Count: 1
Case D365 Count: 2
Case D366 Count: 1
Case D367 Count: 2
Case D369 Count: 1
Case D370 Count: 2
Case D372 Count: 1
Case D373 Count: 1
Case D374 Count: 2
Case D375 Count: 1
Case D376 Count: 2
Case D377 Count: 1
Case D378 Count: 2
Case D379 Count: 1
Case D380 Count: 2
Case D381 Count: 2
Case D382 Count: 2
Case D383 Count: 3
Case D384 Count: 1
Case D385 Count: 5
Case D386 Count: 1
Case D388 Count: 3
Case D389 Count: 1
Case D390 Count: 1
Case D391 Count: 3
Case D393 Count: 1
Case D394 Count: 4
Case D395 Count: 1
Case D396 Count: 2
Case D397 Count: 1
Case D398 Count: 2
Case D399 Count: 2
Case D401 Count: 2
Case D402 Count: 1
Case D403 Count: 1
Case D404 Count: 1
Case D406 Count: 2
Case D407 Count: 1
Case D408 Count: 1
Case D409 Count: 2
Case D410 Count: 1
Case D411 Count: 2
Case D413 Count: 2
Case D414 Count: 1
Case D416 Count: 1
Case D417 Count: 7
Case D418 Count: 2
Case D420 Count: 1
Case D421 Count: 3
Case D423 Count: 2
Case D425 Count: 2
Case D426 Count: 1
Case D427 Count: 2
Case D428 Count: 1
Case D429 Count: 2
Case D430 Count: 1
Case D431 Count: 1
Case D432 Count: 1
Case D433 Count: 2
Case D435 Count: 2
Case D436 Count: 4
Case D437 Count: 1
Case D438 Count: 1
Case D439 Count: 3
Case D440 Count: 1
Case D443 Count: 2
Case D444 Count: 1
Case D446 Count: 2
Case D447 Count: 1
Case D448 Count: 2
Case D449 Count: 2
Case D450 Count: 3
Case D451 Count: 1
Case D453 Count: 1
Case D454 Count: 1
Case D455 Count: 1
Case D456 Count: 2
Case D457 Count: 2
Case D458 Count: 1
Case D460 Count: 1
Case D461 Count: 1
Case D462 Count: 2
Case D463 Count: 1
Case D464 Count: 2
Case D465 Count: 3
Case D466 Count: 3
Case D469 Count: 2
Case D471 Count: 5
Case D472 Count: 3
Case D473 Count: 1
Case D474 Count: 1
Case D476 Count: 2
Case D477 Count: 3
Case D479 Count: 3
Case D480 Count: 2
Case D481 Count: 1
Case D482 Count: 1
Case D483 Count: 2
Case D484 Count: 1
Case D486 Count: 2
Case D487 Count: 1
Case D488 Count: 1
Case D489 Count: 1
Case D490 Count: 2
Case D491 Count: 3
Case D492 Count: 1
Case D494 Count: 1
Case D495 Count: 1
Case D497 Count: 1
Case D500 Count: 1
Case D502 Count: 1
Case D503 Count: 1
Case D505 Count: 3
Case D506 Count: 1
Case D508 Count: 1
Case D517 Count: 2
Case D519 Count: 3
Case D522 Count: 2
Case D523 Count: 1
Case D524 Count: 3
Case D525 Count: 1
Case D526 Count: 1
Case D527 Count: 1
Case D528 Count: 1
Case D530 Count: 1
Case D531 Count: 1
Case D532 Count: 2
Case D535 Count: 2
Case D536 Count: 1
Case D537 Count: 2
Case D538 Count: 2
Case D539 Count: 1
Case D540 Count: 3
Case D545 Count: 2
Case D547 Count: 1
Case D551 Count: 2
Case D553 Count: 1
Case D554 Count: 1
Case D555 Count: 1
Case D560 Count: 1
Case D561 Count: 1
Case D562 Count: 2
Case D563 Count: 1
Case D564 Count: 2
Case D565 Count: 1
Case D566 Count: 1
Case D569 Count: 1
Case D570 Count: 2
Case D571 Count: 1
Case D572 Count: 1
Case D574 Count: 4
Case D575 Count: 2
Case D577 Count: 1
Case D578 Count: 2
Case D580 Count: 2
Case D582 Count: 1
Case D583 Count: 1
Case D587 Count: 1
Case D588 Count: 1
Case D591 Count: 1
Case D592 Count: 2
Case D593 Count: 2
Case D594 Count: 1
Case D595 Count: 1
Case D597 Count: 1
Case D598 Count: 1
Case D599 Count: 2
Case D601 Count: 1
Case D602 Count: 1
Case D603 Count: 1
Case D607 Count: 1
Case D608 Count: 1
Case D609 Count: 1
Case D610 Count: 1
Case D611 Count: 1
Case D612 Count: 1
Case D614 Count: 2
Case D615 Count: 1
Case D618 Count: 2
Case D619 Count: 1
Case D620 Count: 1
Case D623 Count: 3
Case D625 Count: 1
Case D626 Count: 1
Case D629 Count: 1
Case D630 Count: 1
Case D632 Count: 1
Case D633 Count: 2
Case D634 Count: 2
Case D638 Count: 1
Case D639 Count: 2
Case D640 Count: 2
Case D643 Count: 1
Case D647 Count: 1
Case D648 Count: 2
Case D650 Count: 1
Case D652 Count: 2
Case D655 Count: 1
Case D660 Count: 1
Case D663 Count: 1
Case D666 Count: 3
Case D668 Count: 2
Case D671 Count: 1
Case D674 Count: 2
Case D675 Count: 1
Case D678 Count: 1
Case D679 Count: 1
Case D681 Count: 3
Case D685 Count: 2
Case D686 Count: 3
Case D688 Count: 1
Case D690 Count: 1
Case D691 Count: 1
Case D692 Count: 1
Case D693 Count: 1
Case D700 Count: 2
Case D701 Count: 2
Case D703 Count: 1
Case D705 Count: 3
Case D707 Count: 1
Case D710 Count: 1
Case D711 Count: 3
Case D714 Count: 1
Case D716 Count: 2
Case D717 Count: 1
Case D720 Count: 1
Case D722 Count: 2
Case D726 Count: 1
Case D727 Count: 1
Case D728 Count: 1
Case D729 Count: 1
Case D730 Count: 2
Case D732 Count: 1
Case D733 Count: 1
Case D735 Count: 1
Case D737 Count: 1
Case D738 Count: 1
Case D741 Count: 1
Case D742 Count: 1
Case D745 Count: 1
Case D748 Count: 1
Case D749 Count: 1
Case D751 Count: 1
Case D752 Count: 1
Case D754 Count: 1
Case D757 Count: 1
Case D762 Count: 1
Case D764 Count: 1
Case D765 Count: 1
Case D768 Count: 1
Case D769 Count: 1
Case D770 Count: 1
Case D771 Count: 2
Case D774 Count: 1
Case D775 Count: 1
Case D780 Count: 1
Case D783 Count: 1
Case D788 Count: 2
Case D793 Count: 1
Case D794 Count: 1
Case D805 Count: 1
Case D812 Count: 1
Case D813 Count: 1
Case D816 Count: 1
Case D823 Count: 1
Case D827 Count: 1
Case D830 Count: 1
Case D831 Count: 1
Case D834 Count: 2
Case D835 Count: 1
Case D838 Count: 1
Case D839 Count: 1
Case D840 Count: 1
Case D841 Count: 1
Case D843 Count: 1
Case D853 Count: 1
Case D854 Count: 1
Case D859 Count: 1
Case D862 Count: 1
Case D863 Count: 1
Case D864 Count: 1
Case D865 Count: 1
Case D869 Count: 1
Case D870 Count: 3
Case D873 Count: 1
Case D875 Count: 1
Case D880 Count: 1
Case D886 Count: 1
Case D887 Count: 1
Case D888 Count: 1
Case D891 Count: 1
Case D894 Count: 1
Case D895 Count: 1
Case D896 Count: 1
Case D899 Count: 1
Case D902 Count: 1
Case D903 Count: 2
Case D904 Count: 1
Case D915 Count: 1
Case D917 Count: 1
Case D926 Count: 2
Case D927 Count: 1
Case D931 Count: 1
Case D934 Count: 1
Case D936 Count: 1
Case D937 Count: 1
Case D939 Count: 1
Case D942 Count: 1
Case D944 Count: 1
Case D959 Count: 1
Case D961 Count: 1
Case D963 Count: 1
Case D967 Count: 1
Case D974 Count: 1
Case D975 Count: 1
Case D977 Count: 1
Case D978 Count: 2
Case D988 Count: 1
Case D993 Count: 1
Case D1005 Count: 1
Case D1009 Count: 1
Case D1013 Count: 1
Case D1015 Count: 1
Case D1020 Count: 1
Case D1021 Count: 1
Case D1024 Count: 1
Case D1025 Count: 1
Case D1033 Count: 1
Case D1056 Count: 1
Case D1058 Count: 2
Case D1065 Count: 1
Case D1067 Count: 1
Case D1069 Count: 1
Case D1071 Count: 1
Case D1078 Count: 1
Case D1079 Count: 1
Case D1084 Count: 1
Case D1086 Count: 1
Case D1092 Count: 1
Case D1093 Count: 1
Case D1111 Count: 1
Case D1117 Count: 1
Case D1120 Count: 1
Case D1124 Count: 1
Case D1125 Count: 2
Case D1126 Count: 1
Case D1127 Count: 1
Case D1135 Count: 1
Case D1139 Count: 1
Case D1141 Count: 1
Case D1143 Count: 1
Case D1147 Count: 1
Case D1149 Count: 2
Case D1152 Count: 1
Case D1154 Count: 1
Case D1158 Count: 1
Case D1165 Count: 1
Case D1167 Count: 1
Case D1168 Count: 1
Case D1173 Count: 2
Case D1175 Count: 1
Case D1180 Count: 1
Case D1183 Count: 1
Case D1186 Count: 1
Case D1190 Count: 1
Case D1215 Count: 1
Case D1217 Count: 1
Case D1224 Count: 1
Case D1228 Count: 2
Case D1229 Count: 1
Case D1241 Count: 1
Case D1244 Count: 1
Case D1249 Count: 1
Case D1253 Count: 1
Case D1269 Count: 1
Case D1270 Count: 2
Case D1273 Count: 1
Case D1284 Count: 1
Case D1287 Count: 1
Case D1290 Count: 1
Case D1293 Count: 1
Case D1294 Count: 1
Case D1300 Count: 1
Case D1302 Count: 1
Case D1309 Count: 1
Case D1310 Count: 1
Case D1319 Count: 1
Case D1322 Count: 1
Case D1323 Count: 2
Case D1327 Count: 1
Case D1329 Count: 1
Case D1331 Count: 1
Case D1335 Count: 1
Case D1338 Count: 2
Case D1341 Count: 2
Case D1354 Count: 1
Case D1357 Count: 1
Case D1359 Count: 1
Case D1367 Count: 1
Case D1370 Count: 1
Case D1377 Count: 1
Case D1384 Count: 1
Case D1385 Count: 1
Case D1393 Count: 1
Case D1398 Count: 1
Case D1403 Count: 1
Case D1411 Count: 1
Case D1412 Count: 1
Case D1419 Count: 1
Case D1420 Count: 1
Case D1430 Count: 1
Case D1434 Count: 1
Case D1435 Count: 1
Case D1445 Count: 1
Case D1451 Count: 1
Case D1455 Count: 1
Case D1460 Count: 1
Case D1485 Count: 1
Case D1487 Count: 1
Case D1488 Count: 1
Case D1495 Count: 1
Case D1500 Count: 2
Case D1502 Count: 1
Case D1522 Count: 1
Case D1534 Count: 1
Case D1535 Count: 1
Case D1536 Count: 1
Case D1544 Count: 2
Case D1556 Count: 1
Case D1562 Count: 2
Case D1563 Count: 1
Case D1572 Count: 1
Case D1599 Count: 1
Case D1631 Count: 1
Case D1645 Count: 1
Case D1647 Count: 1
Case D1653 Count: 1
Case D1657 Count: 1
Case D1664 Count: 1
Case D1665 Count: 1
Case D1673 Count: 1
Case D1674 Count: 2
Case D1675 Count: 1
Case D1678 Count: 1
Case D1692 Count: 1
Case D1700 Count: 1
Case D1710 Count: 1
Case D1717 Count: 1
Case D1734 Count: 1
Case D1746 Count: 1
Case D1760 Count: 2
Case D1766 Count: 1
Case D1771 Count: 1
Case D1798 Count: 1
Case D1826 Count: 1
Case D1836 Count: 1
Case D1877 Count: 1
Case D1893 Count: 1
Case D1901 Count: 1
Case D1902 Count: 1
Case D1911 Count: 1
Case D1939 Count: 2
Case D1943 Count: 1
Case D1956 Count: 1
Case D2007 Count: 1
Case D2039 Count: 1
Case D2067 Count: 1
Case D2084 Count: 1
Case D2102 Count: 1
Case D2104 Count: 1
Case D2107 Count: 1
Case D2108 Count: 1
Case D2110 Count: 1
Case D2112 Count: 1
Case D2122 Count: 1
Case D2123 Count: 1
Case D2132 Count: 1
Case D2138 Count: 1
Case D2139 Count: 1
Case D2146 Count: 1
Case D2165 Count: 1
Case D2168 Count: 1
Case D2181 Count: 1
Case D2183 Count: 1
Case D2215 Count: 1
Case D2227 Count: 1
Case D2242 Count: 1
Case D2257 Count: 1
Case D2287 Count: 1
Case D2309 Count: 1
Case D2323 Count: 1
Case D2329 Count: 1
Case D2344 Count: 1
Case D2373 Count: 1
Case D2397 Count: 1
Case D2410 Count: 1
Case D2426 Count: 1
Case D2430 Count: 1
Case D2445 Count: 1
Case D2453 Count: 1
Case D2515 Count: 1
Case D2541 Count: 1
Case D2544 Count: 1
Case D2584 Count: 1
Case D2598 Count: 1
Case D2622 Count: 1
Case D2635 Count: 1
Case D2640 Count: 1
Case D2652 Count: 1
Case D2659 Count: 1
Case D2668 Count: 1
Case D2713 Count: 1
Case D2715 Count: 1
Case D2724 Count: 1
Case D2781 Count: 1
Case D2798 Count: 1
Case D2829 Count: 1
Case D2855 Count: 1
Case D2896 Count: 1
Case D2956 Count: 2
Case D2979 Count: 1
Case D2987 Count: 1
Case D3012 Count: 1
Case D3028 Count: 1
Case D3054 Count: 1
Case D3065 Count: 1
Case D3099 Count: 1
Case D3105 Count: 1
Case D3108 Count: 1
Case D3194 Count: 1
Case D3209 Count: 1
Case D3211 Count: 1
Case D3229 Count: 1
Case D3230 Count: 1
Case D3294 Count: 1
Case D3328 Count: 1
Case D3371 Count: 1
Case D3428 Count: 1
Case D3443 Count: 1
Case D3457 Count: 1
Case D3494 Count: 1
Case D3499 Count: 1
Case D3545 Count: 1
Case D3576 Count: 1
Case D3611 Count: 1
Case D3635 Count: 1
Case D3636 Count: 1
Case D3667 Count: 1
Case D3677 Count: 1
Case D3716 Count: 1
Case D3801 Count: 1
Case D3805 Count: 1
Case D3812 Count: 1
Case D3878 Count: 1
Case D3900 Count: 1
Case D3904 Count: 1
Case D3929 Count: 1
Case D4056 Count: 1
Case D4108 Count: 1
Case D4111 Count: 1
Case D4173 Count: 1
Case D4224 Count: 1
Case D4242 Count: 1
Case D4322 Count: 1
Case D4349 Count: 1
Case D4364 Count: 1
Case D4365 Count: 1
Case D4417 Count: 1
Case D4420 Count: 1
Case D4434 Count: 1
Case D4477 Count: 1
Case D4509 Count: 1
Case D4579 Count: 1
Case D4626 Count: 1
Case D4666 Count: 1
Case D4702 Count: 1
Case D4709 Count: 1
Case D4749 Count: 1
Case D4867 Count: 1
Case D4886 Count: 1
Case D4985 Count: 1
Case D5063 Count: 1
Case D5221 Count: 1
Case D5363 Count: 1
Case D5415 Count: 1
Case D5591 Count: 1
Case D5665 Count: 1
Case D5853 Count: 1
Case D5871 Count: 1
Case D5901 Count: 1
Case D6007 Count: 1
Case D6047 Count: 1
Case D6052 Count: 1
Case D6060 Count: 1
Case D6140 Count: 1
Case D6191 Count: 1
Case D6249 Count: 2
Case D6434 Count: 1
Case D6681 Count: 1
Case D6966 Count: 1
Case D7005 Count: 1
Case D7051 Count: 1
Case D7257 Count: 1
Case D7804 Count: 1
Case D7880 Count: 1
Case D8153 Count: 1
Case D8691 Count: 1
Case D8722 Count: 1
Case D8753 Count: 1
Case D8966 Count: 1
Case D9396 Count: 1
Case D9608 Count: 1
Case D9711 Count: 1
Case D9716 Count: 1
Case D10778 Count: 1
Case D10887 Count: 1
Case D10897 Count: 1
Case D10910 Count: 1
Case D12528 Count: 1
Case D12627 Count: 1
Case D12780 Count: 1
Case D13376 Count: 1
Case D14486 Count: 1
Case D14564 Count: 1
Case D14846 Count: 1
Case D15783 Count: 1
Case D16082 Count: 1
Case D16221 Count: 1
Case D18259 Count: 1
Case D18338 Count: 1
Case D18423 Count: 1
Case D18542 Count: 1
Case D19552 Count: 1
Case D21828 Count: 1
Case D22315 Count: 1
Case D22631 Count: 1
Case D23084 Count: 1
Case D26805 Count: 1
Case D27687 Count: 1
Case D31600 Count: 1
Case D33304 Count: 1
Case D34504 Count: 1
Case D39413 Count: 1
Case D44184 Count: 1
Case D77462 Count: 1
Case D86358 Count: 1
Case D125669 Count: 1
Case D130674 Count: 1
Case D153438 Count: 1
Case D155399 Count: 1
Case D11953460 Count: 1
Spent time: 1779.421 sec.
