Elliptic curve parameters:
name = secp256k1
mode = test
p = 10007
a = 48
b = 22
g = (4, 1668)
n = 9967

----------------------------------------------------------------------------------------------------------------------------------------------------------------------------------------------------------------
case         s           s_zk        s_rxk       s_zr        z           r           x           k-1         q           a           m1                       m2                       f                        
----------------------------------------------------------------------------------------------------------------------------------------------------------------------------------------------------------------
D7           3279        9211        4035        5294        6285        7800        6157        76          2015        1264        -                        -                        7.287183544303797468     
D96          3787        8826        4928        7483        7326        2571        6157        1193        3696        91          -                        -                        96.98901098901098901     
D11          2691        8615        4043        4605        5392        1829        6157        7231        1914        777         -                        -                        11.08751608751608751     
D7           8122        3905        4217        9208        886         7840        6157        3143        1086        520         -                        -                        7.509615384615384615     
D48          4025        6399        7593        5323        2888        4126        6157        689         1298        131         -                        -                        48.84732824427480916     
D5           6640        6024        616         8043        1428        5722        6157        423         1403        1028        -                        -                        5.859922178988326848     
D12          6185        3261        2924        7032        3135        4609        6157        3902        847         256         -                        -                        12.73828125              
D0           6242        187         6055        8363        3627        5578        6157        1102        2121        2000        -                        -                        0.0935                   
D20          2737        434         2303        2931        7502        4115        6157        4860        194         21          -                        -                        20.66666666666666666     
D29          4957        7151        7773        7314        5358        3160        6157        405         2357        243         -                        -                        29.42798353909465020     
D5           6134        4576        1558        8749        6712        6495        6157        6285        2615        904         -                        -                        5.061946902654867256     
D15          1695        9507        2155        2759        1812        9743        6157        2530        1064        631         -                        -                        15.06656101426307448     
D4           2142        2984        9125        3613        1345        2789        6157        1840        1471        671         -                        -                        4.447093889716840536     
D8           7763        4334        3429        8281        3531        8112        6157        5466        518         511         -                        -                        8.481409001956947162     
D39          6478        7837        8608        9619        965         3501        6157        979         3141        196         -                        -                        39.98469387755102040     
D13          1830        9646        2151        2919        8542        6167        6157        9002        1089        741         -                        -                        13.01754385964912280     
D7           4017        9208        4776        5429        862         1151        6157        5422        1412        1193        -                        -                        7.718357082984073763     
D44          6411        4555        1856        7112        8235        2620        6157        7323        701         102         -                        -                        44.65686274509803921     
D7           7040        9452        7555        9948        6886        3180        6157        4885        2908        1224        -                        -                        7.722222222222222222     
D273         3329        9850        3446        3418        1338        1403        6157        3285        89          36          -                        -                        273.6111111111111111     
D1           5282        1561        3721        9562        1363        7517        6157        6736        4280        1002        -                        -                        1.557884231536926147     
D26          5085        5576        9476        9958        9585        9106        6157        1864        4873        212         -                        -                        26.30188679245283018     
D13          2971        1241        1730        3067        6467        3704        6157        1489        96          91          -                        -                        13.63736263736263736     
D937         3580        6564        6983        3977        8360        7403        6157        4660        397         7           -                        -                        937.7142857142857142     
D46          6315        2273        4042        6556        3681        7651        6157        1368        241         49          -                        -                        46.38775510204081632     
D3           6141        4044        2097        8573        8332        4835        6157        345         2432        1277        -                        -                        3.166797180892717306     
D2           5729        5989        9707        8939        60          7292        6157        8904        3210        2519        -                        -                        2.377530766177054386     
D2           4543        5677        8833        7098        5355        1213        6157        1786        2555        1988        -                        -                        2.855633802816901408     
D165         4224        3302        922         6326        5788        9820        6157        6465        2102        20          -                        -                        165.1                    
D45          1022        4644        6345        1329        7115        2680        6157        6890        307         101         -                        -                        45.98019801980198019     
D30          3643        5329        8281        4221        553         7956        6157        1055        578         175         -                        -                        30.45142857142857142     
D15          5963        1697        4266        7914        8942        8666        7928        2828        1951        110         -                        -                        15.42727272727272727     
D62          6165        9518        6614        6332        5345        2237        7928        6092        167         153         -                        -                        62.20915032679738562     
D6           5743        9953        5757        7866        3879        7749        7928        5825        2123        1497        -                        -                        6.648630594522378089     
D54          2327        9617        2677        2542        86          3970        7928        3241        215         177         -                        -                        54.33333333333333333     
D32          5066        8759        6274        5386        9460        5081        7928        2617        320         266         -                        -                        32.92857142857142857     
D14          3801        5792        7976        7208        7996        8153        7928        5954        3407        394         -                        -                        14.70050761421319797     
D4           6597        7604        8960        9000        9803        2133        7928        3357        2403        1791        -                        -                        4.245672808486878838     
D9           5707        8428        7246        7308        4134        5629        7928        7370        1601        904         -                        -                        9.323008849557522123     
D6           6187        9323        6831        8534        7468        5353        7928        7650        2347        1493        -                        -                        6.244474212993971868     
D2           7415        6863        552         9939        807         3347        7928        836         2524        2367        -                        -                        2.899450781580059146     
D1           5871        1620        4251        8311        4622        1328        7928        2601        2440        991         -                        -                        1.634712411705348133     
D1           7135        986         6149        8787        8346        7084        7928        6683        1652        527         -                        -                        1.870967741935483871     
D0           5029        217         4812        5562        1236        4988        7928        1492        533         232         -                        -                        0.935344827586206896     
D28          2885        7453        5399        3410        9195        6580        7928        907         525         260         -                        -                        28.66538461538461538     
D9           7524        3017        4507        9923        5545        5405        7928        3378        2399        327         -                        -                        9.226299694189602446     
D195         7799        4691        3108        7824        4822        1155        7928        3211        25          24          -                        -                        195.4583333333333333     
D191         4603        4017        586         4661        4826        3799        7928        5575        58          21          -                        -                        191.2857142857142857     
D6           7149        2076        5073        8513        2388        4265        7928        7113        1364        329         -                        -                        6.310030395136778115     
D15          3340        5724        7583        3936        9399        4766        7928        3710        596         360         -                        -                        15.9                     
D17          6789        4025        2764        7726        3367        3892        7928        3586        937         230         -                        -                        17.5                     
D4           4860        7819        7008        7928        6058        8096        7928        7864        3068        1792        -                        -                        4.36328125               
C            2677        5056        7588        2906        4635        6112        7928        9166        229         158         32                       -                        -                        
D9           6307        9467        6807        7628        1552        904         7928        385         1321        1023        -                        -                        9.254154447702834799     
D0           8881        47          8834        8997        7923        3092        8245        590         116         65          -                        -                        0.723076923076923076     
D7           8062        2213        5849        9358        1167        7558        8245        8312        1296        286         -                        -                        7.737762237762237762     
D115         4030        9844        4153        4293        2587        2321        8245        2824        263         85          -                        -                        115.8117647058823529     
D0           5738        840         4898        6953        2940        6108        8245        2848        1215        878         -                        -                        0.956719817767653758     
D0           5697        1249        4448        7826        8035        4835        8245        345         2129        1439        -                        -                        0.867963863794301598     
D14          8245        4800        3445        8853        6577        8756        8245        5379        608         341         -                        -                        14.07624633431085044     
D1           8144        2330        5814        9852        9705        2321        8245        7143        1708        1312        -                        -                        1.775914634146341463     
D128         4666        9760        4873        4972        5353        7836        8245        1510        306         76          -                        -                        128.4210526315789473     
D11          4716        4196        520         6168        8141        5324        8245        5729        1452        360         -                        -                        11.65555555555555555     
D16          1528        5050        6445        1935        8635        8686        8245        520         407         307         -                        -                        16.44951140065146579     
D51          6472        2672        3800        6532        9716        3111        8245        4953        60          52          -                        -                        51.38461538461538461     
C            2644        8316        4295        3171        441         5228        8245        8562        527         9           924                      -                        -                        
D6           7864        1077        6787        8965        9116        7087        8245        4707        1101        157         -                        -                        6.859872611464968152     
D2           7033        1540        5493        8336        4431        3196        8245        1260        1303        518         -                        -                        2.972972972972972973     
D6           6969        9338        7598        9770        8037        1286        8245        4612        2801        1367        -                        -                        6.831016825164594001     
D7           6973        6898        75          8500        5391        7970        8245        8602        1527        865         -                        -                        7.974566473988439306     
D6           6698        4798        1900        7545        4652        3946        8245        9261        847         769         -                        -                        6.239271781534460338     
D30          5341        9751        5557        5843        5506        3750        8245        4015        502         321         -                        -                        30.37694704049844236     
D5           6650        7531        9086        7988        346         6879        8245        7425        1338        1298        -                        -                        5.802003081664098613     
D7           2778        5716        7029        4808        5368        2838        5031        2296        2030        748         -                        -                        7.641711229946524064     
D11          5063        1598        3465        5277        6794        903         5031        2013        214         141         -                        -                        11.33333333333333333     
D170         851         9047        1771        984         3316        5615        5031        1719        133         53          -                        -                        170.6981132075471698     
D2           6117        6072        45          9543        7135        5772        5031        8360        3426        2691        -                        -                        2.256410256410256410     
D9           1964        3353        8578        3560        8847        8184        5031        1056        1596        368         -                        -                        9.111413043478260869     
D4           5579        6439        9107        9664        8921        8376        5031        4863        4085        1494        -                        -                        4.309906291834002677     
D425         1439        7241        4165        2150        4535        473         5031        995         711         17          -                        -                        425.9411764705882352     
D12          4778        2294        2484        5008        2821        3277        5031        2739        230         178         -                        -                        12.88764044943820224     
D3           2971        1864        1107        4174        1010        7583        5031        5311        1203        565         -                        -                        3.299115044247787610     
D20          7606        8918        8655        8324        5471        4423        5031        7859        718         426         -                        -                        20.93427230046948356     
D16          3696        8392        5271        5285        597         877         5031        3303        1589        518         -                        -                        16.20077220077220077     
D30          4891        4278        613         5081        4860        5245        5031        7027        190         141         -                        -                        30.34042553191489361     
D9           5720        3929        1791        6476        2619        8843        5031        7746        756         428         -                        -                        9.179906542056074766     
D36          6239        9095        7111        9234        8984        92          5031        5902        2995        249         -                        -                        36.52610441767068273     
D11          4553        7416        7104        5337        9475        2724        5031        2659        784         633         -                        -                        11.71563981042654028     
D3           8714        799         7915        9101        8071        1567        5031        131         387         200         -                        -                        3.995                    
D43          3135        9594        3508        3359        9722        3729        5031        4924        224         223         -                        -                        43.02242152466367713     
D13          6580        8159        8388        8571        42          916         5031        6127        1991        607         -                        -                        13.44151565074135090     
D3           6493        6008        485         8888        202         44          5031        5556        2395        1703        -                        -                        3.527891955372871403     
D13          6612        7321        9258        9647        3866        3501        5031        979         3035        542         -                        -                        13.50738007380073800     
C            6364        9546        6785        6551        9329        599         5031        3047        187         6           1591                     -                        -                        
D17          8446        1505        6941        8598        3084        410         5031        8497        152         86          -                        -                        17.5                     
D7           3290        2233        1057        6277        4634        5101        8157        5797        2987        303         -                        -                        7.369636963696369637     
D8           5756        8720        7003        6939        4083        3429        8157        2370        1183        1024        -                        -                        8.515625                 
D58          7059        3705        3354        7191        2943        9116        8157        5254        132         63          -                        -                        58.80952380952380952     
D8           6363        7678        8652        8172        7382        714         8157        1227        1809        936         -                        -                        8.202991452991452991     
D7           6861        8416        8412        9744        5522        4016        8157        4467        2883        1095        -                        -                        7.685844748858447488     
D4           6208        5259        949         7880        668         8248        8157        172         1672        1192        -                        -                        4.411912751677852349     
D11          1493        2841        8619        1802        5414        965         8157        1361        309         257         -                        -                        11.05447470817120622     
D22          3149        9157        3959        3836        5830        3372        8157        5898        687         401         -                        -                        22.83541147132169576     
D72          6063        8375        7655        9037        4515        7682        8157        3269        2974        115         -                        -                        72.82608695652173913     
D138         4373        7732        6608        8690        7724        3591        8157        7604        4317        56          -                        -                        138.0714285714285714     
D43          5842        8286        7523        6313        9945        9227        8157        5966        471         190         -                        -                        43.61052631578947368     
D38          7003        3387        3616        7185        626         9262        8157        2123        182         87          -                        -                        38.93103448275862069     
D4           4623        4594        29          8208        31          4766        8157        6257        3585        1038        -                        -                        4.425818882466281310     
D4           4645        5516        9096        8060        9559        2814        8157        6338        3415        1230        -                        -                        4.484552845528455284     
D8           4352        5013        9306        8146        5061        3899        8157        4373        3794        558         -                        -                        8.983870967741935483     
D30          7948        6075        1873        9498        848         7651        8157        8599        1550        198         -                        -                        30.68181818181818181     
D17          3691        4562        9096        4547        5552        6153        8157        3681        856         267         -                        -                        17.08614232209737827     
D10          4801        5102        9666        9131        2599        7148        8157        489         4330        471         -                        -                        10.83227176220806794     
D3           4732        3452        1280        8404        775         9502        8157        4107        3672        1060        -                        -                        3.256603773584905660     
D0           4390        246         4144        6459        2307        5252        8157        700         2069        252         -                        -                        0.976190476190476190     
D2           7676        3513        4163        9739        151         5081        8157        7350        2063        1487        -                        -                        2.362474781439139206     
D2           7558        2698        4860        9682        2038        83          8157        4530        2124        1186        -                        -                        2.274873524451939291     
D4           4796        5383        9380        8437        1549        3879        8157        4469        3641        1155        -                        -                        4.660606060606060606     
D14          4006        6424        7549        5786        976         6317        8157        2049        1780        446         -                        -                        14.40358744394618834     
D6           5215        7083        8099        9363        9628        5441        8157        7300        4148        1067        -                        -                        6.638238050609184629     
D0           4861        1981        2880        7434        9692        5482        8157        8800        2573        2288        -                        -                        0.865821678321678321     
D6           4284        4096        188         7958        1195        15          8157        9862        3674        610         -                        -                        6.714754098360655737     
D63          1199        9706        1460        2246        4454        8871        8157        3784        1047        152         -                        -                        63.85526315789473684     
D12          5153        2770        2383        7619        4622        9298        8157        7216        2466        221         -                        -                        12.53393665158371040     
D3           7304        3737        3567        9384        4995        816         8157        1625        2080        1064        -                        -                        3.512218045112781954     
D2           2877        1249        1628        4049        9273        7850        8157        4120        1172        533         -                        -                        2.343339587242026266     
D6           4964        9609        5322        6669        8865        3259        2982        3799        1705        1554        -                        -                        6.183397683397683397     
D9           3596        8744        4819        6251        9615        1936        2982        3373        2655        941         -                        -                        9.292242295430393198     
D21          8424        5755        2669        8904        1849        3638        2982        1879        480         264         -                        -                        21.79924242424242424     
D8           7028        3723        3305        8673        2676        5132        2982        3320        1645        448         -                        -                        8.310267857142857142     
D0           5742        672         5070        7255        8742        7032        2982        9283        1513        1203        -                        -                        0.558603491271820448     
D167         7120        7861        9226        7763        6229        2555        2982        5616        643         47          -                        -                        167.2553191489361702     
D42          3785        4683        9069        4119        5420        2544        2982        867         334         111         -                        -                        42.18918918918918918     
D2           5243        5602        9608        8489        1578        1376        2982        1191        3246        1997        -                        -                        2.805207811717576364     
D37          3588        8485        5070        5269        8308        7032        2982        9283        1681        226         -                        -                        37.54424778761061946     
D481         4253        9147        5073        4311        2012        4733        2982        4993        58          19          -                        -                        481.4210526315789473     
D1429        8530        5718        2812        9748        5046        7093        2982        1447        1218        4           -                        -                        1429.5                   
D50          6344        5281        1063        6760        9814        2757        2982        6089        416         104         -                        -                        50.77884615384615384     
D7           2829        9180        3616        4386        2679        7502        2982        2258        1557        1272        -                        -                        7.216981132075471698     
D4           2330        3214        9083        3155        2540        4455        2982        5644        825         680         -                        -                        4.726470588235294117     
D100         4536        4211        325         9030        1021        1356        2982        1937        4494        42          -                        -                        100.2619047619047619     
D3           7547        7267        280         9452        1760        4785        2982        2830        1905        1832        -                        -                        3.966703056768558952     
D17          2526        2557        9936        2709        7001        7019        2982        4035        183         147         -                        -                        17.39455782312925170     
D43          7495        8689        8773        8056        2740        6376        2982        1651        561         202         -                        -                        43.01485148514851485     
D26          1834        5634        6167        3459        54          6155        2982        6749        1625        209         -                        -                        26.95693779904306220     
D7           4992        2197        2795        5513        2851        5578        2982        1102        521         303         -                        -                        7.250825082508250825     
D206         8163        4757        3406        8200        1745        7687        2982        4852        37          23          -                        -                        206.8260869565217391     
D34          3149        5204        7912        4647        5825        8871        2982        6183        1498        153         -                        -                        34.01307189542483660     
D41          6711        3581        3130        6999        6174        2011        2982        6550        288         87          -                        -                        41.16091954022988505     
D3           8390        4379        4011        9836        201         9768        2982        8402        1446        1160        -                        -                        3.775                    
D0           4289        524         3765        6128        7899        479         2982        5070        1839        611         -                        -                        0.857610474631751227     
D6           6131        733         5398        8135        6493        494         4770        2120        2004        119         -                        -                        6.159663865546218487     
D390         1029        8586        2410        2036        6224        9820        4770        3502        1007        22          -                        -                        390.2727272727272727     
D331         7734        4306        3428        8837        3976        6011        4770        8830        1103        13          -                        -                        331.2307692307692307     
D27          2954        4147        8774        3889        1882        8089        4770        3810        935         149         -                        -                        27.83221476510067114     
D5           4979        6259        8687        6267        808         7446        4770        1525        1288        1115        -                        -                        5.613452914798206278     
D15          3766        5049        8684        7206        5044        6297        4770        5520        3440        326         -                        -                        15.48773006134969325     
D77          6824        3172        3652        7181        5883        5853        4770        6530        357         41          -                        -                        77.36585365853658536     
D3           4821        2680        2141        6858        7126        6323        4770        6549        2037        747         -                        -                        3.587684069611780455     
D5           6848        3493        3355        9928        8777        4548        4770        7443        3080        688         -                        -                        5.077034883720930232     
D16          1356        3493        7830        1736        3989        9850        4770        4306        380         216         -                        -                        16.17129629629629629     
D3           4209        5277        8899        6805        9241        2805        4770        4482        2596        1613        -                        -                        3.271543707377557346     
D99          1909        6884        4992        2024        2625        8935        4770        6260        115         69          -                        -                        99.76811594202898550     
D13          5739        3491        2248        8476        6387        9096        4770        7942        2737        265         -                        -                        13.17358490566037735     
D9           5989        9846        6110        8458        8997        4759        4770        7984        2469        1051        -                        -                        9.368220742150333016     
D1           2729        1065        1664        3806        7168        7473        4770        9112        1077        575         -                        -                        1.852173913043478260     
D13          6409        6138        271         7901        6723        5869        4770        4871        1492        441         -                        -                        13.91836734693877551     
D3           4883        1620        3263        7101        5774        1522        4770        7813        2218        447         -                        -                        3.624161073825503355     
D9           3839        6897        6909        5396        7490        4927        4770        9421        1557        725         -                        -                        9.513103448275862069     
D2           5640        1997        3643        7219        6891        9268        4770        1694        1579        903         -                        -                        2.211517165005537098     
D1           6097        821         5276        7037        1710        9907        4770        391         940         457         -                        -                        1.796498905908096280     
D150         9261        9191        70          9721        8348        1373        4770        6600        460         61          -                        -                        150.6721311475409836     
D6           5387        8333        7021        6764        8184        7839        4770        1186        1377        1256        -                        -                        6.634554140127388535     
D12          5222        2297        2925        5782        4792        5721        4770        4412        560         182         -                        -                        12.62087912087912087     
D8           5616        9384        6199        6754        6291        2010        6083        5995        1138        1064        -                        -                        8.819548872180451127     
D7           5279        5751        9495        6407        6564        6881        6083        3759        1128        767         -                        -                        7.498044328552803129     
D6           2630        8248        4349        4036        6456        1810        6083        3126        1406        1224        -                        -                        6.738562091503267973     
D2           5815        5786        29          9171        4681        7482        6083        9223        3356        2459        -                        -                        2.352989019926799512     
D154         3690        9888        3769        4208        6881        2253        6083        2755        518         64          -                        -                        154.5                    
D0           5412        1638        3774        9060        6143        7035        6083        2361        3648        1764        -                        -                        0.928571428571428571     
D9           2708        9855        2820        4331        8126        5352        6083        3714        1623        1085        -                        -                        9.082949308755760368     
C            7889        9757        8099        9056        6500        6184        6083        966         1167        887         11                       -                        -                        
D1           5579        1078        4501        7106        5526        4597        6083        4246        1527        998         -                        -                        1.080160320641282565     
D7           2505        2305        200         3233        3061        7679        6083        8903        728         321         -                        -                        7.180685358255451713     
D24          6806        5223        1583        8124        5742        9958        6083        3995        1318        216         -                        -                        24.18055555555555555     
D3           3909        4327        9549        5229        1519        8271        6083        8920        1320        1269        -                        -                        3.409771473601260835     
D30          5356        4205        1151        7964        3236        8220        6083        5031        2608        140         -                        -                        30.03571428571428571     
D3           4301        6652        7616        6550        9589        1512        6083        3252        2249        2052        -                        -                        3.241715399610136452     
D4           2816        3248        9535        4974        1727        5324        6083        4238        2158        658         -                        -                        4.936170212765957446     
D7           7472        3767        3705        8050        1104        9559        6083        1800        578         536         -                        -                        7.027985074626865671     
D3           5935        3340        2595        7606        4726        5312        6083        1245        1671        922         -                        -                        3.622559652928416485     
D27          6453        6253        200         6736        8224        6109        6083        2867        283         227         -                        -                        27.54625550660792951     
D15          2341        5855        6453        4307        1510        7455        6083        1225        1966        375         -                        -                        15.61333333333333333     
D305         7383        4578        2805        8304        9254        4210        6083        9681        921         15          -                        -                        305.2                    
D17          2368        5058        7277        2715        777         3313        6083        7780        347         286         -                        -                        17.68531468531468531     
D5           7765        8492        9240        9817        5786        2608        6083        2389        2052        1609        -                        -                        5.277812305779987569     
D4           4314        811         3503        8442        1777        919         6083        3119        4128        186         -                        -                        4.360215053763440860     
D6           5953        3573        2380        8645        3602        4759        6083        7984        2692        569         -                        -                        6.279437609841827768     
D0           6070        1883        4187        9712        1490        7057        6083        6831        3642        2428        -                        -                        0.775535420098846787     
D6           3787        7693        6061        6380        3536        2922        6083        1933        2593        1194        -                        -                        6.443048576214405360     
D1           5220        3379        1841        8248        1352        7732        6083        1558        3028        2192        -                        -                        1.541514598540145985     
D2           2511        3217        9261        3933        1640        2561        6083        5891        1422        1089        -                        -                        2.954086317722681359     
D14          3851        8187        5631        7151        7304        6244        6083        4230        3300        551         -                        -                        14.85843920145190562     
D1           5355        2917        2438        8986        3339        5722        6083        9544        3631        1724        -                        -                        1.691995359628770301     
D11          3462        9318        4111        4349        8467        8283        7597        2346        887         801         -                        -                        11.63295880149812734     
D33          9051        7974        1077        9318        9963        2654        7597        2990        267         240         -                        -                        33.225                   
D9           7398        1977        5421        9798        6338        8440        7597        8368        2400        198         -                        -                        9.984848484848484848     
D64          6278        8584        7661        6662        5354        6703        7597        5121        384         134         -                        -                        64.05970149253731343     
D1           3043        1003        2040        4227        1511        3202        7597        2250        1184        675         -                        -                        1.485925925925925925     
D3           3954        5339        8582        6183        3834        8635        7597        2796        2229        1725        -                        -                        3.095072463768115942     
D10          4247        4011        236         6185        9809        6206        7597        1804        1938        371         -                        -                        10.81132075471698113     
D16          2087        5379        6675        2673        5802        9952        7597        2923        586         329         -                        -                        16.34954407294832826     
D9           4405        4783        9589        8297        6822        6323        7597        3418        3892        513         -                        -                        9.323586744639376218     
D1           5895        3939        1956        9647        9948        1066        7597        1891        3752        2143        -                        -                        1.838077461502566495     
D10          1668        8290        3345        2582        5405        349         7597        5884        914         754         -                        -                        10.99469496021220159     
D1           6190        1572        4618        7490        7709        4296        7597        8492        1300        990         -                        -                        1.587878787878787878     
D132         8959        4119        4840        9007        2423        8350        7597        1861        48          31          -                        -                        132.8709677419354838     
D10          6729        6932        9764        7743        5199        5586        7597        6646        1014        645         -                        -                        10.74728682170542635     
D5           3067        3803        9231        5385        3540        3169        7597        3467        2318        749         -                        -                        5.077436582109479305     
D62          5661        9205        6423        8418        7915        7136        7597        3993        2757        147         -                        -                        62.61904761904761904     
D47          3691        4251        9407        5492        3147        3910        7597        4315        1801        89          -                        -                        47.76404494382022471     
D20          3367        4605        8729        4414        2848        5482        7597        1167        1047        226         -                        -                        20.37610619469026548     
D40          1472        4272        7167        2838        91          7260        7597        266         1366        106         -                        -                        40.30188679245283018     
D18          8616        902         7714        8973        5346        4314        7597        7055        357         48          -                        -                        18.79166666666666666     
D56          5279        4543        736         7878        6785        3631        7597        9881        2599        81          -                        -                        56.08641975308641975     
D0           3993        863         3130        6622        5669        4706        7597        2284        2629        1364        -                        -                        0.632697947214076246     
D15          4006        5719        8254        5825        411         3094        7597        3409        1819        368         -                        -                        15.54076086956521739     
D47          3335        9544        3758        3727        7155        1420        7597        7284        392         199         -                        -                        47.95979899497487437     
D5           5783        4898        885         6987        7946        4297        7597        7045        1204        967         -                        -                        5.065149948293691830     
D23          9141        3322        5819        9891        6087        6196        4034        7721        750         141         -                        -                        23.56028368794326241     
D7           1960        3821        8106        3435        4964        4424        4034        1593        1475        485         -                        -                        7.878350515463917525     
D86          4976        8269        6674        5586        8572        4733        4034        4974        610         96          -                        -                        86.13541666666666666     
D32          7284        7309        9942        7578        2001        3620        4034        1224        294         228         -                        -                        32.05701754385964912     
D23          3978        3609        369         4203        103         8266        4034        8357        225         153         -                        -                        23.58823529411764705     
D1           6948        2766        4182        8718        2584        3822        4034        5054        1770        1638        -                        -                        1.688644688644688644     
D15          1146        5849        5264        1916        7251        9614        4034        5763        770         376         -                        -                        15.55585106382978723     
D3           6933        3189        3744        8956        3491        2535        4034        78          2023        864         -                        -                        3.690972222222222222     
D1           4721        1131        3590        6760        3739        1292        4034        5353        2039        643         -                        -                        1.758942457231726283     
D46          6426        6402        24          7474        6980        3054        4034        8817        1048        138         -                        -                        46.39130434782608695     
D51          5277        2307        2970        5931        6901        8707        4034        9           654         45          -                        -                        51.26666666666666666     
D30          3357        487         2870        6698        8222        2932        4034        7088        3341        16          -                        -                        30.4375                  
D3           5330        4907        423         9421        5987        506         4034        7464        4091        1239        -                        -                        3.960451977401129943     
D1           4538        2708        1830        6887        3966        7815        4034        5620        2349        2189        -                        -                        1.237094563727729556     
D170         859         6977        3849        1268        4598        2259        4034        3524        409         41          -                        -                        170.1707317073170731     
D1           4536        3333        1203        6964        6672        8277        4034        8995        2428        2108        -                        -                        1.581119544592030360     
D106         7472        9462        7977        9933        564         4630        4034        759         2461        89          -                        -                        106.3146067415730337     
D8           3472        7630        5809        6052        3851        5416        4034        7342        2580        892         -                        -                        8.553811659192825112     
D69          6423        6039        384         6687        4419        7086        4034        2214        264         87          -                        -                        69.41379310344827586     
D11          1081        5032        6016        1735        778         9239        4034        5259        654         427         -                        -                        11.78454332552693208     
D158         5849        6826        8990        8752        3348        4742        4034        7903        2903        43          -                        -                        158.7441860465116279     
D5           3234        233         3001        3337        431         609         4034        6730        103         41          -                        -                        5.682926829268292682     
D2           4894        1280        3614        5625        9177        7752        4034        2774        731         508         -                        -                        2.519685039370078740     
D1           3368        2071        1297        5387        8701        8585        4034        9926        2019        1349        -                        -                        1.535211267605633802     
D11          6726        2807        3919        7008        3933        55          583         2208        282         240         -                        -                        11.69583333333333333     
D6           5006        3029        1977        9558        72          7608        583         5164        4552        454         -                        -                        6.671806167400881057     
D8           4061        5800        8228        5757        1010        8976        583         5532        1696        669         -                        -                        8.669656203288490284     
D18          2852        1765        1087        3005        2473        4491        583         7215        153         98          -                        -                        18.01020408163265306     
D6           3134        9369        3732        4922        6599        1129        583         6197        1788        1346        -                        -                        6.960624071322436849     
D17          1479        7111        4335        2541        1928        3253        583         2604        1062        417         -                        -                        17.05275779376498801     
D1           5515        3986        1529        8756        3610        3680        583         9311        3241        2274        -                        -                        1.752858399296394019     
D23          8011        4277        3734        8301        9797        5990        583         7069        290         181         -                        -                        23.62983425414364640     
D5           3594        3902        9659        4556        6584        4306        583         5193        962         708         -                        -                        5.511299435028248587     
D22          7294        5561        1733        7555        2301        7354        583         6855        261         247         -                        -                        22.51417004048582996     
D2           3561        2259        1302        6057        9945        2896        583         6693        2496        1065        -                        -                        2.121126760563380281     
D112         3788        8906        4849        7497        1986        7607        583         9841        3709        79          -                        -                        112.7341772151898734     
D0           3909        255         3654        6911        4647        3208        583         4768        3002        907         -                        -                        0.281146637265711135     
D602         7142        8431        8678        7439        4072        2310        583         4053        297         14          -                        -                        602.2142857142857142     
D8           8660        2583        6077        9357        8071        137         583         6985        697         296         -                        -                        8.726351351351351351     
D17          2964        8865        4066        5427        9308        385         583         1257        2463        501         -                        -                        17.69461077844311377     
D91          3209        7693        5483        3334        3637        6789        583         3477        125         84          -                        -                        91.58333333333333333     
D2           7242        3766        3476        9065        6666        2138        583         488         1823        1773        -                        -                        2.124083474337281443     
D2           5450        4820        630         9209        2804        6206        583         8163        3759        1691        -                        -                        2.850384387936132466     
D4           5058        2133        2925        5975        7296        3289        583         1406        917         473         -                        -                        4.509513742071881606     
D3           1922        3356        8533        2902        7805        3447        583         4000        980         942         -                        -                        3.562632696390658174     
D4           2677        3005        9639        4628        9321        1474        583         5596        1951        726         -                        -                        4.139118457300275482     
D1           3972        993         2979        7072        5953        9707        583         5460        3100        872         -                        -                        1.138761467889908256     
D2           4128        4899        9196        6599        9073        1520        583         630         2471        1657        -                        -                        2.956547978273989137     
D8           2452        8236        4183        3918        5312        4290        583         7049        1466        986         -                        -                        8.352941176470588235     
D3           2867        1943        924         5187        9787        1134        583         1595        2320        547         -                        -                        3.552102376599634369     
D34          2898        1950        948         5740        5437        2661        5969        4290        2842        56          -                        -                        34.82142857142857142     
D2           4223        3981        242         7056        21          336         5969        5885        2833        1390        -                        -                        2.864028776978417266     
D0           5984        2150        3834        9290        7241        5247        5969        6171        3306        2678        -                        -                        0.802837938760268857     
D19          5192        9921        5238        7536        170         8956        5969        6918        2344        504         -                        -                        19.68452380952380952     
D18          2290        7854        4403        4152        234         1040        5969        9745        1862        428         -                        -                        18.35046728971962616     
D0           2844        550         2294        4954        8010        5722        5969        9544        2110        734         -                        -                        0.749318801089918256     
D20          3614        8229        5352        4415        4755        7505        5969        2712        801         410         -                        -                        20.07073170731707317     
D1           4124        961         3163        5731        6196        9310        5969        8669        1607        910         -                        -                        1.056043956043956044     
D177         2978        8886        4059        3344        710         3065        5969        4252        366         50          -                        -                        177.72                   
D1           6203        4051        2152        9357        3723        6516        5969        8327        3154        3049        -                        -                        1.328632338471630042     
D47          8070        2178        5892        9073        7825        2206        5969        6867        1003        46          -                        -                        47.34782608695652173     
D195         6328        6842        9453        7227        9615        9635        5969        5587        899         35          -                        -                        195.4857142857142857     
D6           6876        1296        5580        7389        8360        7742        5969        2232        513         207         -                        -                        6.260869565217391304     
D49          2671        6030        6608        2853        7174        2108        5969        7631        182         123         -                        -                        49.02439024390243902     
D28          1918        4204        7681        2802        7745        4278        5969        7507        884         150         -                        -                        28.02666666666666666     
D1           5236        1466        3770        7179        4443        1213        5969        1786        1943        1350        -                        -                        1.085925925925925925     
D110         1744        6285        5426        1985        8279        607         5969        3604        241         57          -                        -                        110.2631578947368421     
D181         8173        6705        1468        9529        9708        425         5969        2437        1356        37          -                        -                        181.2162162162162162     
D3           5018        3765        1253        9002        8327        7567        5969        1669        3984        1034        -                        -                        3.641199226305609284     
C            4723        2580        2143        4767        5424        8937        7195        9328        44          15          172                      -                        -                        
D14          8014        4536        3478        8606        1478        869         7195        6895        592         318         -                        -                        14.26415094339622641     
D8           5203        8948        6222        9341        6112        6650        7195        7131        4138        1065        -                        -                        8.401877934272300469     
D15          2857        3604        9220        3381        3943        8661        7195        9020        524         237         -                        -                        15.20675105485232067     
D5           4780        8197        6550        6429        9397        1510        7195        2626        1649        1482        -                        -                        5.531039136302294197     
D2           2481        2068        413         4176        4413        8728        7195        2451        1695        786         -                        -                        2.631043256997455470     
D38          3119        2919        200         3298        423         2529        7195        5874        179         76          -                        -                        38.40789473684210526     
D293         7881        2640        5241        9849        554         3562        7195        9504        1968        9           -                        -                        293.3333333333333333     
D8           2723        6126        6564        3711        3293        7462        7195        3189        988         747         -                        -                        8.200803212851405622     
D14          3977        8270        5674        7367        2528        5771        7195        8133        3390        587         -                        -                        14.08858603066439523     
D62          476         6705        3738        844         4782        1455        7195        8524        368         108         -                        -                        62.08333333333333333     
D34          1550        9193        2324        1977        9744        304         7195        6082        427         269         -                        -                        34.17472118959107806     
D10          1014        4898        6083        1575        7427        19          7195        8058        561         453         -                        -                        10.81236203090507726     
D24          5595        5348        247         6133        5518        1755        7195        1623        538         215         -                        -                        24.87441860465116279     
D0           4586        230         4356        7857        4240        3314        7195        1481        3271        1315        -                        -                        0.174904942965779467     
D8           7068        6876        192         8621        1760        894         7195        1431        1553        856         -                        -                        8.032710280373831775     
D3           2371        4018        8320        3640        6037        7785        7195        5335        1269        1102        -                        -                        3.646098003629764065     
D1           4730        1718        3012        8217        6450        1545        7195        3780        3487        1243        -                        -                        1.382139983909895414     
D16          3584        6869        6682        5173        7581        3277        7195        7228        1589        406         -                        -                        16.91871921182266009     
D0           2848        987         1861        4456        6833        2511        7195        1981        1608        1240        -                        -                        0.795967741935483870     
D3           5546        7831        7682        8796        5236        9390        7195        6327        3250        2296        -                        -                        3.410714285714285714     
D3           6846        6666        180         9248        9805        2650        7195        328         2402        2042        -                        -                        3.264446620959843290     
D74          9814        1191        8623        9885        3122        4163        7195        674         71          16          -                        -                        74.4375                  
D38          1293        5988        5272        2430        7792        755         7700        5675        1137        156         -                        -                        38.38461538461538461     
D2           3272        3747        9492        5267        2374        6346        7700        4666        1995        1277        -                        -                        2.934220830070477682     
D0           7163        389         6774        9128        3336        911         7700        6349        1965        1268        -                        -                        0.306782334384858044     
D13          7418        2066        5352        7687        4090        7627        7700        6317        269         155         -                        -                        13.32903225806451612     
D4           6984        3700        3284        9017        9107        117         7700        7413        2033        885         -                        -                        4.180790960451977401     
D9           5347        7827        7487        7598        4331        7076        7700        5235        2251        845         -                        -                        9.262721893491124260     
D3           8083        2819        5264        9914        4347        3265        7700        2548        1831        759         -                        -                        3.714097496706192358     
D7           3613        7221        6359        6223        9766        1655        7700        5617        2610        1003        -                        -                        7.199401794616151545     
D9           8452        5787        2665        9163        9442        6893        7700        4944        711         631         -                        -                        9.171156893819334389     
D58          4043        2041        2002        4210        822         5122        7700        5665        167         35          -                        -                        58.31428571428571428     
D1           6220        3112        3108        9842        2377        3736        7700        8333        3622        2598        -                        -                        1.197844495765973826     
D13          6927        4915        2012        7432        8642        5606        7700        7669        505         362         -                        -                        13.57734806629834254     
D4           5711        7556        8122        9603        4748        848         7700        6274        3892        1819        -                        -                        4.153930731170973062     
D1           6599        557         6042        7609        6980        2133        7700        6610        1010        539         -                        -                        1.033395176252319109     
D20          6578        6592        9953        7203        8621        7170        7700        7089        625         328         -                        -                        20.09756097560975609     
D1           2268        1054        1214        3539        2860        9212        7700        9821        1271        997         -                        -                        1.057171514543630892     
D2           3808        920         2888        7222        574         5326        7700        4551        3414        394         -                        -                        2.335025380710659898     
D2           7299        3399        3900        9352        5280        9259        7700        9407        2053        1140        -                        -                        2.981578947368421052     
D21          4773        4893        9847        7046        9168        1538        7700        3337        2273        227         -                        -                        21.55506607929515418     
D0           1025        116         909         1421        9385        2652        7700        7946        396         233         -                        -                        0.497854077253218884     
D36          5165        7052        8080        7652        6096        1185        7700        5776        2487        191         -                        -                        36.92146596858638743     
D1           4037        1479        2558        7254        4567        3620        7700        8743        3217        820         -                        -                        1.803658536585365853     
D1           4786        1017        3769        6063        6801        2929        7700        3258        1277        955         -                        -                        1.064921465968586387     
D121         7686        9469        8184        8320        8354        9381        7700        8991        634         78          -                        -                        121.3974358974358974     
D25          4609        6882        7694        6054        752         8146        7700        4489        1445        274         -                        -                        25.11678832116788321     
D40          8115        613         7502        8439        8440        8767        7700        8622        324         15          -                        -                        40.86666666666666666     
D25          1767        9545        2189        3164        441         640         7700        3909        1397        370         -                        -                        25.79729729729729729     
D12          3391        3485        9873        4168        4240        8031        7700        1423        777         283         -                        -                        12.31448763250883392     
D4           5697        6861        8803        9902        7887        5295        3282        7678        4205        1492        -                        -                        4.598525469168900804     
D22          8010        1629        6381        8091        3585        5457        3282        2928        81          72          -                        -                        22.625                   
D3           4581        8208        6340        6893        4816        1982        3282        3313        2312        2269        -                        -                        3.617452622300572939     
D2           4204        3068        1136        7325        2261        7484        3282        7848        3121        1083        -                        -                        2.832871652816251154     
D13          1692        6740        4919        2867        4774        5957        3282        5772        1175        517         -                        -                        13.03675048355899419     
D26          2712        3948        8731        3567        4760        1255        3282        3929        855         147         -                        -                        26.85714285714285714     
D8           3588        4109        9446        6680        8936        7157        3282        4762        3092        496         -                        -                        8.284274193548387096     
D3           5926        9464        6429        9081        997         369         3282        4968        3155        2771        -                        -                        3.415373511367737279     
D69          1491        8513        2945        1662        708         2114        3282        5263        171         123         -                        -                        69.21138211382113821     
D0           4525        987         3538        7633        6908        193         3282        3877        3108        1417        -                        -                        0.696541990119971771     
D4           3310        4444        8833        5523        3473        2352        3282        7615        2213        1097        -                        -                        4.051048313582497721     
D40          4164        8691        5440        8114        8001        5025        3282        2718        3950        214         -                        -                        40.61214953271028037     
D56          5122        7113        7976        5385        1417        6067        3282        5815        263         125         -                        -                        56.904                   
D0           7478        80          7398        9613        3700        6632        3282        8243        2135        1073        -                        -                        0.074557315936626281     
D13          2632        2305        327         2983        645         5274        3282        1008        351         175         -                        -                        13.17142857142857142     
D1           1275        60          1215        1329        5495        5293        3282        9441        54          33          -                        -                        1.818181818181818181     
D16          3386        9004        4349        4333        7978        3250        3282        8389        947         545         -                        -                        16.52110091743119266     
D1           6420        770         5650        7834        4388        4849        3282        1413        1414        764         -                        -                        1.007853403141361256     
D0           3278        778         2500        5606        5526        2757        3282        3878        2328        950         -                        -                        0.818947368421052631     
D410         8122        4101        4021        8161        6586        9658        3282        2705        39          10          -                        -                        410.1                    
D9           2724        3501        9190        3313        8663        2558        3282        6563        589         368         -                        -                        9.513586956521739130     
D1           4920        2211        2709        7780        6213        3253        3282        2604        2860        2060        -                        -                        1.073300970873786407     
D6           4948        9804        5111        8310        6457        8772        3282        4887        3362        1586        -                        -                        6.181588902900378310     
D10          6478        1084        5394        6853        5162        2579        3282        3468        375         103         -                        -                        10.52427184466019417     
D7           8655        3089        5566        9291        6085        4026        3282        505         636         387         -                        -                        7.981912144702842377     
D6           4944        8301        6610        6725        6874        942         3282        5237        1781        1382        -                        -                        6.006512301013024602     
D8           1750        1611        139         1945        544         7204        3282        5188        195         190         -                        -                        8.478947368421052631     
D10          1464        6192        5239        2329        9018        5795        3282        4079        865         599         -                        -                        10.33722871452420701     
D26          1445        7887        3525        1828        1245        6454        5720        3801        383         296         -                        -                        26.64527027027027027     
D3           4322        5411        8878        7106        2808        5916        5720        1262        2784        1538        -                        -                        3.518205461638491547     
D16          1400        865         535         2073        4012        6015        5720        4385        673         54          -                        -                        16.01851851851851851     
D33          4448        4868        9547        6600        1768        3296        5720        341         2152        144         -                        -                        33.80555555555555555     
D256         5014        9755        5226        5636        3519        2664        5720        303         622         38          -                        -                        256.7105263157894736     
D5           5067        3740        1327        6509        9546        9336        5720        6620        1442        741         -                        -                        5.047233468286099865     
D74          3513        9871        3609        3851        822         7583        5720        4656        338         133         -                        -                        74.21804511278195488     
D2           5628        4363        1265        9467        4048        1881        5720        9680        3839        1789        -                        -                        2.438792621576299608     
D3           2101        2871        9197        3292        9069        9142        5720        8754        1191        910         -                        -                        3.154945054945054945     
D42          2333        3306        8994        3461        5709        2773        5720        2237        1128        77          -                        -                        42.93506493506493506     
D9           1701        7722        3946        2582        2492        361         5720        987         881         820         -                        -                        9.417073170731707317     
D5           5284        579         4705        5572        7149        4596        5720        7926        288         100         -                        -                        5.79                     
D3           7278        8018        9227        9807        6290        5546        5720        3893        2529        2220        -                        -                        3.611711711711711711     
D7           5565        8727        6805        9960        4741        2836        5720        5451        4395        1170        -                        -                        7.458974358974358974     
D5           2724        2260        464         5029        8815        3690        5720        9792        2305        419         -                        -                        5.393794749403341288     
D10          2494        3025        9436        3043        1632        6958        5720        2744        549         298         -                        -                        10.15100671140939597     
D195         6367        6055        312         6466        3027        2093        5720        4918        99          31          -                        -                        195.3225806451612903     
D12          2765        9592        3140        3763        1525        9061        5720        8823        998         769         -                        -                        12.47334200260078023     
D0           4171        59          4112        5317        429         6053        5720        7063        1146        733         -                        -                        0.080491132332878581     
D3           6303        4655        1648        8793        2284        9277        5720        5147        2490        1323        -                        -                        3.518518518518518518     
D5           4563        6947        7583        6183        306         5590        5720        837         1620        1323        -                        -                        5.250944822373393802     
D4           7103        5098        2005        8299        9063        1369        5720        7205        1196        1123        -                        -                        4.539626001780943900     
D339         2757        5773        6951        2894        4414        1080        5720        1810        137         17          -                        -                        339.5882352941176470     
D6           7835        4871        2964        9602        2185        3421        5720        8359        1767        767         -                        -                        6.350717079530638852     
C            3071        1210        1861        3129        1772        7792        5720        8629        58          55          22                       -                        -                        
D33          1687        8151        3503        1976        9386        5246        5720        9181        289         242         -                        -                        33.68181818181818181     
D3945        2054        7891        4130        2081        6706        7130        5251        5383        27          2           -                        -                        3945.5                   
D144         6444        8673        7738        6843        1705        4628        5251        6792        399         60          -                        -                        144.55                   
D2           6056        1991        4065        8642        4284        7340        5251        8867        2586        884         -                        -                        2.252262443438914027     
D8           2675        2943        9699        3257        2765        7225        5251        8692        582         347         -                        -                        8.481268011527377521     
D32          1947        1614        333         2218        7285        3983        5251        8138        271         50          -                        -                        32.28                    
D11          3201        4758        8410        5998        2616        1793        5251        299         2797        404         -                        -                        11.77722772277227722     
D0           3646        1229        2417        5777        444         3268        5251        2719        2131        1515        -                        -                        0.811221122112211221     
D6           4299        3397        902         8080        6130        2050        5251        9657        3781        518         -                        -                        6.557915057915057915     
D9           5113        9402        5678        9275        9179        8956        5251        3049        4162        951         -                        -                        9.886435331230283911     
D1           9712        78          9634        9780        2717        9402        5251        7058        68          56          -                        -                        1.392857142857142857     
D264         1069        9771        1265        1585        2416        2183        5251        5792        516         37          -                        -                        264.0810810810810810     
D7           5905        3661        2244        7704        9115        1114        5251        4289        1799        508         -                        -                        7.206692913385826771     
D2           3355        3615        9707        5331        8563        5001        5251        9432        1976        1379        -                        -                        2.621464829586656997     
D15          4883        6997        7853        9328        4072        4976        5251        9511        4445        438         -                        -                        15.97488584474885844     
D24          2695        7849        4813        5069        6672        307         5251        1138        2374        321         -                        -                        24.45171339563862928     
D0           5924        2521        3403        9009        6606        884         5251        4145        3085        2839        -                        -                        0.887988728425501937     
D0           6578        1295        5283        8262        4951        6186        5251        5327        1684        1526        -                        -                        0.848623853211009174     
D3           4198        3191        1007        5766        1839        6702        5251        4072        1568        1062        -                        -                        3.004708097928436911     
D36          5458        8136        7289        8075        3248        1411        9703        8472        2617        224         -                        -                        36.32142857142857142     
D45          6459        3171        3288        6549        8711        6367        9703        2640        90          69          -                        -                        45.95652173913043478     
D13          1027        1165        9829        1161        6158        1834        9703        9043        134         89          -                        -                        13.08988764044943820     
D0           7710        77          7633        9954        3712        6710        9703        5491        2244        978         -                        -                        0.078732106339468302     
D2           2687        2232        455         4307        2722        4802        9703        3516        1620        1067        -                        -                        2.091846298031865042     
D0           7363        631         6732        9230        8060        2091        9703        3768        1867        1762        -                        -                        0.358115777525539160     
D90          1457        8319        3105        1652        549         4106        9703        7150        195         92          -                        -                        90.42391304347826087     
D4           4406        2727        1679        8216        3631        7109        9703        2732        3810        596         -                        -                        4.575503355704697986     
D190         4167        9338        4796        4238        1719        1452        9703        8204        71          49          -                        -                        190.5714285714285714     
D17          6564        2385        4179        6717        9151        1201        9703        9561        153         138         -                        -                        17.28260869565217391     
D9           4294        4273        21          8134        878         4323        9703        493         3840        454         -                        -                        9.411894273127753304     
D78          3931        863         3068        7851        8050        2164        9703        2490        3920        11          -                        -                        78.45454545454545454     
D1           5074        1141        3933        9537        8313        9907        9703        391         4463        611         -                        -                        1.867430441898527004     
D15          6348        7637        8678        9281        8702        9156        9703        2011        2933        482         -                        -                        15.84439834024896265     
D0           2004        33          1971        2528        361         8207        9703        1491        524         432         -                        -                        0.076388888888888888     
D9           3870        6504        7333        5468        4805        2845        9703        9093        1598        674         -                        -                        9.649851632047477744     
D89          4423        2772        1651        8815        2298        3877        9703        5310        4392        31          -                        -                        89.41935483870967741     
D5           5570        4462        1108        7970        7812        5847        5015        5622        2400        770         -                        -                        5.794805194805194805     
D306         9883        4909        4974        9916        8973        2196        5015        1449        33          16          -                        -                        306.8125                 
D4           6387        9468        6886        8570        3795        4362        5015        8764        2183        2021        -                        -                        4.684809500247402276     
D29          5941        9818        6090        6451        292         6132        5015        6519        510         331         -                        -                        29.66163141993957703     
D17          8440        5103        3337        9799        6485        8782        5015        9831        1359        286         -                        -                        17.84265734265734265     
D20          4464        3657        807         5076        2442        4606        5015        6087        612         180         -                        -                        20.31666666666666666     
D0           2693        610         2083        3657        2612        6309        5015        1870        964         765         -                        -                        0.797385620915032679     
D2           1412        626         786         2531        2517        2666        5015        5255        1119        293         -                        -                        2.136518771331058020     
D94          8068        6879        1189        8683        1153        9404        5015        7371        615         73          -                        -                        94.23287671232876712     
D3           2887        1468        1419        4126        9416        9652        5015        8879        1239        409         -                        -                        3.589242053789731051     
D37          6523        8806        7684        8620        2090        4010        5015        1969        2097        232         -                        -                        37.95689655172413793     
D206         2648        4758        7857        2683        3800        6954        5015        8725        35          23          -                        -                        206.8695652173913043     
D2           3231        2987        244         5017        5671        5973        5015        9087        1786        1445        -                        -                        2.067128027681660899     
D10          6737        7875        8829        9727        5158        2369        5015        3872        2990        757         -                        -                        10.40290620871862615     
D4           6524        6483        41          9060        8366        7826        5015        9633        2536        1452        -                        -                        4.464876033057851239     
D8           1716        6080        5603        2746        3744        8248        5015        172         1030        686         -                        -                        8.862973760932944606     
D5           1875        2104        9738        2367        6832        5741        5015        7318        492         399         -                        -                        5.273182957393483709     
D11          8719        6751        1968        9624        6119        8514        5015        63          905         574         -                        -                        11.76132404181184669     
D5           4920        7170        7717        6696        4059        4952        5015        3302        1776        1368        -                        -                        5.241228070175438596     
D33          3102        9209        3860        4044        9890        6549        5015        2987        942         276         -                        -                        33.36594202898550724     
D6           5837        982         4855        8684        4371        832         5015        7256        2847        143         -                        -                        6.867132867132867132     
D5           4362        8654        5675        7191        5031        6866        5015        2910        2829        1533        -                        -                        5.645140247879973907     
D25          8431        6749        1682        9452        9379        6832        5015        5667        1021        263         -                        -                        25.66159695817490494     
D22          3326        7278        6015        4325        2111        6834        5015        367         999         329         -                        -                        22.12158054711246200     
D250         2162        9254        2875        2287        2949        5716        5015        6080        125         37          -                        -                        250.1081081081081081     
D11          7795        9794        7968        8790        9594        8260        5015        7616        995         830         -                        -                        11.8                     
D3           4044        4817        9194        6546        3853        2454        5015        5387        2502        1542        -                        -                        3.123865110246433203     
D181         4050        3272        778         4086        2041        5530        5015        6853        36          18          -                        -                        181.7777777777777777     
D12          3208        9684        3491        5650        8049        683         2845        525         2442        766         -                        -                        12.64229765013054830     
D5           6159        3541        2618        8891        1855        123         2845        3532        2732        695         -                        -                        5.094964028776978417     
C            4913        2373        2540        5136        3043        3074        2845        384         223         7           339                      -                        -                        
D5           3426        3354        72          4125        4003        6161        2845        7590        699         630         -                        -                        5.323809523809523809     
D3           3885        5312        8540        6302        933         7036        2845        7740        2417        1468        -                        -                        3.618528610354223433     
D1           5175        1150        4025        6578        1012        4990        2845        8609        1403        966         -                        -                        1.190476190476190476     
D9           4108        5988        8087        7559        2021        635         2845        1517        3451        657         -                        -                        9.114155251141552511     
D3           6879        122         6757        7449        4390        6411        2845        5231        570         39          -                        -                        3.128205128205128205     
D12          3550        1927        1623        3811        9111        3314        2845        8486        261         157         -                        -                        12.27388535031847133     
C            6096        4752        1344        7611        1824        414         2845        7609        1515        36          132                      -                        -                        
D5           1352        1334        18          2477        2763        2223        2845        4203        1125        227         -                        -                        5.876651982378854625     
D4           5558        9343        6182        8811        3474        80          2845        4837        3253        2305        -                        -                        4.053362255965292841     
C            213         1512        8668        419         2618        5273        2845        7729        206         7           216                      -                        -                        
D103         2885        4142        8710        5730        7031        806         2845        8017        2845        40          -                        -                        103.55                   
D20          5908        6142        9733        7775        6913        9315        2845        481         1867        307         -                        -                        20.00651465798045602     
D2           2625        782         1843        4962        8233        3239        2845        1563        2337        288         -                        -                        2.715277777777777777     
D14          2273        3040        9200        4343        3202        8440        2845        8368        2070        203         -                        -                        14.97536945812807881     
D80          6484        5174        1310        8089        9527        8295        2845        4564        1605        64          -                        -                        80.84375                 
D532         8384        7455        929         9221        1917        8620        2845        7756        837         14          -                        -                        532.5                    
D38          1476        3256        8187        2867        9276        8131        2845        4986        1391        85          -                        -                        38.30588235294117647     
D107         2099        3777        8289        2357        6879        3753        2845        6864        258         35          -                        -                        107.9142857142857142     
D258         737         2839        7865        979         3957        1305        2845        4721        242         11          -                        -                        258.0909090909090909     
D1           1922        1200        722         3121        7731        4416        2845        8861        1199        723         -                        -                        1.659751037344398340     
D8           6679        8463        8183        7812        1386        3630        2845        8916        1133        1014        -                        -                        8.346153846153846153     
D6           4470        4091        379         8340        9578        6051        2845        8701        3870        600         -                        -                        6.818333333333333333     
D9           2938        6514        6391        3684        8425        3488        4686        8321        746         700         -                        -                        9.305714285714285714     
D3           3675        7087        6555        5552        9282        2189        4686        1823        1877        1798        -                        -                        3.941601779755283648     
D8           8782        6355        2427        9588        4400        2802        4686        2799        806         722         -                        -                        8.801939058171745152     
D11          3258        3486        9739        4737        5577        4156        4686        199         1479        300         -                        -                        11.62                    
D16          6595        8322        8240        8622        7993        3116        4686        1662        2027        514         -                        -                        16.19066147859922179     
D1           3833        717         3116        7158        3702        8612        4686        4806        3325        508         -                        -                        1.411417322834645669     
D49          3294        8140        5121        3920        5370        3917        4686        150         626         164         -                        -                        49.63414634146341463     
D0           4602        570         4032        7930        22          5797        4686        932         3328        1274        -                        -                        0.447409733124018838     
D22          4541        6641        7867        5391        1048        3952        4686        8309        850         291         -                        -                        22.82130584192439862     
D5           6664        3615        3049        8684        3460        2042        4686        8859        2020        604         -                        -                        5.985099337748344370     
D3           5080        6057        8990        8486        8013        8361        4686        6225        3406        1674        -                        -                        3.618279569892473118     
D3           6312        4309        2003        8029        1483        6323        4686        6549        1717        1161        -                        -                        3.711455641688199827     
D1           4095        824         3271        4692        8350        7967        4686        1824        597         513         -                        -                        1.606237816764132553     
D4           6157        6652        9472        8493        947         5324        4686        4238        2336        1485        -                        -                        4.479461279461279461     
D2           3871        3090        781         5171        5364        5187        4686        2955        1300        1271        -                        -                        2.431156569630212431     
D26          3147        5618        7496        3414        4737        3605        4686        9459        267         210         -                        -                        26.75238095238095238     
D540         8882        9190        9659        9473        9938        4485        4686        3120        591         17          -                        -                        540.5882352941176470     
D7           4663        7059        7571        6548        1632        9116        4686        4713        1885        893         -                        -                        7.904815229563269876     
D2           7418        969         6449        9741        595         1725        4686        8260        2323        449         -                        -                        2.158129175946547884     
D2           3280        2303        977         5453        4499        7806        4686        2721        2173        1107        -                        -                        2.080397470641373080     
D6           7710        9327        8350        9796        3779        5958        4686        6037        2086        1452        -                        -                        6.423553719008264462     
D1           5762        1851        3911        7224        3156        2693        4686        3724        1462        1376        -                        -                        1.345203488372093023     
D2           4657        4394        263         7591        9957        2231        4686        1554        2934        1723        -                        -                        2.550203134068485200     
D8           6348        1500        4848        6657        179         1819        2899        3572        309         168         -                        -                        8.928571428571428571     
D153         5392        8906        6453        5519        32          9828        2899        3393        127         58          -                        -                        153.5517241379310344     
D0           3517        384         3133        5348        1739        2267        2899        1691        1831        1686        -                        -                        0.227758007117437722     
D13          3104        8662        4409        4341        7689        405         2899        7338        1237        630         -                        -                        13.74920634920634920     
D236         9539        4501        5038        9573        9383        8773        2899        6051        34          19          -                        -                        236.8947368421052631     
D5           4960        5862        9065        8767        1708        1003        2899        9702        3807        1153        -                        -                        5.084128360797918473     
D6           7661        4222        3439        9411        506         7484        2899        7848        1750        661         -                        -                        6.387291981845688351     
D10          6952        9297        7622        8475        85          686         2899        1751        1523        860         -                        -                        10.81046511627906976     
D8           5438        8115        7290        9949        2622        1779        2899        311         4511        927         -                        -                        8.754045307443365695     
D47          7627        3176        4451        8707        656         5407        2899        9121        1080        67          -                        -                        47.40298507462686567     
D20          3544        9091        4420        5091        2549        5660        2899        3249        1547        450         -                        -                        20.20222222222222222     
D9           4105        9722        4350        5133        1323        7982        2899        2953        1028        1021        -                        -                        9.522037218413320274     
D0           4070        89          3981        6762        3386        5742        2899        8716        2692        1378        -                        -                        0.064586357039187227     
D156         3619        7669        5917        4214        4625        7884        2899        4135        595         49          -                        -                        156.5102040816326530     
D54          1737        8815        2889        3312        922         436         2899        9382        1575        162         -                        -                        54.41358024691358024     
D2           5697        3133        2564        7162        5147        8944        2899        9468        1465        1302        -                        -                        2.406298003072196620     
D17          4500        9790        4677        5488        635         5361        2899        5666        988         548         -                        -                        17.86496350364963503     
D12          2964        8212        4719        5262        8136        5065        2899        2260        2298        666         -                        -                        12.33033033033033033     
D4           6111        6422        9656        8429        8169        6664        2899        2114        2318        1475        -                        -                        4.353898305084745762     
D4           5849        6996        8820        8017        903         8839        2899        6531        2168        1513        -                        -                        4.623925974884335756     
D0           4309        880         3429        6858        7658        5246        2899        9181        2549        1760        -                        -                        0.5                      
D15          7746        9367        8346        9178        5698        7999        2899        3089        1432        586         -                        -                        15.98464163822525597     
D3           5052        7410        7609        8074        4125        5929        2899        8809        3022        2030        -                        -                        3.650246305418719211     
D1           7291        1441        5850        9351        3533        4539        2899        9138        2060        1111        -                        -                        1.297029702970297029     
D37          2937        4339        8565        3103        3311        5296        2899        9291        166         115         -                        -                        37.73043478260869565     
D3           5420        4001        1419        7533        320         6907        2899        542         2113        1194        -                        -                        3.350921273031825795     
D0           5052        28          5024        8218        9318        4226        2899        5329        3166        1886        -                        -                        0.014846235418875927     
D38          3735        7085        6617        4242        9123        4884        2899        7396        507         186         -                        -                        38.09139784946236559     
D15          4086        9058        4995        5837        3501        5667        6321        6559        1751        584         -                        -                        15.51027397260273972     
D7           7209        9512        7664        8685        3350        434         6321        3466        1476        1305        -                        -                        7.288888888888888888     
D2           2366        2985        9348        3621        6304        1501        6321        40          1255        1111        -                        -                        2.686768676867686768     
D9           6748        8086        8629        9690        8448        4298        6321        3387        2942        864         -                        -                        9.358796296296296296     
D17          5600        6456        9111        8218        6179        1024        6321        6871        2618        364         -                        -                        17.73626373626373626     
D2           6374        6935        9406        9860        3414        470         6321        9499        3486        2888        -                        -                        2.401315789473684210     
D1           1600        262         1338        2993        1035        4346        6321        4613        1393        207         -                        -                        1.265700483091787439     
D232         8689        2090        6599        8969        2425        2852        6321        3515        280         9           -                        -                        232.2222222222222222     
D21          5491        2974        2517        5746        2874        2277        6321        5855        255         136         -                        -                        21.86764705882352941     
D214         6720        9639        7048        8945        3802        4687        6321        6517        2225        45          -                        -                        214.2                    
D36          4075        7918        6124        5040        8818        1531        6321        5779        965         215         -                        -                        36.82790697674418604     
D4           7105        7733        9339        9704        4236        9414        6321        343         2599        1907        -                        -                        4.055060304142632406     
D2           1300        1377        9890        1974        1057        1322        6321        5527        674         626         -                        -                        2.199680511182108626     
D10          4406        7599        6774        8059        9784        664         6321        6821        3653        753         -                        -                        10.09163346613545816     
D18          3905        8938        4934        7318        643         2383        6321        1998        3413        492         -                        -                        18.16666666666666666     
D4           5782        9103        6646        9544        554         2464        6321        8850        3762        2020        -                        -                        4.506435643564356435     
D23          6545        2906        3639        6883        8200        2980        6321        2531        338         123         -                        -                        23.62601626016260162     
D7           6839        6507        332         8022        2537        2435        4900        309         1183        924         -                        -                        7.042207792207792207     
D1           5555        5054        501         8355        1951        6620        4900        539         2800        2755        -                        -                        1.834482758620689655     
D4           5769        4956        813         7285        1015        5899        4900        761         1516        1221        -                        -                        4.058968058968058968     
D115         5012        8918        6061        5999        6338        1833        4900        2376        987         77          -                        -                        115.8181818181818181     
D1           3315        2596        719         5154        9373        92          4900        5902        1839        1476        -                        -                        1.758807588075880758     
D40          6159        5140        1019        6367        1404        253         4900        7557        208         127         -                        -                        40.47244094488188976     
D44          7713        8502        9178        8131        8732        2237        4900        3875        418         189         -                        -                        44.98412698412698412     
D3           5337        5502        9802        9004        7338        5399        4900        4426        3667        1670        -                        -                        3.294610778443113772     
C            2174        8700        3441        4298        6230        2890        4900        3953        2124        50          174                      -                        -                        
D3           4800        8737        6030        7286        8167        2532        4900        6147        2486        2314        -                        -                        3.775713050993949870     
D58          4645        8534        6078        4991        5373        7165        4900        3131        346         147         -                        -                        58.05442176870748299     
D26          7135        8947        8155        7493        5094        1060        4900        6891        358         333         -                        -                        26.86786786786786786     
D55          5076        6549        8494        6729        5876        2805        4900        5485        1653        117         -                        -                        55.97435897435897435     
D147         104         3975        6096        181         4714        4049        4900        540         77          27          -                        -                        147.2222222222222222     
D130         5516        9892        5591        5676        7885        8643        4900        6908        160         76          -                        -                        130.1578947368421052     
D0           5055        39          5016        8669        1135        9518        4900        5427        3614        1441        -                        -                        0.027064538514920194     
D0           6605        483         6122        8377        8192        4100        4900        3644        1772        1289        -                        -                        0.374709076803723816     
D1           8661        1067        7594        9796        2595        1567        4900        131         1135        716         -                        -                        1.490223463687150838     
D2           8203        2633        5570        9624        3007        4226        4900        4638        1421        1098        -                        -                        2.397996357012750455     
D106         1885        8302        3550        2024        7052        4964        4900        8976        139         78          -                        -                        106.4358974358974359     
D19          1483        6029        5421        2663        3450        177         4900        906         1180        303         -                        -                        19.89768976897689769     
D19          895         2066        8796        1008        6458        1988        4900        1306        113         104         -                        -                        19.86538461538461538     
D55          1667        3394        8240        1740        4774        4773        4900        3433        73          61          -                        -                        55.63934426229508196     
D35          4812        5171        9608        5590        2221        3633        4900        3202        778         144         -                        -                        35.90972222222222222     
D26          7424        5588        1836        8867        3915        8261        4900        4281        1443        209         -                        -                        26.73684210526315789     
D0           6686        271         6415        9092        5252        6363        4900        5365        2406        1874        -                        -                        0.144610458911419423     
D31          3737        5140        8564        7311        9094        4958        3312        8808        3574        163         -                        -                        31.53374233128834355     
D1838        4114        7353        6728        4129        233         2456        3312        5122        15          4           -                        -                        1838.25                  
D18          8247        5721        2526        9835        342         6994        3312        9022        1588        307         -                        -                        18.63517915309446254     
D5           4159        8023        6103        6921        6199        9370        3312        64          2762        1397        -                        -                        5.743020758768790264     
D22          8464        5854        2610        9636        4220        2298        3312        7838        1172        260         -                        -                        22.51538461538461538     
D9           5096        8960        6103        6123        140         9370        3312        64          1027        988         -                        -                        9.068825910931174089     
D22          4736        2775        1961        7042        6202        2701        3312        5360        2306        124         -                        -                        22.37903225806451612     
D6           4440        8468        5939        7550        8566        3445        3312        1118        3110        1330        -                        -                        6.366917293233082706     
D422         5259        8451        6775        5428        265         3067        3312        9698        169         20          -                        -                        422.55                   
D3           7917        6502        1415        9964        4631        4623        3312        7220        2047        1776        -                        -                        3.661036036036036036     
D81          7820        3894        3926        8088        8709        1388        3312        5844        268         48          -                        -                        81.125                   
D163         2142        8820        3289        2374        8825        1726        3312        9872        232         54          -                        -                        163.3333333333333333     
D12          7685        7710        9942        8567        5268        2535        3312        9889        882         629         -                        -                        12.25755166931637519     
D4           1020        2356        8631        1536        9177        9309        3312        7037        516         504         -                        -                        4.674603174603174603     
D4           3136        3758        9345        5370        9183        4341        3312        9174        2234        902         -                        -                        4.166297117516629711     
D2           2373        2084        289         3782        9867        4547        3312        5162        1409        964         -                        -                        2.161825726141078838     
D30          7105        8861        8211        7629        6633        8174        3312        6075        524         293         -                        -                        30.24232081911262798     
D3           4850        5202        9615        8393        1826        3427        3312        8114        3543        1307        -                        -                        3.980107115531752104     
D30          3750        9791        3926        7182        4779        2085        3312        9383        3432        318         -                        -                        30.78930817610062893     
D19          6211        7892        8286        6937        5539        4525        3312        6931        726         403         -                        -                        19.58312655086848635     
D7           2764        5396        7335        4814        4796        878         3312        5978        2050        714         -                        -                        7.557422969187675070     
D0           3056        289         2767        5029        6115        1383        3312        7470        1973        1083        -                        -                        0.266851338873499538     
D0           1317        53          1264        1759        1225        5884        3312        9487        442         433         -                        -                        0.122401847575057736     
D13          4484        5624        8827        8554        8991        7732        3312        8409        4070        414         -                        -                        13.58454106280193236     
D89          2790        4818        7939        3246        6867        7516        9018        8853        456         54          -                        -                        89.22222222222222222     
D13          1921        5072        6816        2434        1228        3070        9018        4874        513         382         -                        -                        13.27748691099476439     
D48          3658        7905        5720        3891        5937        4755        9018        8815        233         163         -                        -                        48.49693251533742331     
D21          3517        4751        8733        5167        3310        5238        9018        6888        1650        217         -                        -                        21.89400921658986175     
D49          5095        4527        568         6346        6877        1443        9018        8485        1251        91          -                        -                        49.74725274725274725     
D3           5807        9817        5957        8903        8975        1046        9018        6330        3096        2711        -                        -                        3.621172998893397270     
D31          6940        8408        8499        7496        2454        5478        9018        7038        556         268         -                        -                        31.37313432835820895     
D78          5749        8037        7679        6690        3463        7511        9018        3718        941         103         -                        -                        78.02912621359223301     
D16          1759        7808        3918        3034        776         6092        9018        7511        1275        484         -                        -                        16.13223140495867768     
D2           8576        552         8024        9130        2700        9269        9018        6069        554         266         -                        -                        2.075187969924812030     
D4           6503        9549        6921        8715        5063        8008        9018        9711        2212        2079        -                        -                        4.593073593073593073     
D124         4263        6081        8149        4564        2816        5962        9018        4253        301         49          -                        -                        124.1020408163265306     
D128         8569        9149        9387        9176        2342        8924        9018        3949        607         71          -                        -                        128.8591549295774647     
D0           1757        339         1418        2694        171         7185        9018        1226        937         820         -                        -                        0.413414634146341463     
D0           3291        241         3050        6046        7771        2548        9018        4879        2755        536         -                        -                        0.449626865671641791     
D7           7946        7796        150         9685        1075        6221        9018        2900        1739        990         -                        -                        7.874747474747474747     
D2           6865        2543        4322        9865        1522        8225        9018        1999        3000        865         -                        -                        2.939884393063583815     
D3           6986        2452        4534        7694        1676        7462        9018        3189        708         614         -                        -                        3.993485342019543973     
D24          7444        8622        8789        8153        1116        8590        9018        490         709         354         -                        -                        24.35593220338983050     
D51          8987        8818        169         9538        531         2139        9018        8726        551         171         -                        -                        51.56725146198830409     
D227         2407        2961        9413        2445        1049        4449        9018        1181        38          13          -                        -                        227.7692307692307692     
D27          3952        3679        273         5225        5656        8715        9018        5793        1273        133         -                        -                        27.66165413533834586     
D65          7865        3454        4411        8082        8283        7867        9018        649         217         53          -                        -                        65.16981132075471698     
D27          2683        8252        4398        5071        4909        1136        9018        5642        2388        295         -                        -                        27.97288135593220339     
D9           6087        6272        9782        7899        8264        1201        9018        406         1812        651         -                        -                        9.634408602150537634     
D15          7197        3847        3350        9513        7199        8318        9018        5389        2316        249         -                        -                        15.44979919678714859     
D6           5620        271         5349        5806        5615        7735        9018        4033        186         40          -                        -                        6.775                    
D18          2221        9417        2771        3083        374         9309        9018        2930        862         497         -                        -                        18.94768611670020120     
D6           6743        5759        984         7727        3165        5589        9018        1885        984         839         -                        -                        6.864123957091775923     
D7           2869        7792        5044        4657        3229        8956        9018        3049        1788        1081        -                        -                        7.208140610545790934     
D6           1293        3098        8162        2094        3052        7022        9018        517         801         492         -                        -                        6.296747967479674796     
D7           4171        2707        1464        4931        1980        2756        7939        6641        760         371         -                        -                        7.296495956873315363     
D3           5985        7597        8355        9842        4456        9920        7939        2697        3857        2128        -                        -                        3.570018796992481203     
D27          762         3578        7151        972         3711        3473        7939        5668        210         132         -                        -                        27.10606060606060606     
D17          8466        6253        2213        9089        6501        1093        7939        1899        623         367         -                        -                        17.03814713896457765     
D35          1896        6692        5171        2238        8530        8280        7939        4691        342         186         -                        -                        35.97849462365591397     
D0           5652        61          5591        8183        4817        7254        7939        3741        2531        590         -                        -                        0.103389830508474576     
D88          7307        3644        3663        7826        7319        1736        7939        4410        519         41          -                        -                        88.87804878048780487     
D28          6251        4435        1816        6759        8946        91          7939        1089        508         155         -                        -                        28.61290322580645161     
D55          629         2288        8308        727         7130        1131        7939        7124        98          41          -                        -                        55.80487804878048780     
D0           5804        185         5619        7173        5476        3374        7939        9765        1369        328         -                        -                        0.564024390243902439     
D166         6649        9133        7483        7120        7728        2828        7939        1091        471         55          -                        -                        166.0545454545454545     
D2           7314        2191        5123        8393        135         136         7939        7916        1079        840         -                        -                        2.608333333333333333     
D31          2777        7363        5381        3201        1434        4527        7939        5920        424         233         -                        -                        31.60085836909871244     
D5           5849        6031        9785        8234        9581        3542        7939        7550        2385        1079        -                        -                        5.589434661723818350     
D135         1801        5015        6753        1927        7887        4029        7939        8551        126         37          -                        -                        135.5405405405405405     
D23          4879        9010        5836        7123        1715        8001        7939        4364        2244        391         -                        -                        23.04347826086956521     
D3           2721        4185        8503        4181        7484        2756        7939        3326        1460        1261        -                        -                        3.318794607454401268     
D5           4965        7724        7208        6682        8009        414         7939        2358        1717        1531        -                        -                        5.045068582625734813     
D3           5008        9008        5967        7706        2098        8821        7939        4698        2698        2310        -                        -                        3.899567099567099567     
D268         1435        1881        9521        1452        5517        1133        7939        8943        17          7           -                        -                        268.7142857142857142     
D0           5222        1120        4102        8110        6468        2963        2675        1122        2888        2334        -                        -                        0.479862896315338474     
D8           2534        8838        3663        3991        5813        6283        2675        6409        1457        1077        -                        -                        8.206128133704735376     
D18          8725        9231        9461        9752        7543        2792        2675        8816        1027        509         -                        -                        18.13555992141453831     
D22          7822        5015        2807        8907        3252        2991        2675        5172        1085        227         -                        -                        22.09251101321585903     
D5           4944        2269        2675        5394        4642        2071        2675        1978        450         444         -                        -                        5.110360360360360360     
D3           4366        3130        1236        7903        8702        5580        2675        6025        3537        829         -                        -                        3.775633293124246079     
D28          5211        6776        8402        5708        4739        7457        2675        2622        497         241         -                        -                        28.11618257261410788     
D23          8824        6756        2068        9212        1632        4867        2675        224         388         288         -                        -                        23.45833333333333333     
D5           3852        5130        8689        5316        8019        161         2675        2484        1464        924         -                        -                        5.551948051948051948     
D56          2114        3873        8208        3137        4454        2827        2675        6515        1023        68          -                        -                        56.95588235294117647     
D4           3513        961         2552        6799        9036        2819        2675        8146        3286        227         -                        -                        4.233480176211453744     
D4           7578        3303        4275        8551        3588        1833        2675        2376        973         767         -                        -                        4.306388526727509778     
D1           5081        2283        2798        8527        3562        8450        2675        5499        3446        1635        -                        -                        1.396330275229357798     
D5           4651        2991        1660        8735        7730        807         2675        2369        4084        567         -                        -                        5.275132275132275132     
D17          5710        8812        6865        7445        7786        7409        2675        2907        1735        505         -                        -                        17.44950495049504950     
D196         2048        4510        7505        4073        5724        8465        2675        4643        2025        23          -                        -                        196.0869565217391304     
D31          3399        3151        248         5048        4022        6033        2675        6149        1649        101         -                        -                        31.19801980198019802     
D2           5497        3452        2045        9529        3683        5231        2675        507         4032        1465        -                        -                        2.356313993174061433     
D8           2081        4865        7183        3582        5423        5689        2675        4524        1501        580         -                        -                        8.387931034482758620     
D7           3341        6902        6406        5715        6357        8157        2675        1616        2374        967         -                        -                        7.137538779731127197     
D16          2066        3703        8330        2989        1528        2435        817         309         923         220         -                        -                        16.83181818181818181     
D17          2975        6088        6854        5602        2381        8274        817         530         2627        348         -                        -                        17.49425287356321839     
D8           4773        3844        929         5496        7044        2310        817         4053        723         435         -                        -                        8.836781609195402298     
D21          6564        8731        7800        7334        5654        8209        817         511         770         404         -                        -                        21.61138613861386138     
D30          2770        7957        4780        3049        418         7566        817         3858        279         259         -                        -                        30.72200772200772200     
D11          8134        9742        8359        9961        8402        2401        817         5318        1827        826         -                        -                        11.79418886198547215     
D69          5522        9091        6398        5859        8366        7193        817         8075        337         130         -                        -                        69.93076923076923076     
D4           5711        8592        7086        9419        9050        9685        817         7186        3708        2003        -                        -                        4.289565651522715926     
D22          1205        4929        6243        2186        4526        7849        817         6623        981         224         -                        -                        22.00446428571428571     
D78          1547        9053        2461        1726        8988        548         817         7494        179         115         -                        -                        78.72173913043478260     
D22          8271        5362        2909        9163        5784        5521        817         2279        892         243         -                        -                        22.06584362139917695     
D120         6647        6987        9627        7246        5029        1145        817         1906        599         58          -                        -                        120.4655172413793103     
D4           5128        8481        6614        8334        5530        6973        817         7566        3206        1922        -                        -                        4.412591050988553590     
D1           4904        2920        1984        7491        4968        5304        817         7528        2587        2317        -                        -                        1.260250323694432455     
D2           3791        2550        1241        6409        4293        1030        817         119         2618        1173        -                        -                        2.173913043478260869     
D1           6834        1309        5525        7702        1235        6051        817         8701        868         758         -                        -                        1.726912928759894459     
D4           3305        4256        9016        5584        4083        4078        817         7649        2279        1026        -                        -                        4.148148148148148148     
D7           1947        3404        8510        3420        9219        2767        817         4899        1473        474         -                        -                        7.181434599156118143     
D138         2247        6503        5711        2347        1740        683         817         525         100         47          -                        -                        138.3617021276595744     
D54          1812        5050        6729        2242        9810        6842        817         1301        430         92          -                        -                        54.89130434782608695     
D4           6756        7048        9675        8472        3583        1460        817         2984        1716        1608        -                        -                        4.383084577114427860     
D9           7203        9196        7974        9289        4188        9924        817         9874        2086        945         -                        -                        9.731216931216931216     
D5           6497        7216        9248        9051        8149        4518        817         6235        2554        1389        -                        -                        5.195104391648668106     
D10          3049        9547        3469        4112        1078        7345        817         2459        1063        923         -                        -                        10.34344528710725893     
D1           4273        3345        928         6633        2887        4953        5515        6609        2360        1913        -                        -                        1.748562467328802927     
D12          1807        2562        9212        2208        5069        2299        5515        2478        401         203         -                        -                        12.62068965517241379     
D1           6572        3183        3389        8966        3327        4769        5515        1394        2394        1784        -                        -                        1.784192825112107623     
D13          2430        4137        8260        3136        5344        299         5515        7269        706         312         -                        -                        13.25961538461538461     
D26          6624        8129        8462        7414        5330        5084        5515        3504        790         304         -                        -                        26.74013157894736842     
D10          6240        6733        9474        6937        6272        9779        5515        7319        697         664         -                        -                        10.14006024096385542     
D2           5059        4898        161         7929        3610        3296        5515        9626        2870        2189        -                        -                        2.237551393330287802     
D223         2383        2902        9448        2857        1932        7518        5515        2550        474         13          -                        -                        223.2307692307692307     
D2           6581        4823        1758        8844        8277        3899        5515        5594        2263        2055        -                        -                        2.346958637469586374     
D1           5454        2078        3376        9146        4979        9042        5515        3968        3692        1762        -                        -                        1.179341657207718501     
D3           5386        5483        9870        8966        781         841         5515        4295        3580        1806        -                        -                        3.035991140642303433     
D0           3603        501         3102        5012        2486        8662        5515        3813        1409        785         -                        -                        0.638216560509554140     
D3           6238        6731        9474        8322        7484        9779        5515        7319        2084        2070        -                        -                        3.251690821256038647     
D9           6127        7275        8819        7192        3888        1622        5515        7331        1065        802         -                        -                        9.071072319201995012     
D6           991         1504        9454        1765        9475        2083        5515        7614        774         217         -                        -                        6.930875576036866359     
D7           6785        8352        8400        9607        3415        9748        5515        1094        2822        1141        -                        -                        7.319894829097283085     
D1           9111        1039        8072        9764        1211        8008        5515        256         653         622         -                        -                        1.670418006430868167     
D8           4993        8768        6192        8924        7391        5336        5515        6373        3931        1062        -                        -                        8.256120527306967984     
D45          8969        1422        7547        9078        5016        586         5515        7404        109         31          -                        -                        45.87096774193548387     
D2           7705        3517        4188        9865        8647        2220        5515        6121        2160        1225        -                        -                        2.871020408163265306     
D4           2917        4554        8330        4876        6652        1571        6270        621         1959        958         -                        -                        4.753653444676409185     
D0           6067        46          6021        7792        4679        1431        6270        2733        1725        892         -                        -                        0.051569506726457399     
D2           7028        4080        2948        9793        6594        9577        6270        6739        2765        1498        -                        -                        2.723631508678237650     
D2           6162        5947        215         9673        4441        1158        6270        8918        3511        2651        -                        -                        2.243304413428894756     
D33          5810        5588        222         7691        7169        4995        6270        5726        1881        167         -                        -                        33.46107784431137724     
D8           7940        1185        6755        8590        1453        7428        6270        3705        650         140         -                        -                        8.464285714285714285     
D1           5716        2543        3173        9067        332         5281        6270        3340        3351        2365        -                        -                        1.075264270613107822     
D1           9038        946         8092        9954        1797        538         6270        6085        916         794         -                        -                        1.191435768261964735     
D44          2552        3283        9236        5030        7654        4001        6270        2653        2478        74          -                        -                        44.36486486486486486     
D58          5584        8413        7138        5731        1849        5496        6270        2468        147         145         -                        -                        58.02068965517241379     
D20          4317        5123        9161        4995        9469        8576        6270        6094        678         249         -                        -                        20.57429718875502008     
D19          1453        6779        4641        2555        8219        7508        6270        5795        1102        351         -                        -                        19.31339031339031339     
D5           3794        3361        433         6989        2188        3488        6270        1646        3195        599         -                        -                        5.611018363939899833     
D3           5525        4405        1120        9787        235         2544        6270        867         4262        1263        -                        -                        3.487727632620744259     
D6           4386        9882        4471        7308        4915        7314        6270        365         2922        1464        -                        -                        6.75                     
D285         3697        8855        4809        3791        4495        992         6270        5756        94          31          -                        -                        285.6451612903225806     
D8           1471        5080        6358        2331        8676        114         6270        8612        860         611         -                        -                        8.314238952536824877     
D28          6530        5491        1039        9699        7302        4043        6270        5937        3169        192         -                        -                        28.59895833333333333     
D13          5700        9258        6409        6949        7138        1893        6270        6201        1249        704         -                        -                        13.15056818181818181     
D0           2968        334         2634        5242        37          6068        6270        7821        2274        694         -                        -                        0.481268011527377521     
D1           4241        1197        3044        5142        2460        8000        6270        5142        901         637         -                        -                        1.879120879120879120     
D12          6359        8993        7333        8244        4226        6068        6270        2146        1885        704         -                        -                        12.77414772727272727     
D4           4680        4321        359         6492        1068        790         8811        7106        1812        1056        -                        -                        4.091856060606060606     
D913         4881        7309        7539        5324        2611        9343        8811        8691        443         8           -                        -                        913.625                  
D10          3328        1251        2077        4131        3264        157         8811        1915        803         116         -                        -                        10.78448275862068965     
D16          6275        8153        8089        9161        9684        9512        8811        9586        2886        503         -                        -                        16.20874751491053677     
D0           4978        1101        3877        8046        3155        5948        8811        8789        3068        1910        -                        -                        0.576439790575916230     
D0           5380        1163        4217        8302        3188        3648        8811        3899        2922        2458        -                        -                        0.473148901545972335     
D19          2974        6567        6374        4293        5282        6826        8811        22          1319        336         -                        -                        19.54464285714285714     
D7           4107        3111        996         5952        5440        5395        8811        2212        1845        417         -                        -                        7.460431654676258992     
D23          3244        6856        6355        3982        4840        771         8811        5092        738         292         -                        -                        23.47945205479452054     
D8           4966        2920        2046        6124        219         2167        8811        6658        1158        334         -                        -                        8.742514970059880239     
D12          7154        6895        259         9354        661         5352        8811        6253        2200        554         -                        -                        12.44584837545126353     
D1           3479        394         3085        5051        9586        4277        8811        8501        1572        335         -                        -                        1.176119402985074626     
D47          9421        4649        4772        9754        4584        5851        8811        3082        333         97          -                        -                        47.92783505154639175     
D65          7373        5343        2030        9196        1496        9680        8811        903         1823        81          -                        -                        65.96296296296296296     
D30          3957        2935        1022        7817        3303        6985        8811        4488        3860        97          -                        -                        30.25773195876288659     
D33          3857        9678        4146        4367        1990        7510        8811        85          510         287         -                        -                        33.72125435540069686     
D1           5292        2066        3226        9034        9529        480         8811        860         3742        1550        -                        -                        1.332903225806451612     
D5           5019        3618        1401        9358        1227        7359        8811        6607        4339        680         -                        -                        5.320588235294117647     
D3           3025        1847        1178        3657        8193        3869        8811        6432        632         497         -                        -                        3.716297786720321931     
D3           5601        5606        9962        9345        3110        5980        8811        3854        3744        1857        -                        -                        3.018847603661820140     
D85          7068        7561        9474        7417        8169        4037        8811        9414        349         88          -                        -                        85.92045454545454545     
D8           4373        9113        5227        7670        6683        7567        8811        8298        3297        1076        -                        -                        8.469330855018587360     
D4           4239        6813        7393        6953        957         3892        8811        6381        2714        1525        -                        -                        4.467540983606557377     
D9           2864        7023        5808        4978        2052        187         8811        426         2114        750         -                        -                        9.364                    
D12          8492        2130        6362        8800        8804        1835        8811        161         308         176         -                        -                        12.10227272727272727     
D5           4680        4017        663         8660        6545        6580        2390        9060        3980        700         -                        -                        5.738571428571428571     
D160         5892        6757        9102        6022        542         5013        2390        1502        130         42          -                        -                        160.8809523809523809     
D32          2014        8857        3124        2363        4796        2725        2390        2398        349         269         -                        -                        32.92565055762081784     
D0           5531        1750        3781        9082        5481        8663        2390        5563        3551        1980        -                        -                        0.883838383838383838     
D1           1852        869         983         3019        5296        7760        2390        4165        1167        685         -                        -                        1.268613138686131386     
D1           6438        6236        202         9697        4843        1669        2390        3609        3259        3179        -                        -                        1.961623151934570619     
A            4166        1073        3093        7259        4707        4768        2390        1438        3093        1073        1                        -                        -                        
D33          4761        8324        6404        5212        3575        8962        2390        9211        451         251         -                        -                        33.16334661354581673     
D17          5404        5688        9683        6249        1070        7020        2390        1179        845         334         -                        -                        17.02994011976047904     
D1           7723        3235        4488        9680        7918        1260        2390        1842        1957        1852        -                        -                        1.746760259179265658     
D2           4599        3205        1394        6348        6538        2806        2390        6978        1749        1101        -                        -                        2.910990009082652134     
D2           6304        2073        4231        7425        1562        8217        2390        8673        1121        699         -                        -                        2.965665236051502145     
D2           7037        3053        3984        9920        4946        9038        2390        5633        2883        1271        -                        -                        2.402045633359559402     
D6           5615        9204        6378        9752        9763        6206        2390        8163        4137        1478        -                        -                        6.227334235453315290     
D0           4776        147         4629        6568        6867        5155        2390        4633        1792        1192        -                        -                        0.123322147651006711     
D150         1437        8441        2963        2818        3193        6503        2390        3043        1381        56          -                        -                        150.7321428571428571     
D31          2117        6936        5148        3064        7672        5436        2390        9521        947         223         -                        -                        31.10313901345291479     
D29          1681        6088        5560        3158        8427        218         8845        2093        1477        204         -                        -                        29.84313725490196078     
D9           3797        1387        2410        7450        3851        5758        8845        4232        3653        144         -                        -                        9.631944444444444444     
D4           4603        1884        2719        8754        6260        6144        8845        4089        4151        452         -                        -                        4.168141592920353982     
D1           8592        326         8266        9008        8271        1029        8845        1469        416         272         -                        -                        1.198529411764705882     
D4           3455        5856        7566        5453        9484        2011        8845        6550        1998        1457        -                        -                        4.019217570350034317     
D3           5861        9089        6739        8843        3650        4975        8845        9650        2982        2879        -                        -                        3.156998957971517888     
D24          8571        7947        624         9121        8334        4865        8845        636         550         321         -                        -                        24.75700934579439252     
D1           3409        1081        2328        5745        7199        340         8845        2675        2336        1073        -                        -                        1.007455731593662628     
D90          3353        4259        9061        3527        9909        4579        8845        3879        174         47          -                        -                        90.61702127659574468     
D6           8955        3701        5254        9655        8321        4251        8845        8130        700         555         -                        -                        6.668468468468468468     
D11          2351        3864        8454        4375        2551        7097        8845        2967        2024        327         -                        -                        11.81651376146788990     
D2           5741        1941        3800        7437        6737        5154        8845        4051        1696        653         -                        -                        2.972434915773353751     
D194         2091        2144        9914        2107        724         1531        8845        4188        16          11          -                        -                        194.9090909090909090     
D6           6539        9273        7233        8239        569         2134        8845        1803        1700        1439        -                        -                        6.444058373870743571     
D12          7385        2331        5054        9186        5943        8434        8845        8136        1801        181         -                        -                        12.87845303867403314     
D10          8388        5870        2518        9952        3721        1125        8845        8265        1564        568         -                        -                        10.33450704225352112     
D8           6788        7515        9240        8253        6341        9907        8845        391         1465        928         -                        -                        8.098060344827586206     
D17          5246        4540        706         5745        5742        3089        8845        5295        499         256         -                        -                        17.734375                
D3           4326        7758        6535        6599        8217        1403        8845        6682        2273        2053        -                        -                        3.778860204578665367     
D295         2175        2067        108         2717        9673        8500        2397        8231        542         7           -                        -                        295.2857142857142857     
D1           3157        636         2521        5979        5790        7546        2397        7354        2822        335         -                        -                        1.898507462686567164     
D112         6075        6181        9861        7279        5939        7226        2397        2124        1204        55          -                        -                        112.3818181818181818     
D7           7766        4889        2877        9546        8316        4697        2397        2605        1780        646         -                        -                        7.568111455108359133     
D6           8138        8022        116         9536        9222        3974        2397        1006        1398        1148        -                        -                        6.987804878048780487     
D2           5244        6384        8827        8295        6991        2921        2397        7875        3051        2193        -                        -                        2.911080711354309165     
D2           5819        5501        318         7803        4664        1239        2397        9825        1984        1851        -                        -                        2.971907077255537547     
D787         7831        8666        9132        8222        5200        7542        2397        4989        391         11          -                        -                        787.8181818181818181     
D17          2546        3614        8899        3014        7545        1365        2397        5982        468         206         -                        -                        17.54368932038834951     
D1           3538        595         2943        6658        7654        790         2397        2861        3120        418         -                        -                        1.423444976076555023     
D4           5051        2564        2487        9579        5580        1829        2397        7231        4528        523         -                        -                        4.902485659655831740     
D17          4761        4869        9859        5881        9138        1616        2397        2026        1120        281         -                        -                        17.32740213523131672     
D46          1732        5008        6691        1857        8313        8140        2397        467         125         107         -                        -                        46.80373831775700934     
D234         1755        8457        3265        1946        7302        8949        2397        6639        191         36          -                        -                        234.9166666666666666     
D16          2660        8918        3709        4783        3000        5819        2397        6136        2123        537         -                        -                        16.60707635009310987     
D2           2762        2726        36          4450        853         2681        2397        1826        1688        1074        -                        -                        2.538175046554934823     
D12          4642        7723        6886        8678        493         7134        2397        8244        4036        606         -                        -                        12.74422442244224422     
D13          5372        2572        2800        5619        5617        473         2397        8972        247         185         -                        -                        13.90270270270270270     
D0           5004        468         4536        6393        6144        3909        8563        8546        1389        837         -                        -                        0.559139784946236559     
D1           2447        1101        1346        4257        2333        7884        8563        5832        1810        637         -                        -                        1.728414442700156985     
D7           4447        7973        6441        6147        7936        4767        8563        9914        1700        1047        -                        -                        7.615090735434574976     
D0           5533        251         5282        7761        2893        4416        8563        1106        2228        1077        -                        -                        0.233054781801299907     
D10          5368        8688        6647        9889        3088        213         8563        3876        4521        847         -                        -                        10.25737898465171192     
D35          7430        7879        9518        8331        1575        366         8563        8314        901         222         -                        -                        35.49099099099099099     
D2           6357        6546        9778        9689        3818        9142        8563        1213        3332        3025        -                        -                        2.163966942148760330     
D65          3920        8023        5864        5186        5264        2186        8563        6922        1266        122         -                        -                        65.76229508196721311     
D6           5436        1632        3804        6728        3758        9380        8563        6684        1292        268         -                        -                        6.089552238805970149     
D0           6139        392         5747        8636        2879        8104        8563        3881        2497        1145        -                        -                        0.342358078602620087     
D33          2948        8794        4121        4292        617         5677        8563        7122        1344        260         -                        -                        33.82307692307692307     
D3           5016        5699        9284        8293        6880        727         8563        6843        3277        1739        -                        -                        3.277170787809085681     
D5           3990        1720        2270        4721        3929        7954        8563        660         731         335         -                        -                        5.134328358208955223     
D17          6037        2671        3366        6405        7067        4861        8563        8636        368         149         -                        -                        17.92617449664429530     
D0           5253        406         4847        7437        7138        2756        8563        6641        2184        885         -                        -                        0.458757062146892655     
D48          4916        3908        1008        5072        698         607         8563        3604        156         80          -                        -                        48.85                    
D2           5362        4314        1048        8839        780         3372        8563        4069        3477        1885        -                        -                        2.288594164456233421     
D1           5047        1881        3166        6352        2238        4875        8563        896         1305        1132        -                        -                        1.661660777385159010     
D4           4271        3532        739         7769        9820        6185        8563        654         3498        773         -                        -                        4.569210866752910737     
D234         4568        3746        822         9120        1569        1397        8563        2753        4552        16          -                        -                        234.125                  
D4           4011        5824        8154        5423        2958        1663        8563        3203        1412        1187        -                        -                        4.906486941870261162     
D7           4957        9258        5666        6822        7171        7676        8563        3483        1865        1227        -                        -                        7.545232273838630806     
D14          8933        9061        9839        9687        3525        6687        8563        7897        754         639         -                        -                        14.17996870109546165     
D28          8978        8138        840         9340        3082        1620        8563        4058        362         290         -                        -                        28.06206896551724137     
D18          4961        595         4366        5665        421         4630        6085        759         704         33          -                        -                        18.03030303030303030     
D157         7991        6145        1846        8047        1124        7376        6085        9201        56          39          -                        -                        157.5641025641025641     
D16          4010        8924        5053        5170        3315        9262        6085        7844        1160        530         -                        -                        16.83773584905660377     
D36          4704        7492        7179        5079        6266        785         6085        5069        375         204         -                        -                        36.72549019607843137     
D17          4860        2529        2331        5534        4593        3942        6085        9935        674         142         -                        -                        17.80985915492957746     
D13          6047        7766        8248        8791        4533        9505        6085        2339        2744        559         -                        -                        13.89266547406082289     
D9           4789        9956        4800        6028        7875        4609        6085        3902        1239        1072        -                        -                        9.287313432835820895     
D13          9251        906         8345        9415        5506        1401        6085        1709        164         67          -                        -                        13.52238805970149253     
D90          8037        7683        354         8321        8880        5228        6085        1405        284         85          -                        -                        90.38823529411764705     
D6           4902        7688        7181        8539        4821        6357        6085        9245        3637        1265        -                        -                        6.077470355731225296     
D10          7347        9859        7455        8415        9031        4687        6085        6517        1068        939         -                        -                        10.49946751863684771     
D52          1920        2326        9561        1987        829         5040        6085        2203        67          44          -                        -                        52.86363636363636363     
D1           6602        1879        4723        8375        5419        3086        6085        6813        1773        1283        -                        -                        1.464536243180046765     
D9           4785        9575        5177        8514        1102        3318        6085        72          3729        1056        -                        -                        9.067234848484848484     
D80          6983        7848        9102        9278        6633        2622        6085        8440        2295        98          -                        -                        80.08163265306122449     
D2           6108        2840        3268        8502        4029        1902        6085        6586        2394        1320        -                        -                        2.151515151515151515     
D51          4153        5103        9017        5504        3586        8123        6085        1166        1351        100         -                        -                        51.03                    
D6           8567        2149        6418        9936        4220        5274        6085        8959        1369        353         -                        -                        6.087818696883852691     
D24          1190        2140        9017        1374        7146        3356        6085        773         184         86          -                        -                        24.88372093023255814     
D4           5154        2110        3044        9808        9477        6367        6085        2640        4654        500         -                        -                        4.22                     
D4           2584        1296        1288        2970        7567        9592        6085        6179        386         268         -                        -                        4.835820895522388059     
D23          8951        1712        7239        9634        8417        7080        6085        2481        683         72          -                        -                        23.77777777777777777     
D3           4437        2808        1629        6235        3367        3933        6085        1848        1798        841         -                        -                        3.338882282996432818     
D0           6506        881         5625        7892        5535        8409        6085        3092        1386        962         -                        -                        0.915800415800415800     
C            9362        2334        7028        9369        7049        2480        6085        4221        7           3           778                      -                        -                        
D67          2930        7714        5183        4338        364         5324        6085        4238        1408        114         -                        -                        67.66666666666666666     
D7           6171        5138        1033        7080        8542        3772        3919        7963        909         717         -                        -                        7.165969316596931659     
D266         9819        9871        9915        9953        8744        1361        3919        5061        134         37          -                        -                        266.7837837837837837     
D13          2857        1376        1481        5609        2192        771         3919        4875        2752        105         -                        -                        13.10476190476190476     
D1           8942        1067        7875        9873        5715        2105        3919        9294        931         563         -                        -                        1.895204262877442273     
D218         6530        5682        848         9782        9698        223         3919        2202        3252        26          -                        -                        218.5384615384615384     
D8           5871        6738        9100        7139        4014        7811        3919        9775        1268        799         -                        -                        8.433041301627033792     
D152         4942        8834        6075        5090        225         2459        3919        3273        148         58          -                        -                        152.3103448275862069     
D2           5292        4100        1192        8604        6825        5022        3919        9566        3312        1980        -                        -                        2.070707070707070707     
D13          2567        9649        2885        4427        6535        3080        3919        1760        1860        707         -                        -                        13.64780763790664780     
D11          2983        4588        8362        5558        4048        2892        3919        2355        2575        408         -                        -                        11.24509803921568627     
D4           5663        6688        8942        9689        6187        5975        3919        5546        4026        1637        -                        -                        4.085522296884544899     
D2           6393        4354        2039        8699        4767        2676        3919        118         2306        1781        -                        -                        2.444693992139247613     
D4           3710        6904        6773        5888        1162        7639        3919        8429        2178        1532        -                        -                        4.506527415143603133     
D6           6506        9682        6791        8212        8412        3238        3919        7852        1706        1388        -                        -                        6.975504322766570605     
D4           3635        5743        7859        5989        5300        6081        3919        1451        2354        1281        -                        -                        4.483216237314597970     
D104         7263        9938        7292        8287        9193        7574        3919        6194        1024        95          -                        -                        104.6105263157894736     
D7           4052        6721        7298        7246        6873        8631        3919        626         3194        858         -                        -                        7.833333333333333333     
D46          1864        5285        6546        2039        9356        3928        3919        3939        175         114         -                        -                        46.35964912280701754     
D270         5740        6760        8947        5867        8373        5380        3919        7174        127         25          -                        -                        270.4                    
D1           5745        1989        3756        9831        687         4889        3919        2005        4086        1659        -                        -                        1.198915009041591320     
D412         5898        3713        2185        5937        8972        8769        3919        3943        39          9           -                        -                        412.5555555555555555     
D54          4184        7615        6536        6206        1706        6956        3919        7395        2022        140         -                        -                        54.39285714285714285     
D18          7999        4801        3198        8483        9615        344         3919        9472        484         255         -                        -                        18.82745098039215686     
D1283        6145        6417        9695        7373        4448        9460        3919        3087        1228        5           -                        -                        1283.4                   
D50          7228        7078        150         7601        5701        6220        4727        5615        373         141         -                        -                        50.19858156028368794     
D2           4561        4868        9660        6915        4149        3324        4727        1726        2354        2207        -                        -                        2.205709107385591300     
D5           2356        3864        8459        3954        5960        4245        4727        7506        1598        758         -                        -                        5.097625329815303430     
D8           2759        9765        2961        4398        6278        731         4727        5274        1639        1120        -                        -                        8.71875                  
D5           7900        4270        3630        9085        5036        3970        4727        6726        1185        790         -                        -                        5.405063291139240506     
D305         4590        2752        1838        9171        3159        2161        4727        3197        4581        9           -                        -                        305.7777777777777777     
D0           5512        227         5285        7403        8068        5801        4727        3191        1891        1730        -                        -                        0.131213872832369942     
D54          6923        4301        2622        7041        1537        251         4727        9036        118         79          -                        -                        54.44303797468354430     
D21          6018        4833        1185        7949        8466        4862        4727        9406        1931        225         -                        -                        21.48                    
D2           3039        2428        611         5174        6725        6971        4727        1395        2135        904         -                        -                        2.685840707964601769     
D7           2072        4385        7654        3593        6336        1097        4727        2343        1521        551         -                        -                        7.958257713248638838     
D1           6715        1705        5010        8110        6779        9508        4727        9213        1395        1135        -                        -                        1.502202643171806167     
D4           3156        1887        1269        4082        4036        164         4727        403         926         378         -                        -                        4.992063492063492063     
D10          1698        4183        7482        2131        8556        55          4727        2208        433         399         -                        -                        10.48370927318295739     
D18          3897        7325        6539        4597        70          2771        4727        6512        700         397         -                        -                        18.45088161209068010     
D4           4551        6496        8022        7534        7189        3090        4727        9570        2983        1568        -                        -                        4.142857142857142857     
D4           6711        3292        3419        7900        4005        4158        4727        6643        1189        766         -                        -                        4.297650130548302872     
D15          5235        6846        8356        7638        8740        3771        4727        3333        2403        429         -                        -                        15.95804195804195804     
D5           4860        3585        1275        9082        356         5121        4727        710         4222        638         -                        -                        5.619122257053291536     
D3           4493        5464        8996        7603        5107        5267        4727        3797        3110        1383        -                        -                        3.950831525668835864     
D2           7013        1914        5099        8542        7921        5598        4727        8680        1529        897         -                        -                        2.133779264214046822     
D3           3250        3855        9362        5504        947         4963        4727        9729        2254        996         -                        -                        3.870481927710843373     
D48          5909        9015        6861        7340        6464        8161        4727        2874        1431        185         -                        -                        48.72972972972972973     
D971         5116        6798        8285        6819        6411        113         4727        3625        1703        7           -                        -                        971.1428571428571428     
D55          1541        7407        4101        2949        6025        3314        5328        8486        1408        133         -                        -                        55.69172932330827067     
D2           1765        797         968         3169        2355        6828        5328        7064        1404        361         -                        -                        2.207756232686980609     
D3           5379        1557        3822        7026        8190        6149        5328        1435        1647        438         -                        -                        3.554794520547945205     
D4           2556        976         1580        3730        7266        3888        5328        686         1174        208         -                        -                        4.692307692307692307     
D1           8811        322         8489        9156        5890        9092        5328        3002        345         186         -                        -                        1.731182795698924731     
D171         5300        9266        6001        5422        6212        4779        5328        9362        122         54          -                        -                        171.5925925925925925     
D3           1988        1668        320         3499        7703        267         5328        3574        1511        477         -                        -                        3.496855345911949685     
D7           5861        8334        7494        8203        2234        7325        5328        4956        2342        1177        -                        -                        7.080713678844519966     
D19          8346        1315        7031        8418        6919        5432        5328        356         72          66          -                        -                        19.92424242424242424     
D73          243         4212        5998        429         8325        8516        5328        7500        186         57          -                        -                        73.89473684210526315     
D5           7152        4989        2163        8383        5897        8836        5328        7583        1231        997         -                        -                        5.004012036108324974     
D0           416         22          394         736         109         1927        5328        9510        320         96          -                        -                        0.229166666666666666     
D45          6673        6642        31          7175        2808        5735        5328        9011        502         147         -                        -                        45.18367346938775510     
D6           3823        9457        4333        6080        3805        9484        5328        6483        2257        1566        -                        -                        6.038952745849297573     
D1           7602        2759        4843        9593        4567        7527        5328        7340        1991        1629        -                        -                        1.693677102516881522     
D2           4681        2225        2456        8504        7511        7626        5328        3826        3823        858         -                        -                        2.593240093240093240     
D15          2632        4180        8419        3418        3795        9918        5328        290         786         274         -                        -                        15.25547445255474452     
D0           4603        166         4437        8843        3134        6780        5328        8008        4240        363         -                        -                        0.457300275482093663     
D8           4037        7559        6445        5089        7221        372         5328        3224        1052        881         -                        -                        8.580022701475595913     
D11          2951        8587        4331        4067        5969        8358        5328        2259        1116        719         -                        -                        11.94297635605006954     
D51          4408        3605        803         8746        53          6747        2199        6650        4338        70          -                        -                        51.5                     
D5           7171        9589        7549        9855        3739        4449        2199        8786        2684        1803        -                        -                        5.318358291735995563     
D5           4324        5636        8655        7668        4917        5730        2199        3962        3344        980         -                        -                        5.751020408163265306     
D48          802         5715        5054        973         4764        8396        2199        4878        171         118         -                        -                        48.43220338983050847     
D89          2938        2330        608         3029        9061        3418        2199        5696        91          26          -                        -                        89.61538461538461538     
D0           5854        1497        4357        7984        3882        1902        2199        6586        2130        1594        -                        -                        0.939146800501882057     
D108         1643        9681        1929        1754        5401        3239        2199        1563        111         89          -                        -                        108.7752808988764044     
D8           3398        8085        5280        5805        4935        7484        2199        7848        2407        991         -                        -                        8.158425832492431887     
D5           7186        8705        8448        9015        2595        6917        2199        6552        1829        1699        -                        -                        5.123602118893466745     
D497         4462        5975        8454        4487        8304        2083        2199        7614        25          12          -                        -                        497.9166666666666666     
D42          1224        2457        8734        1330        7672        564         2199        937         106         58          -                        -                        42.36206896551724137     
D299         9303        9871        9399        9406        4020        2685        2199        6962        103         33          -                        -                        299.1212121212121212     
D127         7528        4860        2668        7598        8429        8653        2199        8914        70          38          -                        -                        127.8947368421052631     
D6           3622        3406        216         5174        181         7848        2199        2662        1552        518         -                        -                        6.575289575289575289     
D13          1530        3215        8282        1961        3201        9102        2199        3451        431         237         -                        -                        13.56540084388185654     
C            9598        416         9182        9676        7179        2928        2199        5062        78          4           104                      -                        -                        
D3           7058        6570        488         9606        5028        8839        2199        6531        2548        1962        -                        -                        3.348623853211009174     
D33          6893        7484        9376        8560        258         6137        2199        8528        1667        225         -                        -                        33.26222222222222222     
D7           3468        6258        7177        4768        2956        9038        2199        5633        1300        868         -                        -                        7.209677419354838709     
D145         3538        5801        7704        4704        1593        5146        2199        4740        1166        40          -                        -                        145.025                  
D8           6327        6222        105         7731        6633        4748        2199        321         1404        711         -                        -                        8.751054852320675105     
D35          7086        7729        9324        8231        4144        8485        2199        8355        1145        216         -                        -                        35.78240740740740740     
D4           7433        2883        4550        8112        8240        659         2199        8384        679         643         -                        -                        4.483670295489891135     
D24          754         6794        3927        1227        9434        9759        2199        5298        473         281         -                        -                        24.17793594306049822     
D3           7561        1660        5901        8068        8621        9650        2199        9714        507         463         -                        -                        3.585313174946004319     
D1           3348        1934        1414        5230        9682        4528        2199        8981        1882        1466        -                        -                        1.319236016371077762     
D4           4931        7147        7751        8319        2090        829         3204        7152        3388        1543        -                        -                        4.631885936487362281     
D23          4471        6786        7652        6559        575         7777        3204        5940        2088        295         -                        -                        23.00338983050847457     
D8           5957        7539        8385        8502        826         3944        3204        9047        2545        867         -                        -                        8.695501730103806228     
D8           6711        9743        6935        9496        6061        4953        3204        6609        2785        1141        -                        -                        8.539000876424189307     
D0           6491        168         6323        9947        1160        7733        3204        825         3456        3035        -                        -                        0.055354200988467874     
D14          6567        5257        1310        7601        399         5065        3204        7707        1034        363         -                        -                        14.48209366391184573     
D17          3921        9109        4779        7319        2089        4226        3204        5329        3398        523         -                        -                        17.41682600382409177     
D160         2545        4020        8492        2635        2198        1221        3204        1598        90          25          -                        -                        160.8                    
D49          6819        8650        8136        8148        5599        5940        3204        9139        1329        174         -                        -                        49.71264367816091954     
D0           3255        144         3111        5808        5484        7569        3204        4471        2553        702         -                        -                        0.205128205128205128     
D0           6519        1652        4867        9863        4721        494         3204        2120        3344        3175        -                        -                        0.520314960629921259     
D20          3774        8808        4933        4332        2233        5559        3204        7824        558         426         -                        -                        20.67605633802816901     
D31          2425        2585        9807        3596        2685        1308        3204        8446        1171        83          -                        -                        31.14457831325301204     
D0           4832        94          4738        8732        2067        877         3204        6664        3900        932         -                        -                        0.100858369098712446     
D7           5333        5195        138         6880        4494        7591        3204        4754        1547        692         -                        -                        7.507225433526011560     
D0           6449        123         6326        7451        8273        8627        3204        8749        1002        437         -                        -                        0.281464530892448512     
D2           2931        1541        1390        4097        5239        1869        3204        3868        1166        599         -                        -                        2.572621035058430717     
D32          3024        8601        4390        4403        4671        1469        3204        5251        1379        266         -                        -                        32.33458646616541353     
D9           3760        5172        8555        6962        4359        5910        9082        9049        3202        558         -                        -                        9.268817204301075268     
D9           4434        6630        7771        8138        5430        141         9082        3140        3704        730         -                        -                        9.082191780821917808     
D1           5718        901         4817        8203        8531        3194        9082        5906        2485        748         -                        -                        1.204545454545454545     
D8           8266        5772        2494        9532        7628        5625        9082        4067        1266        670         -                        -                        8.614925373134328358     
D28          3642        9034        4575        5305        1308        1048        9082        3314        1663        316         -                        -                        28.58860759493670886     
D3           5456        7688        7735        8790        1551        1413        9082        8706        3334        2122        -                        -                        3.622997172478793591     
D10          1932        6639        5260        3224        1581        7233        9082        8931        1292        640         -                        -                        10.3734375               
D3           6498        9555        6910        9899        1713        8844        9082        7267        3401        3097        -                        -                        3.085243784307394252     
D16          5334        9276        6025        5931        4625        609         9082        6730        597         558         -                        -                        16.62365591397849462     
D6           5332        2910        2422        7766        8144        4140        9082        6264        2434        464         -                        -                        6.271551724137931034     
D5           3465        5443        7989        5960        7724        2979        9082        1264        2495        970         -                        -                        5.611340206185567010     
D3           2067        802         1265        2529        3713        4046        9082        1890        462         219         -                        -                        3.662100456621004566     
D18          3626        7660        5933        4268        7316        4589        9082        922         642         416         -                        -                        18.41346153846153846     
D81          2765        4649        8083        5473        9863        3685        9082        5993        2708        57          -                        -                        81.56140350877192982     
D32          6772        2994        3778        7106        6348        8420        9082        1065        334         92          -                        -                        32.54347826086956521     
D28          5795        2398        3397        6131        2731        1692        9082        6311        336         83          -                        -                        28.89156626506024096     
D12          3353        5160        8160        4824        4209        4292        9082        9748        1471        411         -                        -                        12.55474452554744525     
D10          5548        6067        9448        7197        9428        6958        9082        2744        1649        601         -                        -                        10.09484193011647254     
D4           5027        4203        824         9185        3736        3548        9082        1247        4158        869         -                        -                        4.836593785960874568     
D1           6714        1862        4852        9529        1624        3498        9082        9023        2815        1084        -                        -                        1.717712177121771217     
D6           5508        4693        815         6460        9662        469         9082        8285        952         748         -                        -                        6.274064171122994652     
D27          1448        9705        1710        1813        9890        5413        9082        3110        365         353         -                        -                        27.49291784702549575     
D99          5963        7728        8202        6070        6688        7807        9082        25          107         78          -                        -                        99.07692307692307692     
D3           4977        5672        9272        6700        6690        4545        9082        1884        1723        1531        -                        -                        3.704768125408229915     
D385         4759        5392        9334        9504        5618        3408        9082        3645        4745        14          -                        -                        385.1428571428571428     
D11          7068        9684        7351        8624        8974        7449        9082        8813        1556        844         -                        -                        11.47393364928909952     
C            7394        4198        3196        8626        4213        8507        3300        609         1232        2           2099                     -                        -                        
C            5127        1569        3558        5139        6336        4687        104         3450        12          3           523                      -                        -                        
C            902         1760        9109        968         8018        2536        3814        5517        66          44          40                       -                        -                        
C            9419        1659        7760        9507        9945        927         1735        4002        88          3           553                      -                        -                        
C            4404        5832        8539        4549        204         9061        8064        8823        145         54          108                      -                        -                        
C            1521        186         1335        2026        4620        3888        6096        9281        505         6           31                       -                        -                        
C            4063        9143        4887        7903        8288        7754        7686        1164        3840        223         41                       -                        -                        
C            521         9853        635         983         4152        2552        8066        6467        462         59          167                      -                        -                        
C            4651        5580        9038        5315        2549        4010        6031        1969        664         3           1860                     -                        -                        
C            1782        2322        9427        3306        943         5785        1209        7084        1524        258         9                        -                        -                        
C            3305        715         2590        3370        4313        4893        8787        3626        65          55          13                       -                        -                        
C            4285        8904        5348        4328        7738        6835        8787        7374        43          28          318                      -                        -                        
C            1884        2296        9555        2260        5507        4469        6307        7839        376         4           574                      -                        -                        
C            2633        5124        7476        2896        4343        1715        5105        9959        263         3           1708                     -                        -                        
C            3137        5697        7407        4704        6249        5001        7234        9432        1567        3           1899                     -                        -                        
C            6431        7985        8413        6557        8264        7388        2540        1874        126         5           1597                     -                        -                        
C            3772        1400        2372        7534        4           6867        8761        350         3762        10          140                      -                        -                        
C            8974        5301        3673        9173        9425        9049        1431        7585        199         19          279                      -                        -                        
C            5298        1362        3936        5302        7945        1348        786         7689        4           2           681                      -                        -                        
C            1670        6538        5099        1706        1398        3238        2140        2115        36          14          467                      -                        -                        
C            5003        9139        5831        9303        8572        4023        7512        4116        4300        703         13                       -                        -                        
C            5789        4654        1135        5792        8555        2650        7512        9639        3           2           2327                     -                        -                        
C            8104        2603        5501        8153        7914        2171        8953        6077        49          19          137                      -                        -                        
C            8480        4248        4232        8498        5164        8606        826         7837        18          2           2124                     -                        -                        
C            5306        3240        2066        5584        4387        5772        2249        1607        278         24          135                      -                        -                        
C            2778        3984        8761        2889        7087        4453        4464        4816        111         3           1328                     -                        -                        
C            4232        2908        1324        4373        7859        1336        8044        8150        141         2           1454                     -                        -                        
C            8464        6532        1932        8652        1084        5819        4486        3831        188         4           1633                     -                        -                        
C            2654        6902        5719        2829        5489        6808        2888        2429        175         29          238                      -                        -                        
C            3828        6912        6883        5550        6383        5121        4232        710         1722        384         18                       -                        -                        
C            8978        9592        9353        9854        4169        6345        9964        5709        876         218         44                       -                        -                        
C            4114        9800        4281        4417        5292        8689        9304        371         303         175         56                       -                        -                        
C            7032        7500        9499        7805        6843        5316        2246        5817        773         75          100                      -                        -                        
C            2531        4956        7542        3374        7930        6232        2246        7293        843         2           2478                     -                        -                        
A            2650        804         1846        4496        977         1239        5076        9825        1846        804         1                        -                        -                        
C            6755        1045        5710        7430        1956        3479        4815        5835        675         5           209                      -                        -                        
C            3288        5681        7574        6277        4624        4668        9004        2521        2989        299         19                       -                        -                        
C            3114        9724        3357        3887        2416        5146        9004        4740        773         22          442                      -                        -                        
C            6814        3693        3121        6953        9326        5478        9004        7038        139         3           1231                     -                        -                        
A            8165        1270        6895        9544        9106        1980        3245        2962        1379        1270        1                        -                        -                        
C            5499        5364        135         6569        3748        1834        2425        9043        1070        149         36                       -                        -                        
C            7059        4335        2724        8760        2506        9008        8268        5550        1701        255         17                       -                        -                        
C            1708        8680        2995        2267        806         3354        672         6911        559         31          280                      -                        -                        
C            982         1618        9331        989         3995        1093        1952        1899        7           2           809                      -                        -                        
C            4854        8343        6478        6445        4982        2348        5958        4405        1591        81          103                      -                        -                        
C            6046        7407        8606        9623        7031        7713        2184        4319        3577        2469        3                        -                        -                        
C            528         7260        3235        573         4666        9149        6036        6491        45          33          220                      -                        -                        
C            6025        247         5778        6454        3806        1133        5818        1024        429         19          13                       -                        -                        
C            1811        1600        211         1817        3880        6497        9414        3494        6           5           320                      -                        -                        
C            9735        8664        1071        9876        2513        3748        9165        4160        141         6           1444                     -                        -                        
C            6637        4033        2604        8837        6948        8868        3503        5413        2200        37          109                      -                        -                        
C            1757        5611        6113        1954        6646        6449        5970        6700        197         181         31                       -                        -                        
C            95          7640        2422        170         8755        4161        5297        1145        75          20          382                      -                        -                        
C            4139        4668        9438        8275        4179        572         4220        9732        4136        3           1556                     -                        -                        
C            3378        4852        8493        3619        3018        6953        4220        3139        241         4           1213                     -                        -                        
C            1370        554         816         1484        1897        4782        1533        5412        114         2           277                      -                        -                        
C            1227        5895        5299        1256        5761        9161        4312        6930        29          9           655                      -                        -                        
C            8053        2625        5428        8351        4904        4471        6632        3352        298         7           375                      -                        -                        
C            6381        56          6325        9568        232         1416        6632        1375        3187        7           8                        -                        -                        
C            3218        3102        116         3369        8835        9920        8535        7270        151         47          66                       -                        -                        
C            1009        9306        1670        1736        9377        639         5318        6032        727         282         33                       -                        -                        
C            5006        3704        1302        5042        3407        2257        7405        3026        36          2           1852                     -                        -                        
C            4748        5602        9113        4754        1559        1742        9931        2254        6           2           2801                     -                        -                        
C            473         638         9802        627         7041        7831        7123        974         154         11          58                       -                        -                        
C            4547        9248        5266        4598        3386        2003        1334        4059        51          8           1156                     -                        -                        
C            1355        2483        8839        2697        3248        8277        7129        8995        1342        13          191                      -                        -                        
C            1547        5472        6042        1556        6333        4728        6675        2253        9           8           684                      -                        -                        
C            4132        959         3173        4931        1250        7236        5392        5367        799         137         7                        -                        -                        
C            2886        6120        6733        5160        7910        3680        5392        656         2274        612         10                       -                        -                        
C            5564        5334        230         6182        6911        4988        5466        1492        618         2           2667                     -                        -                        
C            4691        6327        8331        9345        8           2414        1456        9512        4654        37          171                      -                        -                        
C            1385        8547        2805        2767        5271        1275        1456        8142        1382        3           2849                     -                        -                        
C            618         522         96          698         3105        6937        4495        1618        80          58          9                        -                        -                        
C            5262        7866        7363        5266        6823        1818        6662        7701        4           2           3933                     -                        -                        
C            865         8704        2128        988         7400        318         810         3891        123         4           2176                     -                        -                        
C            9128        4592        4536        9178        8944        30          8025        5510        50          28          164                      -                        -                        
C            6210        618         5592        8177        5365        139         485         2157        1967        309         2                        -                        -                        
C            7513        1666        5847        9379        3731        4226        9313        4638        1866        49          34                       -                        -                        
C            4090        9772        4285        4544        8367        5180        5272        5700        454         4           2443                     -                        -                        
C            6819        6324        495         6937        9729        264         7013        4245        118         93          68                       -                        -                        
C            9090        8004        1086        9103        1816        6893        1754        4944        13          3           2668                     -                        -                        
C            9093        7776        1317        9368        5229        5316        4541        5817        275         18          432                      -                        -                        
C            9281        3164        6117        9284        1058        4135        7643        2019        3           2           1582                     -                        -                        
C            3154        3507        9614        3177        9190        4229        7103        1073        23          3           1169                     -                        -                        
C            9650        92          9558        9846        5033        1105        6834        8056        196         46          2                        -                        -                        
C            5552        320         5232        5618        6159        1124        2768        4439        66          8           40                       -                        -                        
C            7759        4922        2837        9672        6620        8228        9052        3033        1913        107         46                       -                        -                        
C            700         9078        1589        922         3578        4006        8321        3791        222         34          267                      -                        -                        
C            1560        5112        6415        1593        5706        16          2630        5063        33          9           568                      -                        -                        
C            1440        5785        5622        2875        6637        9592        8592        6179        1435        5           1157                     -                        -                        
C            1784        294         1490        1791        8681        2843        2605        4557        7           6           49                       -                        -                        
C            2990        9938        3019        3488        3236        3500        9051        7389        498         2           4969                     -                        -                        
C            2447        2334        113         2610        4220        9944        5778        4814        163         2           1167                     -                        -                        
C            1402        6435        4934        2739        5133        385         4102        8710        1337        65          99                       -                        -                        
C            5087        8556        6498        5298        5245        7243        3392        7103        211         23          372                      -                        -                        
C            5674        5454        220         7088        3809        3346        2283        2974        1414        18          303                      -                        -                        
C            4226        6534        7659        4489        4301        3491        7917        1480        263         18          363                      -                        -                        
C            7563        2292        5271        7698        1929        190         9437        6217        135         3           764                      -                        -                        
C            4910        3980        930         9818        9368        9102        9347        6516        4908        2           1990                     -                        -                        
C            5516        7212        8271        7354        701         3366        1466        3835        1838        2           3606                     -                        -                        
C            6612        3732        2880        7162        3163        664         323         3146        550         12          311                      -                        -                        
C            4466        8408        6025        4538        4848        7028        9405        2255        72          2           4204                     -                        -                        
C            2634        6834        5767        3884        8408        7810        467         9790        1250        134         51                       -                        -                        
C            3109        8844        4232        6206        2936        8360        7493        7648        3097        12          737                      -                        -                        
C            2877        3450        9394        5752        6000        8546        3118        7725        2875        2           1725                     -                        -                        
C            3724        984         2740        4532        5662        1483        4841        9682        808         492         2                        -                        -                        
C            8042        4850        3192        8058        7495        408         5270        4409        16          10          485                      -                        -                        
C            4488        6528        7927        5608        4908        2698        355         4534        1120        8           816                      -                        -                        
C            4299        6874        7392        4373        519         5328        9227        2529        74          7           982                      -                        -                        
C            5832        1257        4575        6033        9857        4385        283         8234        201         3           419                      -                        -                        
C            5375        3278        2097        5777        1943        9180        4208        8399        402         149         22                       -                        -                        
C            4391        7056        7302        5181        3461        7872        9804        3501        790         441         16                       -                        -                        
C            8556        1470        7086        8566        6186        894         6087        1431        10          6           245                      -                        -                        
C            7524        9549        7942        7593        9051        5726        8487        4157        69          3           3183                     -                        -                        
C            8657        3560        5097        8660        8072        7543        6889        4574        3           2           1780                     -                        -                        
C            4519        8512        5974        5848        2831        502         1878        1876        1329        532         16                       -                        -                        
C            3861        7150        6678        3931        9571        7566        4315        3858        70          11          650                      -                        -                        
C            2005        7310        4662        2025        3634        9707        4315        5460        20          5           1462                     -                        -                        
C            5332        559         4773        7095        5509        9127        4870        1746        1763        43          13                       -                        -                        
C            5561        2576        2985        8330        2873        2244        3866        8098        2769        23          112                      -                        -                        
C            6252        6384        9835        8328        4340        2473        984         4567        2076        24          266                      -                        -                        
C            4832        590         4242        4835        7524        1377        9946        3590        3           2           295                      -                        -                        
C            3495        6783        6679        4527        1843        2793        8252        2778        1032        399         17                       -                        -                        
C            8498        4186        4312        8506        2199        5180        7667        4267        8           2           2093                     -                        -                        
C            1711        3185        8493        2137        8278        341         1762        1497        426         7           455                      -                        -                        
C            9680        736         8944        9784        3537        8403        232         4275        104         8           92                       -                        -                        
C            6764        4946        1818        6925        352         2653        4708        3242        161         2           2473                     -                        -                        
C            7416        2768        4648        8123        5549        1724        4941        6817        707         346         8                        -                        -                        
C            5749        6120        9596        5765        6880        4528        4771        986         16          5           1224                     -                        -                        
C            7234        5400        1834        7402        1855        321         1030        4570        168         10          540                      -                        -                        
C            4137        6894        7210        4481        2613        5750        276         1742        344         9           766                      -                        -                        
C            3897        8490        5374        7791        3739        3854        8216        738         3894        3           2830                     -                        -                        
C            6841        6593        248         7223        2305        5672        4848        872         382         347         19                       -                        -                        
C            588         2178        8377        601         2085        2161        4664        6770        13          3           726                      -                        -                        
C            8776        9468        9275        8793        6741        6575        8759        3754        17          4           2367                     -                        -                        
C            6902        7700        9169        7751        8591        4000        3421        8194        849         110         70                       -                        -                        
C            4199        4108        91          5229        6318        5893        2852        3364        1030        79          52                       -                        -                        
C            8022        9234        8755        8033        317         8829        7965        5217        11          3           3078                     -                        -                        
C            5765        4488        1277        6576        4844        9384        7535        75          811         88          51                       -                        -                        
C            2104        6352        5719        2120        7525        7305        4343        3834        16          8           794                      -                        -                        
C            483         7590        2860        507         6400        3705        9623        4097        24          3           2530                     -                        -                        
C            9638        8826        812         9685        4357        8997        9874        670         47          3           2942                     -                        -                        
C            2707        8455        4219        4051        2346        5631        694         8131        1344        19          445                      -                        -                        
C            5811        3091        2720        6101        7265        3159        8800        9099        290         11          281                      -                        -                        
C            8823        6105        2718        8921        3159        8875        4123        1895        98          3           2035                     -                        -                        
C            9349        6747        2602        9839        4924        7959        4394        1813        490         39          173                      -                        -                        
C            5146        1920        3226        5212        6307        8702        2113        6862        66          64          30                       -                        -                        
C            2004        2781        9190        2663        1248        8875        5301        1895        659         27          103                      -                        -                        
C            5387        4920        467         6278        6007        3507        1629        2415        891         41          120                      -                        -                        
C            4632        738         3894        6825        5501        7669        8270        7195        2193        246         3                        -                        -                        
C            7447        2443        5004        7687        3722        2538        8862        6382        240         7           349                      -                        -                        
C            6928        8015        8880        9235        9489        6674        5999        4508        2307        7           1145                     -                        -                        
C            8052        9798        8221        9371        3060        9602        1593        7840        1319        138         71                       -                        -                        
C            4634        8580        6021        9112        281         8155        9499        7692        4478        156         55                       -                        -                        
C            5237        6147        9057        6544        6941        7758        9499        5548        1307        9           683                      -                        -                        
C            7931        5480        2451        9252        3998        1538        7183        3337        1321        5           1096                     -                        -                        
C            7237        4599        2638        7556        8387        1055        6803        9819        319         219         21                       -                        -                        
C            3019        5820        7166        3773        202         1943        1630        7134        754         3           1940                     -                        -                        
A            2670        154         2516        3928        4240        8219        4165        2205        1258        154         1                        -                        -                        
C            4566        9678        4855        4806        3336        6186        7348        5327        240         6           1613                     -                        -                        
C            6466        5070        1396        6558        6776        1163        2097        6717        92          26          195                      -                        -                        
C            8846        6258        2588        8978        4334        8902        7376        7011        132         2           3129                     -                        -                        
C            3917        2734        1183        3932        9412        3423        8219        7394        15          2           1367                     -                        -                        
C            8067        8784        9250        9080        1075        9141        3958        685         1013        976         9                        -                        -                        
C            4375        5380        8962        5248        4982        3146        2236        3058        873         10          538                      -                        -                        
C            5769        4239        1530        5913        509         4907        2236        6294        144         9           471                      -                        -                        
C            2739        702         2037        2964        6866        7999        3065        6878        225         39          18                       -                        -                        
C            3884        8736        5115        4304        6158        2558        9527        6563        420         104         84                       -                        -                        
C            2763        8802        3928        3453        548         461         5973        2526        690         3           2934                     -                        -                        
C            3268        8446        4789        3291        5618        123         1538        3532        23          2           4223                     -                        -                        
C            4557        3780        777         4580        5086        8310        1633        7816        23          3           1260                     -                        -                        
C            2305        705         1600        3450        6114        3512        1514        631         1145        15          47                       -                        -                        
C            1102        4016        7053        1152        4451        9656        7416        1546        50          2           2008                     -                        -                        
C            3507        2232        1275        3560        9186        2752        1389        9811        53          9           248                      -                        -                        
C            3491        2628        863         6973        8328        6010        1389        8287        3482        9           292                      -                        -                        
C            344         3149        7162        443         4493        5770        7943        4972        99          47          67                       -                        -                        
C            8354        7236        1118        8851        3255        4556        7943        682         497         402         18                       -                        -                        
C            5967        7280        8654        6808        2988        4352        7943        3178        841         80          91                       -                        -                        
C            2734        364         2370        4099        8945        3029        2876        3413        1365        4           91                       -                        -                        
C            8888        549         8339        9571        3478        7382        6173        1092        683         9           61                       -                        -                        
C            8302        5936        2366        8526        3433        17          4020        3416        224         14          424                      -                        -                        
C            4083        2185        1898        4207        3618        2329        4020        6064        124         115         19                       -                        -                        
C            3826        8613        5180        7333        3699        1810        4193        6841        3507        319         27                       -                        -                        
C            1142        2413        8696        2265        7490        4039        2057        9117        1123        19          127                      -                        -                        
C            324         5094        5197        345         7452        6737        9592        1710        21          9           566                      -                        -                        
C            9679        759         8920        9861        6576        6872        777         1005        182         33          23                       -                        -                        
C            5351        8848        6470        6669        4878        976         5605        9458        1318        79          112                      -                        -                        
C            6278        1486        4792        8370        3703        6271        1218        2116        2092        2           743                      -                        -                        
C            2992        9280        3679        3408        7361        4114        5504        7225        416         80          116                      -                        -                        
C            3645        2592        1053        3969        7382        5462        5504        8042        324         81          32                       -                        -                        
C            1362        6398        4931        2710        1734        5876        1913        544         1348        14          457                      -                        -                        
C            7313        7163        150         8355        3806        9579        6610        9762        1042        19          377                      -                        -                        
C            1816        7959        3824        1843        5292        3366        8571        6132        27          7           1137                     -                        -                        
C            5066        2886        2180        5318        7875        3666        8213        1952        252         26          111                      -                        -                        
C            4380        6240        8107        4794        3114        3900        8458        4515        414         240         26                       -                        -                        
C            1100        6538        4529        2186        2784        6223        8458        6110        1086        14          467                      -                        -                        
C            2176        7008        5135        2331        2090        6091        9560        5087        155         6           1168                     -                        -                        
C            4835        7860        6942        7251        214         1664        7548        5812        2416        3           2620                     -                        -                        
C            9072        7684        1388        9077        8665        8207        7847        8476        5           2           3842                     -                        -                        
C            1605        5472        6100        2868        9767        185         7847        770         1263        342         16                       -                        -                        
C            8627        7040        1587        8904        9956        3721        3690        9327        277         40          176                      -                        -                        
C            7842        6660        1182        7896        9362        9921        4735        6414        54          12          555                      -                        -                        
C            5023        1350        3673        5525        9069        9306        7009        8678        502         3           450                      -                        -                        
C            1647        306         1341        1652        1793        6716        1380        1968        5           2           153                      -                        -                        
C            7774        264         7510        7908        8073        2827        3981        3452        134         2           132                      -                        -                        
C            6444        5184        1260        7158        9380        4810        3981        2623        714         18          288                      -                        -                        
C            6330        3040        3290        6346        1230        6585        7783        3811        16          10          304                      -                        -                        
C            8812        5540        3272        8840        6131        746         7589        2046        28          20          277                      -                        -                        
C            3499        3564        9902        3758        3732        7527        1188        7340        259         132         27                       -                        -                        
C            1682        266         1416        1702        6215        1875        9044        5095        20          2           133                      -                        -                        
C            4463        7175        7255        4499        6329        4122        4676        1135        36          35          205                      -                        -                        
C            3973        5694        8246        4105        4854        7280        993         8884        132         13          438                      -                        -                        
C            6518        6206        312         9933        3822        605         4248        9760        3415        3103        2                        -                        -                        
C            1556        2940        8583        1693        1797        4305        9433        1000        137         49          60                       -                        -                        
C            2490        8030        4427        2738        3637        7674        9433        5368        248         10          803                      -                        -                        
C            6673        1242        5431        7148        1898        8910        945         3372        475         23          54                       -                        -                        
C            5075        5076        9966        6978        8491        5546        8343        6074        1903        1269        4                        -                        -                        
C            7279        4980        2299        7376        6705        8217        6772        1294        97          4           1245                     -                        -                        
C            5399        4192        1207        7155        8683        7982        64          7014        1756        131         32                       -                        -                        
C            3640        5980        7627        3779        5538        2011        64          3417        139         26          230                      -                        -                        
C            924         3696        7195        1216        8866        9812        3033        7791        292         48          77                       -                        -                        
C            2141        7050        5058        4141        6517        9310        6784        1298        2000        141         50                       -                        -                        
C            3198        5796        7369        4314        8119        1195        3837        1356        1116        966         6                        -                        -                        
C            7492        5600        1892        7885        5589        5478        2581        7038        393         25          224                      -                        -                        
C            9684        7812        1872        9890        1369        6101        9772        792         206         2           3906                     -                        -                        
C            6899        5428        1471        7522        3058        3164        2592        8124        623         46          118                      -                        -                        
C            7552        4908        2644        7558        5678        3161        1718        9522        6           4           1227                     -                        -                        
C            808         1084        9691        870         250         5585        2385        1918        62          2           542                      -                        -                        
C            2841        6708        6100        5678        6537        1521        2385        1172        2837        4           1677                     -                        -                        
C            8343        7854        489         8350        231         9960        2385        34          7           6           1309                     -                        -                        
C            7829        3842        3987        7955        3331        4368        3668        1210        126         17          226                      -                        -                        
C            4910        5720        9157        7343        8874        9632        1278        396         2433        44          130                      -                        -                        
C            6497        9074        7390        9739        8192        4161        1278        8822        3242        13          698                      -                        -                        
C            5124        7533        7558        5511        9034        2590        8048        1370        387         93          81                       -                        -                        
C            8664        3597        5067        8809        3490        1182        8048        9394        145         109         33                       -                        -                        
C            137         9035        1069        159         8433        5971        1909        6498        22          5           1807                     -                        -                        
C            2620        1464        1156        5118        7024        4743        2822        4348        2498        122         12                       -                        -                        
C            6353        1248        5105        7623        693         11          5361        7682        1270        3           416                      -                        -                        
C            3665        3280        385         3909        8540        6458        7185        5299        244         5           656                      -                        -                        
C            7083        7248        9802        8498        5681        7207        7164        7491        1415        8           906                      -                        -                        
C            5490        1488        4002        8211        8859        9141        4535        9282        2721        48          31                       -                        -                        
C            1010        4558        6419        1164        9439        7020        4535        8788        154         86          53                       -                        -                        
C            7032        2788        4244        7222        7168        5994        6447        4500        190         2           1394                     -                        -                        
C            4971        5546        9392        7433        8854        6835        4883        7374        2462        47          118                      -                        -                        
C            9177        1287        7890        9431        6502        1401        2894        8258        254         33          39                       -                        -                        
C            8002        1948        6054        8008        9468        7614        1957        4670        6           4           487                      -                        -                        
C            1804        3610        8161        2701        4168        950         4080        790         897         10          361                      -                        -                        
C            4401        4035        366         4503        2853        7317        6333        494         102         15          269                      -                        -                        
C            2725        8115        4577        4086        9325        7073        4749        6927        1361        3           2705                     -                        -                        
C            4244        3200        1044        4302        8548        1472        2454        3004        58          10          320                      -                        -                        
C            2321        4386        7902        2548        5721        1436        3318        4459        227         51          86                       -                        -                        
C            4917        1410        3507        9693        2211        640         4022        3909        4776        141         10                       -                        -                        
C            5615        7860        7722        5619        3164        9323        4022        2888        4           3           2620                     -                        -                        
C            3111        7267        5811        4660        8708        5815        2364        7325        1549        13          559                      -                        -                        
C            1007        1785        9189        1015        6219        9629        2364        5592        8           7           255                      -                        -                        
C            1149        2454        8662        1530        7039        7536        6636        3410        381         6           409                      -                        -                        
C            4434        8236        6165        4561        7726        6060        33          5071        127         116         71                       -                        -                        
C            6302        9442        6827        6932        8306        1724        33          6817        630         2           4721                     -                        -                        
C            8383        1545        6838        8393        298         1065        4496        6661        10          3           515                      -                        -                        
C            2863        3105        9725        3083        815         5825        4496        4651        220         3           1035                     -                        -                        
C            3776        2506        1270        7194        550         7588        938         6021        3418        358         7                        -                        -                        
C            4061        3745        316         6089        9943        9298        9061        2751        2028        5           749                      -                        -                        
C            2274        498         1776        2355        7969        8155        3080        7692        81          6           83                       -                        -                        
C            4766        7290        7443        9526        2342        1800        6983        7672        4760        6           1215                     -                        -                        
C            3114        882         2232        3122        9600        6265        243         6597        8           2           441                      -                        -                        
C            4634        1218        3416        4640        6323        502         243         1876        6           2           609                      -                        -                        
C            3465        4050        9382        3593        9608        3155        6420        6874        128         9           450                      -                        -                        
C            6782        3874        2908        7121        5324        138         3888        2880        339         2           1937                     -                        -                        
C            9284        9042        242         9318        1403        2557        4018        7622        34          2           4521                     -                        -                        
C            5309        2976        2333        6064        7988        2636        5664        3529        755         24          124                      -                        -                        
C            4877        8932        5912        7521        5652        7466        5664        6745        2644        2233        4                        -                        -                        
C            2084        328         1756        2292        9189        7120        5643        5124        208         4           82                       -                        -                        
C            6798        1564        5234        7009        9366        3869        5643        6432        211         46          34                       -                        -                        
C            5765        2308        3457        5878        5822        8821        3776        4698        113         2           1154                     -                        -                        
C            7992        1425        6567        8023        5176        5530        3776        3114        31          25          57                       -                        -                        
C            7460        6625        835         8927        6283        3907        3776        7744        1467        125         53                       -                        -                        
C            9291        9009        282         9806        6410        3441        3472        8527        515         21          429                      -                        -                        
C            6355        4301        2054        7207        8916        4346        8979        5354        852         391         11                       -                        -                        
C            9122        1450        7672        9692        2772        1226        8979        7127        570         2           725                      -                        -                        
C            4294        7968        6293        6417        3388        9407        3684        1285        2123        48          166                      -                        -                        
C            5016        2154        2862        5062        2398        451         3684        7233        46          2           1077                     -                        -                        
C            4219        6130        8056        8436        6420        8776        3684        5947        4217        2           3065                     -                        -                        
C            5979        2523        3456        6726        5951        1135        3420        528         747         3           841                      -                        -                        
C            4727        6175        8519        8979        6367        3976        8342        5051        4252        475         13                       -                        -                        
C            736         4500        6203        980         7114        2239        3941        7230        244         4           1125                     -                        -                        
C            3411        333         3078        3897        3019        3963        5030        5771        486         9           37                       -                        -                        
C            3709        2704        1005        3885        4893        728         6546        8175        176         13          208                      -                        -                        
C            732         6000        4699        912         3508        7592        3433        4309        180         12          500                      -                        -                        
C            3474        6422        7019        3598        2407        1310        3264        4305        124         2           3211                     -                        -                        
C            8898        7500        1398        8910        8657        6156        7525        6994        12          6           1250                     -                        -                        
C            4554        8199        6322        5059        6917        9400        5779        7667        505         9           911                      -                        -                        
C            7186        3123        4063        8163        4864        7188        8034        4728        977         347         9                        -                        -                        
C            5360        6334        8993        5474        2048        9045        9658        6067        114         2           3167                     -                        -                        
C            6563        7658        8872        6674        8906        5771        6098        1834        111         14          547                      -                        -                        
C            4138        1890        2248        4234        7707        1330        4441        3395        96          10          189                      -                        -                        
C            1424        1442        9949        1706        8942        6737        4700        1710        282         14          103                      -                        -                        
C            4936        7280        7623        4984        1939        3133        2726        7488        48          40          182                      -                        -                        
C            9683        276         9407        9771        7269        2091        2758        3768        88          3           92                       -                        -                        
C            878         8463        2382        1725        3716        1591        1016        300         847         31          273                      -                        -                        
C            5931        4422        1509        6007        3496        4492        8665        3622        76          3           1474                     -                        -                        
C            523         2382        8108        531         3771        9087        8665        3767        8           3           794                      -                        -                        
C            4248        2710        1538        6367        2396        8235        8665        2522        2119        10          271                      -                        -                        
C            6988        3990        2998        7057        5407        5312        7020        1245        69          19          210                      -                        -                        
C            8216        8624        9559        8556        9196        5845        3877        7965        340         56          154                      -                        -                        
C            5512        6336        9143        6189        8435        6131        8807        4576        677         96          66                       -                        -                        
C            1183        7560        3590        1218        1158        7231        1089        3983        35          28          270                      -                        -                        
C            6962        5886        1076        8701        5960        4010        709         7998        1739        6           981                      -                        -                        
C            6395        6942        9420        7194        7314        8578        3049        5659        799         3           2314                     -                        -                        
C            4088        598         3490        5351        2699        8514        3049        63          1263        299         2                        -                        -                        
C            8189        9800        8356        8516        5234        5863        6196        6644        327         14          700                      -                        -                        
C            6557        9472        7052        6572        7261        3784        131         3282        15          2           4736                     -                        -                        
C            6960        9345        7582        7731        8811        6934        381         9364        771         21          445                      -                        -                        
C            7825        5500        2325        8020        6523        7580        4251        774         195         25          220                      -                        -                        
C            9780        9414        366         9798        9172        8375        124         1455        18          6           1569                     -                        -                        
C            7331        8157        9141        7363        8266        6154        5440        3757        32          3           2719                     -                        -                        
C            2452        9153        3266        4823        4808        3664        1567        4548        2371        81          113                      -                        -                        
C            7938        3732        4206        7969        3689        5268        9957        1025        31          2           1866                     -                        -                        
C            2020        425         1595        2153        6089        2310        8194        4053        133         25          17                       -                        -                        
C            4697        5376        9288        9366        3169        2409        9839        1785        4669        28          192                      -                        -                        
C            2813        3085        9695        4217        3197        7097        7257        7000        1404        5           617                      -                        -                        
C            3494        2340        1154        6985        5055        9298        9434        2751        3491        3           780                      -                        -                        
C            4645        8092        6520        8134        6468        7401        6038        4618        3489        1156        7                        -                        -                        
C            732         9450        1249        1459        199         8021        1330        348         727         5           1890                     -                        -                        
C            6225        9111        7081        6327        6598        78          1566        5429        102         3           3037                     -                        -                        
C            207         975         9199        309         5306        1948        1566        5566        102         3           325                      -                        -                        
C            2479        5560        6886        3304        7997        8660        9090        3134        825         4           1390                     -                        -                        
C            535         5499        5003        564         9295        1601        9090        3151        29          13          423                      -                        -                        
C            1144        1287        9824        2277        1082        2609        705         1908        1133        11          117                      -                        -                        
C            2364        1404        960         2487        6256        5849        705         3843        123         27          52                       -                        -                        
C            8613        8946        9634        9213        8608        7760        9712        5802        600         213         42                       -                        -                        
C            3814        5694        8087        3846        3334        4886        5039        3051        32          6           949                      -                        -                        
C            7312        2470        4842        9667        9729        3184        5039        5015        2355        247         10                       -                        -                        
C            7416        2394        5022        7769        6740        4368        8400        1210        353         3           798                      -                        -                        
C            3723        8007        5683        6975        5150        8662        5785        6154        3252        471         17                       -                        -                        
C            7715        9858        7824        9604        8525        8025        698         8011        1889        159         62                       -                        -                        
C            2431        2033        398         2467        6776        4041        1044        1508        36          19          107                      -                        -                        
C            9241        5542        3699        9775        5392        8222        5065        9151        534         163         34                       -                        -                        
C            2992        4118        8841        3182        1028        643         7431        450         190         142         29                       -                        -                        
C            6291        5559        732         6297        1237        9819        2909        2462        6           3           1853                     -                        -                        
C            7469        9416        8020        9042        1155        2286        2733        198         1573        1177        8                        -                        -                        
C            9066        984         8082        9381        328         3827        295         3           315         246         4                        -                        -                        
C            3833        7048        6752        3836        7750        1855        3913        3481        3           2           3524                     -                        -                        
C            9085        4263        4822        9352        3864        4047        514         1897        267         7           609                      -                        -                        
C            3818        7140        6645        3871        9538        990         514         5629        53          2           3570                     -                        -                        
C            2429        2175        254         2477        3198        9092        514         3002        48          29          75                       -                        -                        
C            3424        6530        6861        6846        3488        8043        8092        3208        3422        2           3265                     -                        -                        
C            2451        5886        6532        2655        6216        8837        7063        4590        204         3           1962                     -                        -                        
C            5994        378         5616        6849        6116        5511        565         8634        855         9           42                       -                        -                        
C            28          684         9311        36          8023        1292        565         4614        8           4           171                      -                        -                        
C            1598        7090        4475        1640        7215        8199        4733        5727        42          2           3545                     -                        -                        
C            3511        7100        6378        4037        330         9647        8107        4854        526         355         20                       -                        -                        
C            4120        2394        1726        8226        7375        7126        9019        9620        4106        14          171                      -                        -                        
C            1802        6902        4867        1805        4966        8440        7969        1599        3           2           3451                     -                        -                        
C            5464        6435        8996        5649        8077        5202        7614        2607        185         99          65                       -                        -                        
C            7424        6166        1258        9898        3425        5986        7215        5173        2474        2           3083                     -                        -                        
C            1038        572         466         2050        928         9647        7215        5113        1012        26          22                       -                        -                        
C            2087        6426        5628        3817        2033        2865        2635        7411        1730        357         18                       -                        -                        
C            2269        5397        6839        2550        6234        2437        6222        7632        281         21          257                      -                        -                        
C            3048        6288        6727        3798        3650        6298        474         5971        750         48          131                      -                        -                        
C            2732        822         1910        2753        6181        9395        4570        8482        21          2           411                      -                        -                        
C            2632        4833        7766        5237        202         470         4835        468         2605        27          179                      -                        -                        
C            9618        3690        5928        9652        1122        6902        8855        8851        34          30          123                      -                        -                        
C            1471        5915        5523        2929        8048        6818        319         5840        1458        13          455                      -                        -                        
C            4662        5684        8945        5803        1819        984         867         7877        1141        98          58                       -                        -                        
C            673         5508        5132        886         2427        1795        3709        877         213         34          162                      -                        -                        
C            2338        8432        3873        2725        5699        763         5010        3557        387         16          527                      -                        -                        
C            505         9730        742         555         7141        878         8568        3989        50          5           1946                     -                        -                        
C            3719        5026        8660        3835        9341        4850        3013        6902        116         7           718                      -                        -                        
C            1372        7484        3855        1390        3131        6348        3711        4163        18          4           1871                     -                        -                        
C            343         4550        5760        621         4431        9569        3243        6441        278         65          70                       -                        -                        
C            9262        4698        4564        9309        8684        3877        7897        5310        47          3           1566                     -                        -                        
C            268         1225        9010        297         2737        7225        8956        1275        29          7           175                      -                        -                        
C            3958        474         3484        3963        7895        330         1268        3646        5           3           158                      -                        -                        
C            7637        6972        665         7707        2271        3611        6558        4190        70          7           996                      -                        -                        
C            3908        2088        1820        4392        6868        7785        5623        5335        484         36          58                       -                        -                        
C            2350        4176        8141        2936        8563        7892        4722        5875        586         6           696                      -                        -                        
C            4631        5000        9598        9258        8038        5963        2507        5154        4627        4           1250                     -                        -                        
C            5260        3281        1979        5367        5114        9779        2668        7319        107         17          193                      -                        -                        
C            787         2170        8584        1560        6335        6915        2668        1377        773         14          155                      -                        -                        
C            6699        8673        7993        7114        5387        2179        6424        4653        415         59          147                      -                        -                        
C            8523        5184        3339        8964        8518        9837        6796        1606        441         144         36                       -                        -                        
C            6023        7194        8796        8030        4241        7003        9207        6192        2007        2           3597                     -                        -                        
C            7512        6520        992         7574        2716        3445        2797        1118        62          10          652                      -                        -                        
C            7668        6853        815         9077        4943        5067        3771        7829        1409        623         11                       -                        -                        
C            1675        9432        2210        1773        5943        8151        7268        711         98          9           1048                     -                        -                        
C            6990        144         6846        7986        6134        7336        8004        312         996         18          8                        -                        -                        
C            270         1113        9124        353         5570        7410        8004        5406        83          21          53                       -                        -                        
C            8214        1884        6330        8605        5221        7800        975         9891        391         3           628                      -                        -                        
C            474         3425        7016        541         4487        5680        5748        3737        67          5           685                      -                        -                        
C            7715        7365        350         8023        4683        6723        5748        8168        308         15          491                      -                        -                        
C            7690        2220        5470        8458        1627        2621        9783        2366        768         10          222                      -                        -                        
C            5258        5634        9591        5278        9905        2487        3425        7304        20          18          313                      -                        -                        
C            8678        444         8234        8980        6195        4088        6933        4735        302         222         2                        -                        -                        
C            7287        3439        3848        7366        6519        8375        2999        8512        79          19          181                      -                        -                        
C            5947        3458        2489        5980        6805        6233        3436        4601        33          7           494                      -                        -                        
C            1785        7344        4408        1797        986         1043        8795        8256        12          9           816                      -                        -                        
C            5360        7266        8061        5461        1483        2235        9654        1134        101         7           1038                     -                        -                        
C            5903        7630        8240        5911        6792        7008        9654        8756        8           7           1090                     -                        -                        
C            2599        6100        6466        3384        8760        55          3467        2208        785         244         25                       -                        -                        
C            5378        5912        9433        6274        6345        1121        2055        5568        896         2           2956                     -                        -                        
C            3459        2226        1233        3523        4244        1060        9339        6891        64          3           742                      -                        -                        
C            2791        9672        3086        5556        3064        1316        1712        3152        2765        26          372                      -                        -                        
C            4244        2188        2056        7394        8886        2206        3267        6867        3150        1094        2                        -                        -                        
C            4753        7696        7024        9298        7194        5956        6271        7078        4545        208         37                       -                        -                        
C            6135        9462        6640        6427        1374        1042        9246        3837        292         3           3154                     -                        -                        
C            794         2014        8747        1190        1312        8798        8924        4119        396         2           1007                     -                        -                        
C            3584        2220        1364        3617        1501        1948        9366        5566        33          20          111                      -                        -                        
C            1220        810         410         1229        8261        3826        9366        5725        9           5           162                      -                        -                        
C            5599        6615        8951        8276        3777        9576        3502        168         2677        245         27                       -                        -                        
C            8538        4104        4434        9249        6044        4238        7979        3345        711         6           684                      -                        -                        
C            4381        1701        2680        5474        1962        2492        7355        3247        1093        9           189                      -                        -                        
C            4418        56          4362        4433        8847        1411        3463        1495        15          8           7                        -                        -                        
C            7063        4081        2982        7783        1703        3879        8311        5498        720         583         7                        -                        -                        
C            6911        1872        5039        7225        5497        5740        8311        8709        314         3           624                      -                        -                        
C            4790        5148        9609        9574        4053        2132        5831        680         4784        6           858                      -                        -                        
C            8833        693         8140        9234        4599        5951        8117        7373        401         11          63                       -                        -                        
C            5901        5616        285         7859        6900        2490        165         5565        1958        27          208                      -                        -                        
C            1504        5346        6125        1511        9475        2043        165         8376        7           6           891                      -                        -                        
C            9533        7105        2428        9966        5677        9658        7259        2705        433         7           1015                     -                        -                        
C            1885        4459        7393        2483        7926        7109        7259        7235        598         91          49                       -                        -                        
C            9589        54          9535        9626        5077        5273        8243        7729        37          6           9                        -                        -                        
C            3479        7266        6180        3495        8925        1441        6737        3800        16          7           1038                     -                        -                        
C            1012        6310        4669        1517        2028        1657        2848        4849        505         2           3155                     -                        -                        
C            7484        9864        7587        7513        2459        8292        9834        2590        29          2           4932                     -                        -                        
C            6274        5152        1122        9043        3557        619         9219        475         2769        736         7                        -                        -                        
C            8885        9205        9647        9271        8309        5026        1584        3956        386         7           1315                     -                        -                        
C            9635        400         9235        9644        4144        4880        8590        7966        9           5           80                       -                        -                        
C            3565        2040        1525        5220        7827        2140        2320        9314        1655        255         8                        -                        -                        
C            6505        4932        1573        6563        6416        3560        8415        7737        58          9           548                      -                        -                        
C            7448        4832        2616        8689        1879        2137        5631        6161        1241        2           2416                     -                        -                        
C            6902        4568        2334        6907        2966        6041        8480        3698        5           2           2284                     -                        -                        
C            6242        6970        9239        6281        4034        5919        8511        570         39          2           3485                     -                        -                        
C            7042        8970        8039        8208        3865        3615        9086        1743        1166        46          195                      -                        -                        
C            6142        9534        6575        6146        7826        1552        9086        3906        4           2           4767                     -                        -                        
C            5793        6831        8929        5865        204         7504        6461        6043        72          33          207                      -                        -                        
A            4222        1945        2277        6499        5467        8187        5058        1849        2277        1945        1                        -                        -                        
C            1952        3194        8725        1982        4805        5796        2828        9642        30          2           1597                     -                        -                        
C            6342        6740        9569        7610        9869        6228        7287        9288        1268        2           3370                     -                        -                        
C            1277        4623        6621        1815        7606        5369        7465        6229        538         201         23                       -                        -                        
C            7545        1435        6110        7835        6204        4061        5415        8192        290         5           287                      -                        -                        
C            4838        4929        9876        9673        4804        7581        3639        4609        4835        3           1643                     -                        -                        
C            8009        1274        6735        8012        8435        4679        3639        3135        3           2           637                      -                        -                        
C            8323        2278        6045        8515        7063        4984        2684        1022        192         67          34                       -                        -                        
C            9304        4930        4374        9851        2629        9948        2684        5791        547         5           986                      -                        -                        
C            4868        2314        2554        9558        2248        6309        2684        8097        4690        178         13                       -                        -                        
C            4263        6734        7496        4529        6443        7078        6384        5502        266         7           962                      -                        -                        
C            986         8658        2295        1068        276         3904        2983        8915        82          2           4329                     -                        -                        
C            4429        2556        1873        4448        9105        2793        566         7189        19          2           1278                     -                        -                        
C            315         2600        7682        466         7732        4272        4104        7580        151         13          200                      -                        -                        
C            7768        1830        5938        7841        3077        7511        9203        6249        73          30          61                       -                        -                        
C            3560        5616        7911        5106        3524        1195        7575        8611        1546        468         12                       -                        -                        
C            4510        7335        7142        7553        4324        8210        5647        8233        3043        1467        5                        -                        -                        
C            8958        742         8216        8962        6480        5837        2072        4636        4           2           371                      -                        -                        
C            2880        675         2205        2903        2161        2741        5528        1015        23          5           135                      -                        -                        
C            3684        1752        1932        4604        2700        1434        5528        4962        920         4           438                      -                        -                        
C            4314        5768        8513        8614        6694        6505        5452        6582        4300        14          412                      -                        -                        
C            5863        4928        935         5959        3073        7478        1288        3498        96          7           704                      -                        -                        
C            7648        7930        9685        7762        9310        6557        6329        1596        114         10          793                      -                        -                        
C            9026        8958        68          9036        2261        8794        8559        9777        10          6           1493                     -                        -                        
C            7756        9624        8099        7787        493         5717        1582        2486        31          6           1604                     -                        -                        
C            2440        1480        960         2527        6459        559         4412        2193        87          4           370                      -                        -                        
C            3762        8320        5409        3779        7218        8635        4938        2796        17          5           1664                     -                        -                        
C            4927        6396        8498        7124        250         7125        4938        504         2197        533         12                       -                        -                        
C            1012        8176        2803        2020        9591        4554        5747        9097        1008        4           2044                     -                        -                        
C            7380        4347        3033        7419        8247        2528        5747        9159        39          9           483                      -                        -                        
C            5203        672         4531        5600        8645        41          1485        2397        397         42          16                       -                        -                        
C            4955        9642        5280        9908        2702        7632        5797        3862        4953        2           4821                     -                        -                        
C            2976        4980        7963        3802        3235        4065        9892        2682        826         498         10                       -                        -                        
C            1526        1784        9709        2032        9273        3846        7229        1807        506         8           223                      -                        -                        
C            6503        785         5718        9676        6949        4726        7462        472         3173        157         5                        -                        -                        
C            4394        9035        5326        4401        6444        2743        5685        402         7           5           1807                     -                        -                        
C            816         4574        6209        838         5170        6952        5685        3525        22          2           2287                     -                        -                        
C            6457        1442        5015        6500        3388        4956        9345        3007        43          7           206                      -                        -                        
C            690         4432        6225        733         4019        8504        9345        5214        43          2           2216                     -                        -                        
C            2389        6648        5708        2434        4303        7598        5029        8910        45          4           1662                     -                        -                        
C            7198        432         6766        7253        4304        3385        6931        6336        55          48          9                        -                        -                        
C            8628        4320        4308        9288        4609        2610        6341        55          660         48          90                       -                        -                        
C            7018        1728        5290        7158        6696        10          804         4823        140         18          96                       -                        -                        
C            4760        5120        9607        4785        3703        3460        1145        4098        25          10          512                      -                        -                        
C            7518        1866        5652        8144        3092        8345        4116        3295        626         6           311                      -                        -                        
C            2366        9174        3159        2826        2277        3665        8384        5782        460         66          139                      -                        -                        
C            4067        7420        6614        4515        4456        2495        8384        5182        448         35          212                      -                        -                        
C            6366        7137        9196        6855        8366        2654        2474        2990        489         9           793                      -                        -                        
C            1602        4574        6995        1618        8625        3029        2012        3413        16          2           2287                     -                        -                        
C            8517        7530        987         8741        2130        458         8890        2390        224         5           1506                     -                        -                        
C            8306        1140        7166        8740        3950        4746        3019        9286        434         60          19                       -                        -                        
C            1911        4616        7262        3814        7645        9828        341         6574        1903        8           577                      -                        -                        
C            1197        2679        8485        1427        4529        8363        1142        27          230         47          57                       -                        -                        
C            4692        6752        7907        7696        8719        1655        8529        5617        3004        1688        4                        -                        -                        
C            8042        7912        130         8444        2415        4143        6118        4085        402         2           3956                     -                        -                        
A            4618        1907        2711        7329        5498        3879        6118        4469        2711        1907        1                        -                        -                        
C            4269        7161        7075        4965        3649        6270        6118        5219        696         93          77                       -                        -                        
C            5391        4158        1233        6467        1270        8944        7019        9468        1076        11          378                      -                        -                        
C            157         4588        5536        197         8647        989         6734        2745        40          37          124                      -                        -                        
C            5088        2645        2443        9647        9703        7854        1744        7654        4559        529         5                        -                        -                        
C            3206        4334        8839        3251        3049        5081        7424        7350        45          11          394                      -                        -                        
C            8026        3236        4790        8047        9721        494         9693        7847        21          4           809                      -                        -                        
C            991         5103        5855        1121        5058        3159        3699        9099        130         81          63                       -                        -                        
C            7794        7749        45          7839        3632        6366        7519        8490        45          9           861                      -                        -                        
C            6480        9856        6591        9632        1753        1552        8573        3906        3152        176         56                       -                        -                        
C            7540        2834        4706        8063        9917        7613        7538        342         523         218         13                       -                        -                        
C            3265        8130        5102        4080        1571        1576        72          4313        815         5           1626                     -                        -                        
C            2218        2260        9925        2356        3931        5495        6274        4425        138         10          226                      -                        -                        
C            2001        5205        6763        2500        6364        6691        4539        8090        499         5           1041                     -                        -                        
C            3215        6555        6627        3501        6095        1819        1841        6395        286         69          95                       -                        -                        
C            3764        1806        1958        3794        7050        2288        5431        611         30          14          129                      -                        -                        
C            2499        30          2469        2531        2665        2963        7133        1122        32          3           10                       -                        -                        
C            2172        1284        888         2482        5885        9229        6261        9786        310         2           642                      -                        -                        
C            3672        6570        7069        7329        1295        7225        2500        1275        3657        15          438                      -                        -                        
C            5062        3398        1664        5066        7160        8133        1433        1902        4           2           1699                     -                        -                        
C            8571        6624        1947        8673        2027        1504        8823        1621        102         3           2208                     -                        -                        
C            2899        3996        8870        2984        1717        7432        2830        5784        85          9           444                      -                        -                        
C            5353        7088        8232        6842        8165        494         7891        2120        1489        886         8                        -                        -                        
C            7350        4921        2429        8381        9610        1875        2252        4872        1031        133         37                       -                        -                        
C            4578        6626        7919        4591        6318        586         2252        2563        13          2           3313                     -                        -                        
C            356         1008        9315        373         9043        4735        7284        905         17          16          63                       -                        -                        
C            2338        1394        944         2484        5300        7613        6481        9625        146         2           697                      -                        -                        
C            8620        8712        9875        8699        1339        9445        6940        6542        79          9           968                      -                        -                        
C            925         9050        1842        1845        8308        4685        2833        6477        920         5           1810                     -                        -                        
C            5253        1545        3708        6303        8970        8891        2833        4817        1050        3           515                      -                        -                        
C            4895        2976        1919        4933        9670        7165        7213        6836        38          31          96                       -                        -                        
C            3328        9036        4259        4741        2669        2276        9787        2244        1413        502         18                       -                        -                        
C            5199        1749        3450        5773        4266        7653        5860        7353        574         33          53                       -                        -                        
C            9377        786         8591        9752        8459        4673        3036        8367        375         2           393                      -                        -                        
C            6090        4152        1938        7101        1303        5773        8345        6681        1011        24          173                      -                        -                        
C            3274        3466        9775        4092        9063        657         8345        2091        818         2           1733                     -                        -                        
C            4250        6630        7587        4374        7937        2168        8756        1126        124         34          195                      -                        -                        
C            2100        1971        129         2333        2633        3086        3702        3154        233         3           657                      -                        -                        
C            6611        5576        1035        6704        9745        2484        3953        5991        93          8           697                      -                        -                        
C            1204        2520        8651        1404        7579        2103        9845        5308        200         4           630                      -                        -                        
C            2726        1176        1550        5444        1780        8559        6070        8579        2718        8           147                      -                        -                        
C            7535        2760        4775        7814        1319        8779        7197        1060        279         2           1380                     -                        -                        
C            4414        7560        6821        4469        2207        5891        4806        3955        55          14          540                      -                        -                        
C            1542        2720        8789        1847        7798        7425        6711        1097        305         17          160                      -                        -                        
C            7053        3234        3819        7489        7014        2566        3192        9490        436         77          42                       -                        -                        
C            2483        9618        2832        2805        9605        7674        4160        4599        322         229         42                       -                        -                        
C            1197        5208        5956        2301        6064        7806        4160        7246        1104        93          56                       -                        -                        
C            2204        4342        7829        2303        9594        1223        683         6348        99          26          167                      -                        -                        
C            1891        2400        9458        2520        5256        8056        3510        8147        629         4           600                      -                        -                        
C            5248        6578        8637        5955        1986        7546        2166        2613        707         299         22                       -                        -                        
C            1168        5880        5255        1228        6361        2830        6529        9103        60          28          210                      -                        -                        
C            6864        7776        9055        9144        447         7780        3883        887         2280        24          324                      -                        -                        
C            3370        7380        5957        3410        3361        4728        5042        2253        40          10          738                      -                        -                        
C            2756        1744        1012        5076        5315        1233        1267        9401        2320        436         4                        -                        -                        
C            3603        5136        8434        7198        4800        2921        5820        7875        3595        8           642                      -                        -                        
C            5724        2314        3410        5878        7803        3728        5820        1003        154         26          89                       -                        -                        
C            5818        5288        530         5836        2610        239         722         9801        18          4           1322                     -                        -                        
C            60          7196        2831        67          4688        9191        5434        5912        7           4           1799                     -                        -                        
C            3551        3451        100         6983        5477        307         5835        1138        3432        119         29                       -                        -                        
C            5371        1262        4109        6161        926         8456        3756        8483        790         631         2                        -                        -                        
C            9434        5610        3824        9441        2172        6984        5570        7409        7           5           1122                     -                        -                        
C            8333        8900        9400        8791        1167        3253        6035        2604        458         89          100                      -                        -                        
C            5636        530         5106        5642        4456        4354        2526        1794        6           2           265                      -                        -                        
C            7560        3315        4245        7675        9767        6191        7626        2226        115         85          39                       -                        -                        
C            2186        1944        242         4369        6674        3207        1620        7315        2183        3           648                      -                        -                        
C            1409        1023        386         2108        1269        7526        5485        1014        699         11          93                       -                        -                        
C            217         2219        7965        231         2810        8715        3637        5793        14          7           317                      -                        -                        
C            2180        2376        9771        2227        8647        1365        568         3985        47          18          132                      -                        -                        
C            4057        4020        37          4342        3416        5154        3509        4051        285         67          60                       -                        -                        
C            440         363         77          759         3978        7389        7105        7434        319         121         3                        -                        -                        
C            1228        4713        6482        1473        8640        7292        1617        1063        245         3           1571                     -                        -                        
C            2639        808         1831        5076        1593        7943        54          5325        2437        202         4                        -                        -                        
C            3407        3242        165         4088        172         4196        518         8711        681         2           1621                     -                        -                        
C            6344        3320        3024        6520        8825        5580        1487        3942        176         8           415                      -                        -                        
C            1847        4501        7313        2767        640         7464        6427        3075        920         7           643                      -                        -                        
C            3904        3772        132         5204        96          5453        9322        9591        1300        4           943                      -                        -                        
C            8351        798         7553        8355        6719        7353        9322        3050        4           3           266                      -                        -                        
C            5472        6280        9159        5501        6046        9475        3853        3852        29          20          314                      -                        -                        
A            6177        1338        4839        7790        4113        3363        3632        5002        1613        1338        1                        -                        -                        
C            5531        7192        8306        5952        8253        2497        219         8416        421         58          124                      -                        -                        
A            6628        356         6272        7412        1191        4383        7409        5783        784         356         1                        -                        -                        
C            2285        5847        6405        2611        3437        8628        7281        6686        326         3           1949                     -                        -                        
C            1256        3174        8049        1267        8079        3700        3285        6555        11          2           1587                     -                        -                        
C            3205        9052        4120        3321        4640        295         8037        612         116         73          124                      -                        -                        
C            6743        1683        5060        7117        2768        8288        5294        7213        374         11          153                      -                        -                        
C            7311        1456        5855        7394        7709        5223        5878        891         83          7           208                      -                        -                        
C            8294        5225        3069        9215        3296        3435        9512        4722        921         5           1045                     -                        -                        
C            1656        740         916         2299        5795        8889        9065        3182        643         370         2                        -                        -                        
C            3762        2070        1692        4231        1240        6490        5881        4101        469         10          207                      -                        -                        
C            2955        1408        1547        5908        1846        2854        3262        4007        2953        2           704                      -                        -                        
C            4225        4983        9209        4419        4809        9856        8130        971         194         151         33                       -                        -                        
C            3521        3795        9693        6927        9818        2763        6692        8403        3406        115         33                       -                        -                        
C            4779        7509        7237        4803        9160        6367        7638        7327        24          3           2503                     -                        -                        
C            1592        6486        5073        2341        3723        777         6885        7479        749         94          69                       -                        -                        
C            2833        5576        7224        2852        7865        4067        5843        1619        19          2           2788                     -                        -                        
C            118         5040        5045        170         9029        9053        1075        1631        52          14          360                      -                        -                        
C            8703        5736        2967        8803        7740        2565        4868        3184        100         3           1912                     -                        -                        
C            7212        2862        4350        7278        1489        9423        2382        4634        66          18          159                      -                        -                        
C            9357        9315        42          9369        8848        7527        8126        7340        12          9           1035                     -                        -                        
C            5558        5282        276         5678        1614        584         8126        5030        120         38          139                      -                        -                        
C            7500        7023        477         7551        9648        1851        4663        7008        51          3           2341                     -                        -                        
C            7938        9882        8023        7970        5916        1211        6859        4783        32          2           4941                     -                        -                        
C            203         276         9894        243         6286        7067        6859        1259        40          3           92                       -                        -                        
C            5525        1580        3945        5755        7886        7694        3246        2121        230         5           316                      -                        -                        
C            7816        2828        4988        7847        1687        1204        1740        4675        31          4           707                      -                        -                        
C            3741        6280        7428        6854        9714        879         8723        6436        3113        628         10                       -                        -                        
C            4082        2640        1442        4689        9486        2166        2821        5983        607         440         6                        -                        -                        
C            4274        2912        1362        4279        2426        8765        3439        7232        5           4           728                      -                        -                        
C            7969        6002        1967        8000        6683        9309        1355        2930        31          2           3001                     -                        -                        
C            4429        9945        4451        8855        9926        2215        809         3647        4426        3           3315                     -                        -                        
C            2486        5076        7377        2556        5947        8449        5323        6812        70          36          141                      -                        -                        
C            2120        4092        7995        3179        3118        5285        1970        3492        1059        2           2046                     -                        -                        
C            8835        489         8346        8927        5444        8612        1970        4806        92          3           163                      -                        -                        
C            7389        5887        1502        7619        166         7311        3752        9342        230         29          203                      -                        -                        
C            4163        2514        1649        4236        7296        1853        6444        4615        73          2           1257                     -                        -                        
C            8354        6976        1378        8996        2847        9333        5534        2194        642         8           872                      -                        -                        
C            1005        3496        7476        1148        6345        9686        3910        9146        143         4           874                      -                        -                        
C            7921        6975        946         7949        189         253         5330        2410        28          25          279                      -                        -                        
C            4557        8789        5735        4967        3580        2727        7653        2600        410         47          187                      -                        -                        
C            2185        3560        8592        2205        3131        2541        4619        2204        20          5           712                      -                        -                        
C            5248        3900        1348        6485        9697        1268        1446        1093        1237        300         13                       -                        -                        
C            7749        9760        7956        7880        1241        4006        6598        6176        131         20          488                      -                        -                        
C            4229        9251        4945        4266        8975        5361        4660        4301        37          11          841                      -                        -                        
C            2273        4450        7790        2429        4690        4746        4660        681         156         89          50                       -                        -                        
C            4915        7391        7491        9441        606         2532        7674        6147        4526        389         19                       -                        -                        
C            2446        3152        9261        2853        7744        604         7674        21          407         4           788                      -                        -                        
C            9170        2552        6618        9182        1306        1396        7050        2902        12          2           1276                     -                        -                        
C            7062        510         6552        7236        7918        7614        4204        5297        174         102         5                        -                        -                        
C            8549        4046        4503        8660        7465        1343        4204        6412        111         2           2023                     -                        -                        
C            3762        2595        1167        3983        771         7154        3004        4696        221         5           519                      -                        -                        
C            5494        2405        3089        5601        559         117         9899        2554        107         37          65                       -                        -                        
C            4527        5866        8628        4979        3258        4777        9899        4505        452         7           838                      -                        -                        
C            5358        8500        6825        6635        4301        6854        1825        9772        1277        250         34                       -                        -                        
C            895         5104        5758        1732        5866        3633        3949        3202        837         58          88                       -                        -                        
C            3101        2592        509         6154        2316        6983        9214        6663        3053        48          54                       -                        -                        
C            617         3446        7138        740         1719        3833        5506        5000        123         2           1723                     -                        -                        
C            5699        333         5366        6268        3714        5852        5506        2359        569         9           37                       -                        -                        
C            5587        4953        634         8379        1914        20          3370        5486        2792        3           1651                     -                        -                        
C            2507        2948        9526        5012        3537        9557        5114        5152        2505        2           1474                     -                        -                        
C            7412        4776        2636        7782        5758        4630        4934        759         370         12          398                      -                        -                        
C            5156        9744        5379        7502        3744        6258        3070        8564        2346        464         21                       -                        -                        
C            4146        1458        2688        4258        1748        1656        2905        8109        112         2           729                      -                        -                        
C            9667        4323        5344        9683        7305        5856        7825        1687        16          3           1441                     -                        -                        
C            2386        3408        8945        4770        9217        791         5181        8288        2384        2           1704                     -                        -                        
C            3189        7690        5466        3376        9864        2967        5181        7957        187         10          769                      -                        -                        
C            4373        7660        6680        4919        5315        541         9038        4052        546         5           1532                     -                        -                        
C            4846        7182        7631        7266        2381        7764        2893        2950        2420        6           1197                     -                        -                        
C            5066        8980        6053        6330        3169        8409        4996        6875        1264        10          898                      -                        -                        
C            8939        8325        614         9033        4798        9381        9818        976         94          9           925                      -                        -                        
C            4579        4581        9965        4595        631         5283        9818        5204        16          3           1527                     -                        -                        
C            3575        8568        4974        6436        5596        1711        7101        7475        2861        714         12                       -                        -                        
C            8020        3300        4720        8246        6279        7246        2953        1372        226         110         30                       -                        -                        
A            5661        2174        3487        9148        6202        2351        560         5564        3487        2174        1                        -                        -                        
C            449         9764        652         452         1742        8308        560         2443        3           2           4882                     -                        -                        
C            1174        6972        4169        2342        6412        7558        3838        1655        1168        6           1162                     -                        -                        
C            7807        8036        9738        8007        3077        333         3730        7605        200         7           1148                     -                        -                        
C            6330        6576        9721        6573        3328        5264        3730        8196        243         12          548                      -                        -                        
C            9462        792         8670        9605        8645        6273        1329        3181        143         24          33                       -                        -                        
C            9725        6409        3316        9927        8451        7495        1329        1383        202         29          221                      -                        -                        
C            9357        5852        3505        9502        4764        3998        2988        9123        145         77          76                       -                        -                        
C            396         7260        3103        787         7064        1325        2988        255         391         5           1452                     -                        -                        
C            1769        4845        6891        1787        3468        400         7838        2200        18          5           969                      -                        -                        
C            3848        5978        7837        4010        1454        7502        6288        7709        162         122         49                       -                        -                        
C            4193        1698        2495        4272        5427        122         8176        4948        79          6           283                      -                        -                        
C            4364        3120        1244        5450        5754        4955        2077        6860        1086        20          156                      -                        -                        
C            7034        1512        5522        8035        8349        494         608         7847        1001        27          56                       -                        -                        
C            2765        1824        941         5416        2964        1320        6458        1534        2651        114         16                       -                        -                        
C            3460        2700        760         4190        8631        5801        246         3191        730         540         5                        -                        -                        
C            8054        5184        2870        8404        6699        705         1667        340         350         4           1296                     -                        -                        
C            4503        1722        2781        4508        2251        5001        8735        9432        5           3           574                      -                        -                        
C            491         1504        8954        978         764         3054        1660        1150        487         4           376                      -                        -                        
C            6417        9018        7366        7667        9885        4890        4192        2321        1250        167         54                       -                        -                        
C            1118        7664        3421        1192        7087        2962        4103        4261        74          8           958                      -                        -                        
C            9037        8575        462         9351        5117        518         4103        5701        314         245         35                       -                        -                        
C            4530        3704        826         8597        6469        3431        3198        7544        4067        463         8                        -                        -                        
C            6447        9222        7192        7719        5277        6920        4873        6195        1272        87          106                      -                        -                        
C            9609        7539        2070        9797        7982        929         4585        5881        188         21          359                      -                        -                        
C            2027        2814        9180        2419        685         2739        3918        9651        392         67          42                       -                        -                        
C            1745        7752        3960        3082        8110        841         2243        4295        1337        408         19                       -                        -                        
C            6878        4018        2860        7502        853         5559        6489        2143        624         14          287                      -                        -                        
C            2730        3214        9483        4094        9647        5033        3089        2544        1364        2           1607                     -                        -                        
C            3266        2160        1106        6502        7472        6433        5591        7769        3236        30          72                       -                        -                        
C            1268        2656        8579        1304        76          8935        5591        3707        36          8           332                      -                        -                        
C            3982        2356        1626        5935        1874        9550        6048        214         1953        76          31                       -                        -                        
C            2513        2982        9498        3759        4177        6088        5788        3883        1246        21          142                      -                        -                        
C            3066        9831        3202        6103        8852        1684        8350        18          3037        29          339                      -                        -                        
C            8245        2344        5901        8312        7872        2665        6590        7668        67          4           586                      -                        -                        
C            1875        760         1115        2246        9930        6135        1402        3212        371         20          38                       -                        -                        
C            1798        5764        6001        2247        3695        5150        6824        4366        449         2           2882                     -                        -                        
C            4243        4715        9495        4569        5769        3178        9070        3838        326         5           943                      -                        -                        
C            6800        1139        5661        7769        4663        5589        6037        8082        969         17          67                       -                        -                        
C            4010        5676        8301        8016        2694        7173        6037        1334        4006        4           1419                     -                        -                        
C            1765        4410        7322        1839        1805        5926        107         6325        74          63          70                       -                        -                        
C            5160        6696        8431        5358        1301        165         7387        3376        198         12          558                      -                        -                        
C            4983        4735        248         5114        1724        7669        4229        2772        131         5           947                      -                        -                        
C            8243        1276        6967        9146        2971        617         3380        6143        903         116         11                       -                        -                        
C            4106        3432        674         4258        7663        4973        760         6747        152         2           1716                     -                        -                        
C            1619        3704        7882        3236        6472        4984        3671        8945        1617        2           1852                     -                        -                        
C            9680        8875        805         9827        1170        9115        7564        1328        147         125         71                       -                        -                        
C            6574        6219        355         7887        9350        1748        413         313         1313        9           691                      -                        -                        
C            8904        1105        7799        8915        6948        5451        5072        6411        11          5           221                      -                        -                        
C            8288        5719        2569        8457        6464        8872        615         1936        169         7           817                      -                        -                        
C            5049        3905        1144        7396        3923        6008        5397        3032        2347        355         11                       -                        -                        
C            4711        4050        661         4755        7607        5256        5397        7558        44          3           1350                     -                        -                        
C            9331        618         8713        9339        7766        4420        4055        7141        8           3           206                      -                        -                        
C            9406        2016        7390        9560        8522        2511        6407        7986        154         12          168                      -                        -                        
C            5652        8420        7199        5869        1953        1483        8077        285         217         10          842                      -                        -                        
C            2033        6006        5994        2978        2720        4347        4332        2428        945         143         42                       -                        -                        
C            9377        663         8714        9435        7907        6503        1603        3043        58          39          17                       -                        -                        
C            5417        5340        77          5512        8591        1097        4643        2343        95          2           2670                     -                        -                        
C            7202        3838        3364        8402        8005        585         4643        9010        1200        2           1919                     -                        -                        
C            6756        924         5832        8434        1107        5941        5854        7888        1678        44          21                       -                        -                        
C            999         3655        7311        1006        2629        1024        4150        6871        7           5           731                      -                        -                        
C            5211        22          5189        5315        9336        2045        2554        8419        104         11          2                        -                        -                        
C            6788        1611        5177        6847        5146        5961        8954        2586        59          3           537                      -                        -                        
C            4905        1316        3589        9152        1759        8023        5473        1219        4247        658         2                        -                        -                        
C            404         408         9963        603         4197        8756        5473        5379        199         6           68                       -                        -                        
C            5789        3843        1946        7099        4965        7967        8203        8143        1310        549         7                        -                        -                        
C            1356        9312        2011        1431        5515        6763        8203        777         75          6           1552                     -                        -                        
C            6496        5292        1204        7388        1321        5853        8580        3437        892         252         21                       -                        -                        
C            5081        9658        5390        5084        3494        1365        4314        3985        3           2           4829                     -                        -                        
C            4023        7525        6465        4064        8177        510         9396        135         41          5           1505                     -                        -                        
C            2982        8802        4147        3013        2126        5585        1276        8049        31          6           1467                     -                        -                        
C            1458        6648        4777        2914        5116        1376        2005        8776        1456        2           3324                     -                        -                        
C            7327        5339        1988        7453        309         766         789         9823        126         19          281                      -                        -                        
C            9773        7381        2392        9900        7951        885         2445        9464        127         121         61                       -                        -                        
C            7466        2992        4474        8932        5376        7425        4065        8870        1466        136         22                       -                        -                        
C            6594        6601        9960        6965        9787        8544        9629        8989        371         287         23                       -                        -                        
C            5649        5934        9682        7044        6382        1491        5753        4202        1395        69          86                       -                        -                        
C            202         7320        2849        234         3941        2911        5753        3148        32          10          732                      -                        -                        
C            6256        2268        3988        6810        7534        3721        8877        9327        554         162         14                       -                        -                        
C            6125        8256        7836        6154        8925        8335        2985        2326        29          6           1376                     -                        -                        
C            1198        9344        1821        1208        5967        5043        2678        8051        10          8           1168                     -                        -                        
C            6057        5265        792         6339        3149        2091        5894        6199        282         135         39                       -                        -                        
C            4050        3146        904         5057        7952        8164        6459        5207        1007        22          143                      -                        -                        
C            6198        3510        2688        6674        9941        510         7508        9832        476         10          351                      -                        -                        
C            5120        6776        8311        6833        6056        6428        3179        7111        1713        1694        4                        -                        -                        
C            2713        1440        1273        3390        397         9373        3848        7686        677         5           288                      -                        -                        
C            2805        5670        7102        5604        7773        5994        9695        5467        2799        6           945                      -                        -                        
C            8892        278         8614        8902        3696        9813        8578        3166        10          2           139                      -                        -                        
C            4894        5640        9221        7153        6849        9124        8578        3751        2259        376         15                       -                        -                        
C            3766        9492        4241        6741        1222        2379        3064        7169        2975        791         12                       -                        -                        
C            9455        6874        2581        9463        5113        1343        8881        3555        8           7           982                      -                        -                        
C            551         1100        9418        731         2253        6906        987         5579        180         11          100                      -                        -                        
C            5153        4777        376         6437        7257        6364        6216        8792        1284        17          281                      -                        -                        
C            2237        2530        9674        2606        9294        8260        7073        2351        369         23          110                      -                        -                        
C            5001        2052        2949        9888        7722        6917        4169        6552        4887        114         18                       -                        -                        
C            6143        5925        218         9175        528         4982        379         4032        3032        79          75                       -                        -                        
C            1646        3570        8043        3289        8816        3357        600         274         1643        3           1190                     -                        -                        
C            4931        2870        2061        6570        8661        8573        1848        2501        1639        14          205                      -                        -                        
C            6769        7844        8892        6810        4525        3735        3151        7200        41          4           1961                     -                        -                        
C            6146        6190        9923        6172        6598        3285        5064        3427        26          10          619                      -                        -                        
C            3220        8568        4619        3416        8604        992         731         5756        196         84          102                      -                        -                        
C            7031        8631        8367        8549        291         4893        8387        3626        1518        959         9                        -                        -                        
C            1477        6450        4994        1955        9212        5872        8387        5404        478         43          150                      -                        -                        
C            1563        9667        1863        1952        8410        242         4327        6376        389         7           1381                     -                        -                        
C            4497        3788        709         4528        3367        8432        458         9308        31          2           1894                     -                        -                        
C            8657        930         7727        8863        6783        5660        876         3249        206         5           186                      -                        -                        
C            8566        2880        5686        8635        275         8005        8147        1279        69          10          288                      -                        -                        
C            3620        636         2984        3733        4218        5060        5791        2141        113         4           159                      -                        -                        
C            7901        3879        4022        7912        1942        5198        3473        4113        11          3           1293                     -                        -                        
C            1118        9868        1217        1676        2981        6497        3473        6473        558         2           4934                     -                        -                        
C            1983        9252        2698        1990        6745        3000        8179        8238        7           2           4626                     -                        -                        
C            7824        7668        156         7948        1720        6008        8778        6935        124         12          639                      -                        -                        
C            1155        2022        9100        1299        2752        5922        5910        1645        144         3           674                      -                        -                        
C            4046        8445        5568        6403        6629        1924        5602        6247        2357        1689        5                        -                        -                        
C            459         1953        8473        915         7924        5166        5311        6190        456         3           651                      -                        -                        
C            7189        9021        8135        8371        3419        5620        7996        9751        1182        97          93                       -                        -                        
C            2445        6453        5959        2457        680         3067        2510        9698        12          9           717                      -                        -                        
C            3731        7306        6392        3753        5098        6779        586         412         22          13          562                      -                        -                        
C            3294        1160        2134        3301        7059        2189        4746        1823        7           4           290                      -                        -                        
C            1851        30          1821        1894        7995        1020        3803        374         43          2           15                       -                        -                        
C            1518        1386        132         2838        3079        3429        4479        2370        1320        198         7                        -                        -                        
C            9477        9141        336         9877        5423        408         8948        4409        400         277         33                       -                        -                        
C            7202        3066        4136        7490        8036        2484        6369        5991        288         2           1533                     -                        -                        
C            6063        4212        1851        7569        2454        4816        7069        5631        1506        39          108                      -                        -                        
C            5967        5028        939         5973        9706        1581        9608        2272        6           3           1676                     -                        -                        
C            6758        1080        5678        8446        774         3359        8891        4869        1688        6           180                      -                        -                        
C            4225        2400        1825        4650        5762        8283        9184        2346        425         400         6                        -                        -                        
C            5176        2328        2848        5193        6818        6221        1008        7067        17          8           291                      -                        -                        
C            5494        3838        1656        6817        280         7464        7136        3075        1323        202         19                       -                        -                        
C            7768        7544        224         8242        2082        588         7136        3010        474         184         41                       -                        -                        
C            9305        5929        3376        9469        1370        538         8977        3882        164         121         49                       -                        -                        
C            2851        9646        3172        5676        1092        1210        8866        1670        2825        26          371                      -                        -                        
C            4265        6415        7817        5330        6817        3289        4342        1406        1065        5           1283                     -                        -                        
C            3258        7930        5295        6514        7782        3108        3999        3600        3256        2           3965                     -                        -                        
C            2680        4736        7911        3988        9575        6804        5199        2022        1308        64          74                       -                        -                        
C            966         9504        1429        1422        8838        8668        2646        5827        456         54          176                      -                        -                        
C            5578        3042        2536        6888        2086        4552        3084        9720        1310        338         9                        -                        -                        
C            4179        3456        723         5554        4337        3915        3084        7626        1375        54          64                       -                        -                        
C            2645        6220        6392        2821        5641        7273        4867        9408        176         5           1244                     -                        -                        
C            2746        6208        6505        3203        9655        6283        9279        3558        457         4           1552                     -                        -                        
C            4952        268         4684        6558        5433        8884        9077        4269        1606        134         2                        -                        -                        
C            8075        4347        3728        9081        1216        3491        9385        8487        1006        27          161                      -                        -                        
C            3628        5470        8125        4030        1884        6869        9248        9917        402         10          547                      -                        -                        
C            9353        3975        5378        9411        441         1513        4384        9637        58          15          265                      -                        -                        
C            383         3144        7206        459         4257        4952        8391        3302        76          3           1048                     -                        -                        
C            1993        812         1181        2044        8315        4391        8279        6250        51          4           203                      -                        -                        
C            5785        2195        3590        8458        3197        4863        6068        3349        2673        439         5                        -                        -                        
C            6592        168         6424        9887        614         5097        8727        260         3295        2           84                       -                        -                        
C            6210        6357        9820        8267        428         5585        6855        8049        2057        39          163                      -                        -                        
C            5611        2685        2926        5805        340         4854        3328        7190        194         179         15                       -                        -                        
C            7510        4840        2670        7536        1393        5293        6474        9441        26          22          220                      -                        -                        
C            3333        4870        8430        6656        9701        8668        1590        5827        3323        10          487                      -                        -                        
C            6217        8632        7552        7104        3744        6391        1590        8585        887         8           1079                     -                        -                        
C            4464        8712        5719        5577        7423        1467        1590        1407        1113        12          726                      -                        -                        
C            3077        884         2193        3113        4247        1322        3005        5527        36          17          52                       -                        -                        
C            3606        2398        1208        3659        717         4231        3005        7913        53          2           1199                     -                        -                        
C            2803        3270        9500        5600        3229        9907        6849        9576        2797        6           545                      -                        -                        
C            8439        4245        4194        8751        2964        5622        7242        2816        312         15          283                      -                        -                        
C            3870        2700        1170        3985        5395        2892        1087        7612        115         75          36                       -                        -                        
C            2520        513         2007        3341        5575        3401        1871        1450        821         57          9                        -                        -                        
C            5031        8802        6196        7533        3550        5199        4014        3074        2502        27          326                      -                        -                        
C            4830        5688        9109        4919        3378        9936        2847        6906        89          24          237                      -                        -                        
C            1860        4498        7329        2617        8264        6688        2367        6921        757         346         13                       -                        -                        
C            1848        3735        8080        2201        5816        715         8484        1082        353         83          45                       -                        -                        
C            8788        202         8586        8907        8778        529         7174        595         119         101         2                        -                        -                        
C            5646        4906        740         5663        6390        330         5807        6321        17          2           2453                     -                        -                        
C            4094        7515        6546        8173        5304        3664        5807        5419        4079        15          501                      -                        -                        
C            3267        5337        7897        3299        1994        2176        8758        8895        32          3           1779                     -                        -                        
C            7789        8479        9277        9319        568         420         1857        9824        1530        139         61                       -                        -                        
C            8569        4147        4422        8630        2298        8765        1857        7232        61          29          143                      -                        -                        
C            7203        7084        119         7481        4574        4375        5103        7820        278         253         28                       -                        -                        
C            1784        8302        3449        1902        2551        6088        9013        3883        118         14          593                      -                        -                        
C            6532        2368        4164        6724        6850        1133        475         8943        192         4           592                      -                        -                        
A            3748        1362        2386        6134        5732        1180        8009        3697        2386        1362        1                        -                        -                        
C            2599        312         2287        2658        5858        174         4027        8480        59          3           104                      -                        -                        
C            2345        3420        8892        2795        9475        1068        4008        4855        450         95          36                       -                        -                        
C            6324        4142        2182        6421        1884        3458        9497        8435        97          19          218                      -                        -                        
C            7405        715         6690        7741        8979        7649        613         655         336         13          55                       -                        -                        
C            8537        9775        8729        8564        9793        4877        613         3438        27          5           1955                     -                        -                        
C            701         1900        8768        875         1573        3796        7914        1693        174         5           380                      -                        -                        
C            1446        7104        4309        1501        786         2500        1020        5411        55          16          444                      -                        -                        
C            9768        5040        4728        9920        3814        8433        2029        1632        152         40          126                      -                        -                        
C            1852        7884        3935        1868        6540        2585        9413        623         16          12          657                      -                        -                        
C            2215        2695        9487        4045        7323        6569        1050        2159        1830        385         7                        -                        -                        
C            6113        5266        847         6116        4299        6660        1050        8394        3           2           2633                     -                        -                        
C            8785        4730        4055        8854        7263        3985        9932        5918        69          22          215                      -                        -                        
C            6811        6138        673         6906        5773        4219        2929        9110        95          66          93                       -                        -                        
C            564         3848        6683        842         2550        485         414         2761        278         8           481                      -                        -                        
C            4138        2176        1962        4144        5112        5772        7896        1607        6           4           544                      -                        -                        
C            8580        5967        2613        8589        6851        3423        1999        2573        9           3           1989                     -                        -                        
C            5192        6350        8809        6838        1898        9561        1999        6599        1646        254         25                       -                        -                        
C            3664        5756        7875        3684        7078        4946        3011        1516        20          4           1439                     -                        -                        
C            3961        861         3100        4101        6548        6797        8364        4081        140         41          21                       -                        -                        
C            6697        2646        4051        6974        3330        1343        4902        6412        277         49          54                       -                        -                        
C            9599        1687        7912        9607        5489        4968        9398        4627        8           7           241                      -                        -                        
C            268         2968        7267        288         4483        1025        4359        6964        20          8           371                      -                        -                        
C            100         9180        887         148         7985        1237        51          2379        48          4           2295                     -                        -                        
C            2779        2915        9831        5553        8852        6154        5572        6210        2774        5           583                      -                        -                        
C            2317        5671        6613        2538        4193        5368        5572        2483        221         107         53                       -                        -                        
C            6481        1842        4639        6690        1231        6167        5117        965         209         2           921                      -                        -                        
C            7711        3618        4093        8304        9018        989         9212        7222        593         2           1809                     -                        -                        
C            3976        6552        7391        4931        7039        914         1911        1550        955         156         42                       -                        -                        
C            3593        3926        9634        4106        6081        2928        1428        5062        513         2           1963                     -                        -                        
C            3698        4120        9545        7190        7862        6223        5480        3857        3492        206         20                       -                        -                        
C            4992        6572        8387        5108        6584        8678        998         1206        116         4           1643                     -                        -                        
C            4590        7272        7285        6119        4017        4031        7523        2287        1529        3           2424                     -                        -                        
C            5964        590         5374        5975        7644        1512        6839        3252        11          2           295                      -                        -                        
C            1243        5328        5882        2477        3735        9498        9066        818         1234        9           592                      -                        -                        
C            2295        3017        9245        2308        1758        2700        2204        1232        13          7           431                      -                        -                        
C            473         8004        2436        695         416         8603        3623        7782        222         29          276                      -                        -                        
C            9112        7152        1960        9130        6936        1970        2240        7209        18          4           1788                     -                        -                        
C            1264        4448        6783        1324        2201        3732        8131        5341        60          4           1112                     -                        -                        
C            3809        3192        617         5060        3269        1151        9888        5422        1251        56          57                       -                        -                        
C            4984        9144        5807        9944        3817        4426        889         4102        4960        24          381                      -                        -                        
C            3589        8910        4646        4017        1759        9227        9036        5966        428         165         54                       -                        -                        
C            4389        2378        2011        4430        3306        339         2237        9618        41          2           1189                     -                        -                        
C            6931        6846        85          9187        2529        6869        351         50          2256        163         42                       -                        -                        
C            7514        3372        4142        8587        1353        7977        4596        9196        1073        3           1124                     -                        -                        
C            5711        8190        7488        5715        5392        9737        142         1240        4           3           2730                     -                        -                        
C            3021        8120        4868        3436        9170        8437        1304        3729        415         116         70                       -                        -                        
C            4630        8218        6379        4653        220         5503        4063        8464        23          7           1174                     -                        -                        
C            6244        1556        4688        6260        5684        1944        2028        4349        16          4           389                      -                        -                        
C            6658        6838        9787        9724        1273        2012        8462        6958        3066        526         13                       -                        -                        
C            8188        2492        5696        8374        728         3489        8462        7287        186         4           623                      -                        -                        
C            2126        4136        7957        2171        9891        9545        7402        9388        45          11          376                      -                        -                        
C            5897        7089        8775        5946        2791        4841        7402        4620        49          17          417                      -                        -                        
C            6537        9657        6847        7182        9682        5955        9300        3848        645         87          111                      -                        -                        
C            8400        8364        36          8621        8259        1483        9856        9682        221         2           4182                     -                        -                        
C            8896        2424        6472        8940        2607        3926        5453        4864        44          8           303                      -                        -                        
C            5125        1365        3760        5141        9713        19          5453        3487        16          5           273                      -                        -                        
C            4105        4722        9350        4398        4850        527         215         6236        293         3           1574                     -                        -                        
C            4600        528         4072        9152        1201        8597        468         1071        4552        48          11                       -                        -                        
C            8008        1802        6206        8451        5879        1512        468         3252        443         34          53                       -                        -                        
C            3634        5026        8575        6550        5659        6074        4682        1660        2916        718         7                        -                        -                        
C            1941        8766        3142        1948        1250        8023        8496        1219        7           2           4383                     -                        -                        
C            5853        4207        1646        5890        1586        3988        3781        3038        37          7           601                      -                        -                        
C            2622        1992        630         2996        4345        4811        7868        9839        374         4           498                      -                        -                        
C            4827        9930        4864        9649        9074        391         4828        2835        4822        5           1986                     -                        -                        
C            5978        676         5302        7858        7028        5030        4828        7074        1880        338         2                        -                        -                        
C            6170        2080        4090        6992        7870        7706        4141        7561        822         416         5                        -                        -                        
C            8309        9720        8556        9906        5756        5006        8697        5238        1597        324         30                       -                        -                        
C            2819        7514        5272        5349        5484        170         6119        5581        2530        289         26                       -                        -                        
C            2444        3720        8691        2749        4609        7591        2009        4754        305         4           930                      -                        -                        
C            2563        20          2543        2674        5964        7464        9273        3075        111         10          2                        -                        -                        
C            1776        9600        2143        1919        9904        6456        9273        9340        143         60          160                      -                        -                        
C            6811        8130        8648        7430        2200        3220        7747        49          619         2           4065                     -                        -                        
C            3180        2002        1178        4763        7389        3296        5127        9626        1583        14          143                      -                        -                        
C            6614        2416        4198        6652        2326        20          5127        5683        38          2           1208                     -                        -                        
C            4791        9288        5470        5309        3667        3206        7501        5637        518         129         72                       -                        -                        
C            2533        2982        9518        5052        5186        5636        7502        1196        2519        14          213                      -                        -                        
C            6797        1880        4917        7030        1876        8345        2565        3295        233         40          47                       -                        -                        
C            3961        4780        9148        5939        5353        8486        5151        5192        1978        5           956                      -                        -                        
C            7705        6916        789         8402        9650        4281        446         9505        697         38          182                      -                        -                        
C            4727        9144        5550        4752        7680        5171        4786        7383        25          2           4572                     -                        -                        
C            8262        8592        9637        8358        2316        236         4077        9351        96          6           1432                     -                        -                        
A            5876        296         5580        6434        7407        8960        7999        5326        558         296         1                        -                        -                        
C            5932        7930        7969        6778        4260        8766        6176        7559        846         10          793                      -                        -                        
C            2084        3790        8261        4166        4732        8068        6176        7158        2082        2           1895                     -                        -                        
C            608         750         9825        701         9071        5906        6176        4115        93          50          15                       -                        -                        
C            2743        7584        5126        3017        3550        8842        5556        9402        274         3           2528                     -                        -                        
C            8847        8088        759         9132        7856        6228        4610        9288        285         12          674                      -                        -                        
C            9234        4880        4354        9770        3974        1417        8643        7094        536         122         40                       -                        -                        
C            2807        7136        5638        3453        7615        3876        8643        5828        646         223         32                       -                        -                        
C            4455        5870        8552        8905        625         8546        1728        2242        4450        5           1174                     -                        -                        
C            7415        4030        3385        7480        5424        3015        7186        3290        65          5           806                      -                        -                        
C            2394        7884        4477        4784        5443        9164        2604        8802        2390        4           1971                     -                        -                        
C            1106        4784        6289        1286        9651        816         2604        1625        180         26          184                      -                        -                        
C            3974        5600        8341        5849        2476        3742        4200        8504        1875        224         25                       -                        -                        
C            1577        7876        3668        1664        5225        9458        8702        6863        87          11          716                      -                        -                        
C            8797        2075        6722        8825        2533        818         7510        6997        28          5           415                      -                        -                        
C            9615        8393        1222        9958        407         9918        6920        290         343         11          763                      -                        -                        
C            7716        9564        8119        7734        9949        6215        969         2791        18          12          797                      -                        -                        
C            9148        2294        6854        9561        2880        9337        8995        8715        413         62          37                       -                        -                        
C            7117        4310        2807        8540        5908        710         512         4910        1423        2           2155                     -                        -                        
C            6453        6873        9547        6897        7514        4422        8412        8794        444         237         29                       -                        -                        
C            634         8842        1759        1266        5380        2894        3122        6734        632         2           4421                     -                        -                        
C            4274        3292        982         4579        8572        2083        7881        7614        305         4           823                      -                        -                        
C            3641        5874        7734        7015        1707        7583        8165        5311        3374        267         22                       -                        -                        
C            1626        2202        9391        1684        1337        7128        7882        9581        58          2           1101                     -                        -                        
C            972         1911        9028        1043        83          2054        2767        7108        71          49          39                       -                        -                        
C            2092        5564        6495        2208        7525        6856        2767        1965        116         4           1391                     -                        -                        
C            4267        3078        1189        4291        4908        8260        2033        7616        24          19          162                      -                        -                        
C            4305        390         3915        4350        6687        1123        2593        6837        45          30          13                       -                        -                        
C            2333        5472        6828        2790        6752        7331        6789        2032        457         48          114                      -                        -                        
C            3384        2128        1256        3404        9414        7780        539         9080        20          4           532                      -                        -                        
C            9186        1674        7512        9214        5834        4341        1734        793         28          2           837                      -                        -                        
C            2880        9720        3127        3102        1284        8153        9578        4013        222         216         45                       -                        -                        
C            1262        8122        3107        1282        8715        2435        3018        9658        20          2           4061                     -                        -                        
C            8076        3600        4476        8336        2231        1411        9649        8472        260         16          225                      -                        -                        
C            4654        1312        3342        6817        6568        7408        4230        3363        2163        328         4                        -                        -                        
C            6701        4352        2349        7052        7062        2437        664         2335        351         32          136                      -                        -                        
C            9051        1860        7191        9092        9794        7898        664         7018        41          31          60                       -                        -                        
C            3590        8502        5055        3607        7982        7786        4036        2436        17          3           2834                     -                        -                        
C            2768        7407        5328        2799        5353        4283        6523        7937        31          9           823                      -                        -                        
C            6884        494         6390        8257        4660        5967        6523        2263        1373        19          26                       -                        -                        
C            8972        5100        3872        9112        1648        6247        525         9075        140         12          425                      -                        -                        
C            8808        1474        7334        8882        9567        1124        2917        5528        74          2           737                      -                        -                        
C            6080        1645        4435        6915        6069        2839        9028        2196        835         235         7                        -                        -                        
C            7042        636         6406        8198        1821        4115        8910        5107        1156        106         6                        -                        -                        
C            7923        1815        6108        7932        2263        9050        9879        1626        9           3           605                      -                        -                        
C            2379        200         2179        2474        5901        5657        6582        8555        95          4           50                       -                        -                        
C            7531        3732        3799        8975        2396        6256        6582        9902        1444        311         12                       -                        -                        
C            4137        6312        7792        4188        6486        1900        7732        379         51          6           1052                     -                        -                        
C            7503        386         7117        8234        2629        8738        2677        9171        731         193         2                        -                        -                        
C            5942        5462        480         9153        3912        8219        6748        7762        3211        2731        2                        -                        -                        
C            7910        3456        4454        8044        6657        3346        644         2974        134         4           864                      -                        -                        
C            7468        7848        9587        8400        4466        3595        100         4925        932         12          654                      -                        -                        
C            2190        1254        936         2346        6714        9905        2379        2414        156         6           209                      -                        -                        
C            4442        6308        8101        5076        4822        92          6659        4065        634         4           1577                     -                        -                        
C            643         8088        2522        652         1107        8500        1059        1736        9           4           2022                     -                        -                        
C            6766        9031        7702        7955        6180        2993        2328        1432        1189        821         11                       -                        -                        
C            5532        8148        7351        5876        8568        7683        2116        3421        344         28          291                      -                        -                        
C            290         1222        9035        296         4905        8884        257         5698        6           2           611                      -                        -                        
C            8616        8700        9883        9278        1936        3207        4380        7315        662         10          870                      -                        -                        
C            1364        6156        5175        2045        9154        4840        5589        728         681         2           3078                     -                        -                        
C            7229        3864        3365        9031        1238        8662        8743        6154        1802        21          184                      -                        -                        
C            6099        3042        3057        6861        1373        789         4265        1788        762         3           1014                     -                        -                        
C            4452        5640        8779        5006        2108        2792        3247        8816        554         20          282                      -                        -                        
C            7432        3932        3500        9289        2469        8792        6993        9137        1857        4           983                      -                        -                        
C            6763        4360        2403        7728        7628        5238        9694        3079        965         8           545                      -                        -                        
C            5287        4552        735         6042        1257        1551        9694        2089        755         2           2276                     -                        -                        
C            5266        4760        506         5352        7973        1047        1394        5356        86          20          238                      -                        -                        
C            5404        3304        2100        5409        1987        2581        1394        6959        5           4           826                      -                        -                        
C            8529        8322        207         9941        926         9192        5971        418         1412        57          146                      -                        -                        
C            6809        8788        7988        6866        7245        8368        1179        2018        57          26          338                      -                        -                        
C            7352        9592        7727        7382        1149        4335        4271        2576        30          2           4796                     -                        -                        
C            8061        5856        2205        8574        9147        5362        1827        9814        513         366         16                       -                        -                        
C            9668        4488        5180        9671        3205        9743        7655        7437        3           2           2244                     -                        -                        
C            7445        4313        3132        9851        7494        2253        7665        2755        2406        227         19                       -                        -                        
C            1112        1764        9315        1333        7335        6191        7718        2226        221         7           252                      -                        -                        
C            2633        9768        2832        5258        9913        5809        3230        2034        2625        8           1221                     -                        -                        
C            659         2046        8580        1316        6671        8503        5484        1844        657         2           1023                     -                        -                        
C            8387        45          8342        8985        3014        1210        2729        1670        598         15          3                        -                        -                        
C            9663        9951        9679        9803        8193        8349        5379        4461        140         3           3317                     -                        -                        
C            2639        5803        6803        2647        1080        4423        9489        7859        8           7           829                      -                        -                        
C            2445        8648        3764        4706        2351        6446        522         8029        2261        184         47                       -                        -                        
C            4280        8140        6107        6409        5961        3300        495         6636        2129        22          370                      -                        -                        
C            3372        7906        5433        4033        631         9231        495         9016        661         67          118                      -                        -                        
C            1056        1734        9289        1069        3039        7278        7730        3582        13          3           578                      -                        -                        
C            8146        4189        3957        8571        4647        2196        2629        8518        425         71          59                       -                        -                        
C            5317        228         5089        5580        9413        9813        5799        3166        263         57          4                        -                        -                        
C            4575        6231        8311        4824        5061        9129        9236        8054        249         93          67                       -                        -                        
C            4685        7945        6707        6245        2532        6903        2437        8431        1560        5           1589                     -                        -                        
C            2443        4726        7684        3211        6250        9277        1489        4820        768         139         34                       -                        -                        
C            7887        7138        749         9848        4773        2297        7344        3683        1961        43          166                      -                        -                        
C            1053        6516        4504        1168        9056        4561        8309        1995        115         18          362                      -                        -                        
C            3497        3248        249         4046        5183        370         8309        366         549         203         16                       -                        -                        
C            4050        8848        5169        8044        2634        1055        4659        9819        3994        56          158                      -                        -                        
C            5567        1540        4027        5689        5040        2835        1417        8583        122         77          20                       -                        -                        
C            9602        1224        8378        9902        2016        6877        2916        6052        300         2           612                      -                        -                        
C            2795        7998        4764        2942        8276        4690        4930        66          147         2           3999                     -                        -                        
C            4699        1771        2928        9387        5220        7752        2424        7193        4688        11          161                      -                        -                        
A            5491        2194        3297        8788        219         7504        4765        3924        3297        2194        1                        -                        -                        
C            7755        8946        8776        8862        389         5839        2685        4430        1107        6           1491                     -                        -                        
C            7886        3770        4116        8099        418         997         7972        1392        213         5           754                      -                        -                        
C            4872        3300        1572        9634        5946        8403        7886        4275        4762        110         30                       -                        -                        
C            7587        8580        8974        8630        2163        2096        9500        1414        1043        286         30                       -                        -                        
A            3007        993         2014        5021        773         6995        8869        7815        2014        993         1                        -                        -                        
A            1495        709         786         2281        9161        59          6938        4117        786         709         1                        -                        -                        
A            5195        1728        3467        8662        9867        8485        4419        8355        3467        1728        1                        -                        -                        
A            3269        875         2394        5663        8924        9694        8395        5083        2394        875         1                        -                        -                        
A            5175        387         4788        6771        6021        3244        5335        6019        1596        387         1                        -                        -                        
A            5746        2504        3242        8988        3740        4309        6935        8923        3242        2504        1                        -                        -                        
A            7357        49          7308        7705        3961        1942        3737        848         348         49          1                        -                        -                        
A            3793        195         3598        5592        1733        2321        4748        2824        1799        195         1                        -                        -                        
A            4648        811         3837        5927        7726        4396        2078        7476        1279        811         1                        -                        -                        
A            6717        1179        5538        9486        8203        1927        5656        457         2769        1179        1                        -                        -                        
A            3261        1489        1772        5033        5002        5929        268         1158        1772        1489        1                        -                        -                        
A            4480        1771        2709        7189        2567        8440        6455        8368        2709        1771        1                        -                        -                        
A            2924        453         2471        5395        7267        5849        4259        6124        2471        453         1                        -                        -                        
A            1671        556         1115        2786        3703        6972        8641        5849        1115        556         1                        -                        -                        
A            3446        178         3268        6714        1994        1223        3925        3619        3268        178         1                        -                        -                        
A            3346        242         3104        4122        599         1155        1023        6756        776         242         1                        -                        -                        
A            2620        646         1974        4594        4947        9295        2125        4761        1974        646         1                        -                        -                        
A            6755        1425        5330        9420        4713        8053        7212        6535        2665        1425        1                        -                        -                        
A            4743        307         4436        6961        4158        5781        3881        9864        2218        307         1                        -                        -                        
A            5341        1080        4261        9602        743         9497        2803        8627        4261        1080        1                        -                        -                        
A            1653        4           1649        3302        6147        4346        7786        5354        1649        4           1                        -                        -                        
B            3783        873         2910        4947        8862        4289        4636        8965        1164        291         3                        3                        -                        
----------------------------------------------------------------------------------------------------------------------------------------------------------------------------------------------------------------
case         s           s_zk        s_rxk       s_zr        z           r           x           k-1         q           a           m1                       m2                       f                        
----------------------------------------------------------------------------------------------------------------------------------------------------------------------------------------------------------------

Statistics:

Total Key Count: 9965
Transaction Limit Per Key: 100
Total Transaction Count: 996500
Total Cases: 247823
Case A Count: 33
Case B Count: 1
Case C Count: 2685
Case D Count: 245104
Case D0 Count: 17287
Case D1 Count: 17482
Case D2 Count: 17551
Case D3 Count: 16807
Case D4 Count: 14945
Case D5 Count: 12799
Case D6 Count: 10949
Case D7 Count: 9348
Case D8 Count: 8043
Case D9 Count: 6969
Case D10 Count: 6161
Case D11 Count: 5572
Case D12 Count: 4916
Case D13 Count: 4432
Case D14 Count: 4042
Case D15 Count: 3674
Case D16 Count: 3386
Case D17 Count: 3117
Case D18 Count: 2923
Case D19 Count: 2571
Case D20 Count: 2467
Case D21 Count: 2266
Case D22 Count: 2210
Case D23 Count: 1961
Case D24 Count: 1876
Case D25 Count: 1640
Case D26 Count: 1633
Case D27 Count: 1518
Case D28 Count: 1479
Case D29 Count: 1458
Case D30 Count: 1345
Case D31 Count: 1325
Case D32 Count: 1172
Case D33 Count: 1085
Case D34 Count: 1053
Case D35 Count: 1014
Case D36 Count: 939
Case D37 Count: 908
Case D38 Count: 890
Case D39 Count: 833
Case D40 Count: 835
Case D41 Count: 756
Case D42 Count: 742
Case D43 Count: 714
Case D44 Count: 733
Case D45 Count: 665
Case D46 Count: 669
Case D47 Count: 636
Case D48 Count: 625
Case D49 Count: 594
Case D50 Count: 556
Case D51 Count: 547
Case D52 Count: 538
Case D53 Count: 493
Case D54 Count: 476
Case D55 Count: 509
Case D56 Count: 471
Case D57 Count: 485
Case D58 Count: 438
Case D59 Count: 442
Case D60 Count: 442
Case D61 Count: 441
Case D62 Count: 399
Case D63 Count: 411
Case D64 Count: 383
Case D65 Count: 353
Case D66 Count: 361
Case D67 Count: 366
Case D68 Count: 330
Case D69 Count: 325
Case D70 Count: 299
Case D71 Count: 322
Case D72 Count: 332
Case D73 Count: 315
Case D74 Count: 281
Case D75 Count: 272
Case D76 Count: 291
Case D77 Count: 282
Case D78 Count: 284
Case D79 Count: 261
Case D80 Count: 274
Case D81 Count: 252
Case D82 Count: 256
Case D83 Count: 249
Case D84 Count: 208
Case D85 Count: 230
Case D86 Count: 226
Case D87 Count: 223
Case D88 Count: 213
Case D89 Count: 234
Case D90 Count: 214
Case D91 Count: 197
Case D92 Count: 196
Case D93 Count: 169
Case D94 Count: 190
Case D95 Count: 171
Case D96 Count: 181
Case D97 Count: 177
Case D98 Count: 178
Case D99 Count: 191
Case D100 Count: 164
Case D101 Count: 146
Case D102 Count: 150
Case D103 Count: 181
Case D104 Count: 159
Case D105 Count: 177
Case D106 Count: 158
Case D107 Count: 153
Case D108 Count: 156
Case D109 Count: 143
Case D110 Count: 127
Case D111 Count: 144
Case D112 Count: 160
Case D113 Count: 133
Case D114 Count: 145
Case D115 Count: 154
Case D116 Count: 143
Case D117 Count: 128
Case D118 Count: 130
Case D119 Count: 132
Case D120 Count: 130
Case D121 Count: 126
Case D122 Count: 119
Case D123 Count: 122
Case D124 Count: 131
Case D125 Count: 122
Case D126 Count: 108
Case D127 Count: 136
Case D128 Count: 102
Case D129 Count: 133
Case D130 Count: 127
Case D131 Count: 129
Case D132 Count: 109
Case D133 Count: 100
Case D134 Count: 105
Case D135 Count: 103
Case D136 Count: 87
Case D137 Count: 91
Case D138 Count: 109
Case D139 Count: 113
Case D140 Count: 111
Case D141 Count: 83
Case D142 Count: 78
Case D143 Count: 90
Case D144 Count: 94
Case D145 Count: 99
Case D146 Count: 107
Case D147 Count: 90
Case D148 Count: 100
Case D149 Count: 89
Case D150 Count: 84
Case D151 Count: 77
Case D152 Count: 107
Case D153 Count: 104
Case D154 Count: 80
Case D155 Count: 78
Case D156 Count: 78
Case D157 Count: 84
Case D158 Count: 85
Case D159 Count: 83
Case D160 Count: 68
Case D161 Count: 69
Case D162 Count: 76
Case D163 Count: 91
Case D164 Count: 86
Case D165 Count: 73
Case D166 Count: 86
Case D167 Count: 77
Case D168 Count: 78
Case D169 Count: 62
Case D170 Count: 85
Case D171 Count: 69
Case D172 Count: 80
Case D173 Count: 66
Case D174 Count: 63
Case D175 Count: 63
Case D176 Count: 75
Case D177 Count: 68
Case D178 Count: 61
Case D179 Count: 64
Case D180 Count: 62
Case D181 Count: 62
Case D182 Count: 56
Case D183 Count: 54
Case D184 Count: 60
Case D185 Count: 60
Case D186 Count: 72
Case D187 Count: 54
Case D188 Count: 48
Case D189 Count: 57
Case D190 Count: 67
Case D191 Count: 56
Case D192 Count: 52
Case D193 Count: 50
Case D194 Count: 72
Case D195 Count: 61
Case D196 Count: 43
Case D197 Count: 47
Case D198 Count: 39
Case D199 Count: 44
Case D200 Count: 38
Case D201 Count: 48
Case D202 Count: 50
Case D203 Count: 47
Case D204 Count: 53
Case D205 Count: 49
Case D206 Count: 50
Case D207 Count: 42
Case D208 Count: 54
Case D209 Count: 37
Case D210 Count: 52
Case D211 Count: 51
Case D212 Count: 40
Case D213 Count: 45
Case D214 Count: 40
Case D215 Count: 47
Case D216 Count: 52
Case D217 Count: 37
Case D218 Count: 45
Case D219 Count: 36
Case D220 Count: 43
Case D221 Count: 50
Case D222 Count: 50
Case D223 Count: 47
Case D224 Count: 42
Case D225 Count: 39
Case D226 Count: 46
Case D227 Count: 42
Case D228 Count: 44
Case D229 Count: 41
Case D230 Count: 38
Case D231 Count: 29
Case D232 Count: 46
Case D233 Count: 38
Case D234 Count: 39
Case D235 Count: 36
Case D236 Count: 41
Case D237 Count: 48
Case D238 Count: 36
Case D239 Count: 44
Case D240 Count: 34
Case D241 Count: 35
Case D242 Count: 41
Case D243 Count: 29
Case D244 Count: 37
Case D245 Count: 45
Case D246 Count: 27
Case D247 Count: 28
Case D248 Count: 35
Case D249 Count: 29
Case D250 Count: 36
Case D251 Count: 32
Case D252 Count: 33
Case D253 Count: 27
Case D254 Count: 46
Case D255 Count: 29
Case D256 Count: 28
Case D257 Count: 33
Case D258 Count: 43
Case D259 Count: 36
Case D260 Count: 32
Case D261 Count: 26
Case D262 Count: 24
Case D263 Count: 21
Case D264 Count: 32
Case D265 Count: 29
Case D266 Count: 28
Case D267 Count: 27
Case D268 Count: 38
Case D269 Count: 29
Case D270 Count: 30
Case D271 Count: 31
Case D272 Count: 30
Case D273 Count: 22
Case D274 Count: 30
Case D275 Count: 38
Case D276 Count: 34
Case D277 Count: 31
Case D278 Count: 30
Case D279 Count: 29
Case D280 Count: 24
Case D281 Count: 24
Case D282 Count: 35
Case D283 Count: 17
Case D284 Count: 29
Case D285 Count: 23
Case D286 Count: 26
Case D287 Count: 21
Case D288 Count: 22
Case D289 Count: 27
Case D290 Count: 33
Case D291 Count: 19
Case D292 Count: 23
Case D293 Count: 34
Case D294 Count: 17
Case D295 Count: 31
Case D296 Count: 29
Case D297 Count: 15
Case D298 Count: 27
Case D299 Count: 21
Case D300 Count: 25
Case D301 Count: 20
Case D302 Count: 21
Case D303 Count: 21
Case D304 Count: 33
Case D305 Count: 21
Case D306 Count: 29
Case D307 Count: 21
Case D308 Count: 24
Case D309 Count: 18
Case D310 Count: 19
Case D311 Count: 18
Case D312 Count: 25
Case D313 Count: 26
Case D314 Count: 17
Case D315 Count: 23
Case D316 Count: 36
Case D317 Count: 29
Case D318 Count: 21
Case D319 Count: 19
Case D320 Count: 18
Case D321 Count: 14
Case D322 Count: 20
Case D323 Count: 16
Case D324 Count: 20
Case D325 Count: 17
Case D326 Count: 23
Case D327 Count: 22
Case D328 Count: 22
Case D329 Count: 21
Case D330 Count: 24
Case D331 Count: 18
Case D332 Count: 20
Case D333 Count: 12
Case D334 Count: 15
Case D335 Count: 17
Case D336 Count: 23
Case D337 Count: 20
Case D338 Count: 22
Case D339 Count: 13
Case D340 Count: 18
Case D341 Count: 22
Case D342 Count: 16
Case D343 Count: 20
Case D344 Count: 17
Case D345 Count: 16
Case D346 Count: 17
Case D347 Count: 22
Case D348 Count: 13
Case D349 Count: 22
Case D350 Count: 14
Case D351 Count: 18
Case D352 Count: 17
Case D353 Count: 18
Case D354 Count: 21
Case D355 Count: 20
Case D356 Count: 17
Case D357 Count: 20
Case D358 Count: 22
Case D359 Count: 16
Case D360 Count: 22
Case D361 Count: 14
Case D362 Count: 9
Case D363 Count: 15
Case D364 Count: 22
Case D365 Count: 10
Case D366 Count: 19
Case D367 Count: 18
Case D368 Count: 16
Case D369 Count: 11
Case D370 Count: 11
Case D371 Count: 19
Case D372 Count: 17
Case D373 Count: 19
Case D374 Count: 20
Case D375 Count: 18
Case D376 Count: 11
Case D377 Count: 26
Case D378 Count: 10
Case D379 Count: 15
Case D380 Count: 17
Case D381 Count: 21
Case D382 Count: 11
Case D383 Count: 9
Case D384 Count: 13
Case D385 Count: 16
Case D386 Count: 13
Case D387 Count: 16
Case D388 Count: 11
Case D389 Count: 15
Case D390 Count: 12
Case D391 Count: 16
Case D392 Count: 20
Case D393 Count: 17
Case D394 Count: 11
Case D395 Count: 13
Case D396 Count: 15
Case D397 Count: 17
Case D398 Count: 18
Case D399 Count: 13
Case D400 Count: 13
Case D401 Count: 20
Case D402 Count: 14
Case D403 Count: 15
Case D404 Count: 14
Case D405 Count: 10
Case D406 Count: 14
Case D407 Count: 9
Case D408 Count: 15
Case D409 Count: 12
Case D410 Count: 16
Case D411 Count: 16
Case D412 Count: 14
Case D413 Count: 11
Case D414 Count: 16
Case D415 Count: 15
Case D416 Count: 11
Case D417 Count: 17
Case D418 Count: 11
Case D419 Count: 19
Case D420 Count: 10
Case D421 Count: 16
Case D422 Count: 12
Case D423 Count: 4
Case D424 Count: 7
Case D425 Count: 14
Case D426 Count: 14
Case D427 Count: 17
Case D428 Count: 9
Case D429 Count: 11
Case D430 Count: 3
Case D431 Count: 17
Case D432 Count: 8
Case D433 Count: 10
Case D434 Count: 13
Case D435 Count: 9
Case D436 Count: 8
Case D437 Count: 12
Case D438 Count: 10
Case D439 Count: 14
Case D440 Count: 14
Case D441 Count: 13
Case D442 Count: 11
Case D443 Count: 14
Case D444 Count: 8
Case D445 Count: 15
Case D446 Count: 14
Case D447 Count: 11
Case D448 Count: 10
Case D449 Count: 11
Case D450 Count: 9
Case D451 Count: 7
Case D452 Count: 9
Case D453 Count: 9
Case D454 Count: 8
Case D455 Count: 10
Case D456 Count: 9
Case D457 Count: 6
Case D458 Count: 14
Case D459 Count: 14
Case D460 Count: 12
Case D461 Count: 11
Case D462 Count: 9
Case D463 Count: 7
Case D464 Count: 4
Case D465 Count: 10
Case D466 Count: 10
Case D467 Count: 14
Case D468 Count: 10
Case D469 Count: 11
Case D470 Count: 12
Case D471 Count: 13
Case D472 Count: 6
Case D473 Count: 7
Case D474 Count: 19
Case D475 Count: 10
Case D476 Count: 8
Case D477 Count: 4
Case D478 Count: 11
Case D479 Count: 6
Case D480 Count: 13
Case D481 Count: 7
Case D482 Count: 8
Case D483 Count: 10
Case D484 Count: 8
Case D485 Count: 16
Case D486 Count: 7
Case D487 Count: 6
Case D488 Count: 9
Case D489 Count: 12
Case D490 Count: 15
Case D491 Count: 15
Case D492 Count: 10
Case D493 Count: 13
Case D494 Count: 6
Case D495 Count: 5
Case D496 Count: 15
Case D497 Count: 11
Case D498 Count: 5
Case D499 Count: 6
Case D500 Count: 6
Case D501 Count: 14
Case D502 Count: 14
Case D503 Count: 8
Case D504 Count: 5
Case D505 Count: 8
Case D506 Count: 14
Case D507 Count: 8
Case D508 Count: 9
Case D509 Count: 7
Case D510 Count: 13
Case D511 Count: 7
Case D512 Count: 7
Case D513 Count: 6
Case D514 Count: 9
Case D515 Count: 5
Case D516 Count: 5
Case D517 Count: 8
Case D518 Count: 5
Case D519 Count: 6
Case D520 Count: 6
Case D521 Count: 9
Case D522 Count: 10
Case D523 Count: 5
Case D524 Count: 15
Case D525 Count: 11
Case D526 Count: 18
Case D527 Count: 9
Case D528 Count: 5
Case D529 Count: 6
Case D530 Count: 8
Case D531 Count: 11
Case D532 Count: 8
Case D533 Count: 4
Case D534 Count: 14
Case D535 Count: 10
Case D536 Count: 13
Case D537 Count: 4
Case D538 Count: 8
Case D539 Count: 8
Case D540 Count: 3
Case D541 Count: 9
Case D542 Count: 7
Case D543 Count: 8
Case D544 Count: 6
Case D545 Count: 6
Case D546 Count: 3
Case D547 Count: 11
Case D548 Count: 7
Case D549 Count: 11
Case D550 Count: 9
Case D551 Count: 6
Case D552 Count: 7
Case D553 Count: 10
Case D554 Count: 14
Case D555 Count: 3
Case D556 Count: 5
Case D557 Count: 12
Case D558 Count: 7
Case D559 Count: 5
Case D560 Count: 7
Case D561 Count: 10
Case D562 Count: 9
Case D563 Count: 10
Case D564 Count: 10
Case D565 Count: 3
Case D566 Count: 8
Case D567 Count: 9
Case D568 Count: 7
Case D569 Count: 4
Case D570 Count: 8
Case D571 Count: 7
Case D572 Count: 15
Case D573 Count: 6
Case D574 Count: 6
Case D575 Count: 4
Case D576 Count: 5
Case D577 Count: 3
Case D578 Count: 10
Case D579 Count: 3
Case D580 Count: 7
Case D581 Count: 11
Case D582 Count: 12
Case D583 Count: 9
Case D584 Count: 9
Case D585 Count: 8
Case D586 Count: 4
Case D587 Count: 8
Case D588 Count: 4
Case D589 Count: 6
Case D590 Count: 5
Case D591 Count: 7
Case D592 Count: 7
Case D593 Count: 5
Case D594 Count: 6
Case D595 Count: 10
Case D596 Count: 4
Case D597 Count: 7
Case D598 Count: 5
Case D599 Count: 9
Case D600 Count: 5
Case D601 Count: 3
Case D602 Count: 8
Case D603 Count: 7
Case D604 Count: 12
Case D605 Count: 10
Case D606 Count: 7
Case D607 Count: 7
Case D608 Count: 8
Case D609 Count: 7
Case D610 Count: 10
Case D611 Count: 1
Case D612 Count: 7
Case D613 Count: 4
Case D614 Count: 4
Case D615 Count: 9
Case D616 Count: 8
Case D617 Count: 6
Case D618 Count: 10
Case D619 Count: 6
Case D620 Count: 4
Case D621 Count: 6
Case D622 Count: 8
Case D623 Count: 4
Case D624 Count: 6
Case D625 Count: 4
Case D626 Count: 4
Case D627 Count: 6
Case D628 Count: 5
Case D629 Count: 3
Case D630 Count: 7
Case D631 Count: 3
Case D632 Count: 6
Case D633 Count: 2
Case D634 Count: 8
Case D635 Count: 4
Case D636 Count: 2
Case D637 Count: 8
Case D638 Count: 6
Case D639 Count: 2
Case D640 Count: 7
Case D641 Count: 10
Case D642 Count: 5
Case D643 Count: 3
Case D644 Count: 7
Case D645 Count: 4
Case D646 Count: 3
Case D647 Count: 4
Case D648 Count: 6
Case D649 Count: 4
Case D650 Count: 7
Case D651 Count: 7
Case D652 Count: 4
Case D653 Count: 3
Case D654 Count: 4
Case D655 Count: 6
Case D656 Count: 7
Case D657 Count: 6
Case D658 Count: 3
Case D659 Count: 2
Case D660 Count: 3
Case D661 Count: 2
Case D662 Count: 6
Case D663 Count: 8
Case D664 Count: 5
Case D665 Count: 4
Case D666 Count: 11
Case D667 Count: 3
Case D668 Count: 1
Case D669 Count: 4
Case D670 Count: 5
Case D671 Count: 7
Case D672 Count: 3
Case D673 Count: 6
Case D674 Count: 1
Case D675 Count: 2
Case D676 Count: 2
Case D677 Count: 7
Case D678 Count: 7
Case D679 Count: 2
Case D680 Count: 7
Case D681 Count: 3
Case D682 Count: 2
Case D683 Count: 8
Case D684 Count: 4
Case D685 Count: 6
Case D686 Count: 3
Case D687 Count: 9
Case D688 Count: 5
Case D689 Count: 4
Case D690 Count: 5
Case D691 Count: 6
Case D692 Count: 4
Case D693 Count: 3
Case D694 Count: 3
Case D695 Count: 5
Case D696 Count: 5
Case D697 Count: 1
Case D698 Count: 3
Case D699 Count: 7
Case D700 Count: 3
Case D701 Count: 1
Case D702 Count: 6
Case D703 Count: 8
Case D704 Count: 5
Case D705 Count: 13
Case D706 Count: 7
Case D707 Count: 5
Case D708 Count: 7
Case D709 Count: 7
Case D710 Count: 6
Case D711 Count: 8
Case D712 Count: 7
Case D713 Count: 4
Case D714 Count: 4
Case D715 Count: 5
Case D716 Count: 1
Case D717 Count: 3
Case D718 Count: 6
Case D719 Count: 1
Case D720 Count: 6
Case D721 Count: 5
Case D722 Count: 4
Case D723 Count: 6
Case D724 Count: 7
Case D725 Count: 5
Case D726 Count: 6
Case D727 Count: 3
Case D728 Count: 5
Case D729 Count: 3
Case D730 Count: 8
Case D731 Count: 2
Case D732 Count: 9
Case D733 Count: 8
Case D734 Count: 7
Case D735 Count: 8
Case D736 Count: 1
Case D737 Count: 3
Case D738 Count: 6
Case D739 Count: 2
Case D740 Count: 5
Case D741 Count: 8
Case D742 Count: 5
Case D743 Count: 4
Case D744 Count: 3
Case D745 Count: 5
Case D746 Count: 5
Case D747 Count: 5
Case D748 Count: 3
Case D749 Count: 5
Case D750 Count: 3
Case D751 Count: 9
Case D752 Count: 4
Case D753 Count: 5
Case D754 Count: 10
Case D755 Count: 4
Case D756 Count: 3
Case D757 Count: 8
Case D758 Count: 3
Case D759 Count: 7
Case D760 Count: 6
Case D761 Count: 6
Case D762 Count: 3
Case D763 Count: 8
Case D765 Count: 5
Case D766 Count: 6
Case D767 Count: 4
Case D768 Count: 5
Case D769 Count: 3
Case D770 Count: 8
Case D771 Count: 3
Case D772 Count: 2
Case D773 Count: 4
Case D774 Count: 2
Case D775 Count: 2
Case D776 Count: 2
Case D777 Count: 3
Case D778 Count: 1
Case D779 Count: 3
Case D780 Count: 4
Case D781 Count: 4
Case D782 Count: 4
Case D783 Count: 5
Case D784 Count: 3
Case D785 Count: 5
Case D786 Count: 2
Case D787 Count: 7
Case D788 Count: 6
Case D789 Count: 6
Case D790 Count: 2
Case D791 Count: 2
Case D792 Count: 7
Case D793 Count: 4
Case D794 Count: 4
Case D795 Count: 4
Case D796 Count: 4
Case D797 Count: 4
Case D798 Count: 3
Case D799 Count: 3
Case D800 Count: 5
Case D801 Count: 3
Case D802 Count: 2
Case D803 Count: 5
Case D804 Count: 4
Case D805 Count: 4
Case D806 Count: 2
Case D807 Count: 5
Case D808 Count: 2
Case D809 Count: 2
Case D810 Count: 2
Case D811 Count: 3
Case D812 Count: 2
Case D813 Count: 3
Case D814 Count: 3
Case D815 Count: 6
Case D816 Count: 6
Case D817 Count: 5
Case D818 Count: 4
Case D819 Count: 5
Case D820 Count: 1
Case D821 Count: 5
Case D822 Count: 6
Case D823 Count: 6
Case D824 Count: 6
Case D825 Count: 5
Case D826 Count: 3
Case D827 Count: 4
Case D828 Count: 1
Case D829 Count: 3
Case D830 Count: 4
Case D831 Count: 1
Case D832 Count: 4
Case D833 Count: 2
Case D834 Count: 3
Case D836 Count: 4
Case D837 Count: 2
Case D838 Count: 2
Case D839 Count: 4
Case D840 Count: 1
Case D841 Count: 4
Case D842 Count: 2
Case D843 Count: 2
Case D844 Count: 4
Case D845 Count: 3
Case D846 Count: 2
Case D847 Count: 2
Case D848 Count: 3
Case D849 Count: 2
Case D850 Count: 5
Case D851 Count: 3
Case D852 Count: 4
Case D854 Count: 3
Case D855 Count: 7
Case D856 Count: 4
Case D857 Count: 6
Case D858 Count: 4
Case D859 Count: 3
Case D860 Count: 1
Case D861 Count: 6
Case D862 Count: 5
Case D863 Count: 4
Case D864 Count: 4
Case D865 Count: 1
Case D866 Count: 2
Case D867 Count: 6
Case D868 Count: 2
Case D869 Count: 3
Case D870 Count: 3
Case D871 Count: 3
Case D872 Count: 3
Case D873 Count: 4
Case D874 Count: 1
Case D875 Count: 1
Case D876 Count: 1
Case D877 Count: 5
Case D879 Count: 2
Case D880 Count: 3
Case D881 Count: 1
Case D882 Count: 1
Case D883 Count: 2
Case D884 Count: 5
Case D885 Count: 1
Case D887 Count: 5
Case D888 Count: 2
Case D889 Count: 5
Case D890 Count: 3
Case D891 Count: 3
Case D892 Count: 5
Case D893 Count: 6
Case D894 Count: 2
Case D895 Count: 4
Case D897 Count: 4
Case D898 Count: 7
Case D899 Count: 2
Case D900 Count: 5
Case D901 Count: 3
Case D902 Count: 1
Case D903 Count: 3
Case D904 Count: 6
Case D905 Count: 4
Case D906 Count: 5
Case D907 Count: 2
Case D908 Count: 2
Case D909 Count: 2
Case D910 Count: 2
Case D911 Count: 1
Case D912 Count: 6
Case D913 Count: 9
Case D914 Count: 4
Case D915 Count: 2
Case D916 Count: 1
Case D917 Count: 2
Case D918 Count: 6
Case D919 Count: 3
Case D920 Count: 3
Case D921 Count: 2
Case D922 Count: 3
Case D923 Count: 2
Case D924 Count: 1
Case D925 Count: 5
Case D926 Count: 1
Case D927 Count: 2
Case D928 Count: 4
Case D929 Count: 3
Case D930 Count: 2
Case D931 Count: 3
Case D932 Count: 2
Case D933 Count: 2
Case D934 Count: 2
Case D937 Count: 2
Case D938 Count: 3
Case D939 Count: 3
Case D940 Count: 4
Case D941 Count: 2
Case D942 Count: 1
Case D943 Count: 2
Case D944 Count: 4
Case D945 Count: 3
Case D946 Count: 5
Case D947 Count: 3
Case D948 Count: 3
Case D949 Count: 5
Case D950 Count: 2
Case D951 Count: 2
Case D952 Count: 1
Case D954 Count: 7
Case D955 Count: 2
Case D956 Count: 5
Case D957 Count: 1
Case D958 Count: 6
Case D959 Count: 6
Case D960 Count: 2
Case D961 Count: 2
Case D962 Count: 3
Case D963 Count: 1
Case D964 Count: 6
Case D965 Count: 1
Case D966 Count: 2
Case D967 Count: 4
Case D968 Count: 3
Case D969 Count: 3
Case D971 Count: 3
Case D972 Count: 3
Case D973 Count: 3
Case D974 Count: 4
Case D975 Count: 4
Case D976 Count: 2
Case D977 Count: 2
Case D978 Count: 3
Case D979 Count: 2
Case D980 Count: 2
Case D981 Count: 3
Case D983 Count: 1
Case D984 Count: 1
Case D985 Count: 1
Case D986 Count: 4
Case D987 Count: 3
Case D988 Count: 2
Case D989 Count: 3
Case D990 Count: 2
Case D993 Count: 3
Case D994 Count: 3
Case D996 Count: 1
Case D997 Count: 2
Case D998 Count: 2
Case D999 Count: 2
Case D1000 Count: 2
Case D1001 Count: 3
Case D1002 Count: 2
Case D1003 Count: 2
Case D1004 Count: 3
Case D1005 Count: 2
Case D1008 Count: 6
Case D1009 Count: 3
Case D1010 Count: 2
Case D1011 Count: 3
Case D1012 Count: 3
Case D1013 Count: 2
Case D1014 Count: 4
Case D1015 Count: 1
Case D1016 Count: 1
Case D1017 Count: 6
Case D1018 Count: 2
Case D1019 Count: 1
Case D1020 Count: 2
Case D1022 Count: 3
Case D1023 Count: 2
Case D1024 Count: 4
Case D1025 Count: 4
Case D1026 Count: 4
Case D1027 Count: 5
Case D1028 Count: 4
Case D1029 Count: 2
Case D1030 Count: 2
Case D1031 Count: 1
Case D1032 Count: 3
Case D1033 Count: 4
Case D1034 Count: 3
Case D1035 Count: 3
Case D1036 Count: 2
Case D1037 Count: 1
Case D1038 Count: 2
Case D1040 Count: 3
Case D1041 Count: 2
Case D1043 Count: 1
Case D1044 Count: 2
Case D1046 Count: 2
Case D1047 Count: 2
Case D1048 Count: 2
Case D1049 Count: 1
Case D1050 Count: 2
Case D1051 Count: 3
Case D1052 Count: 2
Case D1053 Count: 1
Case D1054 Count: 2
Case D1055 Count: 4
Case D1056 Count: 1
Case D1057 Count: 3
Case D1059 Count: 2
Case D1061 Count: 4
Case D1062 Count: 2
Case D1063 Count: 2
Case D1065 Count: 2
Case D1067 Count: 1
Case D1068 Count: 3
Case D1069 Count: 4
Case D1070 Count: 1
Case D1071 Count: 4
Case D1072 Count: 1
Case D1074 Count: 3
Case D1075 Count: 1
Case D1076 Count: 5
Case D1077 Count: 1
Case D1079 Count: 4
Case D1081 Count: 2
Case D1082 Count: 5
Case D1083 Count: 1
Case D1084 Count: 4
Case D1085 Count: 3
Case D1086 Count: 4
Case D1087 Count: 2
Case D1088 Count: 2
Case D1089 Count: 3
Case D1090 Count: 1
Case D1091 Count: 1
Case D1092 Count: 2
Case D1093 Count: 4
Case D1095 Count: 3
Case D1096 Count: 2
Case D1098 Count: 4
Case D1099 Count: 5
Case D1100 Count: 2
Case D1101 Count: 4
Case D1102 Count: 1
Case D1103 Count: 6
Case D1104 Count: 1
Case D1105 Count: 4
Case D1107 Count: 2
Case D1108 Count: 1
Case D1111 Count: 2
Case D1112 Count: 3
Case D1114 Count: 4
Case D1115 Count: 1
Case D1116 Count: 3
Case D1117 Count: 1
Case D1118 Count: 1
Case D1119 Count: 2
Case D1122 Count: 4
Case D1123 Count: 5
Case D1124 Count: 1
Case D1127 Count: 2
Case D1128 Count: 1
Case D1129 Count: 1
Case D1130 Count: 1
Case D1131 Count: 2
Case D1133 Count: 6
Case D1134 Count: 2
Case D1135 Count: 2
Case D1136 Count: 2
Case D1137 Count: 4
Case D1138 Count: 2
Case D1140 Count: 2
Case D1141 Count: 3
Case D1142 Count: 3
Case D1143 Count: 1
Case D1144 Count: 1
Case D1145 Count: 1
Case D1146 Count: 1
Case D1147 Count: 1
Case D1148 Count: 2
Case D1149 Count: 2
Case D1150 Count: 2
Case D1151 Count: 1
Case D1152 Count: 4
Case D1153 Count: 2
Case D1155 Count: 2
Case D1156 Count: 3
Case D1158 Count: 1
Case D1159 Count: 3
Case D1160 Count: 2
Case D1162 Count: 4
Case D1163 Count: 1
Case D1164 Count: 5
Case D1165 Count: 3
Case D1167 Count: 4
Case D1168 Count: 2
Case D1169 Count: 1
Case D1170 Count: 2
Case D1171 Count: 3
Case D1172 Count: 6
Case D1173 Count: 1
Case D1174 Count: 2
Case D1175 Count: 3
Case D1176 Count: 1
Case D1177 Count: 6
Case D1178 Count: 1
Case D1180 Count: 2
Case D1182 Count: 2
Case D1184 Count: 1
Case D1185 Count: 1
Case D1187 Count: 2
Case D1189 Count: 5
Case D1190 Count: 1
Case D1191 Count: 3
Case D1192 Count: 2
Case D1193 Count: 4
Case D1194 Count: 1
Case D1195 Count: 1
Case D1196 Count: 3
Case D1197 Count: 1
Case D1198 Count: 1
Case D1199 Count: 2
Case D1201 Count: 1
Case D1202 Count: 6
Case D1203 Count: 1
Case D1204 Count: 3
Case D1205 Count: 2
Case D1206 Count: 2
Case D1207 Count: 2
Case D1208 Count: 3
Case D1209 Count: 2
Case D1210 Count: 1
Case D1211 Count: 5
Case D1212 Count: 1
Case D1213 Count: 1
Case D1214 Count: 1
Case D1215 Count: 1
Case D1216 Count: 2
Case D1217 Count: 2
Case D1218 Count: 2
Case D1219 Count: 1
Case D1220 Count: 4
Case D1223 Count: 2
Case D1224 Count: 1
Case D1225 Count: 4
Case D1227 Count: 1
Case D1228 Count: 2
Case D1229 Count: 1
Case D1230 Count: 2
Case D1231 Count: 1
Case D1232 Count: 1
Case D1233 Count: 1
Case D1234 Count: 2
Case D1235 Count: 5
Case D1236 Count: 2
Case D1237 Count: 1
Case D1238 Count: 2
Case D1239 Count: 1
Case D1240 Count: 3
Case D1241 Count: 2
Case D1242 Count: 2
Case D1243 Count: 2
Case D1244 Count: 2
Case D1245 Count: 1
Case D1246 Count: 1
Case D1247 Count: 1
Case D1250 Count: 2
Case D1251 Count: 1
Case D1253 Count: 1
Case D1254 Count: 1
Case D1255 Count: 1
Case D1256 Count: 2
Case D1258 Count: 1
Case D1259 Count: 1
Case D1260 Count: 3
Case D1261 Count: 4
Case D1262 Count: 1
Case D1263 Count: 2
Case D1264 Count: 1
Case D1266 Count: 4
Case D1267 Count: 1
Case D1269 Count: 2
Case D1270 Count: 1
Case D1271 Count: 1
Case D1272 Count: 1
Case D1273 Count: 1
Case D1274 Count: 1
Case D1276 Count: 1
Case D1277 Count: 1
Case D1278 Count: 1
Case D1279 Count: 2
Case D1280 Count: 1
Case D1281 Count: 1
Case D1282 Count: 2
Case D1283 Count: 2
Case D1287 Count: 2
Case D1288 Count: 2
Case D1290 Count: 1
Case D1292 Count: 1
Case D1293 Count: 1
Case D1294 Count: 1
Case D1296 Count: 1
Case D1297 Count: 2
Case D1298 Count: 3
Case D1299 Count: 1
Case D1300 Count: 3
Case D1301 Count: 1
Case D1302 Count: 1
Case D1303 Count: 2
Case D1304 Count: 3
Case D1305 Count: 1
Case D1306 Count: 3
Case D1307 Count: 2
Case D1308 Count: 1
Case D1310 Count: 3
Case D1311 Count: 1
Case D1312 Count: 2
Case D1313 Count: 2
Case D1314 Count: 3
Case D1315 Count: 1
Case D1316 Count: 4
Case D1317 Count: 2
Case D1318 Count: 4
Case D1319 Count: 2
Case D1320 Count: 1
Case D1321 Count: 1
Case D1323 Count: 1
Case D1324 Count: 1
Case D1325 Count: 3
Case D1326 Count: 1
Case D1327 Count: 1
Case D1329 Count: 1
Case D1330 Count: 1
Case D1332 Count: 2
Case D1334 Count: 3
Case D1335 Count: 2
Case D1336 Count: 3
Case D1337 Count: 2
Case D1338 Count: 1
Case D1341 Count: 1
Case D1342 Count: 1
Case D1344 Count: 1
Case D1346 Count: 1
Case D1347 Count: 2
Case D1348 Count: 1
Case D1350 Count: 1
Case D1351 Count: 3
Case D1353 Count: 1
Case D1354 Count: 2
Case D1355 Count: 1
Case D1358 Count: 1
Case D1359 Count: 1
Case D1361 Count: 2
Case D1362 Count: 2
Case D1363 Count: 2
Case D1364 Count: 2
Case D1365 Count: 2
Case D1368 Count: 2
Case D1369 Count: 1
Case D1370 Count: 1
Case D1372 Count: 2
Case D1374 Count: 1
Case D1375 Count: 3
Case D1376 Count: 1
Case D1377 Count: 1
Case D1378 Count: 2
Case D1379 Count: 1
Case D1383 Count: 1
Case D1385 Count: 2
Case D1386 Count: 1
Case D1389 Count: 1
Case D1391 Count: 4
Case D1392 Count: 2
Case D1393 Count: 5
Case D1395 Count: 2
Case D1396 Count: 1
Case D1397 Count: 2
Case D1398 Count: 2
Case D1399 Count: 1
Case D1400 Count: 2
Case D1402 Count: 2
Case D1403 Count: 2
Case D1404 Count: 2
Case D1405 Count: 2
Case D1407 Count: 3
Case D1408 Count: 1
Case D1409 Count: 1
Case D1410 Count: 3
Case D1411 Count: 2
Case D1412 Count: 3
Case D1413 Count: 1
Case D1414 Count: 1
Case D1415 Count: 1
Case D1416 Count: 3
Case D1417 Count: 1
Case D1421 Count: 1
Case D1422 Count: 2
Case D1423 Count: 4
Case D1424 Count: 1
Case D1425 Count: 2
Case D1426 Count: 4
Case D1428 Count: 1
Case D1429 Count: 2
Case D1430 Count: 3
Case D1431 Count: 1
Case D1432 Count: 3
Case D1433 Count: 2
Case D1434 Count: 1
Case D1435 Count: 2
Case D1436 Count: 1
Case D1437 Count: 1
Case D1438 Count: 1
Case D1439 Count: 2
Case D1440 Count: 1
Case D1441 Count: 2
Case D1442 Count: 3
Case D1443 Count: 1
Case D1444 Count: 2
Case D1445 Count: 1
Case D1446 Count: 1
Case D1448 Count: 1
Case D1451 Count: 3
Case D1452 Count: 1
Case D1456 Count: 1
Case D1457 Count: 1
Case D1460 Count: 3
Case D1461 Count: 1
Case D1464 Count: 1
Case D1465 Count: 1
Case D1467 Count: 1
Case D1468 Count: 1
Case D1471 Count: 1
Case D1472 Count: 1
Case D1474 Count: 3
Case D1475 Count: 5
Case D1476 Count: 2
Case D1479 Count: 3
Case D1481 Count: 1
Case D1482 Count: 1
Case D1483 Count: 1
Case D1484 Count: 2
Case D1486 Count: 1
Case D1489 Count: 1
Case D1490 Count: 1
Case D1491 Count: 2
Case D1492 Count: 1
Case D1493 Count: 2
Case D1494 Count: 3
Case D1497 Count: 1
Case D1499 Count: 1
Case D1500 Count: 1
Case D1501 Count: 4
Case D1503 Count: 2
Case D1504 Count: 1
Case D1505 Count: 1
Case D1506 Count: 3
Case D1507 Count: 1
Case D1508 Count: 1
Case D1509 Count: 1
Case D1511 Count: 1
Case D1512 Count: 2
Case D1513 Count: 2
Case D1514 Count: 2
Case D1515 Count: 1
Case D1517 Count: 2
Case D1518 Count: 1
Case D1519 Count: 1
Case D1520 Count: 5
Case D1522 Count: 1
Case D1523 Count: 1
Case D1526 Count: 1
Case D1529 Count: 1
Case D1530 Count: 1
Case D1531 Count: 1
Case D1532 Count: 1
Case D1535 Count: 3
Case D1536 Count: 1
Case D1537 Count: 2
Case D1539 Count: 3
Case D1541 Count: 1
Case D1542 Count: 3
Case D1544 Count: 1
Case D1546 Count: 1
Case D1548 Count: 1
Case D1549 Count: 2
Case D1551 Count: 1
Case D1553 Count: 2
Case D1554 Count: 2
Case D1556 Count: 1
Case D1557 Count: 1
Case D1558 Count: 1
Case D1560 Count: 2
Case D1561 Count: 1
Case D1562 Count: 1
Case D1565 Count: 1
Case D1566 Count: 1
Case D1568 Count: 1
Case D1569 Count: 1
Case D1572 Count: 1
Case D1574 Count: 1
Case D1575 Count: 2
Case D1576 Count: 1
Case D1577 Count: 1
Case D1580 Count: 1
Case D1581 Count: 1
Case D1584 Count: 2
Case D1585 Count: 1
Case D1586 Count: 1
Case D1587 Count: 1
Case D1588 Count: 1
Case D1592 Count: 1
Case D1593 Count: 3
Case D1594 Count: 1
Case D1595 Count: 1
Case D1598 Count: 1
Case D1601 Count: 2
Case D1604 Count: 1
Case D1606 Count: 2
Case D1607 Count: 1
Case D1609 Count: 2
Case D1610 Count: 1
Case D1611 Count: 1
Case D1612 Count: 1
Case D1613 Count: 1
Case D1614 Count: 1
Case D1615 Count: 2
Case D1616 Count: 1
Case D1620 Count: 2
Case D1621 Count: 1
Case D1622 Count: 3
Case D1626 Count: 1
Case D1630 Count: 1
Case D1631 Count: 1
Case D1633 Count: 1
Case D1634 Count: 1
Case D1637 Count: 1
Case D1639 Count: 3
Case D1641 Count: 1
Case D1642 Count: 2
Case D1647 Count: 3
Case D1651 Count: 2
Case D1654 Count: 2
Case D1656 Count: 3
Case D1658 Count: 3
Case D1659 Count: 1
Case D1660 Count: 3
Case D1661 Count: 1
Case D1662 Count: 1
Case D1665 Count: 2
Case D1667 Count: 1
Case D1668 Count: 2
Case D1669 Count: 1
Case D1674 Count: 2
Case D1677 Count: 2
Case D1679 Count: 1
Case D1682 Count: 1
Case D1687 Count: 1
Case D1689 Count: 1
Case D1694 Count: 2
Case D1695 Count: 1
Case D1697 Count: 1
Case D1698 Count: 2
Case D1700 Count: 1
Case D1702 Count: 1
Case D1703 Count: 2
Case D1705 Count: 1
Case D1706 Count: 1
Case D1710 Count: 1
Case D1712 Count: 1
Case D1713 Count: 1
Case D1714 Count: 1
Case D1716 Count: 1
Case D1717 Count: 1
Case D1718 Count: 1
Case D1720 Count: 2
Case D1722 Count: 1
Case D1727 Count: 1
Case D1730 Count: 1
Case D1731 Count: 1
Case D1741 Count: 1
Case D1742 Count: 1
Case D1743 Count: 2
Case D1745 Count: 1
Case D1747 Count: 1
Case D1749 Count: 2
Case D1750 Count: 1
Case D1752 Count: 1
Case D1753 Count: 1
Case D1754 Count: 1
Case D1756 Count: 2
Case D1757 Count: 1
Case D1761 Count: 1
Case D1764 Count: 1
Case D1766 Count: 1
Case D1772 Count: 1
Case D1774 Count: 1
Case D1778 Count: 1
Case D1781 Count: 1
Case D1783 Count: 2
Case D1785 Count: 1
Case D1787 Count: 1
Case D1789 Count: 1
Case D1792 Count: 1
Case D1793 Count: 1
Case D1795 Count: 1
Case D1797 Count: 2
Case D1799 Count: 2
Case D1800 Count: 1
Case D1802 Count: 1
Case D1805 Count: 1
Case D1807 Count: 2
Case D1809 Count: 2
Case D1810 Count: 1
Case D1811 Count: 4
Case D1812 Count: 1
Case D1813 Count: 1
Case D1814 Count: 2
Case D1816 Count: 2
Case D1817 Count: 1
Case D1820 Count: 2
Case D1821 Count: 1
Case D1823 Count: 1
Case D1824 Count: 1
Case D1829 Count: 1
Case D1830 Count: 2
Case D1836 Count: 2
Case D1838 Count: 1
Case D1840 Count: 1
Case D1843 Count: 1
Case D1845 Count: 1
Case D1849 Count: 1
Case D1852 Count: 1
Case D1860 Count: 1
Case D1861 Count: 2
Case D1863 Count: 1
Case D1865 Count: 2
Case D1866 Count: 2
Case D1867 Count: 2
Case D1871 Count: 2
Case D1877 Count: 1
Case D1878 Count: 1
Case D1881 Count: 1
Case D1883 Count: 1
Case D1884 Count: 1
Case D1888 Count: 1
Case D1889 Count: 1
Case D1891 Count: 3
Case D1892 Count: 1
Case D1893 Count: 3
Case D1895 Count: 3
Case D1897 Count: 1
Case D1899 Count: 1
Case D1900 Count: 2
Case D1901 Count: 1
Case D1907 Count: 1
Case D1909 Count: 1
Case D1915 Count: 1
Case D1916 Count: 1
Case D1917 Count: 1
Case D1918 Count: 1
Case D1921 Count: 1
Case D1922 Count: 2
Case D1923 Count: 2
Case D1924 Count: 1
Case D1925 Count: 1
Case D1926 Count: 2
Case D1927 Count: 3
Case D1929 Count: 1
Case D1930 Count: 1
Case D1931 Count: 1
Case D1933 Count: 1
Case D1935 Count: 1
Case D1942 Count: 1
Case D1943 Count: 1
Case D1947 Count: 1
Case D1952 Count: 1
Case D1954 Count: 2
Case D1958 Count: 2
Case D1959 Count: 1
Case D1963 Count: 1
Case D1964 Count: 1
Case D1966 Count: 1
Case D1972 Count: 1
Case D1976 Count: 1
Case D1979 Count: 2
Case D1983 Count: 1
Case D1984 Count: 1
Case D1988 Count: 1
Case D1989 Count: 1
Case D1991 Count: 1
Case D1994 Count: 1
Case D1996 Count: 1
Case D1997 Count: 1
Case D1998 Count: 1
Case D2003 Count: 1
Case D2006 Count: 1
Case D2008 Count: 1
Case D2015 Count: 1
Case D2018 Count: 1
Case D2020 Count: 2
Case D2021 Count: 1
Case D2023 Count: 2
Case D2026 Count: 1
Case D2029 Count: 1
Case D2030 Count: 1
Case D2031 Count: 2
Case D2033 Count: 1
Case D2036 Count: 1
Case D2038 Count: 2
Case D2040 Count: 1
Case D2042 Count: 1
Case D2047 Count: 1
Case D2051 Count: 1
Case D2052 Count: 1
Case D2053 Count: 1
Case D2058 Count: 2
Case D2059 Count: 1
Case D2063 Count: 2
Case D2067 Count: 1
Case D2068 Count: 1
Case D2069 Count: 1
Case D2070 Count: 2
Case D2074 Count: 3
Case D2078 Count: 1
Case D2079 Count: 1
Case D2084 Count: 1
Case D2086 Count: 3
Case D2089 Count: 1
Case D2094 Count: 1
Case D2097 Count: 2
Case D2098 Count: 1
Case D2099 Count: 1
Case D2105 Count: 1
Case D2111 Count: 1
Case D2113 Count: 1
Case D2114 Count: 2
Case D2115 Count: 1
Case D2117 Count: 1
Case D2119 Count: 1
Case D2121 Count: 1
Case D2124 Count: 1
Case D2125 Count: 1
Case D2126 Count: 1
Case D2128 Count: 1
Case D2131 Count: 1
Case D2132 Count: 1
Case D2140 Count: 1
Case D2142 Count: 1
Case D2144 Count: 1
Case D2146 Count: 1
Case D2148 Count: 1
Case D2153 Count: 1
Case D2155 Count: 1
Case D2156 Count: 1
Case D2164 Count: 1
Case D2166 Count: 2
Case D2170 Count: 1
Case D2173 Count: 1
Case D2174 Count: 1
Case D2175 Count: 1
Case D2176 Count: 2
Case D2178 Count: 3
Case D2179 Count: 1
Case D2181 Count: 1
Case D2182 Count: 2
Case D2185 Count: 1
Case D2187 Count: 2
Case D2193 Count: 1
Case D2198 Count: 1
Case D2200 Count: 1
Case D2204 Count: 2
Case D2213 Count: 2
Case D2214 Count: 1
Case D2215 Count: 1
Case D2221 Count: 1
Case D2222 Count: 1
Case D2227 Count: 1
Case D2229 Count: 2
Case D2232 Count: 1
Case D2233 Count: 1
Case D2237 Count: 1
Case D2245 Count: 3
Case D2248 Count: 2
Case D2251 Count: 1
Case D2253 Count: 1
Case D2255 Count: 1
Case D2258 Count: 1
Case D2259 Count: 2
Case D2261 Count: 1
Case D2262 Count: 3
Case D2264 Count: 2
Case D2267 Count: 1
Case D2268 Count: 2
Case D2270 Count: 1
Case D2271 Count: 1
Case D2274 Count: 1
Case D2278 Count: 1
Case D2279 Count: 2
Case D2281 Count: 1
Case D2282 Count: 1
Case D2284 Count: 1
Case D2285 Count: 1
Case D2289 Count: 1
Case D2293 Count: 1
Case D2299 Count: 2
Case D2301 Count: 1
Case D2311 Count: 2
Case D2316 Count: 1
Case D2318 Count: 1
Case D2320 Count: 1
Case D2331 Count: 1
Case D2332 Count: 1
Case D2333 Count: 1
Case D2334 Count: 1
Case D2335 Count: 1
Case D2339 Count: 1
Case D2340 Count: 1
Case D2341 Count: 2
Case D2342 Count: 1
Case D2348 Count: 1
Case D2352 Count: 1
Case D2353 Count: 3
Case D2354 Count: 1
Case D2356 Count: 2
Case D2357 Count: 1
Case D2358 Count: 1
Case D2361 Count: 1
Case D2363 Count: 1
Case D2371 Count: 2
Case D2372 Count: 1
Case D2373 Count: 1
Case D2374 Count: 2
Case D2376 Count: 2
Case D2384 Count: 1
Case D2387 Count: 2
Case D2389 Count: 1
Case D2390 Count: 2
Case D2392 Count: 1
Case D2395 Count: 1
Case D2396 Count: 1
Case D2400 Count: 1
Case D2408 Count: 1
Case D2410 Count: 2
Case D2414 Count: 1
Case D2415 Count: 1
Case D2422 Count: 1
Case D2423 Count: 3
Case D2427 Count: 1
Case D2432 Count: 1
Case D2433 Count: 1
Case D2438 Count: 2
Case D2440 Count: 1
Case D2442 Count: 1
Case D2445 Count: 2
Case D2448 Count: 1
Case D2449 Count: 2
Case D2450 Count: 1
Case D2453 Count: 1
Case D2456 Count: 1
Case D2459 Count: 2
Case D2465 Count: 2
Case D2474 Count: 1
Case D2478 Count: 2
Case D2485 Count: 3
Case D2488 Count: 1
Case D2493 Count: 1
Case D2501 Count: 2
Case D2503 Count: 1
Case D2511 Count: 1
Case D2513 Count: 1
Case D2522 Count: 1
Case D2525 Count: 1
Case D2529 Count: 1
Case D2535 Count: 1
Case D2544 Count: 1
Case D2547 Count: 1
Case D2549 Count: 1
Case D2553 Count: 1
Case D2558 Count: 1
Case D2561 Count: 1
Case D2564 Count: 1
Case D2568 Count: 1
Case D2573 Count: 3
Case D2574 Count: 1
Case D2577 Count: 1
Case D2582 Count: 1
Case D2584 Count: 1
Case D2586 Count: 1
Case D2597 Count: 1
Case D2599 Count: 1
Case D2606 Count: 1
Case D2607 Count: 2
Case D2610 Count: 1
Case D2612 Count: 1
Case D2616 Count: 1
Case D2624 Count: 1
Case D2630 Count: 1
Case D2632 Count: 1
Case D2647 Count: 1
Case D2648 Count: 1
Case D2649 Count: 1
Case D2655 Count: 1
Case D2657 Count: 1
Case D2658 Count: 1
Case D2659 Count: 1
Case D2662 Count: 1
Case D2668 Count: 1
Case D2671 Count: 1
Case D2678 Count: 1
Case D2679 Count: 1
Case D2684 Count: 2
Case D2689 Count: 1
Case D2694 Count: 1
Case D2704 Count: 2
Case D2705 Count: 1
Case D2711 Count: 1
Case D2712 Count: 1
Case D2726 Count: 1
Case D2729 Count: 2
Case D2734 Count: 1
Case D2737 Count: 1
Case D2741 Count: 1
Case D2748 Count: 1
Case D2759 Count: 1
Case D2767 Count: 1
Case D2773 Count: 1
Case D2775 Count: 1
Case D2779 Count: 1
Case D2790 Count: 2
Case D2793 Count: 1
Case D2795 Count: 1
Case D2804 Count: 1
Case D2814 Count: 1
Case D2815 Count: 1
Case D2820 Count: 1
Case D2825 Count: 1
Case D2830 Count: 1
Case D2831 Count: 1
Case D2832 Count: 1
Case D2841 Count: 1
Case D2852 Count: 1
Case D2853 Count: 1
Case D2856 Count: 1
Case D2857 Count: 1
Case D2858 Count: 1
Case D2860 Count: 1
Case D2875 Count: 1
Case D2876 Count: 1
Case D2878 Count: 1
Case D2879 Count: 1
Case D2881 Count: 1
Case D2891 Count: 1
Case D2892 Count: 1
Case D2901 Count: 1
Case D2905 Count: 1
Case D2906 Count: 1
Case D2908 Count: 1
Case D2913 Count: 1
Case D2914 Count: 1
Case D2917 Count: 1
Case D2919 Count: 1
Case D2925 Count: 1
Case D2932 Count: 1
Case D2953 Count: 1
Case D2959 Count: 1
Case D2969 Count: 1
Case D2970 Count: 1
Case D2974 Count: 1
Case D2980 Count: 1
Case D2988 Count: 1
Case D2997 Count: 1
Case D2998 Count: 1
Case D3000 Count: 1
Case D3002 Count: 1
Case D3003 Count: 1
Case D3009 Count: 1
Case D3011 Count: 1
Case D3024 Count: 1
Case D3028 Count: 2
Case D3029 Count: 1
Case D3030 Count: 1
Case D3031 Count: 1
Case D3037 Count: 1
Case D3042 Count: 1
Case D3046 Count: 1
Case D3051 Count: 1
Case D3054 Count: 1
Case D3055 Count: 1
Case D3073 Count: 1
Case D3077 Count: 1
Case D3088 Count: 1
Case D3092 Count: 1
Case D3093 Count: 2
Case D3103 Count: 1
Case D3107 Count: 1
Case D3109 Count: 1
Case D3110 Count: 1
Case D3118 Count: 1
Case D3120 Count: 1
Case D3122 Count: 1
Case D3123 Count: 1
Case D3128 Count: 1
Case D3131 Count: 1
Case D3132 Count: 2
Case D3134 Count: 1
Case D3146 Count: 1
Case D3147 Count: 1
Case D3151 Count: 1
Case D3162 Count: 1
Case D3177 Count: 1
Case D3182 Count: 2
Case D3186 Count: 1
Case D3187 Count: 1
Case D3188 Count: 1
Case D3192 Count: 1
Case D3195 Count: 1
Case D3206 Count: 1
Case D3207 Count: 1
Case D3215 Count: 1
Case D3220 Count: 1
Case D3224 Count: 2
Case D3228 Count: 1
Case D3229 Count: 2
Case D3232 Count: 1
Case D3237 Count: 1
Case D3242 Count: 1
Case D3246 Count: 1
Case D3247 Count: 1
Case D3249 Count: 1
Case D3253 Count: 1
Case D3254 Count: 1
Case D3255 Count: 1
Case D3262 Count: 1
Case D3274 Count: 1
Case D3277 Count: 1
Case D3289 Count: 1
Case D3292 Count: 1
Case D3294 Count: 1
Case D3302 Count: 1
Case D3308 Count: 1
Case D3322 Count: 1
Case D3325 Count: 1
Case D3371 Count: 1
Case D3382 Count: 1
Case D3432 Count: 1
Case D3465 Count: 1
Case D3471 Count: 1
Case D3487 Count: 1
Case D3488 Count: 1
Case D3489 Count: 1
Case D3512 Count: 1
Case D3526 Count: 1
Case D3528 Count: 1
Case D3568 Count: 1
Case D3575 Count: 1
Case D3576 Count: 1
Case D3595 Count: 1
Case D3610 Count: 1
Case D3630 Count: 1
Case D3631 Count: 1
Case D3643 Count: 1
Case D3654 Count: 1
Case D3661 Count: 1
Case D3691 Count: 1
Case D3705 Count: 1
Case D3714 Count: 1
Case D3721 Count: 1
Case D3726 Count: 1
Case D3768 Count: 1
Case D3789 Count: 1
Case D3805 Count: 1
Case D3822 Count: 1
Case D3868 Count: 1
Case D3869 Count: 1
Case D3870 Count: 1
Case D3881 Count: 1
Case D3925 Count: 1
Case D3945 Count: 1
Case D3965 Count: 1
Case D3994 Count: 1
Case D4011 Count: 1
Case D4035 Count: 1
Case D4049 Count: 1
Case D4060 Count: 1
Case D4068 Count: 1
Case D4075 Count: 1
Case D4085 Count: 1
Case D4086 Count: 1
Case D4100 Count: 1
Case D4117 Count: 1
Case D4127 Count: 1
Case D4177 Count: 2
Case D4179 Count: 1
Case D4202 Count: 1
Case D4217 Count: 1
Case D4222 Count: 1
Case D4223 Count: 1
Case D4228 Count: 1
Case D4229 Count: 1
Case D4231 Count: 2
Case D4258 Count: 1
Case D4261 Count: 1
Case D4267 Count: 1
Case D4278 Count: 1
Case D4280 Count: 1
Case D4284 Count: 1
Case D4302 Count: 1
Case D4311 Count: 1
Case D4312 Count: 1
Case D4346 Count: 1
Case D4349 Count: 1
Case D4350 Count: 1
Case D4352 Count: 1
Case D4353 Count: 1
Case D4365 Count: 1
Case D4416 Count: 1
Case D4419 Count: 1
Case D4425 Count: 1
Case D4484 Count: 1
Case D4492 Count: 1
Case D4495 Count: 1
Case D4527 Count: 1
Case D4530 Count: 1
Case D4536 Count: 1
Case D4543 Count: 1
Case D4553 Count: 1
Case D4554 Count: 1
Case D4560 Count: 1
Case D4566 Count: 1
Case D4586 Count: 1
Case D4598 Count: 1
Case D4599 Count: 1
Case D4622 Count: 1
Case D4635 Count: 1
Case D4660 Count: 1
Case D4680 Count: 1
Case D4702 Count: 1
Case D4726 Count: 1
Case D4734 Count: 1
Case D4750 Count: 1
Case D4763 Count: 1
Case D4783 Count: 1
Case D4784 Count: 1
Case D4791 Count: 1
Case D4816 Count: 1
Case D4834 Count: 1
Case D4838 Count: 1
Case D4861 Count: 1
Case D4870 Count: 1
Case D4886 Count: 1
Case D4892 Count: 1
Case D4896 Count: 1
Case D4898 Count: 1
Case D4905 Count: 1
Case D4918 Count: 1
Case D4919 Count: 1
Spent time: 28.514 sec.
