Elliptic curve parameters:
name = secp256k1
mode = test
p = 1241690119
a = 1
b = 35
g = (311072572, 523565415)
n = 1241630743

--------------------------------------------------------------------------------------------------------------------------------------------------------------------------
case         s           s_zk        s_rxk       s_zr        z           r           x           k-1         a           m1          m2          f                        
--------------------------------------------------------------------------------------------------------------------------------------------------------------------------
D32          117426254   1023809449  335247548   160229015   1104950524  883746615   641302725   660481283   31820732    -           -           32.17428967378877393     
D2           405449763   38069709    367380054   601575162   468063699   27144157    641302725   405279285   13198965    -           -           2.884295018586684637     
D3           430941689   529750826   1142821606  696459498   1195837212  243045144   641302725   204276936   165423880   -           -           3.202384238599650788     
D11          1014391790  768096722   246295068   1149486612  212503820   239202009   641302725   964338078   68728036    -           -           11.17588638790725810     
D1           852854729   333346981   519507748   1066258092  92153015    898632369   641302725   809499152   212644640   -           -           1.567624657738845427     
D61          815655225   319285960   496369265   883196927   919121725   499141507   641302725   483419827   5154801     -           -           61.93953171034148553     
D9           551672893   714831466   1078472170  1025991097  917556920   266395617   641302725   1165687735  77354689    -           -           9.240958437568018662     
D35          140995802   1184898761  197727784   176880123   88932517    650278264   641302725   255748519   33342839    -           -           35.53682879253323329     
D2           597448315   727610082   1111468976  935980955   245799388   320698864   641302725   1077733231  258915675   -           -           2.810220285040679750     
D0           695540231   169934564   525605667   1183270268  38510501    598421508   641302725   747895403   207810194   -           -           0.817739306859989746     
D6           555745667   371669826   184075841   721596590   826670155   736921707   641302725   721348468   58192898    -           -           6.386858856900372963     
D1           734135555   342411485   391724070   1141948363  581285100   1217744940  641302725   478955808   326322747   -           -           1.049303145882134903     
D5           357176581   635461846   963345478   606751178   142896933   947893031   641302725   1114886827  107601984   -           -           5.905670345260548355     
D11          493616469   513097674   1222149538  643019180   861056412   1062341136  641302725   190267913   45408336    -           -           11.29963612848530719     
D3           660901090   365832304   295068786   933078649   185410127   578843488   641302725   200287855   116545972   -           -           3.138952790234569410     
D75          399093799   1077260906  563463636   591518956   1190748128  240393066   641302725   1144867978  14243485    -           -           75.63183490557261793     
D1           702711601   125712090   576999511   805694767   1186284838  970765688   641302725   745631206   84812605    -           -           1.482233566578930101     
D15          587934629   1075431294  754134078   761504078   807802584   1210056003  641302725   630753739   67226282    -           -           15.99718535676270182     
D8           1057593781  1030738372  26855409    1213884501  120060625   858708882   641302725   110297539   119849461   -           -           8.600275407162657160     
D0           677873758   65430903    612442855   963250662   1068816801  1171284092  641302725   610333117   107119950   -           -           0.610819021106712615     
D8           638763966   370893439   267870527   836755266   1209630462  887753775   641302725   813860104   44790066    -           -           8.280707579220803112     
D16          1043334004  519065784   524268220   1135366922  643852746   161558122   641302725   943590362   30971906    -           -           16.75924575000324487     
D4           494462506   1099476609  636616640   761811074   259941461   989111565   641302725   996524128   227113938   -           -           4.841079410106481443     
D7           382900639   1186433343  438098039   600929739   590903907   1057739477  641302725   716390928   164871539   -           -           7.196107649604702240     
D2           385646974   320425155   65221819    518545623   622203818   978604960   641302725   756387722   119849676   -           -           2.673558792098862244     
D9           920453262   587396525   333056737   1207008533  381415307   975024055   641302725   1075830140  60787449    -           -           9.663121823059230532     
D19          384404330   1087443536  538591537   713927498   1176311515  1145453281  641302725   34019319    54881162    -           -           19.81451369415246710     
D5           139385899   182185178   1198831464  243098668   83402126    595475781   641302725   951673648   35673130    -           -           5.107070167378079804     
D2           316414697   324234043   1233811397  512792747   1221333799  949571653   641302725   627999852   120036647   -           -           2.701125457128105219     
D11          326230570   662098961   905762352   460463495   430695350   691145447   641302725   950577401   57764720    -           -           11.46199550521494780     
D13          883195340   1205228195  919597888   996369327   455905922   107684851   28931169    1066514458  90977431    -           -           13.24755141744989479     
D58          323668600   850895268   714404075   342982294   26685522    365561430   28931169    511611963   14649496    -           -           58.08358649335103405     
D1           374188172   71348974    302839198   531662120   1166721621  173589000   28931169    401463455   59240276    -           -           1.204399756679053959     
D4           971393722   141167306   830226416   1075823720  855140279   946708040   28931169    1166305935  31523740    -           -           4.478126833935313512     
D9           528319923   1052250363  717700303   948002532   1115171670  267977506   28931169    886154176   108637314   -           -           9.685901871616597590     
D61          410771438   1055893259  596508922   466996944   1158564259  744956880   28931169    585669025   17192896    -           -           61.41450858540643763     
D4           305760650   203525896   102234754   562863879   314388266   420554423   28931169    1185218834  48657421    -           -           4.182833611341628649     
D10          376929572   626836029   991724286   440460447   333959474   276899080   28931169    117338943   59275197    -           -           10.57501384601049913     
D11          709991688   1177525020  774097411   830803395   1121165579  289075695   28931169    520133732   105933153   -           -           11.11573654378058585     
D2           732711236   340382958   392328278   1018180171  1174997644  217170127   28931169    1154066133  161773366   -           -           2.104072916428035502     
D0           744615567   99290665    645324902   937828965   1057597293  1152110961  28931169    22389853    164975373   -           -           0.601851435122986507     
D21          453232868   1208105044  486758567   850561249   1186424921  225044112   28931169    1082424925  55904487    -           -           21.61016241862661220     
D2           732370062   44586252    687783810   791911684   94161419    986282609   28931169    868352613   17870598    -           -           2.494950196965988491     
D4           880644705   898682962   1223592486  1224097718  58654591    234837861   28931169    1093540826  193738679   -           -           4.638634714754094096     
D133         319204862   867802255   693033350   631910256   166658269   662422987   28931169    916395637   6499468     -           -           133.5189672447037203     
D230         44212102    1191734423  94108422    57229534    1192960738  77390756    28931169    771567557   5159806     -           -           230.9649670937240663     
D7           990486918   1214458085  1017659576  1194851126  1056704372  613087618   28931169    720926858   173030086   -           -           7.018768314083829329     
D1           695645687   271442176   424203511   1174771784  523274245   1006024656  28931169    348576795   216519590   -           -           1.253661047483047607     
D7           458951355   1114050074  586532024   612361666   358550575   768570495   533724018   189381656   152130733   -           -           7.322978414887411342     
D6           759502798   87007280    672495518   1007855136  1176434022  475456838   533724018   359615657   14445784    -           -           6.023022357249699981     
D5           576673661   681461066   1136843338  802577610   1002646026  73797740    533724018   1032098528  124865763   -           -           5.457549368436566555     
D22          973441681   1039645420  1175427004  1205046961  710070582   472400940   533724018   619408016   47020561    -           -           22.11044270611743658     
D1           1026547010  232164436   794382574   1232363221  640831117   913100909   533724018   402268023   203282166   -           -           1.142079704129087251     
D2           622060808   154220893   467839915   895013788   1087817179  885717657   533724018   932491426   76154848    -           -           2.025096196108224127     
D1           485776451   240964058   244812393   665227565   884045427   185994501   533724018   297548852   126874223   -           -           1.899235733644650576     
D65          885663617   872112324   13551293    994706791   129030062   481630497   533724018   866162852   13318225    -           -           65.48262429865841731     
D397         599877450   774840468   1066667725  1197803332  538576879   324285661   533724018   719658277   1951568     -           -           397.0348294294638977     
D4           453852691   951453569   744029865   709053740   668795804   1024449748  533724018   344139527   198651642   -           -           4.789558039495087586     
D8           203976668   542562440   903044971   342174054   1206700673  374566781   533724018   398196884   65779282    -           -           8.248226850515029945     
D76          448738909   585959461   1104410191  669290566   1184146460  47286417    533724018   394547038   7635595     -           -           76.74051085737260816     
D5           636196375   723347236   1154479882  1143848193  238841580   827973987   533724018   333712560   128544557   -           -           5.627210150951782423     
D43          1201486179  1052091075  149395104   1239456737  1087032499  120643530   533724018   968825084   24398881    -           -           43.12046421309239550     
D5           813694632   535400178   278294454   1170633964  620644219   307008447   533724018   1145820680  99815968    -           -           5.363873022801321728     
D55          228518652   1119715099  350434296   249367401   495004507   389851766   533724018   810491983   20031162    -           -           55.89865924902409555     
D7           379647399   984423493   636854649   631489838   505712633   644450925   533724018   635375610   127804960   -           -           7.702545292451873542     
D7           554704269   1121389176  674945836   969010650   991596181   331233305   533724018   994222348   140397888   -           -           7.987222542834832387     
D38          681243472   597127003   84116469    720414385   688409432   660154798   839460856   642694841   15337951    -           -           38.93134115502129326     
D6           821942153   823606566   1239966330  1172838557  703658544   327470257   839460856   296451948   120149345   -           -           6.854856894975166115     
D10          456871186   945055499   753446430   825803973   1070313517  55418318    839460856   1120381916  87938399    -           -           10.74678990914992664     
D3           615996312   754621307   1103005748  1005717357  1022540388  414530286   839460856   434108651   226275267   -           -           3.334970352725293657     
D4           291330830   148782120   142548710   376560292   789516854   345686861   839460856   34742430    35642444    -           -           4.174296240740393672     
D2           692815071   568841443   123973628   943778356   433750152   400675863   839460856   999252746   190888501   -           -           2.979967048931878824     
D23          277991580   931727659   587894664   317739391   1196732999  773139779   839460856   878581470   39504714    -           -           23.58522729717774947     
D3           919746805   970715516   1190662032  1239242233  879948179   742130953   839460856   1113359412  280755949   -           -           3.457506490806362218     
D2           695259287   720408170   1216481860  1107807102  678238475   344817951   839460856   556841877   282711472   -           -           2.548209893654403950     
D1           405917800   93754049    312163751   734493372   462577399   574633140   839460856   982254123   77342228    -           -           1.212197416914340766     
D12          673242636   256508518   416734118   707628306   872849064   217920534   839460856   620159134   19914906    -           -           12.88022740353381532     
D4           477580638   772899798   946311583   761978525   1032878660  530932474   839460856   500601400   193182751   -           -           4.000873752957374543     
D10          321713485   192570023   129143462   625370198   949695063   734501101   839460856   1019292109  18056772    -           -           10.66469815313611978     
D3           711206847   327970358   383236489   864638453   1165451794  188118671   839460856   963976173   97480423    -           -           3.364474095480689491     
D3           544729443   796196738   990163448   836910916   722824711   821294962   839460856   229916547   252547970   -           -           3.152655465811109073     
D32          324005813   750319254   815317302   384229440   497014262   268098638   839460856   574175612   22887678    -           -           32.78267258041641445     
D11          325988526   997027812   570591457   563204752   188596855   1191079014  839460856   460332411   88772300    -           -           11.23129413116478901     
D9217        1106724754  700537999   406186755   1119300308  1091167063  1236416080  1108487514  125460495   76002       -           -           9217.362687824004631     
D31          654374242   827356657   1068648328  863671173   465359566   483681020   1108487514  924768773   26483449    -           -           31.24051769087931107     
D3           891465039   1073930568  1059165214  1192771662  154268772   605701956   1108487514  906240590   288851793   -           -           3.717929381175764417     
D12          703692440   921126750   1024196433  913906182   88365904    915181444   1108487514  315343228   73051214    -           -           12.60932843634877854     
D46          1124120798  1146510884  1219240657  1176481336  582743689   352391684   1108487514  822174007   24549500    -           -           46.70200549909366789     
D71          930601145   774776080   155825065   951041108   567094985   703005523   1108487514  622518733   10802810    -           -           71.71986547944470003     
D3           615696644   733997731   1123329656  1041511088  1033519340  37572791    1108487514  235197997   189882200   -           -           3.865542589036781752     
D0           408369747   117578741   290791006   544871299   544737489   911774841   1108487514  347198039   135366643   -           -           0.868594643364244469     
D3           702798262   1010558186  933870819   1072109507  67137745    263408897   1108487514  357905403   333487017   -           -           3.030277445553450136     
D0           504652137   22724678    481927459   906099976   396556529   243190237   1108487514  632843723   103204298   -           -           0.220191197851081744     
D318         1170156805  356753808   813402997   1189012226  778925605   961759443   1108487514  104077227   1120703     -           -           318.3303765582852905     
D6           653468597   976542902   918556438   1155980165  53659689    427912674   1108487514  1121550142  150957029   -           -           6.469012463142739779     
D11          510940098   624977014   1127593827  967836804   1200746523  157910966   1108487514  31791258    54043392    -           -           11.56435580505383525     
D2           838122270   583036879   255085391   1127010468  490474507   761335883   1108487514  18528849    260345874   -           -           2.239470401593535528     
D4           861138958   329761086   531377872   1019392832  709393209   1173164193  1108487514  1189774759  69869588    -           -           4.719665528870729851     
D7           398733119   1037948645  602415217   664120057   1024222742  515813530   1108487514  476640492   133346181   -           -           7.783864803747172931     
D0           535350021   102845162   432504859   953461409   262433099   48480378    1108487514  868088925   117238633   -           -           0.877229283285826097     
D2           807772680   954414960   1094988463  1223985526  20068261    928452826   1108487514  726968177   391559834   -           -           2.437469007610213666     
D51          459502567   1061398144  639735166   898495545   850852635   220991523   1108487514  234815590   20509589    -           -           51.75131222766092484     
D3           510065374   852124447   899571670   787555062   1030833521  940081166   1108487514  1150433155  232575686   -           -           3.663858684695011498     
D2           493846048   541522379   1193954412  790430263   447474942   1209953983  1108487514  929640859   197261833   -           -           2.745195919374834157     
D100         114584865   1207080916  149134692   135102628   625501624   833299474   1108487514  731876575   11996050    -           -           100.6231981360531174     
D21          957926501   841381838   116544663   1089155241  837684519   866440335   1108487514  591917749   39325321    -           -           21.39542199795393914     
D125         1099551817  991076617   108475200   1190525336  304050383   174489842   1108487514  699541466   7869589     -           -           125.9375320617124985     
D3           475551226   644896663   1072285306  784201643   1076785895  290534468   2148825     40543885    166900809   -           -           3.863951690012479208     
D105         408567810   934774967   715423586   458530748   161916818   336893603   2148825     870196261   8864306     -           -           105.4538242474932611     
D41          953552007   577855251   375696756   1110159091  531223016   94869689    2148825     491923939   13909503    -           -           41.54391792431404630     
D37          540207357   1080239655  701598445   795851166   781451179   1001667271  2148825     218517861   28919739    -           -           37.35302227312632385     
D6           925249712   361850101   563399611   1142101831  390986206   775375910   2148825     754832717   57841236    -           -           6.255919237272177240     
D8           696332890   1048239099  889724534   839134577   795307301   1109287709  2148825     91824618    125126142   -           -           8.377458796739693292     
D15          1101249944  29982874    1071267070  1110261218  149227800   677187344   2148825     1062364028  1874516     -           -           15.99499497470280328     
D4           565021996   1014417465  792235274   924247873   830995697   400816780   2148825     614021610   205796119   -           -           4.929235157248033428     
D11          507629084   850832835   898426992   580247006   1210679244  1214722018  2148825     343736478   71921552    -           -           11.83001216380870090     
D1           709170080   343497219   365672861   1168421329  596510168   417031338   2148825     75544321    249918831   -           -           1.374435122097702193     
D5           981347792   94484230    886863562   1050242608  644155547   741652935   2148825     413320955   16820368    -           -           5.617251061332308544     
D1           737371611   60960211    676411400   823299958   409870246   64901108    2148825     755633312   49944835    -           -           1.220550853756950043     
D16          718514622   215898130   502616492   1071363611  903255885   651709598   2148825     1186069700  12816644    -           -           16.84513746344206798     
D12          466246602   1078423178  629454167   843712786   986618746   18510954    2148825     763938219   88780418    -           -           12.14708380850380767     
D102         534840701   696852324   1079619120  1062899194  1005209294  698609965   2148825     109543377   6782208     -           -           102.7471177528026271     
D2           440701418   98068668    342632750   839633892   365332439   1010757329  2148825     376420759   41768944    -           -           2.347884782531250969     
D84          488524551   448510023   40014528    507109256   1599415     910268432   2148825     718580541   5322221     -           -           84.27121365309708108     
D0           704646762   103565274   601081488   1058777239  1076119356  985035179   2148825     257976688   350516285   -           -           0.295464942520430969     
D112         795906987   584702124   211204863   831847600   379076354   263329573   2148825     259375811   5213501     -           -           112.1515319552062999     
D28          686635211   1095606489  832659465   902495832   617458083   880047783   2148825     622970700   39053348    -           -           28.05409894690718962     
D52          258037910   1035744003  463924650   496501623   326468239   695915462   2148825     509831416   19574197    -           -           52.91374164671991397     
D5           545106429   451509715   93596714    1007520869  92505394    371006542   2148825     150492862   82691989    -           -           5.460138526840852745     
D1           485207222   149619075   335588147   832641148   834043958   1048088902  2148825     443739660   137773296   -           -           1.085980225079321612     
D225         431622610   1013499180  659754173   442300983   635775492   580121219   2148825     673124004   4487690     -           -           225.8398374219253112     
D1           1101819335  214834629   886984706   1225105134  1169626256  399661755   2148825     363056413   115532943   -           -           1.859509707114446136     
D38          795155287   1150028386  886757644   871705562   622048531   905706040   2148825     1001214890  29652537    -           -           38.78347360295006123     
D3           684376434   629806586   54569848    941486591   625383512   563747779   2148825     1139786452  170156120   -           -           3.701345482019688742     
D6           497639138   1157115664  582154217   805514038   623669940   381250284   2148825     267669257   189764238   -           -           6.097648725572834223     
D4           733967057   1238079875  737517925   1215964767  1141809734  169856404   2148825     736037347   251969347   -           -           4.913613063417591029     
D13          583325139   572943183   10381956    1125465876  973015709   28422966    2148825     144611353   41184402    -           -           13.91165478134173224     
D15          977142591   865715145   111427446   1038505368  189864919   359239995   2148825     834647271   56700936    -           -           15.26809266429040959     
D26          944551064   987671058   1198510749  1057931281  1078497904  275071575   38364421    171622427   37509328    -           -           26.33134504569103450     
D34          456354740   1232800707  465184776   876607878   929316074   979024214   38364421    709287471   36101602    -           -           34.14808869146582470     
D135         218407199   541382272   918655670   289880954   867737428   1205844116  38364421    3662008     3985934     -           -           135.8231902485088814     
D2           283576546   301298517   1223908772  428564523   977805259   336722847   38364421    582060961   138588569   -           -           2.174050278273672051     
D34          1031079075  561272676   469806399   1075195617  399510218   435543184   38364421    818925650   16398609    -           -           34.22684667949580357     
D39          1105486588  696218383   409268205   1150817051  1004183130  800475371   38364421    202586537   17555476    -           -           39.65818887508376303     
D236         348539503   1155540080  434630166   692187673   910562794   859487884   38364421    704707310   4891333     -           -           236.2423658336081391     
D41          643518495   1026326639  858822599   952779185   42870115    1046758400  38364421    212535589   24997115    -           -           41.05780363053896419     
D1           900889315   522611471   378277844   1201235812  606139517   1056561336  38364421    439005218   300196321   -           -           1.740898986566860691     
D3           151511878   142010620   9501258     258433738   20004045    869547309   38364421    266423361   44590018    -           -           3.184807415866035308     
D89          383541429   76944385    306597044   385994532   675940774   1177236387  38364421    983824361   857361      -           -           89.74560890919927545     
D87          1087637232  1216786903  1112481072  1185248063  76086126    1096534307  38364421    895404429   13918091    -           -           87.42484174014956505     
D1           575923493   228137684   347785809   964834897   565263473   795119104   38364421    333244701   187012089   -           -           1.219908751460447030     
D3           805421275   442298388   363122887   1033471361  754233390   629067058   38364421    228552361   121271017   -           -           3.647189567149420376     
D57          778577588   1190736464  829471867   968077587   259345900   398477091   38364421    482687467   20577592    -           -           57.86568535327165588     
D49          956659253   109334008   847325245   967888013   337659089   326068284   38364421    366683730   2214653     -           -           49.36845997996074328     
D55          697471140   781932581   1157169302  715454286   963911333   727316803   38364421    1002883566  14111592    -           -           55.41065678486169384     
D5           461077546   324506678   136570868   528224626   964719783   279742376   38364421    749536605   58195066    -           -           5.576188847350048541     
D3           730137676   1212011808  759756611   1132001833  385274769   536600924   38364421    538109100   328273519   -           -           3.692079128685369227     
D7           884692495   864392261   20300234    1013122779  196716312   1182600192  38364421    1070344834  114110791   -           -           7.575026458277727651     
D0           645540117   120880882   524659235   1148083597  227746745   840821742   38364421    1206950539  142996637   -           -           0.845340733432772967     
D50          1185705251  791549212   394156039   1221164317  905941167   156299519   38364421    578396691   15556073    -           -           50.88361387864405110     
D6           190260943   202444703   1229446983  270087891   165851758   1125977709  901352174   1062737667  30607047    -           -           6.614316729085298558     
D3           720428961   1099184538  862875166   1114399959  1166009654  736065378   901352174   55135018    326457963   -           -           3.367001766166138823     
D0           280507902   4625769     275882133   526563775   325101391   313960555   901352174   96322933    34452029    -           -           0.134266954204642054     
D5           698854277   888745539   1051739481  972538949   4109856     93262057    901352174   79664042    151484933   -           -           5.866890662980984386     
D436         495427157   633417849   1103640051  507475339   458660820   257882469   901352174   680740576   1451695     -           -           436.3298413234184866     
D23          267111681   1170982381  337760043   375747644   19870434    96614402    901352174   1129672710  49839755    -           -           23.49494657427589682     
D1           775140503   313562015   461578488   1083014415  378403188   471887671   901352174   389664962   159392679   -           -           1.967229718248226444     
D17          874575392   868389259   6186133     1080953462  418901192   917059748   901352174   324827900   49063112    -           -           17.69943290592736963     
D6           632481961   910729516   963383188   1119124094  477722997   982853320   901352174   146476210   145839828   -           -           6.244724287524529993     
D1           838746370   93978851    744767519   1088758916  968852317   358968758   901352174   295563419   88708732    -           -           1.059409247333171214     
D5           549096862   1020506368  770221237   896514482   41134345    165132326   901352174   805982253   201679242   -           -           5.060046625918992694     
D9           775228652   265125935   510102717   825021512   526592174   488370957   901352174   1169850987  28335752    -           -           9.356587218860469981     
D444         885343955   648665570   236678385   888223062   1035781312  337460494   901352174   927131776   1458106     -           -           444.8685966589534642     
D9           775440284   851174065   1165896962  912297268   18614462    741049372   901352174   521624430   91155364    -           -           9.337619067595407770     
D17          1052799400  1094844152  1199585991  1176551988  328574391   722986527   901352174   946163872   62778696    -           -           17.43974025838319419     
D18          107249902   551872893   797007752   184890322   380807067   429729640   901352174   537904200   29609482    -           -           18.63838391363955641     
D98          161788205   610911138   792507810   187717115   916197416   1030083441  901352174   131948976   6214745     -           -           98.30027426708577745     
D1           606636926   190644186   415992740   860699244   779869605   15373358    901352174   738001440   98512290    -           -           1.935232507537891972     
D67          841051636   618245587   222806049   866261917   836839882   273672116   901352174   218995197   9112363     -           -           67.84690063378730632     
D10          992450036   513698997   478751039   1149525438  1117048123  526088005   901352174   429788535   49997624    -           -           10.27446818272804323     
D10          171575727   376035095   1037171375  308945178   356963813   168134281   901352174   446054820   34206276    -           -           10.99316087492248498     
D1           725658466   176264342   549394124   920348673   31491658    789970541   901352174   413272447   141587845   -           -           1.244911538840074866     
D33          463652361   963505606   741777498   898837963   628321845   1076020903  901352174   656806998   28466759    -           -           33.84669136377625566     
D0           190327228   35519138    154808090   324382697   352159997   458444208   305694482   709667635   56271759    -           -           0.631207174454951728     
D72          291931782   958992897   574569628   347661900   45319224    883601327   305694482   505816417   13281192    -           -           72.20683934092662767     
D12          435406093   1239504972  437531864   774582352   130041909   223737617   305694482   1005357123  96229834    -           -           12.88067245340982298     
D6           911187029   711095377   200091652   1177216769  204846302   97751022    305694482   1059220066  113097809   -           -           6.287437248231749564     
D33          492846240   1008379065  726097918   558958212   1241090154  1061490825  305694482   244213451   30062436    -           -           33.54282617017463255     
D2           733924834   372827257   361097577   921910201   359503649   1010377906  305694482   405730634   169968733   -           -           2.193504948936696492     
D34          737892366   968497430   1011025679  915290262   6096719     131795848   305694482   861869485   28300782    -           -           34.22157840020109691     
D3           882773166   321077925   561695241   1142041434  678994325   737559170   305694482   1057779489  104968362   -           -           3.058806662144542181     
D15          958145444   613179103   344966341   1141981165  633149878   642350214   305694482   32842371    38966839    -           -           15.73592107381355721     
D7           332624383   200790091   131834292   638258123   1131410430  551343287   305694482   37919566    26990643    -           -           7.439248149812510950     
D11          557109790   1230338529  568402004   1010046121  973027094   696687528   305694482   316841847   104173459   -           -           11.81047975953260801     
D0           628929630   43116670    585812960   858085073   290104742   1136835045  305694482   1013593444  170618744   -           -           0.252707697813084358     
D2           669250296   300308587   368941709   810085300   474746964   850561390   305694482   1137560847  105910280   -           -           2.835499887263068325     
D98          935734244   1120052179  1057312808  1012764361  632107103   708767139   305694482   868795352   11372840    -           -           98.48482692098015974     
D3           570858720   219788490   351070230   1071091849  150186377   185662119   305694482   471517356   70625591    -           -           3.112023374076968786     
D20          638717902   639540696   1240807949  841428256   590512107   1171599120  305694482   724548211   30586840    -           -           20.90901498814522847     
D15          402909911   441787384   1202753270  590150843   572821920   131507116   305694482   1233869444  28428047    -           -           15.54054641882363568     
D1           383185336   133734782   249450554   530328988   1082055021  159448830   305694482   1142322783  88898032    -           -           1.504361558870054626     
D2           235505667   227205203   8300464     367572720   734406463   453543844   305694482   105988039   103438614   -           -           2.196522113105653175     
D15          770993985   805470535   1207154193  950422922   159714304   683288532   305694482   69396353    53278237    -           -           15.11819047240620968     
D31          976578666   261728717   714849949   992451648   788603167   1159919243  305694482   355504074   8326764     -           -           31.43222469136869977     
D37          431171877   919038796   753763824   838045657   988135951   258376207   305694482   727548394   24298097    -           -           37.82348864604499685     
D3           822817938   626531215   196286723   1139143741  465445476   309618276   305694482   953058003   190166332   -           -           3.294648471213085184     
D50          651768622   1100556666  792842699   809289603   409595804   665102883   961680903   660269735   21684698    -           -           50.75268588015383013     
D20          196442731   839108491   598964983   274458014   160532968   1111417420  961680903   324867491   40412165    -           -           20.76375989754570189     
D25          457154956   259963991   197190965   904287281   1155812469  1088252266  961680903   1056411487  10022631    -           -           25.93769949227902334     
D40          692106094   1163839864  769896973   728970382   855980839   366095569   961680903   206067107   28548910    -           -           40.76652537697586352     
D6           696180605   497254400   198926205   901366000   336697925   688821858   961680903   707941318   80624420    -           -           6.167540802153987588     
D18          390949216   431725049   1200854910  443441838   378022093   990183721   961680903   16946009    23500862    -           -           18.37060483143128962     
D1           577721128   160265889   417455239   797080442   1047395038  702543066   961680903   676302486   139002500   -           -           1.152971270300893868     
D20          617515242   690305199   1168840786  1201887067  289046083   870979682   961680903   1051613645  33143417    -           -           20.82782227915727578     
D65          873146662   1092084968  1022692437  913925898   542336170   272641854   961680903   537709408   16782706    -           -           65.07204309007141041     
D51          805914212   240939453   564974759   1006223985  873345598   518800509   961680903   42731860    4675120     -           -           51.53652804633891750     
D28          926665879   437280771   489385108   1230501335  612688823   1014409702  961680903   469732340   15159511    -           -           28.84530846674407901     
D7           630582690   496632210   133950480   1193902856  198616733   926034317   961680903   1138292930  67262524    -           -           7.383490545195717008     
D0           841578766   104055750   737523016   1209809499  735140675   957766748   961680903   974879677   105117300   -           -           0.989901281711002851     
D94          617260577   835206632   1023684688  921476569   461260729   770285609   961680903   251149170   8828593     -           -           94.60246179657392746     
D22          645404000   289228394   356175606   664011599   416228030   174242869   961680903   999476021   12745634    -           -           22.69235049429475222     
D5           812418383   536172277   276246106   954207913   810965093   30259459    961680903   70815179    103470733   -           -           5.181873767145343408     
D14          454915733   208546726   246369007   895227976   862613321   687208567   961680903   148293611   14603490    -           -           14.28060867641912994     
D94          473946927   172209666   301737261   476195163   287161902   215441342   961680903   189480677   1817367     -           -           94.75778200000330148     
D3           451143974   592474278   1100300439  743823780   296719930   462446302   961680903   845334540   158464168   -           -           3.738853303416833009     
D20          990389548   757447388   232942160   1053948264  480125415   923386694   961680903   762428720   37008808    -           -           20.46667885115348757     
D1           566350457   433315674   133034783   888081744   359516441   1004383592  961680903   748820714   244619170   -           -           1.771388865394318850     
D12          262898611   497279462   1007249892  374359633   750427589   198019633   961680903   994499263   39976567    -           -           12.43927378756660120     
D10          352276260   1130232947  463674056   472488584   1130602466  1231462673  961680903   700786082   111851612   -           -           10.10475331370280117     
D65          1137488693  755346382   382142311   1176313652  73228247    411274061   961680903   1138245708  11564882    -           -           65.31379931070632627     
D5           518273329   18104636    500168693   1033027588  23659664    248532287   961680903   970153930   3519070     -           -           5.144721758873793360     
D30          408761985   137278640   271483345   812958194   1172127779  1107471766  961680903   946197466   4565776     -           -           30.06688019736404063     
D7           1008119121  1110008907  1139740957  1224516260  414678050   1197591033  961680903   707956674   142530565   -           -           7.787865760582651166     
D3           332175742   42669480    289506262   491361148   266215152   626029907   733375861   518633653   13804930    -           -           3.090887096131599363     
D11          161681491   740462373   662849861   261218947   458916045   999063623   733375861   1059487797  62144035    -           -           11.91526061994526103     
D3           636035849   702188592   1175478000  855091406   599929698   890258244   733375861   236338258   197924735   -           -           3.547755625389620958     
D2           596410631   105527865   490882766   1140752558  91280811    918789091   733375861   378962795   52068704    -           -           2.026704275182266875     
D1           527461214   237679747   289781467   903817406   1116059952  1130714109  733375861   453178739   151105022   -           -           1.572944061382685216     
D4           656739736   781891603   1116478876  1124861562  811245326   203367209   733375861   435437431   188617910   -           -           4.145373061338660787     
D9           671791855   253435741   418356114   886831006   1166664541  867926424   733375861   1148301504  26674402    -           -           9.501084260483140353     
D198         460803947   943687788   758746902   552013694   426594974   748112445   733375861   421278163   4755212     -           -           198.4533577051874869     
D171         494879549   685625704   1050884588  985761417   995515904   474510879   733375861   1126160176  3997681     -           -           171.5058565203176541     
D567         147055973   211711705   1176975011  149065324   152429838   839029719   733375861   294048865   373350      -           -           567.0596089460291951     
D3           919451874   535368630   384083244   1176510184  38331786    1099089460  733375861   740116288   148276944   -           -           3.610599298566606552     
D14          640140220   444072343   196067877   686967148   333349397   603671439   733375861   564316794   31390156    -           -           14.14686639340052977     
D28          675927519   566215483   109712036   700217662   724284323   999366217   733375861   519628139   20093658    -           -           28.17881557454595873     
D44          422875450   697620684   966885509   558614865   729004926   1026730752  733375861   77037446    15657205    -           -           44.55588874259486287     
D3           999830075   637638810   362191265   1166519598  214816772   490312927   733375861   258568780   166382460   -           -           3.832367967152306799     
D3           557559732   270671257   286888475   675393981   999931324   1177122957  733375861   388422605   86222736    -           -           3.139209790327228771     
D1           860076294   233566626   626509668   1039927396  880713067   117846320   733375861   898214088   140671886   -           -           1.660364644574396336     
D7           425072649   924873106   741830286   571825054   1071209019  223110187   733375861   958081704   131567839   -           -           7.029629072192939187     
D2           1023277964  40924873    982353091   1082278316  1130781538  867797252   733375861   1041389226  20271980    -           -           2.018790123115748930     
D9           819162274   163890477   655271797   1019444588  1097443694  1002548754  733375861   429875861   18033018    -           -           9.088355426695631313     
D37          256582644   521999475   976213912   317216581   498194748   1205006141  733375861   791662466   14046896    -           -           37.16119739193626834     
D1           475351805   158975386   316376419   845201187   1009254527  338858037   733375861   693209649   105502423   -           -           1.506841089327398670     
D46          160472082   925182969   476919856   188615673   565750974   161617453   733375861   1240682790  19754127    -           -           46.83492057128113026     
D2           777233816   711744731   65489085    1042711353  600380029   57712087    733375861   194288649   246278742   -           -           2.889996616110699477     
D27          864297884   1135816024  970112603   1028940057  276765200   882253685   733375861   148500450   41087019    -           -           27.64415748925469623     
D0           704504445   32356934    672147511   1143037704  524327860   468043616   733375861   1022886927  265971186   -           -           0.121655787179893990     
D2           741335484   179283250   562052234   835816174   1118424911  1160365598  733375861   379099790   79970654    -           -           2.241862996393652101     
D0           744185448   183631067   560554381   1155297777  975903204   1193547887  733375861   244022085   333073119   -           -           0.551323587899628729     
D3           488305335   214205015   274100320   627697832   85354406    313968691   1147693321  490249083   70127844    -           -           3.054493091217805013     
D4           666584378   566249590   100334788   1213593002  888626878   1088761672  1147693321  496051374   119575754   -           -           4.735488349920837630     
D2           566911864   585332978   1223209629  928080809   687627446   140839014   1147693321  1064440233  205742919   -           -           2.844972652497459706     
D6           964157472   379675584   584481888   1046323506  800070583   667705955   1147693321  592433585   60331098    -           -           6.293198641934214424     
D9           457129692   1241420986  457339449   618504649   337600344   233140037   1147693321  431444835   134379778   -           -           9.238153273329563024     
D3           852552506   852226068   326438      1154366316  497582312   919416044   1147693321  808046151   248924886   -           -           3.423627431127958817     
D2           511736088   175079692   336656396   731905754   827939378   300784580   1147693321  347172541   71396756    -           -           2.452207940652093492     
D10          320753354   111084831   209668523   355247308   317440036   151411956   1147693321  614792732   10307768    -           -           10.77680745239900626     
D41          1016561361  910975629   105585732   1078730307  212454158   365309754   1147693321  945274800   21858225    -           -           41.67656015069842130     
D12          644046781   1226412302  659265222   752534350   154546482   1107515250  1147693321  527721427   101608936   -           -           12.06992564118573193     
D87          743358265   324021291   419336974   755483411   764373946   607036635   1147693321  155881760   3724359     -           -           87.00055257830944868     
D23          629543100   1033700923  837472920   922232730   625061268   318826948   1147693321  665384183   44163840    -           -           23.40604718701996927     
D1           818497724   385184545   433313179   1122463565  450856502   370795015   1147693321  1043161029  210566042   -           -           1.829281404263656150     
D32          886277920   685493222   200784698   940360531   1136668089  24699786    1147693321  218679565   20956144    -           -           32.71084709095337386     
D2           332493793   72924165    259569628   365917831   280027271   533020651   1147693321  837065630   31677451    -           -           2.302084375412655519     
D25          516231028   502497796   13733232    1012492169  828893209   291742654   1147693321  838444761   19969887    -           -           25.16277613388598543     
D0           705895111   264017810   441877301   1134440656  1178114343  1063722479  1147693321  390390475   277349566   -           -           0.951931577927906330     
D9           1036066591  916902903   119163688   1224004198  178153821   519037953   1147693321  64774084    96378556    -           -           9.513557175519417410     
D24          195454903   787916631   649169015   277270307   1005499481  1117760662  1147693321  368584434   31824095    -           -           24.75849292807855180     
D4           541371833   469136983   72234850    756996907   272245611   124365216   1147693321  25363358    110121685   -           -           4.260168948559041754     
D8           509804338   558143726   1193291355  658058993   434563696   672621978   1147693321  1134816888  65040373    -           -           8.581496388404783595     
D1           747560815   201547022   546013793   1046474821  904966404   733329354   265043567   782162526   149732803   -           -           1.346044540420444810     
D63          548280454   738245430   1051665767  727185550   795491233   1168755002  265043567   1070511606  11565166    -           -           63.83353511743800305     
D6           641417080   522086584   119330496   1196548165  267411589   1192903886  265043567   1231845944  86285995    -           -           6.050652646469453125     
D4           879414117   993839149   1127205711  1102109093  267449303   1017780733  265043567   295578853   211329189   -           -           4.702801130798831580     
D6           496430370   1060834047  677227066   663479977   291911429   813133815   265043567   676765934   162331156   -           -           6.534999646032213310     
D16          825768028   624501610   201266418   924160598   81377817    1158113864  265043567   177604350   38627468    -           -           16.16729343999456552     
D12          1112266861  1052548490  59718371    1226548059  789813254   576685438   265043567   1082841857  83736079    -           -           12.56983253299930607     
D2           728612379   944305992   1025937130  1113140957  1210978789  731363656   265043567   30326558    344083801   -           -           2.744406999851759949     
D4           879350246   370343893   509006353   959737565   879013417   747118361   265043567   669014296   75477056    -           -           4.906708245218255465     
D5           696709973   139858723   556851250   1031447664  929341901   1107406440  265043567   121602308   27234591    -           -           5.135334068354468771     
D0           628071822   76568837    551502985   756794312   903112625   1026684749  265043567   182780780   113181862   -           -           0.676511550940909595     
D22          565934120   631044764   1176520099  1103516425  453306797   1044715579  265043567   752074527   28351815    -           -           22.25764960726500225     
D12          374179345   989817703   625992385   522887164   658582869   744344157   265043567   418471991   76763707    -           -           12.89434475851980415     
D98          430597606   1147657468  524570881   535348286   1193376560  334440172   265043567   351927186   11594886    -           -           98.97962498294506733     
D9           843779074   530152288   313626786   915258254   430413380   540272945   265043567   1210559220  57508094    -           -           9.218742113066727615     
D5           376317862   485192149   1132756456  522168397   1067646884  650629435   265043567   852372764   84616792    -           -           5.733993661683605306     
D2           883098712   656477733   226620979   1202657348  1049471235  467868539   265043567   532466246   243981440   -           -           2.690687180959338546     
D24          228201737   1035304414  434528066   413935947   1013133915  1054675142  265043567   610377873   42467527    -           -           24.37873093010572525     
D5           503573957   905038944   840165756   673831362   685210642   474327416   265043567   730047172   163059147   -           -           5.550372123558330646     
D79          720031844   1060111121  901551466   770511152   755282081   366039993   265043567   388766452   13321532    -           -           79.57876924365756130     
D3           522350568   590633920   1173347391  869633610   936332475   375565495   265043567   1029545456  175067526   -           -           3.373749166935734272     
D77          419554996   1095425287  565760452   825000968   767279535   1030750399  265043567   594881393   14109024    -           -           77.64004703656326617     
D19          954399120   668624871   285774249   1020181566  74884211    448312972   265043567   407604244   33444876    -           -           19.99184780951198623     
D93          703339786   1186503711  758466818   841472643   519625053   945345933   265043567   73862803    12675501    -           -           93.60606030483528816     
D304         550423807   1106981232  685073318   823818019   170503959   729813136   265043567   1169220657  3635383     -           -           304.5019553648130059     
D6           739457227   468504246   270952981   961708932   187197911   265758239   265043567   829404228   72702112    -           -           6.444162805064039955     
D9           853617885   1234315177  860933451   1094115535  1045786178  523519137   265043567   1083638074  132124935   -           -           9.342030533449269057     
D4           677949264   116971860   560977404   770880482   881021353   894529661   265043567   686103047   27430738    -           -           4.264262230203212177     
D21          1164505548  1090870331  73635217    1238820931  958375630   482475299   265043567   394873535   49774803    -           -           21.91611548919641128     
D104         1155824141  737024423   418799718   1189612279  817740966   806115486   265043567   660549556   7027449     -           -           104.8779468908276673     
D1           904430432   262436760   641993672   1089815915  210879406   902841902   265043567   940688397   162888500   -           -           1.611143573671560607     
D36          818747257   937453813   1122924187  853226448   1235707046  226039563   511523649   997552984   25725864    -           -           36.44012939662590146     
D1           372838463   164942119   207896344   512800092   227702672   886946885   511523649   495648373   92915205    -           -           1.775189744240460966     
D9           547769749   462871617   84898132    713915841   318289587   697410739   511523649   706745778   49331473    -           -           9.382886600608905393     
D1           576638330   140117169   436521161   1016173738  756258092   519780722   511523649   1114758840  137102922   -           -           1.021985286352977947     
D19          674501444   532390349   142111095   782435917   626310986   67715223    511523649   57596849    26894606    -           -           19.79543217699489630     
D5           577300561   476641032   100659529   674049096   778127978   153266243   511523649   432649367   93557886    -           -           5.094610966305929571     
D238         45768029    675481812   611916960   88701235    1097013837  108852177   511523649   501416108   2834823     -           -           238.2800661628609616     
D646         239029749   221701321   17328428    278810843   247857918   416645100   511523649   745313790   343185      -           -           646.0111047977038623     
D8           351211119   901475231   691366631   471039097   462737417   235730143   511523649   1044680784  111555163   -           -           8.080981702299157592     
D32          904231839   529112773   375119066   1200162853  970699522   675046983   511523649   779911695   16438797    -           -           32.18683052050584966     
D3           454181795   528911092   1166901446  763868399   501171724   1111667390  511523649   13593632    144495191   -           -           3.660406193033787539     
D1           821644814   88908490    732736324   976389492   571595441   41755801    511523649   885761159   47921424    -           -           1.855297330062645884     
D8           432827692   1062984636  611473799   743085737   275713443   342810767   511523649   462731706   122569647   -           -           8.672494879584665851     
D2           784347129   537776224   246570905   1074434781  1218042242  266227661   511523649   907974390   204171825   -           -           2.633939447815583761     
D3           624887366   82814410    542072956   710237201   712377512   102522354   511523649   462985538   27438521    -           -           3.018180535313838526     
D4           762406592   629239526   133167066   1066982961  977587836   822291360   511523649   355802275   153253854   -           -           4.105864287106280537     
D2           565313092   289924240   275388852   789659303   33166729    618163146   511523649   1205087082  116620670   -           -           2.486045055306233449     
D24          656486581   210390463   446096118   696986506   1133828682  541217443   511523649   1209951910  8487781     -           -           24.78745186757292630     
D58          151391380   1129411986  263610137   283524460   276096907   317037832   511523649   1023284378  19258300    -           -           58.64546642226987844     
D13          626048494   1052131448  815547789   807816411   684378091   772403070   511523649   371090563   80744743    -           -           13.03033991946695526     
D2           763487497   547260784   216226713   1022146705  134407812   1187493411  511523649   951804158   246169081   -           -           2.223109343289135486     
D213         812990305   824602875   1230018173  1015274229  958365603   439104840   511523649   1076862260  3854609     -           -           213.9264643962591277     
D21          533650942   1200894598  574387087   1010368488  11940520    89325391    511523649   909692513   56933396    -           -           21.09297323490065479     
D0           589519671   18814633    570705038   766118430   334097980   514972644   511523649   159452994   59723394    -           -           0.315029534322848430     
D19          357356316   922166457   676820602   666960925   224551813   385378383   511523649   834655305   47751707    -           -           19.31169616617056223     
D15          527193062   778570517   990253288   766452307   1027521006  1195967354  511523649   168303317   48674572    -           -           15.99542605120390170     
D7           350881712   722383696   870128759   478279088   1150428859  618516627   511523649   711220034   96086960    -           -           7.518020093465335983     
D5           331723889   364173378   1209181254  594968573   158246345   1150860806  230344531   718553519   68479205    -           -           5.318014103697611559     
D3           774489309   1239097001  777023051   1208957577  1075711134  1197425928  230344531   515392939   340021041   -           -           3.644177423126000017     
D3           663645944   182796731   480849213   815632909   180479566   926519318   230344531   780132748   55698084    -           -           3.281921349395070753     
D251         51937949    1171192441  122376251   99213220    76137286    554734437   230344531   999268306   4662678     -           -           251.1844997660142947     
D103         913111815   212550191   700561624   1216795703  677509762   834289146   230344531   251249352   2060151     -           -           103.1721417507745791     
D3           751800680   38306676    713494004   783991127   203755543   1099777218  230344531   816134610   11420399    -           -           3.354232719890084400     
D10          697648400   786356094   1152923049  801776738   895394735   85053509    230344531   27235495    72878372    -           -           10.78997887054886462     
D5           593897018   600482342   1235045419  839313165   72179737    1076501263  230344531   423244262   103064724   -           -           5.826264493756370026     
D0           512634705   27745151    484889554   598986092   435380784   1047602908  230344531   1037058387  80877770    -           -           0.343050395677328887     
D2           948449268   474686431   473762837   1138548263  385884253   825837277   230344531   1151503661  188053288   -           -           2.524212344535023498     
D0           818851116   105419448   713431668   1235726229  743935330   235377538   230344531   675766746   401976003   -           -           0.262253087779471253     
D1552        196615252   1175589971  262656024   197788056   1056175422  968160362   230344531   40667158    756984      -           -           1552.991834701922365     
D1           762991679   587272470   175719209   1161999159  517710936   394647638   230344531   758507836   363984199   -           -           1.613455945652190248     
D2           703015961   189050199   513965762   1011308102  251217222   914171517   230344531   997245086   86431679    -           -           2.187279029949192587     
D65          377313968   559694765   1059249946  418284432   394314446   1184470382  230344531   1218002615  8579792     -           -           65.23407152527706965     
D3           427699963   556017454   1113313252  676152396   1228787938  57911401    230344531   323613209   179247530   -           -           3.101953226356870859     
D50          1155564715  941123608   214441107   1179755832  29351764    862082804   230344531   920765295   18582216    -           -           50.64646799929567065     
D5           543388397   1174453697  610565443   880890677   339281316   328106274   230344531   492473204   205886117   -           -           5.704385094600623314     
D4           396614573   473394940   1164850376  695290232   334458874   1020067137  230344531   761549509   97938914    -           -           4.833573506849381646     
D9           469059884   911448728   799241899   594561135   850815053   779082940   230344531   629538050   92556131    -           -           9.847524071636054017     
D32          335814883   854363817   723081809   397728218   123317872   346276797   230344531   640522257   26248208    -           -           32.54941506864011440     
D2           597458765   742653571   1096435937  947277196   197240948   405357483   230344531   360241122   247640334   -           -           2.998920083026539610     
D136         911674044   851340946   60333098    935501538   966889663   698622955   230344531   60636125    6229272     -           -           136.6678074099188476     
D2           511930620   86107996    425822624   994886860   494063289   507068783   230344531   518872214   28974380    -           -           2.971866731919716660     
D0           641919072   23736582    618182490   677764543   537373556   975181935   230344531   1033139615  32546065    -           -           0.729322638543246318     
D4           557967227   855748913   943849057   941484626   1191107917  224374191   230344531   412247852   174449828   -           -           4.905415630447053235     
D16          485691284   561240219   1166081808  550193840   818766496   109442407   230344531   1059666739  34173392    -           -           16.42331024675572152     
D24          308118753   128736826   179381927   368691628   1237234963  320856069   230344531   540362908   5254378     -           -           24.50086879931363902     
D36          571060820   778071783   1034619780  613360933   1052118055  618467415   1143578351  317051560   21159351    -           -           36.77200605065816999     
D10          969008195   860725735   108282460   1189948520  1044486505  1087025160  1143578351  90620370    85246895    -           -           10.09685731075601052     
D6           828841183   1023240245  1047231681  1054060698  1078397680  837710163   1143578351  914240342   153182638   -           -           6.679870893723608546     
D73          546801476   513801850   32999626    1086590257  1172323113  751154030   1143578351  348980388   7012695     -           -           73.26738864302525633     
D8           558074408   643360379   1156344772  801084514   150553410   481744725   1143578351  811850326   72054196    -           -           8.928839883245661363     
D5           803750641   954516887   1090864497  1110703837  962744539   707064583   1143578351  95092874    189844249   -           -           5.027894666432587062     
D39          184413974   797852222   628192495   239131639   885397845   1182991885  1143578351  1230958129  20260979    -           -           39.37875963446781125     
D71          624325580   751314840   1114641483  747089961   108741163   844146033   1143578351  186357391   10503675    -           -           71.52875921998729016     
D15          808848389   1023058155  1027420977  1179956710  623281136   1231742798  1143578351  63994314    66631747    -           -           15.35391462871294669     
D2           589864305   455709911   134154394   957957105   389902936   37980029    1143578351  671053925   221771505   -           -           2.054862327781921306     
D0           687752976   257179728   430573248   1097008611  1154972833  1116388589  1143578351  37398198    278497341   -           -           0.923454877797199507     
D16          1127852412  237467677   890384735   1147727930  878705096   706521030   1143578351  946581839   14823404    -           -           16.01978040941203518     
D14          1094465429  575941483   518523946   1182293874  289137487   835567991   1143578351  927203861   40524089    -           -           14.21232400807332152     
D3           1005528618  404357031   601171587   1181201327  295076761   259041966   1143578351  1093207392  127165073   -           -           3.179780591169086184     
D6           1090834685  299315380   791519305   1171454372  1226388685  565028065   1143578351  839652630   42778754    -           -           6.996823236132590491     
D3           776137371   1134403184  883364930   1241596812  169696365   1194040600  1143578351  1210295489  310677930   -           -           3.651380012735375184     
D34          796920336   171049440   625870896   876113247   1232623144  968817699   1143578351  541566686   4991226     -           -           34.27002503994008686     
D8           328937553   534081316   1036486980  595628332   18861967    415275094   1143578351  106682179   62246774    -           -           8.580064181318055133     
D15          330397696   782978566   789049873   470892628   588637850   62606996    1143578351  587025852   49407832    -           -           15.84725607875285845     
D4           583513968   271618331   311895637   670065481   316219020   311199653   1143578351  902770449   64204890    -           -           4.230492895478833465     
D60          227866631   424598400   1044898974  448677347   1012690607  102600684   1143578351  920978854   7055915     -           -           60.17623511621100877     
D0           475372559   188119251   287253308   734203892   344058604   1075882076  364409456   20258328    216541226   -           -           0.868745663239202312     
D2           337608901   291257473   46351428    545383738   1214300163  1075609453  364409456   1167701936  129834064   -           -           2.243305524195868967     
D11          187862193   673398353   756094583   252215235   1072152155  640477542   364409456   896719131   59156109    -           -           11.38341186368427308     
D0           570182620   240231610   329951010   898053485   1014445910  877691419   364409456   1098175910  242311755   -           -           0.991415418537990449     
D36          410388800   341187723   69201077    460503851   323965728   733159594   364409456   259758798   9468392     -           -           36.03438926060517984     
D7           332292996   128675592   203617404   437296318   47511717    258625404   364409456   739210962   17283030    -           -           7.445198671760680852     
D141         732128625   418535672   313592953   877962878   854208591   672934131   364409456   644605232   2957360     -           -           141.5234100684394189     
D2           710698721   918747148   1033582316  1091653386  7293765     676386075   364409456   509421170   329744056   -           -           2.786243243153411080     
D0           387154881   50665553    336489328   646368104   329721186   1237953329  364409456   298640865   127941658   -           -           0.396005130713563208     
D0           802817567   28053593    774763974   1173722576  916972858   346558130   364409456   378014529   61007549    -           -           0.459838060368561929     
D4           576255325   940889725   876996343   962175638   1015004507  64742491    364409456   608560636   190335012   -           -           4.943334991882628509     
D0           659099665   11116658    647983007   1205892997  195329871   441571858   364409456   606228381   112306333   -           -           0.098985139155064389     
D13          377747794   500879840   1118498697  434284935   286080691   206551326   364409456   486236543   38524948    -           -           13.00144104023190375     
D9           652979489   1170941172  723669060   916949261   269670114   1003262916  364409456   1095371846  125039945   -           -           9.364536844605937726     
D660         505667956   1063848158  683450541   606479398   793232332   120528471   364409456   162377968   1610746     -           -           660.4692223354892701     
D4           407369224   836490101   812509866   632113389   1226271908  595159523   364409456   887635770   182625059   -           -           4.580368683138933304     
D23          503932850   671073271   1074490322  571777154   1008078931  211375436   364409456   125631389   29022722    -           -           23.12234086795856019     
D8           790836466   523601049   267235417   912762386   502921347   839956849   364409456   471068629   59280946    -           -           8.832535314129433764     
D8           280577572   582932812   939275503   491882951   1021041885  438532687   364409456   334217946   69272193    -           -           8.415105495505245517     
D0           626588272   78738447    547849825   1085102657  1218020332  967952068   364409456   1135719430  168073887   -           -           0.468475195078935730     
D15          854748253   653437357   201310896   1125973692  428226262   242203668   364409456   579462489   41071936    -           -           15.90958256752250490     
D3           477106812   607157866   1111579689  776928669   860624712   480672984   364409456   382022118   177284955   -           -           3.424756861065847352     
D0           634352978   122379128   511973850   1127618276  517719900   304292569   364409456   897572438   141087680   -           -           0.867397691988414580     
D17          689620560   1220676463  710574840   998847791   665289120   850810622   364409456   126637657   71166098    -           -           17.15249953706890041     
D8           976302500   839834771   136467729   1121937172  296515232   512601203   364409456   603593308   102494468   -           -           8.193952194571125536     
D40          601728512   624759784   1218599471  718951971   991066470   127687812   364409456   864500818   15611217    -           -           40.01992823493517513     
D7           605104278   619720727   1227014294  1128440028  1100503397  1056232749  364409456   959228564   81768528    -           -           7.578963962760831404     
D587         364913860   990302313   616242290   728143474   893965586   1133198293  1151209367  1067177455  1684246     -           -           587.9796140231296378     
D76          799779731   421333308   378446423   998344762   1018838471  264078591   1151209367  507594937   5519607     -           -           76.33393247019217129     
D41          329135329   1125801900  444964172   630910197   1096112237  876047900   1151209367  126479317   27360461    -           -           41.14703695964771938     
D3           707266576   1052941139  895956180   1121347280  711221127   964538803   1151209367  1028596923  293185872   -           -           3.591377482882258392     
D9           925070613   22588748    902481865   942816193   879234274   137768024   1151209367  799148793   2300453     -           -           9.819260815152493878     
D13          866214958   754755540   111459418   967473833   29414098    883936572   1151209367  348338045   56143958    -           -           13.44321930420366871     
D0           621399593   8760320     612639273   1201231212  128200823   606177060   1151209367  361633625   41567974    -           -           0.210746860070688073     
D53          223297212   599769797   865158158   237435889   865756568   267400687   1151209367  120459847   11217057    -           -           53.46944363392287299     
D177         1020747666  1233931640  1028446769  1048909075  375813545   1038713834  1151209367  786631918   6936942     -           -           177.8783273667272985     
D12          530487150   1225246538  546871355   745676522   124142451   375463930   1151209367  785516633   100108406   -           -           12.23919735571456407     
D60          746115639   1030242769  957503613   764809355   657005814   606895292   1151209367  753581834   17060715    -           -           60.38684597919840991     
D2           650305965   374106727   276199238   897918842   913557863   1202929737  1151209367  166732619   155080211   -           -           2.412343422720775122     
D35          772216577   659869651   112346926   879912691   295185452   51098213    1151209367  229491100   18343779    -           -           35.97239429236473029     
D5           740094946   197301217   542793729   857551148   992120656   411291562   1151209367  215681266   35357734    -           -           5.580143144919863925     
D1           587141897   213470211   373671686   1010935740  506731670   12721793    1151209367  186118821   163348054   -           -           1.306842694312109772     
D2           357227831   91582892    265644939   465675896   465026697   1021686838  1151209367  453328991   31883636    -           -           2.872410536865996086     
D23          100130046   1112621816  229138973   152842970   1136663317  1104835756  1151209367  456787683   47417122    -           -           23.46455813999002301     
D0           841203390   12086400    829116990   1154079327  543265604   946445607   1151209367  387389833   215451516   -           -           0.056098003970415320     
D45          142943773   623406901   761167615   272120722   493820196   849207632   1151209367  834360818   13766824    -           -           45.28327673833848678     
D5           470373054   535485155   1176518642  842455214   261587292   560590928   1151209367  178742318   98290894    -           -           5.447963012728320489     
D1           244432351   162740710   81691641    398938922   948447151   793726015   1151209367  368235342   89925780    -           -           1.809722528956657367     
D2           582947999   175209918   407738081   713907973   1017321320  628439981   1151209367  407509455   59108103    -           -           2.964228407059519402     
D42          131342126   1012211024  360761845   238722440   1007770892  1029723135  1151209367  476344437   23961812    -           -           42.24267446885903286     
D16          432613813   564438243   1109806313  476950418   378461590   1190868627  1151209367  985384212   33584368    -           -           16.80657629168427406     
D2           974594098   682039760   292554338   1218989167  660486397   474181311   1151209367  845558022   241408891   -           -           2.825247061840816790     
D2           701456342   526348138   175108204   1180455003  271581666   726748066   1151209367  435377908   222457681   -           -           2.366059628213062240     
D1           716178686   555218707   160959979   1114199037  743226931   647515490   1151209367  715832357   318158335   -           -           1.745101875140250529     
D127         41200711    825670181   457161273   48148246    262804288   831182088   1036678851  240036065   6463036     -           -           127.7526817118146951     
D4           441631785   956654320   726608208   676609813   110314606   668776633   1036678851  870713923   206653757   -           -           4.629261688186970634     
D1           356208633   321826466   34382167    545790349   680027864   1140506366  1036678851  681035220   166626917   -           -           1.931419435672569036     
D15          498950453   873304105   867277091   941024855   401009      291283620   1036678851  358196867   56876051    -           -           15.35451371263451465     
D16          932422232   1066146595  1107906380  1077007300  881751213   209645247   1036678851  186714259   64911824    -           -           16.42453607527651664     
D29          1034150585  1153518005  1122263323  1089444527  422977260   658191000   1036678851  1228112344  38859629    -           -           29.68422588388581887     
D0           895825119   152530289   743294830   1236196651  412586677   587860153   1036678851  901132565   215082055   -           -           0.709172548123552195     
D1111        429441744   684610897   986461590   430513808   915504813   4858672     1036678851  1056636755  616144      -           -           1111.121583590848892     
D7           416325196   820778499   837177440   567323632   1078710699  1151788552  1036678851  632614201   114328324   -           -           7.179135233365268260     
D109         143469653   1066021238  319079158   158326266   851838345   1144187681  1036678851  305802954   9760136     -           -           109.2219655545783378     
D250         563804746   207307770   356496976   566160295   400270327   463226406   1036678851  513404941   828535      -           -           250.2100333721568793     
D4           674608708   1091666998  824572453   901603000   742670491   535534905   1036678851  50137214    220620124   -           -           4.948175072188790901     
D0           476764633   94630683    382133950   823595499   967682309   571574781   1036678851  548544788   129933767   -           -           0.728299388102863207     
D0           718571022   12747105    705823917   1107652877  213357699   360913261   1036678851  624702746   329489167   -           -           0.038687478304863358     
D6           264810082   351429055   1155011770  334010792   64364751    589866610   1036678851  829662768   57207952    -           -           6.143010590555662611     
D9           546560511   359133663   187426848   597524916   301844617   1197442357  1036678851  689172132   36916461    -           -           9.728279831590574188     
D9           846216017   43327530    802888487   910970185   764765668   716784540   1036678851  941853535   4411833     -           -           9.820754774716087395     
D4           532444004   1032517244  741557503   829080456   659109556   138740435   1036678851  1014355271  235807552   -           -           4.378643666170623746     
D6           871201005   1047943787  1064887961  1047160785  773613514   688116859   1036678851  191739731   167361885   -           -           6.261543881392110276     
D13          458833137   1236559498  463904382   550863538   103182846   187043449   1036678851  151090537   90711533    -           -           13.63177819958130351     
D6           492546011   815020211   919156543   679073002   35965953    1198669923  1036678851  156058394   119492029   -           -           6.820707772900902034     
D330         1204845894  1169225210  35620684    1209167135  74041856    301191944   1036678851  71811998    3540896     -           -           330.2060297732551309     
D42          849840071   1222263568  869207246   904595261   289650453   979229472   1036678851  1203488472  28512221    -           -           42.86805885798935130     
D13          448683793   634644124   1055670412  849706745   152055254   997803221   1036678851  748228851   47660841    -           -           13.31583981071588728     
D22          367701975   564425570   1044907148  539043986   645698198   1083043354  1036678851  1156617413  25017953    -           -           22.56082142291977285     
D61          570355042   1047886686  764099099   609882942   1030516621  1201392456  1036678851  524008047   16964442    -           -           61.76959348265035773     
D19          563261742   704164238   1100728247  1090566136  1109278462  153252851   1036678851  88825215    35957348    -           -           19.58331960410428488     
D0           800787090   96326842    704460248   1093935868  332604032   837128675   1030722701  739970736   214489534   -           -           0.449098099117507523     
D13          714113736   1174281016  781463463   922810091   1209602100  544064755   1030722701  461386236   88024671    -           -           13.34036245361257868     
D7           329467448   793686215   777411976   551289747   345393520   973493330   1030722701  239185618   107645149   -           -           7.373172152885403131     
D26          294703325   1102173114  434160954   336806990   807674717   55838015    1030722701  1182925257  42081335    -           -           26.19149592093501786     
D37          1165514263  606631814   558882449   1233130512  951873653   165876450   1030722701  2505601     16038030    -           -           37.82458406674635226     
D65          521189919   462280314   58909605    778235500   932572008   875803772   1030722701  695618989   7098757     -           -           65.12130419452306932     
D4           916979775   184143832   732835943   1041624379  963312376   1150515025  1030722701  517830595   44467547    -           -           4.141083653658700804     
D9           561435443   510680784   50754659    1070950415  346880851   773765761   1030722701  338732277   51920471    -           -           9.835827259733448874     
D4           605372917   469161339   136211578   1104015580  819526102   701249767   1030722701  901321764   106730254   -           -           4.395767098989570473     
D12          958309529   875530201   82779328    1106489618  705487047   973071920   1030722701  468900339   69228995    -           -           12.64687145898911287     
D8           824820577   609604638   215215939   975788356   774870643   960477868   1030722701  163539156   69981682    -           -           8.710917208306024996     
D5           738540377   619099608   119440769   944358576   266689055   222652821   1030722701  127302541   121085780   -           -           5.112901019426063076     
D2           466995786   303975364   163020422   633451025   637068669   565078742   1030722701  586169710   134085308   -           -           2.267029613714278077     
D50          903469974   676013531   227456443   922410165   1140809031  1180444365  1030722701  1177109164  13280997    -           -           50.90081196464391942     
D2           558160585   488809175   69351410    929866778   1021391342  806304362   1030722701  374291556   186454392   -           -           2.621601828505064123     
D30          828828988   1237755102  832704629   885165282   902090727   42515964    1030722701  1140679012  40120872    -           -           30.85065304662371246     
D1           968630083   296707556   671922527   1237786652  1222956253  293308983   410851499   841208471   161160376   -           -           1.841070139970385772     
D20          661682819   1059637990  843675572   722723128   31777192    367458923   410851499   964433279   51279729    -           -           20.66387655831800515     
D14          921138137   779844755   141293382   1210365019  1233528264  1140704946  410851499   463055739   53457491    -           -           14.58812863102759536     
D9           358588586   627450858   972768471   648647595   512542873   1128248751  410851499   666119453   68529577    -           -           9.155913190592143885     
D1           461231683   269905389   191326294   713905610   353501641   79293099    410851499   459236762   208557756   -           -           1.294151769642170488     
D0           706972303   11147014    695825289   887825863   735516860   667661962   410851499   1235798575  164411623   -           -           0.067799428024623295     
D0           690341814   56491279    633850535   957936428   639839767   699543953   410851499   315952203   155152586   -           -           0.364101433668659573     
D0           447041153   30445656    416595497   786678937   1236879296  256668664   410851499   793647249   107403369   -           -           0.283470214048872154     
D62          711457089   918096462   1034991370  728047921   886484485   698956632   410851499   845718152   14642145    -           -           62.70232004941898881     
D14          589582891   331569783   258013108   778562125   1103756169  611388669   410851499   311380544   22645189    -           -           14.64195255778169923     
D765         853702880   1224234145  871099478   914567463   1043978358  397765258   410851499   749960287   1598718     -           -           765.7599057494817722     
D4           1016828250  668742445   348085805   1193173980  504604132   777327671   410851499   69645430    135099600   -           -           4.949995743880810898     
D0           499060650   28412312    470648338   907144870   731425573   620262470   410851499   29866037    90976430    -           -           0.312304098984759019     
D1           766698183   446041898   320656285   1168902902  771768628   920611654   410851499   132789904   364493464   -           -           1.223730854059978425     
D141         304632632   368975375   1177288000  327865982   838139761   611336759   410851499   733880873   2599082     -           -           141.9637298861675006     
D467         89004856    1169147996  161487603   175508754   675479450   989084690   410851499   1082810364  2500958     -           -           467.4800600409922917     
D2088        855967122   935706445   1161891420  1141140180  298496789   271211035   410851499   961919981   447948      -           -           2088.872916052756123     
D1           504462366   161442767   343019599   683998498   131910205   1053204789  410851499   682249394   145390102   -           -           1.110410989325807062     
D4           729680985   633686997   95993988    1022372476  953286704   1127726382  410851499   434240561   144298003   -           -           4.391516055838970966     
D0           1148750278  2419484     1146330794  1213236092  210689380   652774607   410851499   78559008    52491440    -           -           0.046092924865463778     
D47          1019760277  1174752716  1086638304  1051863579  631000062   560313944   410851499   642767326   24557915    -           -           47.83601197414357041     
D122         937450862   426550537   510900325   989337664   1089960071  922421502   410851499   543373245   3488426     -           -           122.2759310359457245     
D4           778757321   600809776   177947545   1093486247  150759848   797882536   410851499   835523394   149299469   -           -           4.024192316450904457     
D29          428594925   574298619   1095927049  565049743   776866913   994299944   410851499   173979396   19230471    -           -           29.86399131877737159     
D5           791901022   400277370   391623652   1030688000  949778375   368951205   410851499   401088230   75540088    -           -           5.298873493501887368     
D3           744799201   180949834   563849367   859287431   1179291865  318019828   410851499   927688695   57869821    -           -           3.126842815014064066     
D5           881786872   796134997   85651875    1130139239  501682683   139475312   410851499   199545473   136729771   -           -           5.822689463876890425     
D27          110070208   244163832   1107537119  160610381   873364298   336098637   410851499   71876029    8989862     -           -           27.15990879504045779     
D101         101722826   669226127   674127442   108517787   1085956738  78427928    410851499   359149130   6593372     -           -           101.4998284641000083     
D20          976313681   53830561    922483120   1115410899  1087928289  135028880   410851499   72295853    2633155     -           -           20.44336964591905907     
D11          648646828   699454900   1190822671  714168621   847234749   759708605   410851499   1127157514  58950691    -           -           11.86508399027926576     
D7           889051664   526874576   362177088   991019837   2625075     181848441   410851499   584847385   73306280    -           -           7.187304771160124344     
D79          48713736    855556943   434787536   86623330    965227947   158071875   410851499   476005561   10804142    -           -           79.18786545012088882     
D3           362100544   385765322   1217965965  597840414   226681950   1052963718  543698267   141185239   126360674   -           -           3.052890664385028525     
D193         134904585   588687602   787847726   178860489   684326588   622498479   543698267   39406886    3036873     -           -           193.8466317162423321     
D9           495662727   477941286   17721441    551553929   151536131   539223826   543698267   288432183   48533111    -           -           9.847736445331106015     
D0           950097644   55871892    894225752   1142262716  983906663   324318389   543698267   11543360    181437356   -           -           0.307940400101509415     
D0           76773013    25865321    50907692    117958509   1177731790  1207947895  543698267   1094565721  35587517    -           -           0.726808813326313268     
D12          302089237   952043642   591676338   415477556   210127084   34718330    543698267   328507370   75312599    -           -           12.64122676207204056     
D5           305217261   673505516   873342488   494161888   116401369   448953947   543698267   1133667052  116272634   -           -           5.792468036803913808     
D19          458541162   818520872   881651033   510606519   89026391    359811623   543698267   163175689   42018306    -           -           19.48010164902887803     
D2           755192603   371455536   383737067   1046666989  943553381   573202748   543698267   50954946    172243831   -           -           2.156568010845044430     
D1           703981264   443520660   260460604   1145412439  30116487    942681062   543698267   707611974   262550089   -           -           1.689280173887124448     
D3           1042431694  272443484   769988210   1235581787  16374483    245820318   543698267   580677374   76681229    -           -           3.552935803884937733     
D15          697631039   553409913   144221126   863072961   1172001620  694075429   543698267   1034894223  35863351    -           -           15.43107092809035050     
D1           758490079   185421635   573068444   962185886   781758602   709724312   543698267   1121370956  147402658   -           -           1.257925993437648865     
D0           450730731   122373223   328357508   760994002   233836563   244741535   543698267   824045417   140467460   -           -           0.871185561410450505     
D166         302513390   719421827   824722306   377058607   669343661   787426894   543698267   1099867848  4332522     -           -           166.0515115676273542     
D9           790706228   337871358   452834870   898764703   90205761    783926756   543698267   471493797   34296903    -           -           9.851366404715901024     
D4           443669561   382981865   60687696    807473797   402922573   208439626   543698267   965857063   79865325    -           -           4.795345977744409103     
D32          615724980   484111228   131613752   653277171   1122145881  719358366   543698267   78353268    14889924    -           -           32.51267286522080300     
D4           825794147   933707422   1133717468  1123249936  541182240   1220018246  543698267   363150015   230882569   -           -           4.044079317222080979     
D0           525925859   76526085    449399774   957431620   415848659   37648431    543698267   258602705   94420098    -           -           0.810485125740920116     
D0           730435731   29094320    701341411   814772133   830169867   740235034   543698267   425412820   55744515    -           -           0.521922560452808675     
D8           911482444   115425039   796057405   952274241   896955190   798816403   543698267   635990715   14062910    -           -           8.207763471429455212     
D2           635251681   457740706   177510975   1070995263  1235648359  118543040   543698267   482473467   199508099   -           -           2.294346486655662034     
D25          935841383   442515057   493326326   1119575685  675669898   699903873   543698267   652301414   17169873    -           -           25.77276238443930249     
D7           276127081   499629419   1018128405  488412538   830554925   638660031   543698267   723362699   63841624    -           -           7.826076275879197559     
D4           828879614   878685500   1191824857  1137553687  347300846   783848845   543698267   6390063     211531468   -           -           4.153923330215814509     
D7           1027674593  674167380   353507213   1145316928  408837849   949608862   543698267   1224547135  86535913    -           -           7.790608045009012616     
D36          328550459   1143111470  427069732   387962224   843090416   77212208    543698267   784030554   31491634    -           -           36.29889354105919051     
D1           671635921   490091954   181543967   1028190923  740992486   277987035   543698267   1186482969  315080919   -           -           1.555447900670874963     
D13          141058268   904366494   478322517   215039707   329500746   339782608   543698267   542027367   67076829    -           -           13.48254691646201701     
D8           872010970   349844397   522166573   1010563803  456892649   885743658   456581891   231206947   40693972    -           -           8.596958709265342788     
D73          431026951   592265294   1080392400  473326399   375290221   366178468   456581891   604282179   8032471     -           -           73.73388512700512706     
D7           324055381   1071756573  493929551   496179887   71961713    735521496   456581891   560919836   151930875   -           -           7.054238139548659875     
D64          728407817   507754793   220653024   848498975   1172134269  360143216   456581891   561878755   7860869     -           -           64.59270508133388306     
D42          919103298   973312456   1187421585  961773967   332894509   477032366   456581891   923022352   23019249    -           -           42.28254605526009992     
D14          1019260525  281147299   738113226   1056295923  806631401   430526213   456581891   29448902    19304779    -           -           14.56361137312165034     
D8           267706728   496404304   1012933167  373954216   658769106   36629976    456581891   1206363456  55211752    -           -           8.990917440910043934     
D345         190777923   882001837   550406829   214305751   891022521   166458629   456581891   1074736240  2555299     -           -           345.1658052541013791     
D171         1068215048  1028690120  39524928    1080711900  303240897   288929620   456581891   896522398   5982628     -           -           171.9461948829176743     
D52          766762375   1121770564  886622554   873230531   977537229   1179819494  456581891   501834813   21485283    -           -           52.21111418453273340     
D9           1095358347  572741081   522617266   1225108011  26664410    432421338   456581891   1020812712  57361035    -           -           9.984845653499801738     
D5           861198303   501846453   359351850   988967889   127935347   1109373449  456581891   315694481   94580787    -           -           5.306008428540566066     
D6           400079751   736045361   905665133   683175465   1089968774  838030880   456581891   454671026   116984037   -           -           6.291844424893628863     
D2           525053977   557403357   1209281363  837001197   169405437   910200233   456581891   572494288   213106757   -           -           2.615606209989859683     
D0           524676302   16588709    508087593   556207882   430582786   1198183846  456581891   646998714   20171022    -           -           0.822402999709186772     
D7           527737084   127204942   400532142   574120211   1231396801  792936837   456581891   1128234284  17522687    -           -           7.259442687071908549     
D7           646154879   666034693   1221750929  833629394   653291265   108679603   456581891   871063924   83731334    -           -           7.954425914198381217     
D1           597719266   395355956   202363310   908866515   46234811    277588647   456581891   413912434   286572017   -           -           1.379604192128779970     
D253         1230646648  666297337   564349311   1234279838  1165844757  827790533   456581891   939934838   2628428     -           -           253.4965146467774654     
D0           521058614   127600055   393458559   703010125   149214805   194039688   456581891   219559654   157155592   -           -           0.811934550824001222     
D4           725537188   531382932   194154256   1022345396  210665199   1069765080  164055500   107327349   131920772   -           -           4.028045954734103587     
D67          146044561   397923970   989751334   286206849   78090627    670524686   164055500   795477036   5882273     -           -           67.64799423624167052     
D1           766130828   448775270   317355558   1026417885  859841029   786360576   164055500   254928234   245556714   -           -           1.827582975393619251     
D24          855049530   934422339   1162257934  917910462   1115964780  221642429   164055500   1020892969  37857414    -           -           24.68267745387997183     
D2           877704692   712054924   165649768   1174326287  237586857   400046107   164055500   596853604   284461502   -           -           2.503167982288162142     
D7           333252201   884078699   690804245   547530245   1225180906  656509934   164055500   600460033   118974157   -           -           7.430846507279727983     
D9           1057905272  197503468   860401804   1091362539  550042167   1103403799  164055500   47695415    20729995    -           -           9.527424777478238658     
D24          1183395759  372125985   811269774   1230133726  1024204925  773861756   164055500   605228347   14946584    -           -           24.89705908721350644     
D4           906459261   1173340053  974749951   1220566219  479386397   1165989164  164055500   163733817   278245345   -           -           4.216926083705012207     
D1           668747189   141881448   526865741   939167528   123748416   1140988483  164055500   113148836   127906511   -           -           1.109258996205439455     
D9           538622613   512779741   25842872    1022209841  1147784908  876455449   164055500   384048757   55035385    -           -           9.317273623142638140     
D5           532368713   429816154   102552559   990813477   976444772   990199887   164055500   675778573   73923949    -           -           5.814301857710550609     
D19          985157364   1133213150  1093574957  1100897587  1045542450  27117803    164055500   395599321   59235580    -           -           19.13061626137534232     
D4           640465777   934764257   947332263   1090253945  357170855   366802074   164055500   629419630   190677609   -           -           4.902328395569508111     
D289         290457804   984411426   547677121   326340645   1112183715  187667772   164055500   1189829287  3395076     -           -           289.9526920752289492     
D2           861505673   689658036   171847637   1166877287  101207773   1157899535  164055500   1206668819  250762445   -           -           2.750244503318668790     
D6           434486605   1013252813  662864535   722684169   209662942   1188979632  164055500   383095377   146289041   -           -           6.926375387203474797     
D7           290014570   884417101   647228212   466625688   924514786   222742866   164055500   811364698   113403452   -           -           7.798855197106345581     
D18          351644852   534736022   1058539573  416250563   6168487     1012145726  164055500   413768642   28616297    -           -           18.68641571619137165     
D378         551166885   482883607   68283278    557209646   915512173   790399401   164055500   836431875   1275634     -           -           378.5440079207672420     
D3           1004078840  391864999   612213841   1226140366  207509113   119764494   164055500   800906521   115832736   -           -           3.383024631309753401     
D0           872699871   38707363    833992508   1171034630  229002553   892615138   164055500   942331957   276030353   -           -           0.140228647245906322     
D227         1214118072  985529943   228588129   1223146369  786277991   408087608   164055500   1161801996  4326274     -           -           227.8010923487509112     
D3           748116484   1064727963  925019264   1162660441  878922200   419434159   164055500   1230956096  333572527   -           -           3.191893446908473970     
D137         617987952   554306873   63681079    740776972   214604547   853527845   164055500   248948843   4042852     -           -           137.1078815153263092     
D13          600128809   1164656229  677103323   1111567234  1223901174  790845926   164055500   545471804   88690384    -           -           13.13170804401974401     
D6           508884964   708073468   1042442239  900211243   724031160   362965762   164055500   1078821964  117558685   -           -           6.023148931956835005     
D0           223361677   98560247    124801430   338753312   575656221   531455153   164055500   333380673   107970042   -           -           0.912848093548023256     
D9           349237185   947602939   643264989   593672739   570065544   344182191   664116111   539301204   104801631   -           -           9.041872058269780171     
D21          316802478   1066473888  491959333   450724452   495217200   1049050365  664116111   1240638839  48958530    -           -           21.78320893213092795     
D7           642804776   1104444394  779991125   1146440360  808857362   755853337   664116111   71114093    139169192   -           -           7.935983374826233093     
D2           536140723   392277091   143863632   884575186   897150006   27891784    664116111   140838466   187706260   -           -           2.089845543776749907     
D9           482405228   410425029   71980199    922434858   931376311   773446077   664116111   518057897   42375598    -           -           9.685409725663340491     
D11          406451683   1191909534  456172892   555761459   1118699424  1195553208  664116111   111822855   107832131   -           -           11.05338012841460028     
D16          1065379789  997070213   68309576    1156763605  1071009992  803571679   664116111   335829781   60157813    -           -           16.57424303307036776     
D99          1078711503  464889967   613821536   1091651609  42867957    239938340   664116111   1035609951  4682705     -           -           99.27808115181289447     
D3           640203334   961590078   920243999   1035147985  888534319   42260370    664116111   1118791032  245258683   -           -           3.920717775362106140     
D4           343132513   70738188    272394325   384184709   836705702   323485629   664116111   292215114   14714945    -           -           4.807234277803960531     
D50          139559789   1117359911  263830621   256803498   803337628   660045183   664116111   580367428   22316080    -           -           50.06972151919154260     
D0           827412886   89208086    738204800   1061801440  798536852   989721305   664116111   881264535   124247224   -           -           0.717988564476901310     
D12          1145239668  560128378   585111290   1193110979  144220848   1017632679  664116111   494251417   44199515    -           -           12.67272679349535849     
D68          1097423661  343911616   753512045   1109044762  52224807    1153025765  664116111   231275598   5040167     -           -           68.23417081219729425     
D27          174950722   1106943984  309637481   219804036   1023058044  1199800516  664116111   570754722   40390780    -           -           27.40585806958914881     
D0           553621412   23768674    529852738   625096733   394186835   918524654   664116111   1232608892  53294165    -           -           0.445990175472305457     
D2           742679072   853774222   1130535593  1194845812  1232709223  644463995   664116111   771143069   290512332   -           -           2.938857074060456752     
D27          1001892943  658489705   343403238   1031517142  562109060   920668354   664116111   219845338   24294376    -           -           27.10461487053629202     
D19          542061256   557144372   1226547627  576325178   596648550   1159160695  664116111   495403539   28102426    -           -           19.82549022635981676     
D132         1230519376  420545350   809974026   1238812286  256256115   124183485   664116111   794335888   3168696     -           -           132.7187429781840858     
D183         267966270   864568981   645028032   531232886   20275069    727621458   664116111   684137846   4699654     -           -           183.9643899316843325     
D1           789255818   628665014   160590804   1190373904  854907122   348587794   664116111   785122526   388137732   -           -           1.619695696062860489     
D20          387119363   214610037   172509326   763599615   330385263   861055556   196912895   643547524   10639111    -           -           20.17180166651142186     
D8           627323302   1225509944  643444101   1115649336  788271643   983981859   196912895   622803302   138997268   -           -           8.816791593342683541     
D1           582599363   200136125   382463238   810257229   1013841449  810368061   196912895   1206293584  127283631   -           -           1.572363417256693439     
D0           875952803   81111013    794841790   1099435063  986937945   542514846   196912895   913495620   205506023   -           -           0.394689225239885061     
D25          351131292   917240811   675521224   403613491   671991329   62502433    196912895   238279918   36238098    -           -           25.31150533893914631     
D7           612958661   626301820   1228287584  1146131949  709179553   1046830268  196912895   803397072   79785373    -           -           7.849832575201472079     
D63          500322672   823225853   918727562   744025406   190000738   900638067   196912895   470588481   12917204    -           -           63.73096321773659377     
D14          125675598   803916157   563390184   197208993   226594513   876938964   196912895   427660699   54142203    -           -           14.84823506350489654     
D150         734368500   1183199966  792799277   757071441   396659372   482364327   196912895   146238950   7874388     -           -           150.2592920237102870     
D14          455954589   794792817   902792515   513488667   1175340801  1231037119  196912895   621321752   53216043    -           -           14.93521074086624591     
D2           667246494   593333538   73912956    1066005856  1131696899  1156727529  196912895   163169417   268487132   -           -           2.209914246467499232     
D121         74662485    828372651   487920577   97279611    681037709   1059431763  196912895   1233904998  6811107     -           -           121.6208541430930390     
D159         127233539   746255595   622608687   134443328   614534509   521553339   196912895   906535696   4667126     -           -           159.8961748622171332     
D3           742469301   953035723   1031064321  1189327450  554097484   1198480504  196912895   1102412726  295611152   -           -           3.223950505764410403     
D1           254124093   83753181    170370912   444661992   1170777559  590058233   196912895   223096612   63586194    -           -           1.317159838187515988     
D0           446264348   58218139    388046209   558934333   454214897   870579191   196912895   1168421768  108254393   -           -           0.537790083031549583     
D7           303309525   858299173   686641095   490703455   837524658   1013580376  196912895   462148053   115915595   -           -           7.404518546447525028     
D18          444251449   216965705   227285744   877062618   555877670   610480094   196912895   584048045   11440280    -           -           18.96506947382406724     
D12          623627664   578247099   45380565    719593833   531231488   736905456   196912895   920334310   47830650    -           -           12.08946771578475308     
D1           428981027   124774002   304207025   587977125   32838856    463600443   196912895   235818926   110988831   -           -           1.124203227259867256     
D13          442545252   1073584924  610591071   533800938   385037149   1000571952  196912895   266337435   77522508    -           -           13.84868668077663328     
D14          640339659   637377958   2961701     1237055566  578394973   75236277    196912895   127448554   43623752    -           -           14.61080096916010342     
D12          645165616   1130002843  756793516   830408824   204137142   912819259   196912895   708617587   89435992    -           -           12.63476613531608169     
D34          477738893   876973106   842396530   534286747   838878499   1211430051  196912895   409645415   25356061    -           -           34.58633050299098113     
D31          531588854   537466021   1235753576  703077185   1109915673  901604945   196912895   607790690   17123861    -           -           31.38696471549260999     
D8           492148534   858631396   875147881   685175183   576032895   385172578   196912895   914026672   106095236   -           -           8.093024987474461153     
D5           660518125   831038205   1071110663  917657265   414275568   1125900150  196912895   80128292    146239845   -           -           5.682707096687636669     
D12          440750444   821602917   860778270   565347618   400074600   1186852992  806585019   1010709327  66958922    -           -           12.27025305156495799     
D17          203003098   335613038   1109020803  386325556   785154388   1220636989  806585019   320753527   19680640    -           -           17.05295346086306136     
D2           529521627   217649072   311872555   742441643   694729437   1065560433  806585019   689866392   103681595   -           -           2.099206440641658724     
D3           564503914   982830422   823304235   873473293   1074141468  525104255   806585019   69648293    255534535   -           -           3.846174537621695635     
D4           784556118   948607795   1077579066  1073689000  637510797   219182911   806585019   11533356    206290354   -           -           4.598410815660338631     
D9           407541216   1115024187  534147772   699147744   278577048   1069429632  806585019   803022660   115934688   -           -           9.617692566697553022     
D9           932677421   798700292   133977129   1214917709  1085630048  137497592   806585019   851969898   85956557    -           -           9.291906515055041118     
D15          559703851   436091718   123612133   692531645   1166338834  1002005259  806585019   419659143   28392675    -           -           15.35930369364633659     
D2           876833723   461268894   415564829   1200042241  1064522748  1062890089  806585019   567059044   230416687   -           -           2.001890140882027350     
D8           917713750   1210408215  948936278   1177687507  657360256   48712576    806585019   42204247    137792479   -           -           8.784283611008986927     
D23          693638083   672547177   21090906    859823084   415313664   376246560   806585019   36782014    28898079    -           -           23.27307559094152936     
D4           451898698   252384274   199514424   517269122   1214784568  628265805   806585019   265526817   59676154    -           -           4.229231562074191309     
D421         816572931   1016649163  1041554511  853580364   1166188466  260627532   806585019   219258758   2409405     -           -           421.9503001778447376     
D7           640841930   377474108   263367822   934401313   830895394   886095966   806585019   1160979833  53723164    -           -           7.026282145258607627     
D16          754110986   710651721   43459265    931626671   1234528121  82705478    806585019   257700676   44048246    -           -           16.13348511084868169     
D0           567233345   24081130    543152215   702061490   343779364   656530140   806585019   334670336   27920765    -           -           0.862481024427518372     
D95          487444478   838037634   891037587   535308530   796773276   600296630   806585019   363578665   8803958     -           -           95.18873602077611001     
D0           675238774   90141379    585097395   1048200945  958945497   160411095   806585019   841052455   302276603   -           -           0.298208257289433678     
D1           335224700   140867427   194357273   566609023   37152295    417368008   806585019   843120172   103840377   -           -           1.356576613738603818     
D1           817836456   238053218   579783238   1140259524  503851663   593399305   806585019   1236927030  172990320   -           -           1.376107160215669871     
D435         274981768   1070925778  445686733   305262003   435711689   711367907   806585019   822681775   2459653     -           -           435.3970978833193137     
D6           784545939   863049614   1163127068  1110594376  313179763   497649558   806585019   1230318398  132449065   -           -           6.516086874603456053     
D4           786505045   325387386   461117659   1140540135  53486529    1075127096  806585019   475156407   78434865    -           -           4.148504443782748908     
D3           949394885   143420582   805974303   1025473205  479621373   881738076   806585019   232245289   36455045    -           -           3.934176517955196599     
D2           598692854   245149258   353543596   842825852   879460889   1109082812  806585019   664087387   110426858   -           -           2.220014790242424537     
D52          357675260   1151841329  447464674   693291494   1014472849  354254186   816300835   566353721   22059026    -           -           52.21632763840071633     
D9           390644292   519360674   1112914361  726100937   811519887   213194293   816300835   1137916465  55187647    -           -           9.410813872894417839     
D1258        539711975   1188580303  592762415   540802598   950400138   1150164450  816300835   611431674   944213      -           -           1258.805272750957675     
D4           459544065   133869687   325674378   675762968   24117031    634404049   816300835   862195224   27106259    -           -           4.938700209423956289     
D54          979080207   594761792   384318415   1039591759  792180417   1010592141  816300835   616341323   10895375    -           -           54.58846455491435586     
D0           972245619   7501258     964744361   1206283547  1040350857  387286562   816300835   248591493   36093907    -           -           0.207826157473060480     
D4           589606391   287505114   302101277   722443812   432434064   1185073866  816300835   101973228   58256707    -           -           4.935141871304191635     
D3           388416566   653198953   976848356   586614736   277977097   51232094    816300835   385620583   190218396   -           -           3.433942072563791359     
D1           448302809   219795315   228507494   698407285   1202049572  1067860578  816300835   1088255199  198198333   -           -           1.108966516887909445     
D13          849229231   1127399966  963460008   1040481038  129262125   1010206573  816300835   487414556   84222003    -           -           13.38605027002266854     
D0           851360700   98132113    753228587   1192788261  1156577471  130678733   816300835   680067345   168505578   -           -           0.582367148700561117     
D87          116013327   638654264   718989806   224766013   551051718   1164071352  816300835   977752234   7260641     -           -           87.96114062105535861     
D21          311157828   718309772   834478799   588130686   474186719   279826783   816300835   703033558   34184970    -           -           21.01244412383570908     
D2           456914399   347529998   109384401   756327881   1142570161  359194875   816300835   155686366   157500917   -           -           2.206526822951767322     
D25          442674929   742671445   941634227   855834001   1034226590  173718708   816300835   910195825   29515857    -           -           25.16177812489063082     
D12          527771551   1061251723  708150571   748373830   1234815000  1106740474  816300835   284984519   86566993    -           -           12.25931138673143007     
D4           494630890   1000532329  735729304   743327068   727998565   523624968   816300835   870386321   245934712   -           -           4.068284305470469740     
D32          787100985   730268518   56832467    1042000374  446440343   517005883   816300835   1043056779  22402818    -           -           32.59717228430816158     
D23          165220894   56364784    108856110   178788126   548861524   155199933   816300835   492458613   2414110     -           -           23.34805953332698178     
D46          818873557   790193115   28680442    899053276   1192374498  885388304   816300835   145333531   17076367    -           -           46.27407662297255616     
D51          631754907   1141841133  731544517   699467208   497579641   43816882    816300835   568083730   22344198    -           -           51.10235475894010606     
D2348        236037591   675351434   802316900   236555723   84007360    139693970   416084110   110736111   287531      -           -           2348.795204690972451     
D5           694242372   905690350   1030182765  958019189   273202516   4373453     416084110   560627997   166688738   -           -           5.433422562716864531     
D8           481533589   520955767   1202208565  621607548   596410946   75502364    416084110   102934557   61311712    -           -           8.496839347757896566     
D19          790257010   1173892481  857995272   1154767671  1220021816  236170415   416084110   178152696   61235688    -           -           19.17007090701748954     
D6           982449810   861759684   120690126   1196403677  270885800   259739767   416084110   494144579   126634342   -           -           6.805102552670901863     
D3           401768019   423161579   1220237183  548372432   313398087   1085767387  416084110   257808751   108559193   -           -           3.897980146186237769     
D91          623449440   1106233524  758846659   684583803   1068416626  151706126   416084110   882576477   12105810    -           -           91.38038049498546565     
D21          974108574   431237117   542871457   1060872665  736998027   37433754    416084110   1073266212  19703573    -           -           21.88623946529900947     
D18          211046845   361803369   1090874219  403003778   542121891   1196015212  416084110   12752497    19089912    -           -           18.95259490981414686     
D4           654005704   906957932   988678515   1094646005  815805239   236519377   416084110   963746852   213365403   -           -           4.250726309175813287     
D0           871655974   30382809    841273165   1212774893  380027726   582396189   416084110   315952396   189418136   -           -           0.160400739029551003     
D473         1016437176  881839947   134597229   1161376329  355243915   402244687   416084110   566179622   1863105     -           -           473.3173637556659447     
D1           539622629   400283782   139338847   838565246   128229106   220891403   416084110   791583881   240680012   -           -           1.663136787611594435     
D65          1101493593  464983480   636510113   1130293079  948475366   1072107614  416084110   269093683   7113125     -           -           65.36978894648976364     
D77          1097329399  449631698   647697701   1165551482  625417836   823112285   416084110   1207451403  5776071     -           -           77.84386618516289013     
D57          793057305   760418056   32639249    858048521   396107036   925640867   416084110   465774007   13162713    -           -           57.77061734917414062     
D9           753768639   712517306   41251333    1093142598  821670670   639397869   416084110   896925665   75020721    -           -           9.497606747874363937     
D4           428251596   889010343   780871996   668606413   248913479   605694894   416084110   843503555   187896779   -           -           4.731376172233372877     
D4           821518023   1231753203  831395563   1107330401  141987192   1087469692  416084110   77831071    249893267   -           -           4.929117209868643639     
D2           952487627   415744267   536743360   1147284512  132122678   1086784493  416084110   760388118   173300087   -           -           2.398984756424271154     
D15          773936375   1018311465  997255653   891742744   850852614   845720534   416084110   221579949   67098161    -           -           15.17644373293628718     
D9           385443057   743317424   883756376   487986016   1040376974  461953813   416084110   302791472   77814180    -           -           9.552467480862742497     
D3           718925373   745435074   1215121042  1226923469  793768441   216257629   416084110   595644315   210927277   -           -           3.534085702912667857     
D6           497852033   846372867   893109909   854711658   570572283   587134206   416084110   595129913   140992408   -           -           6.002967670429460287     
D18          580408606   1180968542  641070807   838013491   301283785   1045066180  416084110   199336914   65198836    -           -           18.11333782093901185     
D3           563295914   721556170   1083370487  925997170   308436975   262404190   416084110   968862942   200594658   -           -           3.597085671144841753     
D124         483474600   1098894114  626211229   542806770   1228088130  134320227   416084110   925466758   8817240     -           -           124.6301693046803761     
D0           887542644   19055907    868486737   1090028329  474323443   962841907   416084110   299893366   77599904    -           -           0.245566115648802864     
D1           749305035   565347909   183957126   1139828050  245896334   43561918    148009108   303077057   358782020   -           -           1.575742031331447434     
D14          550794247   1046589006  745835984   1027620635  131697315   17105682    148009108   628525908   73967859    -           -           14.14924022608252051     
D3           569276127   348717324   220558803   1040539702  1178464929  618303643   148009108   376470833   98012552    -           -           3.557884341181117292     
D16          667251211   237594475   429656736   703496286   650213175   339266193   148009108   854996779   14839861    -           -           16.01055933071071218     
D17          386964352   1162940360  465654735   547469747   230969114   680613372   148009108   1237822582  65953562    -           -           17.63271496996629234     
D7           930771605   171464979   759306626   1233545891  875217984   869753106   148009108   124082842   22448747    -           -           7.638064565474411556     
D3           604575360   919460470   926745633   907413827   760197490   1160713524  148009108   838018964   301736893   -           -           3.047225882318606627     
D3           506470587   296709677   209760910   933363262   894371203   199230737   148009108   820353515   79577912    -           -           3.728543128902401963     
D10          118623530   346458597   1013795676  204601747   824607222   234007993   148009108   1080228317  32645313    -           -           10.61281284085099750     
D6           769335206   772021780   1238944169  899080187   774315999   132009938   148009108   264146503   120610301   -           -           6.400960561403457570     
D67          100333720   812167400   529797063   188672042   1126486932  118360306   148009108   982218943   11995398    -           -           67.70658214091770860     
D7           211776182   281022515   1172384410  270455637   513462564   1128578551  148009108   416022365   35737817    -           -           7.863449381925034760     
D1           732048021   96373192    635674829   901840189   126278851   692636195   148009108   37873780    52879349    -           -           1.822510939005697668     
D7           705684105   1091992252  855322596   985276091   170565623   779993091   148009108   751580194   146500133   -           -           7.453865260313449681     
D31          642121206   1106798562  776953387   793761280   613533269   420954018   148009108   122722373   35560910    -           -           31.12402247299070805     
D4           706930143   643559045   63371098    988727204   161853485   961175011   148009108   926834996   143336021   -           -           4.489862635436210413     
D3           548043209   335119845   212923364   699242144   1021894031  1109057942  148009108   137796171   94446404    -           -           3.548254150576235808     
D8           971902139   639708094   332194045   1083415349  236464715   761508140   148009108   762251705   79796459    -           -           8.016747886018350764     
D2           285751770   281987854   3763916     471891790   53062653    696594346   148009108   1105585663  99611750    -           -           2.830869390408260069     
D0           823627360   237642418   585984942   1109398261  228665384   870451414   148009108   1014570346  252085558   -           -           0.942705404805458946     
D68          1100063196  904296394   195766802   1147317300  168133393   643300364   148009108   491705965   13218804    -           -           68.40984963541330970     
D6           752398774   25472188    726926586   1126640437  242089954   137840025   148009108   602333944   3915448     -           -           6.505561560260792634     
D2           436940766   317793009   119147757   591807812   868506895   262485977   148009108   1129617314  127206674   -           -           2.498241633139468767     
D23          293142945   407804318   1126969370  362160929   1124086625  520478197   518634627   328448265   17071009    -           -           23.88870616845202295     
D84          580615565   118109959   462505606   611101096   32654840    593552536   518634627   775078228   1390476     -           -           84.94210543727471743     
D3           427323682   207765254   219558428   518709804   956691421   316744467   518634627   109520728   61779194    -           -           3.363029533858923442     
D0           741540422   215080264   526460158   1221921361  806372914   386089102   518634627   531179806   261159483   -           -           0.823559081712533486     
D3           957584824   671612371   285972453   1205371325  345330856   1040259575  518634627   979649037   214225321   -           -           3.135074639472707337     
D6           414980023   131585025   283394998   441262026   542866027   269215296   518634627   198887246   20749978    -           -           6.341453711420802470     
D19          342372812   510430743   1073572812  658653143   208913346   186912325   518634627   924172578   26092481    -           -           19.56236905950032118     
D6           448980561   391507252   57473309    527262367   12919725    381324875   518634627   681833770   57571531    -           -           6.800362005311270947     
D5           518914667   653609205   1106936205  654366369   1237892619  91825304    518634627   103105235   112559561   -           -           5.806785307202823934     
D63          212137266   207505098   4632168     220840674   1002005428  55346050    518634627   1154436854  3255474     -           -           63.74036407601473702     
D1           388432882   321831684   66601198    589518589   121740634   1171651594  518634627   643495048   187347175   -           -           1.717835798698325715     
D7           444553441   1057450137  628734047   743895169   511879482   83905137    518634627   187411237   145211713   -           -           7.282127007206367712     
D7           400766177   895268063   747128857   540531515   557634502   81983861    518634627   340699785   121235501   -           -           7.384537166221633381     
D28          749334149   996722135   994242757   791343179   955225709   868026719   518634627   1125775652  35180639    -           -           28.33155290328865260     
D23          418622796   606739572   1053513967  451368354   988605714   683390777   518634627   949978477   25676100    -           -           23.63051912089452837     
D7           389614062   1016685711  614559094   645959294   46275882    182978634   518634627   638864054   133268830   -           -           7.628833471412632646     
D108         200646468   712284012   729993199   394715765   605675516   632942622   518634627   1124143792  6577171     -           -           108.2964107212660276     
D1           903721397   308282504   595438893   1089145499  214024887   196428088   518634627   341686897   162024989   -           -           1.902684924730962333     
D40          506362572   993341108   754652207   747166318   1172683899  1053540186  518634627   38085488    24755080    -           -           40.12675814418697091     
D68          850894716   1194259341  898266118   989792789   252387713   1239338523  518634627   182459800   17506278    -           -           68.21891786477970931     
D68          878731053   1032417564  1087944232  986674975   903734886   372816266   518634627   1155994289  15179677    -           -           68.01314441670926199     
D7           537259261   343025496   194233765   783493799   948845683   680961551   518634627   340068258   44790185    -           -           7.658496967583411410     
D14          956167415   181858611   774308804   1008600026  772636185   57690988    518634627   460944292   12380417    -           -           14.68921531479917033     
D6           502760822   1159638632  584752933   670552909   1221069864  1214496562  518634627   638012766   167176648   -           -           6.936606552848218370     
D116         820765983   774755098   46010885    956449900   635614383   712349933   518634627   1163904637  6662481     -           -           116.2862750377824717     
D2           743885351   815648690   1169867404  1203364761  398834454   878217132   518634627   374714403   284405941   -           -           2.867903135680277508     
D3           653800584   954523370   940907957   1023393800  563598167   788174333   518634627   442018948   284207368   -           -           3.358545475851280534     
D3           714645642   1221724070  734552315   1085909377  309134410   106879622   387491078   276166946   343381907   -           -           3.557916259111462154     
D13          527562600   1151836604  617356739   674050032   435933913   413060587   387491078   445676821   88100304    -           -           13.07415016411294108     
D1           889609833   254159714   635450119   1040081075  104797711   97104337    387491078   21434299    137253623   -           -           1.851752314035455370     
D4           654131082   958080285   937681540   1099383574  65917274    1104056415  387491078   201139196   208878590   -           -           4.586780698778175398     
D40          298825673   923129881   617326535   575054678   1141862765  738957575   387491078   260208021   22596668    -           -           40.85247794055300542     
D163         531833086   968717369   804746460   543785365   771909944   683068866   387491078   71124148    5932810     -           -           163.2813740874897392     
D4           854683369   242274907   612408462   969744942   63962460    1133077387  387491078   1218010601  49252358    -           -           4.919051936559057741     
D60          780161703   1171042544  850749902   1033815203  767590122   967401214   387491078   958043884   19201203    -           -           60.98797788867707924     
D28          812565963   214746612   597819351   1215037335  1061681139  840502885   387491078   224103753   7623219     -           -           28.17006988779936664     
D6           1081462123  491896799   589565324   1165120183  92067165    221976953   387491078   21806987    77565403    -           -           6.341703645889650054     
D5           620776340   658864798   1203542285  1125581058  334389153   381959779   387491078   282504543   115971622   -           -           5.681258799674285835     
D9           906353813   878052394   28301419    1109678200  305576451   1062308913  387491078   156191098   93056265    -           -           9.435714983832630720     
D2           405312985   72999607    332313378   466808521   956620154   112151439   387491078   1013288159  36339769    -           -           2.008807678441764448     
D1           658549446   509038965   149510481   1001834152  284069754   346009376   387491078   245253625   315264740   -           -           1.614639699320640804     
D381         890275506   1091654626  1040251623  945738859   757862501   932637990   387491078   667329574   2861858     -           -           381.4496128039895760     
D23          221216783   1202082276  260765250   390971785   598822869   232719976   387491078   282086054   51461781    -           -           23.35873832271759113     
D8           278213766   882721845   637122664   448890608   172646040   155523944   387491078   379374579   107536924   -           -           8.208546536071647353     
D90          1082411006  893265541   189145465   1153916789  203864525   96041855    387491078   717831539   9824261     -           -           90.92445131496404666     
D10          798343059   878492212   1161481590  1036305736  115281444   625304345   387491078   87873621    84455028    -           -           10.40189356162430021     
D7           1016249345  1156808473  1101071615  1229687513  366348806   179527193   387491078   1074935292  162496673   -           -           7.118967124945382727     
D21          469195506   932394675   778431574   540082401   490984820   917723758   387491078   142787792   43874136    -           -           21.25157917639677280     
D5           610662077   576721580   33940497    1109671523  884113710   421047210   387491078   254942499   111652631   -           -           5.165320107862035064     
D90          258253227   733529019   766354951   320800698   704536491   1051114949  387491078   323744578   8063343     -           -           90.97083170094587319     
D19          734737776   622854966   111882810   875220406   799814913   1089971407  1086706639  1159046095  32324626    -           -           19.26874470256825245     
D51          622001791   618694805   3306986     1231884822  47788963    1058082533  1086706639  227919207   12118760    -           -           51.05264936346622921     
D2           707536047   329642893   377893154   825851205   35304319    1188195266  1086706639  357492319   115960257   -           -           2.842723028804601562     
D11          722786655   474614017   248172638   784614970   475560182   303344991   1086706639  608969072   42675190    -           -           11.12154432118521323     
D13          1015653987  509114879   506539108   1155442099  944117510   892277877   1086706639  998711354   37137203    -           -           13.70902593283613739     
D416         25636861    1104158195  163109409   48621130    547356468   1136280131  1086706639  1136578486  2652592     -           -           416.2563240030883000     
D3           486558597   426035479   60523118    665715139   251266725   28902511    1086706639  546865480   128245513   -           -           3.322030292007175331     
D0           680094201   3107356     676986845   911975780   236714682   402012102   1086706639  772081269   216331043   -           -           0.014363893211572044     
D3           613449926   885887531   969193138   997438981   506294130   1096161663  1086706639  3712609     229460871   -           -           3.860734630437273987     
D10          865124471   941358017   1165397197  1122831891  352388315   1006754843  1086706639  500009236   92002211    -           -           10.23190645929150550     
D6           475225901   959647910   757208734   797216166   192055674   688242816   1086706639  392343586   153235636   -           -           6.262563559301571339     
D128         309638917   513403266   1037866394  340202537   810008824   494249936   1086706639  19538828    4002717     -           -           128.2636933862673778     
D4           667191234   748145671   1160676306  1164573325  374232123   557765829   1086706639  1088095194  169809143   -           -           4.405803231690533883     
D17          146740390   975816726   412554407   238408310   672456279   566040773   1086706639  624881317   55072470    -           -           17.71877538813857450     
D10          90235120    410205478   921660385   142614802   463151760   503375179   1086706639  1066146600  37855438    -           -           10.83610439271631198     
D1           767447774   492677750   274770024   1230505926  978302703   1085038223  1086706639  84862906    304389622   -           -           1.618576043305444888     
D22          954391310   648058620   306332690   1012227718  333082444   1049136353  1086706639  1016791169  29008782    -           -           22.34008377187294523     
D45          660139949   324039126   336100823   741765105   907800096   649031469   1086706639  1149568823  7138701     -           -           45.39188936474577097     
D18          513238910   788477581   966392072   748665335   364675261   608781322   900533535   530365772   42386060    -           -           18.60228530323412933     
D8           260098339   877977280   623751802   419702986   405431999   420785599   900533535   496235205   100493692   -           -           8.736640703776710681     
D46          1058442276  787070829   271371447   1101841502  925255725   1052010528  900533535   823235740   16860852    -           -           46.68037113427008314     
D4           993413197   55141653    938271544   1015685572  505425218   1169913914  900533535   638773571   13428697    -           -           4.106254910658867349     
D6           1016638400  334428942   682209458   1104037604  220138554   456193726   900533535   20327143    55247156    -           -           6.053324120430742172     
D101         81727096    510570483   812787356   92684565    246216743   1126732188  900533535   1127892506  5024813     -           -           101.6098475704469002     
D0           305832572   24605933    281226639   367024852   41037600    446566519   900533535   382001355   61063452    -           -           0.402956796481142271     
D7           369154132   315833256   53320876    695444875   743993228   40040532    900533535   1171102231  42863389    -           -           7.368368749377236596     
D3           815066418   254087180   560979238   889464583   439312949   988985349   900533535   1147983207  71084768    -           -           3.574425114533679001     
D4           667728183   727024972   1182333954  837381326   899380982   552551488   900533535   233281057   158768754   -           -           4.579143903843951562     
D17          324272766   298172861   26099905    346185611   94613588    743833455   900533535   1041748310  17492936    -           -           17.04532966907327620     
D1           345416757   208369051   137047706   574553798   719354420   912916697   900533535   1167229053  116279716   -           -           1.791963879581542837     
D13          876904721   766594260   110310461   1150161811  436243909   71569207    900533535   173668802   57133451    -           -           13.41760818893996093     
D123         780878416   1150113008  872396151   791304543   560596457   105853658   900533535   739903851   9345018     -           -           123.0723159655765243     
D48          637072074   985029043   893673774   693122742   614612750   8469836     900533535   220730639   20514726    -           -           48.01570554732244535     
D15          802333804   331776800   470557004   851157534   7247680     1088459147  900533535   575423998   21154124    -           -           15.68378818238940076     
D17          641774240   788122083   1095282900  840784696   483052544   1148728065  900533535   197952944   44742872    -           -           17.61447237897468897     
D8           614278039   470948998   143329041   725967106   796574178   710894106   900533535   742770958   55832704    -           -           8.435002503192394192     
D7           241964254   400730492   1082864505  431643803   172051227   55241099    900533535   110337242   52284705    -           -           7.664392330414793389     
D30          1096218547  581985544   514233003   1121871591  818008561   267989102   900533535   280856405   18790699    -           -           30.97200077549004430     
D35          1154298321  259605118   894693203   1182973797  45529644    126045785   900533535   319202831   7279281     -           -           35.66356594834022755     
D1           736506647   681079590   55427057    1130691501  916178557   226717985   900533535   348614881   342321793   -           -           1.989588755162894347     
D0           591509854   264609191   326900663   910656925   49420644    1016416979  900533535   562755475   272362783   -           -           0.971532116412542311     
D34          782281104   800540180   1223371667  972002337   1070386912  117149193   900533535   515907098   23396172    -           -           34.21671630726599206     
D5           837039215   918064904   1160605054  1004547824  135732109   129799887   512116603   1240948609  167004779   -           -           5.497237321573893403     
D11          1054477251  1058032700  1238075294  1150728594  44644289    627708720   512116603   931505821   91963821    -           -           11.50487972873593410     
D8           864768549   845597420   19171129    993194806   964060369   36014495    512116603   384686045   94211007    -           -           8.975569277165246731     
D3           596109164   1061088994  776650913   905637282   939610341   1096231180  512116603   1234871783  286581046   -           -           3.702579109157135255     
D15          666140403   1128470538  779300608   785013594   361105534   321966548   512116603   178717669   71774448    -           -           15.72245512776357402     
D5           222101905   455573326   1008159322  362349013   476907979   1031558892  512116603   196022881   81854797    -           -           5.565627705362215973     
D17          262316646   451764391   1052182998  380477236   939029330   260996353   512116603   679259007   25995466    -           -           17.37858405769683067     
D6           865882045   915744162   1191768626  1104251684  1199422720  1034097258  512116603   1025151572  150773128   -           -           6.073656321569451023     
D2           736071957   718633992   17437965    1112870179  266176712   907862338   512116603   719750581   359273735   -           -           2.000240824729366871     
D16          554860044   1180284970  616205817   795656063   357547232   227019403   512116603   995188267   73268006    -           -           16.10914551161662568     
D8           652490524   921017201   973104066   1196510086  218962913   236854386   512116603   885079737   108470962   -           -           8.490910230887414827     
D168         373715211   454845518   1160500436  559223710   1036044933  194368300   512116603   678679120   2698213     -           -           168.5728732312830751     
D38          239064017   1029319753  451375007   281509505   426189189   1222100830  512116603   333220679   26836577    -           -           38.35510590639037161     
D4           505662012   917857251   829435504   798596597   1067334154  473927750   512116603   709059758   212727427   -           -           4.314710443989904508     
D3           691950826   921301464   1012280105  1137734982  1072976219  1206203327  512116603   834543971   246166670   -           -           3.742592220140931345     
D10          574786303   1231891353  584525693   1032675196  1158830171  365205213   512116603   1013187530  116897410   -           -           10.53822623615014224     
D5           237701322   363422663   1115909402  412502738   714187691   161258373   512116603   651245221   62899906    -           -           5.777793419913854879     
D13          344944991   621962583   964613151   644050555   895924424   241889999   512116603   285739465   45839427    -           -           13.56828877900240768     
D13          403466251   1226970924  418126070   558415159   141184021   165771051   512116603   115564247   93568435    -           -           13.11308588200711062     
D12          133374319   642470433   732534629   216543971   81084190    697856020   512116603   754892075   50204667    -           -           12.79702608126053301     
D19          847793557   239053022   608740535   885767720   104983987   817628773   129220121   360039173   12361971    -           -           19.33777566700326347     
D39          554351531   904258931   891723343   602663078   357688535   1231954528  129220121   1027492730  22924514    -           -           39.44506439700313821     
D35          605332367   761247620   1085715490  637760704   1069855442  122953990   129220121   519571875   21622301    -           -           35.20659618973947314     
D164         58077834    95231880    1204476697  86827321    679070273   1146751122  129220121   589490850   578860      -           -           164.5162560895553329     
D3           381894881   261328923   120565958   690044304   856860032   1196562010  129220121   875356607   73745458    -           -           3.543661265213106412     
D105         29181927    755510236   515302434   51203859    354936299   1120205263  129220121   703798197   7159995     -           -           105.5182630714127593     
D0           687289998   82517278    604772720   958970240   312503609   265043383   129220121   576742644   143929514   -           -           0.573317283625372347     
D5           357711441   366454340   1232887844  649930540   784931123   1130093385  129220121   293627563   65492342    -           -           5.595376937352461758     
D4           730695783   1177477186  794849340   1194861026  953179162   971779610   129220121   786518467   266530540   -           -           4.417794621209261797     
D64          1035703488  703353242   332350246   1054002855  55808048    521562418   129220121   258189793   10938936    -           -           64.29814033101574047     
D9           666416062   1213925587  694121218   1198157322  669862537   519977236   129220121   731113785   134674802   -           -           9.013754384431914739     
D3           778273260   1134611299  885292704   1180581337  402831077   1000954294  129220121   1097103825  375965183   -           -           3.017862691290751782     
D135         198245207   945816511   494059439   230124542   879872770   1024864695  129220121   1113668704  6969197     -           -           135.7138435030606826     
D3           753365733   777482725   1217513751  1005362343  1052614563  348152888   129220121   946297919   249372513   -           -           3.117756306205247247     
D0           341353278   114269745   227083533   548924407   933008780   882792204   129220121   1196658509  133782149   -           -           0.854147925221323810     
D1           663487832   367835766   295652066   1049497806  840939991   373499183   129220121   790476684   277477858   -           -           1.325640066026457505     
D6           750519119   450572535   299946584   1089597489  878529739   286279024   129220121   142400532   72362379    -           -           6.226613071966580866     
D12          649963295   579462246   70501049    750691434   1187256145  1181279699  129220121   1183249885  45594461    -           -           12.70904915401894980     
D35          654476331   787460435   1108646639  780944583   1021443967  368815081   1075993788  275709355   22135071    -           -           35.57523872410438620     
D3           610290114   562809161   47480953    1045754357  698078678   459578715   1075993788  445338548   174825871   -           -           3.219255581457963964     
D6           350751301   501888232   1090493812  619859172   171891749   495825088   1075993788  11636180    81643430    -           -           6.147319288275860041     
D2           700047627   203845685   496201942   802155971   515078638   622740682   1075993788  721224364   87397563    -           -           2.332395526863832576     
D2           169100973   102567106   66533867    298418646   1040928446  349044426   1075993788  710720654   39783300    -           -           2.578144749178675474     
D1           680268970   293433086   386835884   1173959347  706115741   1109197467  1075993788  215409799   186578593   -           -           1.572704999442245767     
D11          315541001   561820275   995351469   382127173   986538061   28597220    1075993788  707720956   49196313    -           -           11.41996708167947463     
D4           701795962   676238542   25557420    880951101   307518758   346866234   1075993788  179885035   164330545   -           -           4.115111661073113339     
D12          806717442   546886818   259830624   1060543587  259217077   410113941   1075993788  1054624720  45239007    -           -           12.08883338221813754     
D51          785999883   868860035   1158770591  1170626706  443203100   1054537346  1075993788  523500177   16746237    -           -           51.88389696144871232     
D44          116180947   850446365   507365325   213368787   878564516   340135050   1075993788  993443682   18993107    -           -           44.77657947169991723     
D5           687458016   530514814   156943202   786093770   43360803    1091804843  1075993788  155485411   95643492    -           -           5.546794694614454269     
D29          578207470   784074527   1035763686  628373555   1090494336  267281259   1075993788  470565516   26380535    -           -           29.72170681906185754     
D17          409189073   1204616014  446203802   747815504   716928437   400887277   1075993788  964993669   70562642    -           -           17.07158320404159470     
D2           1024159069  208661624   815497445   1157647496  775426676   188553657   1075993788  1050375063  89740080    -           -           2.325177601802895651     
D7           729556164   527339603   202216561   840060874   44517621    1170633272  1075993788  866514676   66527904    -           -           7.926592772259892630     
D18          779209197   372338847   406870350   968990535   270794506   522117658   1075993788  702102717   20083845    -           -           18.53922129950714118     
D111         294618526   609388487   926860782   366906447   949675489   650368474   1075993788  593191222   5466842     -           -           111.4699285254631467     
D4           498223408   657060859   1082793292  837189986   851625369   165604788   1075993788  783328039   159256830   -           -           4.125793907865678351     
D73          185332645   1039141700  387821688   213854093   764425500   1193046575  1075993788  390138423   14203957    -           -           73.15860643622055459     
D5           409320297   687805653   963145387   693425596   968271904   365561178   1075993788  1228748140  125214998   -           -           5.492997356434889692     
D3           681795365   688406667   1235019441  1186731663  489472595   213269655   1075993788  498853908   176859067   -           -           3.892402457375849438     
D22          1055380485  87685392    967695093   1074853535  1003747200  222699333   1075993788  643404710   3835785     -           -           22.85982973498253942     
D0           676891340   12515925    664375415   691626779   479035180   233030152   1075993788  852082764   13796585    -           -           0.907175580043902168     
D19          304529126   489731751   1056428118  344495830   786621736   566641249   1075993788  39954023    24762198    -           -           19.77739419578181226     
D1031        870369664   712854844   157514820   909900497   472593009   43864152    1075993788  917417009   691338      -           -           1031.123479397921132     
D12          201325680   676947520   766008903   350560021   181317893   795569498   1075993788  221426274   52091339    -           -           12.99539487744786134     
D7           428564575   458632222   1211563096  501520897   1197133585  403817517   1075993788  899559092   63782965    -           -           7.190512733297989518     
D0           810245410   16644316    793601094   1171736842  411089066   674593596   739405830   292422020   87262546    -           -           0.190738372451337828     
D0           417297714   45520623    371777091   477489956   137287779   277053291   739405830   126870379   56144262    -           -           0.810779612705569092     
D525         374813386   417693547   1198750582  376404955   428578352   727556357   739405830   228373754   794671      -           -           525.6182080382950931     
D10          920803945   1088003321  1074431367  1193268511  286767452   106508886   739405830   491470096   103410247   -           -           10.52123317140901906     
D8           380505479   558951518   1063184704  459095867   250519344   328717373   739405830   1122922992  66143927    -           -           8.450534211553541415     
D4           458594796   260012744   198582052   862177121   62955889    517920164   739405830   217123473   55012471    -           -           4.726432739223802544     
D20          633914558   729658183   1145887118  733642448   59364162    131703829   739405830   424488214   35547218    -           -           20.52644972104427412     
D204         304953089   791107326   755476506   332324623   1021169815  946814760   739405830   130469652   3866215     -           -           204.6206240470330801     
D2           551440800   481279390   70161410    885797993   170097249   709039438   739405830   860687886   217083607   -           -           2.217023185910118031     
D48          979361899   1160971955  1060020687  1003251819  534570004   731661967   739405830   1197881266  23765099    -           -           48.85197217146034190     
D6           545779679   648038661   1139371761  996295700   806911087   742978587   739405830   369899098   95263658    -           -           6.802580066786853807     
D5           917628684   502918570   414710114   1194564686  1240218995  998995513   739405830   686042168   86820678    -           -           5.792612792081628296     
D41          367575317   1111540707  497665353   401666827   41813382    936541737   739405830   672844397   26660217    -           -           41.69286045196106243     
D6           1007022695  1128987596  1119665842  1216617051  166447237   1232171120  739405830   688636311   168645271   -           -           6.694451550912447465     
D35          489103045   999843773   730890015   604418105   353847832   1095458562  739405830   1085371470  27842805    -           -           35.91031050930392968     
D16          521142789   181964498   339178291   557594831   995211793   836177104   739405830   447897882   10814201    -           -           16.82643941979624754     
D4           1012774357  378474676   634299681   1097673727  1235404889  682047015   739405830   1120043743  78881287    -           -           4.798028662995825613     
D17          312983466   889839244   664774965   574782436   978817081   334501478   739405830   808677463   51184496    -           -           17.38493711064381683     
D0           928738068   58600150    870137918   1125416467  377928742   1221000253  739405830   601661318   142024472   -           -           0.412606004970748984     
D15          683218659   596147876   87070783    898445421   1238327308  485602854   215936282   993918570   37538373    -           -           15.88102595709196027     
D19          349855437   1173235011  418251169   446816942   1095580667  121477328   215936282   159631685   58970922    -           -           19.89514444084832182     
D0           709938844   112222761   597716083   982742836   69984440    46552855    215936282   1099182491  164330860   -           -           0.682907404001902016     
D4           767144190   185606336   581537854   948695382   839279699   794173283   215936282   1135487516  40939422    -           -           4.533682375877216830     
D10          595826220   922328476   915128487   848017419   622637447   689110705   215936282   540270806   91443822    -           -           10.08628528234526330     
D1           888136493   546211503   341924990   1188235550  509324287   994686901   215936282   606982714   287938379   -           -           1.896973598646257573     
D6           500711043   849241338   893100448   866217476   873881510   628652422   215936282   1008941412  135204610   -           -           6.281156670619441156     
D11          969783161   287881873   681901288   1022243969  743507734   555148412   215936282   1231056129  25488617    -           -           11.29452700395631508     
D17          410296906   1207887762  444039887   753439016   643295891   1074097982  215936282   1041378640  67154796    -           -           17.98661948135468984     
D63          756994084   490733549   266260535   803826494   113516689   1026452896  215936282   1017523479  7675524     -           -           63.93485956137978332     
D1           337187787   176085757   161102030   574932093   1207746977  450710255   215936282   773468625   99443481    -           -           1.770711918260383503     
D9           804849406   1156235147  890245002   975466038   622888806   678540920   215936282   989156112   122382878   -           -           9.447687175652136567     
D4           447730452   965488986   723872209   695081145   116767824   1031450498  215936282   856863746   200379759   -           -           4.818295973696624717     
D3           502999184   533390547   1211239380  844622141   929071097   829702944   215936282   875840591   161376227   -           -           3.305260984940489406     
D26          585600978   891042097   936189624   769756845   745861585   1031388194  215936282   776401230   33133377    -           -           26.89258317979480328     
D45          497954478   1220609365  518975856   733370280   894232479   208692163   215936282   956907086   27122874    -           -           45.00295083035816927     
D994         343096268   508223011   1076504000  363248331   987341679   1241150889  215936282   382755023   511197      -           -           994.1823034955212961     
D4           552215799   506478311   45737488    998224185   337532102   35005565    215936282   607248932   106207413   -           -           4.768766102983790783     
D28          1150131649  234242052   915889597   1159648011  318788751   731115213   215936282   1045211087  8168209     -           -           28.67728433491356550     
D13          649043052   1011244814  879428981   935840402   181540416   670223563   215936282   510111344   75448352    -           -           13.40313985917147666     
D6           895171256   437200564   457970692   998925187   352042156   922725066   215936282   562703241   65139808    -           -           6.711726322558396242     
D20          209810399   1135097147  316343995   365484357   234192681   59023511    215936282   310791907   54136441    -           -           20.96733967051879158     
D6           521111054   48549572    472561482   623776375   962952328   613947588   215936282   1039564344  7784449     -           -           6.236738399853348644     
D21          431472007   318077485   113394522   848243913   67595997    989786293   215936282   491906589   14700101    -           -           21.63777548195077027     
D1           675302667   488717980   186584687   1038020510  757521621   508610585   215936282   519162602   312584824   -           -           1.563473151850775711     
D13          652969650   716255949   1178344444  853002762   349889369   527804418   215936282   711621660   52870314    -           -           13.54741242883482780     
D26          1046867733  172324226   874543507   1066873744  637975110   106995170   215936282   470183578   6555161     -           -           26.28832853990924097     
D564         786716895   753144695   33572200    865255126   775510924   997496376   1079961968  598280204   1334585     -           -           564.3287576287759865     
D28          943990853   164061618   779929235   1131623323  299824897   140243260   1079961968  1120830920  5828503     -           -           28.14815708253045421     
D31          828368487   869564445   1200434785  861738540   1133031560  189877356   1079961968  957848989   27487215    -           -           31.63523278003973847     
D5           592218066   584090989   8127077     756467759   813758762   427405716   1079961968  1225695821  99468987    -           -           5.872091459019282060     
D12          1058723808  398851275   659872533   1229732912  715350211   838893084   1079961968  1061413797  32669184    -           -           12.20879208369575438     
D68          456941443   555813881   1142758305  506816465   93554275    452583194   1079961968  362684716   8066245     -           -           68.90614914374656361     
D9           104478766   468541179   877568330   159326588   674430597   58506479    1079961968  493314641   49630944    -           -           9.440505080862455487     
D7           659187033   985054145   915763631   922528639   453317697   248771977   1079961968  756842674   132503821   -           -           7.434156521418352154     
D154         1011918943  492767868   519151075   1021435269  220178995   671959594   1079961968  962004639   3188387     -           -           154.5508333837768125     
D3           790112963   1149501580  882242126   1237482027  459198369   152382543   1079961968  574202864   342743899   -           -           3.353820690474201555     
D4           825186342   716219757   108966585   1047255527  207990040   985624262   1079961968  388067000   158978787   -           -           4.505127825638775316     
D328         980031559   781834527   198197032   1088659884  454059920   961611194   1079961968  1073269215  2376634     -           -           328.9671556495446922     
D1           876000823   277513489   598487334   1219691879  965210200   478535856   1079961968  536286421   188618711   -           -           1.471293529304205668     
D20          1064912547  992322257   72590290    1191905542  31153623    551039752   1079961968  922200881   48968587    -           -           20.26446580947904418     
D56          1049604873  443376862   606228011   1078542660  103449227   35319406    1079961968  353157605   7844541     -           -           56.52043401902036078     
D6           812054404   713797129   98257275    930047791   708790783   556924923   1079961968  1030703246  104094082   -           -           6.857230644485629836     
D8           392203875   1033521545  600313073   665184168   1206270714  970253797   1079961968  761775588   119223582   -           -           8.668767769450174714     
D2           689106528   403662134   285444394   1226543824  926578416   483873610   1079961968  918255899   151669232   -           -           2.661463559069119569     
D2           965423837   421898422   543525415   1170800301  248091817   232091947   1079961968  149484582   143917981   -           -           2.931519877283436876     
D21          254838922   943637538   552832127   307632446   843765807   222529830   1079961968  775192982   43664826    -           -           21.61093091267557095     
D16          481601327   418204222   63397105    527195961   593684076   215924130   1079961968  662612850   25654987    -           -           16.30108882924010057     
D572         314786244   567847109   988569878   471683790   1076978483  170806000   1079961968  1080737233  991152      -           -           572.9162721762151516     
D3           532819322   829342374   945107691   811258689   935854923   121073940   1079961968  835118161   254379955   -           -           3.260250494186933872     
D2           983357336   320578993   662778343   1126848311  515937706   673352957   858036827   395439263   122411486   -           -           2.618863666110547828     
D23          378598241   983787233   636441751   714620974   325027448   211941498   858036827   350920134   42575508    -           -           23.10688184859708544     
D0           779931702   218728614   561203088   1195977387  485112975   519936991   858036827   444797971   363886017   -           -           0.601091011419655622     
D105         508456564   408070711   100385853   760757183   107186341   535232146   858036827   33591658    3855326     -           -           105.8459676302341228     
D9           933766989   1122633803  1052763929  1206867607  438435485   253330062   858036827   1038293377  114465135   -           -           9.807648442471150713     
D1           871915174   123167882   748747292   983619279   75061890    754747048   858036827   94276473    89986439    -           -           1.368738260661698147     
D5           817736016   537530479   280205537   997203354   625032418   717700971   858036827   277146896   99866664    -           -           5.382481575633686932     
D7           926483624   1175966010  992148357   1081931887  234492538   399047742   858036827   732604305   149242309   -           -           7.879575288532958840     
D5           1026001508  1178086800  1089545451  1231558001  911659389   255165506   858036827   1066123528  203775536   -           -           5.781296534045185875     
D3           951993629   443370111   508623518   1091363422  1139560998  541510290   858036827   788235337   115774871   -           -           3.829588469159253047     
D610         568244612   987933853   821941502   574683547   756770173   581780498   858036827   723098944   1618332     -           -           610.4642638222564961     
D24          648492896   1102308125  787815514   950439458   954767119   478542860   858036827   910355424   44599772    -           -           24.71555516023714201     
D26          899079029   842920750   56158279    985857401   366373887   1107542355  858036827   1094334366  31295309    -           -           26.93441211908148917     
D44          687396394   956186715   972840422   1020365478  165144734   1170219044  858036827   948504727   21458226    -           -           44.56038048066042365     
D13          216862018   994774101   463718660   360812100   735783232   850680426   858036827   799038172   72911936    -           -           13.64350140147149569     
D4           746485641   353590176   392895465   1081958140  521114842   196869548   858036827   405112354   75540643    -           -           4.680793834386609603     
D0           245938112   43888722    202049390   410893321   1138065178  1016418410  858036827   894369313   80982903    -           -           0.541950465766829820     
D0           269717843   103633378   166084465   406138453   848965152   912694401   858036827   947189490   133297233   -           -           0.777460834464583372     
D65          438309670   1045100354  634840059   470805294   224433877   78590883    858036827   859346543   15866558    -           -           65.86812048334616745     
D191         587618575   666199998   1163049320  879687471   149597454   173530425   858036827   352459638   3480783     -           -           191.3937174480569458     
D6           800799497   1141374192  901056048   1117287556  298717006   525411153   858036827   813466196   167823379   -           -           6.801044042856508091     
D2           226612441   249310710   1218932474  347346883   598062149   135147411   858036827   1239960907  105877999   -           -           2.354697976488958768     
D0           461233511   18548809    442684702   893439851   391731329   362848847   858036827   125424676   29027171    -           -           0.639015390097781144     
D3           315881758   111500182   204381576   411798652   782793814   778341007   858036827   899960933   28131076    -           -           3.963594638185898043     
D4           499049675   698935682   1041744736  845006459   772946967   566601561   858036827   764586463   153092891   -           -           4.565435255906167452     
D0           781355982   241574082   539781900   1180938578  682930110   1093076829  858036827   40238964    381773386   -           -           0.632768262164822563     
D11          327672010   207501177   120170833   482369832   677545676   362388219   858036827   783615125   18276366    -           -           11.35352492940883324     
D25          1104317958  145841433   958476525   1113106666  509360477   320064965   858036827   529024830   5729458     -           -           25.45466482169866678     
D1           644791386   377977811   266813575   863118081   548584353   767984023   858036827   695688078   208137996   -           -           1.815996205709600471     
D11          963156983   1184322996  1020464730  1177798125  376346370   317811596   858036827   52052556    104592415   -           -           11.32322067522773998     
--------------------------------------------------------------------------------------------------------------------------------------------------------------------------
case         s           s_zk        s_rxk       s_zr        z           r           x           k-1         a           m1          m2          f                        
--------------------------------------------------------------------------------------------------------------------------------------------------------------------------

Statistics:

Total Key Count: 10000
Transaction Limit Per Key: 100
Total Transaction Count: 1000000
Maximum Transaction Count: 2.376675e+36
Total Cases: 250634
Case A Count: 0
Case B Count: 0
Case C Count: 0
Case D Count: 250634
Case E Count: 0
Case D0 Count: 17510
Case D1 Count: 17436
Case D2 Count: 17639
Case D3 Count: 17099
Case D4 Count: 15169
Case D5 Count: 12882
Case D6 Count: 10991
Case D7 Count: 9384
Case D8 Count: 8165
Case D9 Count: 7235
Case D10 Count: 6296
Case D11 Count: 5626
Case D12 Count: 4995
Case D13 Count: 4530
Case D14 Count: 4033
Case D15 Count: 3619
Case D16 Count: 3367
Case D17 Count: 3099
Case D18 Count: 2848
Case D19 Count: 2556
Case D20 Count: 2356
Case D21 Count: 2340
Case D22 Count: 2095
Case D23 Count: 1977
Case D24 Count: 1837
Case D25 Count: 1738
Case D26 Count: 1668
Case D27 Count: 1592
Case D28 Count: 1386
Case D29 Count: 1407
Case D30 Count: 1372
Case D31 Count: 1282
Case D32 Count: 1216
Case D33 Count: 1164
Case D34 Count: 1094
Case D35 Count: 990
Case D36 Count: 1014
Case D37 Count: 1001
Case D38 Count: 852
Case D39 Count: 819
Case D40 Count: 863
Case D41 Count: 812
Case D42 Count: 752
Case D43 Count: 776
Case D44 Count: 707
Case D45 Count: 650
Case D46 Count: 657
Case D47 Count: 652
Case D48 Count: 595
Case D49 Count: 573
Case D50 Count: 565
Case D51 Count: 555
Case D52 Count: 526
Case D53 Count: 515
Case D54 Count: 522
Case D55 Count: 456
Case D56 Count: 459
Case D57 Count: 445
Case D58 Count: 448
Case D59 Count: 435
Case D60 Count: 470
Case D61 Count: 424
Case D62 Count: 427
Case D63 Count: 395
Case D64 Count: 394
Case D65 Count: 361
Case D66 Count: 395
Case D67 Count: 355
Case D68 Count: 363
Case D69 Count: 333
Case D70 Count: 322
Case D71 Count: 343
Case D72 Count: 312
Case D73 Count: 327
Case D74 Count: 314
Case D75 Count: 322
Case D76 Count: 289
Case D77 Count: 302
Case D78 Count: 288
Case D79 Count: 244
Case D80 Count: 292
Case D81 Count: 289
Case D82 Count: 251
Case D83 Count: 250
Case D84 Count: 278
Case D85 Count: 232
Case D86 Count: 245
Case D87 Count: 240
Case D88 Count: 258
Case D89 Count: 203
Case D90 Count: 210
Case D91 Count: 228
Case D92 Count: 196
Case D93 Count: 191
Case D94 Count: 193
Case D95 Count: 201
Case D96 Count: 202
Case D97 Count: 178
Case D98 Count: 195
Case D99 Count: 181
Case D100 Count: 197
Case D101 Count: 173
Case D102 Count: 165
Case D103 Count: 166
Case D104 Count: 168
Case D105 Count: 161
Case D106 Count: 149
Case D107 Count: 165
Case D108 Count: 145
Case D109 Count: 142
Case D110 Count: 153
Case D111 Count: 150
Case D112 Count: 137
Case D113 Count: 148
Case D114 Count: 137
Case D115 Count: 140
Case D116 Count: 138
Case D117 Count: 123
Case D118 Count: 138
Case D119 Count: 135
Case D120 Count: 136
Case D121 Count: 117
Case D122 Count: 107
Case D123 Count: 126
Case D124 Count: 131
Case D125 Count: 114
Case D126 Count: 120
Case D127 Count: 127
Case D128 Count: 99
Case D129 Count: 121
Case D130 Count: 114
Case D131 Count: 132
Case D132 Count: 113
Case D133 Count: 120
Case D134 Count: 103
Case D135 Count: 126
Case D136 Count: 111
Case D137 Count: 117
Case D138 Count: 92
Case D139 Count: 105
Case D140 Count: 112
Case D141 Count: 102
Case D142 Count: 84
Case D143 Count: 85
Case D144 Count: 104
Case D145 Count: 105
Case D146 Count: 108
Case D147 Count: 103
Case D148 Count: 99
Case D149 Count: 92
Case D150 Count: 97
Case D151 Count: 82
Case D152 Count: 91
Case D153 Count: 74
Case D154 Count: 83
Case D155 Count: 98
Case D156 Count: 84
Case D157 Count: 101
Case D158 Count: 83
Case D159 Count: 88
Case D160 Count: 81
Case D161 Count: 76
Case D162 Count: 65
Case D163 Count: 85
Case D164 Count: 79
Case D165 Count: 72
Case D166 Count: 74
Case D167 Count: 67
Case D168 Count: 75
Case D169 Count: 84
Case D170 Count: 85
Case D171 Count: 73
Case D172 Count: 84
Case D173 Count: 78
Case D174 Count: 70
Case D175 Count: 80
Case D176 Count: 65
Case D177 Count: 67
Case D178 Count: 77
Case D179 Count: 62
Case D180 Count: 64
Case D181 Count: 80
Case D182 Count: 62
Case D183 Count: 55
Case D184 Count: 58
Case D185 Count: 68
Case D186 Count: 81
Case D187 Count: 60
Case D188 Count: 65
Case D189 Count: 50
Case D190 Count: 48
Case D191 Count: 67
Case D192 Count: 45
Case D193 Count: 48
Case D194 Count: 52
Case D195 Count: 62
Case D196 Count: 63
Case D197 Count: 48
Case D198 Count: 62
Case D199 Count: 46
Case D200 Count: 54
Case D201 Count: 53
Case D202 Count: 40
Case D203 Count: 53
Case D204 Count: 66
Case D205 Count: 48
Case D206 Count: 52
Case D207 Count: 50
Case D208 Count: 42
Case D209 Count: 48
Case D210 Count: 46
Case D211 Count: 48
Case D212 Count: 53
Case D213 Count: 50
Case D214 Count: 47
Case D215 Count: 47
Case D216 Count: 56
Case D217 Count: 33
Case D218 Count: 50
Case D219 Count: 47
Case D220 Count: 42
Case D221 Count: 56
Case D222 Count: 51
Case D223 Count: 38
Case D224 Count: 39
Case D225 Count: 32
Case D226 Count: 47
Case D227 Count: 47
Case D228 Count: 42
Case D229 Count: 38
Case D230 Count: 40
Case D231 Count: 44
Case D232 Count: 45
Case D233 Count: 42
Case D234 Count: 55
Case D235 Count: 37
Case D236 Count: 50
Case D237 Count: 31
Case D238 Count: 47
Case D239 Count: 47
Case D240 Count: 33
Case D241 Count: 43
Case D242 Count: 49
Case D243 Count: 41
Case D244 Count: 47
Case D245 Count: 28
Case D246 Count: 48
Case D247 Count: 41
Case D248 Count: 40
Case D249 Count: 42
Case D250 Count: 41
Case D251 Count: 53
Case D252 Count: 45
Case D253 Count: 37
Case D254 Count: 28
Case D255 Count: 28
Case D256 Count: 36
Case D257 Count: 40
Case D258 Count: 29
Case D259 Count: 35
Case D260 Count: 31
Case D261 Count: 39
Case D262 Count: 28
Case D263 Count: 30
Case D264 Count: 29
Case D265 Count: 26
Case D266 Count: 37
Case D267 Count: 39
Case D268 Count: 22
Case D269 Count: 34
Case D270 Count: 27
Case D271 Count: 32
Case D272 Count: 31
Case D273 Count: 37
Case D274 Count: 39
Case D275 Count: 35
Case D276 Count: 30
Case D277 Count: 34
Case D278 Count: 36
Case D279 Count: 28
Case D280 Count: 32
Case D281 Count: 29
Case D282 Count: 21
Case D283 Count: 34
Case D284 Count: 34
Case D285 Count: 27
Case D286 Count: 16
Case D287 Count: 27
Case D288 Count: 33
Case D289 Count: 31
Case D290 Count: 36
Case D291 Count: 20
Case D292 Count: 26
Case D293 Count: 22
Case D294 Count: 26
Case D295 Count: 31
Case D296 Count: 29
Case D297 Count: 18
Case D298 Count: 27
Case D299 Count: 37
Case D300 Count: 37
Case D301 Count: 24
Case D302 Count: 25
Case D303 Count: 22
Case D304 Count: 19
Case D305 Count: 31
Case D306 Count: 23
Case D307 Count: 23
Case D308 Count: 25
Case D309 Count: 26
Case D310 Count: 30
Case D311 Count: 30
Case D312 Count: 20
Case D313 Count: 25
Case D314 Count: 28
Case D315 Count: 22
Case D316 Count: 25
Case D317 Count: 20
Case D318 Count: 31
Case D319 Count: 18
Case D320 Count: 26
Case D321 Count: 18
Case D322 Count: 34
Case D323 Count: 34
Case D324 Count: 28
Case D325 Count: 25
Case D326 Count: 21
Case D327 Count: 22
Case D328 Count: 25
Case D329 Count: 18
Case D330 Count: 19
Case D331 Count: 24
Case D332 Count: 19
Case D333 Count: 29
Case D334 Count: 32
Case D335 Count: 20
Case D336 Count: 22
Case D337 Count: 22
Case D338 Count: 19
Case D339 Count: 17
Case D340 Count: 17
Case D341 Count: 26
Case D342 Count: 19
Case D343 Count: 26
Case D344 Count: 21
Case D345 Count: 20
Case D346 Count: 22
Case D347 Count: 24
Case D348 Count: 17
Case D349 Count: 16
Case D350 Count: 22
Case D351 Count: 26
Case D352 Count: 17
Case D353 Count: 16
Case D354 Count: 31
Case D355 Count: 15
Case D356 Count: 22
Case D357 Count: 15
Case D358 Count: 24
Case D359 Count: 22
Case D360 Count: 25
Case D361 Count: 23
Case D362 Count: 21
Case D363 Count: 25
Case D364 Count: 19
Case D365 Count: 16
Case D366 Count: 17
Case D367 Count: 23
Case D368 Count: 11
Case D369 Count: 20
Case D370 Count: 12
Case D371 Count: 12
Case D372 Count: 16
Case D373 Count: 20
Case D374 Count: 15
Case D375 Count: 19
Case D376 Count: 17
Case D377 Count: 15
Case D378 Count: 13
Case D379 Count: 17
Case D380 Count: 13
Case D381 Count: 20
Case D382 Count: 23
Case D383 Count: 11
Case D384 Count: 15
Case D385 Count: 23
Case D386 Count: 17
Case D387 Count: 15
Case D388 Count: 12
Case D389 Count: 14
Case D390 Count: 16
Case D391 Count: 23
Case D392 Count: 17
Case D393 Count: 13
Case D394 Count: 15
Case D395 Count: 14
Case D396 Count: 20
Case D397 Count: 21
Case D398 Count: 11
Case D399 Count: 17
Case D400 Count: 12
Case D401 Count: 22
Case D402 Count: 23
Case D403 Count: 20
Case D404 Count: 8
Case D405 Count: 17
Case D406 Count: 14
Case D407 Count: 18
Case D408 Count: 19
Case D409 Count: 18
Case D410 Count: 4
Case D411 Count: 15
Case D412 Count: 23
Case D413 Count: 14
Case D414 Count: 24
Case D415 Count: 11
Case D416 Count: 17
Case D417 Count: 15
Case D418 Count: 13
Case D419 Count: 12
Case D420 Count: 12
Case D421 Count: 13
Case D422 Count: 7
Case D423 Count: 15
Case D424 Count: 9
Case D425 Count: 19
Case D426 Count: 13
Case D427 Count: 13
Case D428 Count: 14
Case D429 Count: 19
Case D430 Count: 12
Case D431 Count: 18
Case D432 Count: 15
Case D433 Count: 7
Case D434 Count: 12
Case D435 Count: 16
Case D436 Count: 7
Case D437 Count: 12
Case D438 Count: 18
Case D439 Count: 13
Case D440 Count: 16
Case D441 Count: 11
Case D442 Count: 12
Case D443 Count: 15
Case D444 Count: 21
Case D445 Count: 14
Case D446 Count: 10
Case D447 Count: 9
Case D448 Count: 15
Case D449 Count: 9
Case D450 Count: 10
Case D451 Count: 10
Case D452 Count: 17
Case D453 Count: 14
Case D454 Count: 6
Case D455 Count: 10
Case D456 Count: 17
Case D457 Count: 18
Case D458 Count: 11
Case D459 Count: 12
Case D460 Count: 12
Case D461 Count: 11
Case D462 Count: 20
Case D463 Count: 10
Case D464 Count: 19
Case D465 Count: 6
Case D466 Count: 12
Case D467 Count: 17
Case D468 Count: 11
Case D469 Count: 10
Case D470 Count: 14
Case D471 Count: 17
Case D472 Count: 11
Case D473 Count: 12
Case D474 Count: 12
Case D475 Count: 14
Case D476 Count: 12
Case D477 Count: 11
Case D478 Count: 13
Case D479 Count: 18
Case D480 Count: 13
Case D481 Count: 8
Case D482 Count: 11
Case D483 Count: 13
Case D484 Count: 9
Case D485 Count: 5
Case D486 Count: 13
Case D487 Count: 9
Case D488 Count: 2
Case D489 Count: 7
Case D490 Count: 11
Case D491 Count: 13
Case D492 Count: 9
Case D493 Count: 16
Case D494 Count: 10
Case D495 Count: 14
Case D496 Count: 4
Case D497 Count: 13
Case D498 Count: 15
Case D499 Count: 11
Case D500 Count: 12
Case D501 Count: 11
Case D502 Count: 11
Case D503 Count: 10
Case D504 Count: 19
Case D505 Count: 13
Case D506 Count: 13
Case D507 Count: 18
Case D508 Count: 11
Case D509 Count: 5
Case D510 Count: 15
Case D511 Count: 13
Case D512 Count: 13
Case D513 Count: 14
Case D514 Count: 12
Case D515 Count: 8
Case D516 Count: 7
Case D517 Count: 10
Case D518 Count: 8
Case D519 Count: 13
Case D520 Count: 3
Case D521 Count: 11
Case D522 Count: 12
Case D523 Count: 7
Case D524 Count: 16
Case D525 Count: 8
Case D526 Count: 9
Case D527 Count: 10
Case D528 Count: 11
Case D529 Count: 11
Case D530 Count: 12
Case D531 Count: 9
Case D532 Count: 7
Case D533 Count: 6
Case D534 Count: 5
Case D535 Count: 16
Case D536 Count: 14
Case D537 Count: 8
Case D538 Count: 3
Case D539 Count: 8
Case D540 Count: 14
Case D541 Count: 9
Case D542 Count: 8
Case D543 Count: 10
Case D544 Count: 13
Case D545 Count: 12
Case D546 Count: 8
Case D547 Count: 4
Case D548 Count: 4
Case D549 Count: 13
Case D550 Count: 11
Case D551 Count: 10
Case D552 Count: 13
Case D553 Count: 5
Case D554 Count: 9
Case D555 Count: 11
Case D556 Count: 4
Case D557 Count: 6
Case D558 Count: 5
Case D559 Count: 4
Case D560 Count: 5
Case D561 Count: 5
Case D562 Count: 8
Case D563 Count: 10
Case D564 Count: 8
Case D565 Count: 7
Case D566 Count: 7
Case D567 Count: 8
Case D568 Count: 11
Case D569 Count: 11
Case D570 Count: 6
Case D571 Count: 12
Case D572 Count: 13
Case D573 Count: 12
Case D574 Count: 5
Case D575 Count: 10
Case D576 Count: 8
Case D577 Count: 6
Case D578 Count: 10
Case D579 Count: 7
Case D580 Count: 6
Case D581 Count: 9
Case D582 Count: 6
Case D583 Count: 5
Case D584 Count: 3
Case D585 Count: 6
Case D586 Count: 7
Case D587 Count: 5
Case D588 Count: 10
Case D589 Count: 11
Case D590 Count: 7
Case D591 Count: 7
Case D592 Count: 4
Case D593 Count: 9
Case D594 Count: 3
Case D595 Count: 8
Case D596 Count: 12
Case D597 Count: 6
Case D598 Count: 11
Case D599 Count: 6
Case D600 Count: 8
Case D601 Count: 11
Case D602 Count: 6
Case D603 Count: 10
Case D604 Count: 9
Case D605 Count: 5
Case D606 Count: 7
Case D607 Count: 7
Case D608 Count: 8
Case D609 Count: 4
Case D610 Count: 7
Case D611 Count: 8
Case D612 Count: 4
Case D613 Count: 9
Case D614 Count: 6
Case D615 Count: 2
Case D616 Count: 5
Case D617 Count: 14
Case D618 Count: 6
Case D619 Count: 10
Case D620 Count: 9
Case D621 Count: 9
Case D622 Count: 7
Case D623 Count: 5
Case D624 Count: 8
Case D625 Count: 5
Case D626 Count: 9
Case D627 Count: 10
Case D628 Count: 4
Case D629 Count: 2
Case D630 Count: 7
Case D631 Count: 9
Case D632 Count: 10
Case D633 Count: 2
Case D634 Count: 6
Case D635 Count: 5
Case D636 Count: 13
Case D637 Count: 10
Case D638 Count: 5
Case D639 Count: 7
Case D640 Count: 9
Case D641 Count: 4
Case D642 Count: 7
Case D643 Count: 7
Case D644 Count: 12
Case D645 Count: 9
Case D646 Count: 11
Case D647 Count: 4
Case D648 Count: 7
Case D649 Count: 8
Case D650 Count: 6
Case D651 Count: 8
Case D652 Count: 4
Case D653 Count: 8
Case D654 Count: 9
Case D655 Count: 2
Case D656 Count: 6
Case D657 Count: 7
Case D658 Count: 6
Case D659 Count: 8
Case D660 Count: 12
Case D661 Count: 6
Case D662 Count: 11
Case D663 Count: 5
Case D664 Count: 5
Case D665 Count: 8
Case D666 Count: 11
Case D667 Count: 8
Case D668 Count: 6
Case D669 Count: 5
Case D670 Count: 5
Case D671 Count: 3
Case D672 Count: 4
Case D673 Count: 5
Case D674 Count: 9
Case D675 Count: 3
Case D676 Count: 4
Case D677 Count: 5
Case D678 Count: 8
Case D679 Count: 4
Case D680 Count: 9
Case D681 Count: 9
Case D682 Count: 11
Case D683 Count: 7
Case D684 Count: 8
Case D685 Count: 8
Case D686 Count: 7
Case D687 Count: 5
Case D688 Count: 3
Case D689 Count: 4
Case D690 Count: 7
Case D691 Count: 13
Case D692 Count: 5
Case D693 Count: 2
Case D694 Count: 5
Case D695 Count: 4
Case D696 Count: 6
Case D697 Count: 7
Case D698 Count: 8
Case D699 Count: 3
Case D700 Count: 2
Case D701 Count: 3
Case D702 Count: 9
Case D703 Count: 3
Case D704 Count: 6
Case D705 Count: 2
Case D706 Count: 4
Case D707 Count: 9
Case D708 Count: 5
Case D709 Count: 6
Case D710 Count: 6
Case D711 Count: 12
Case D712 Count: 7
Case D713 Count: 4
Case D714 Count: 4
Case D715 Count: 4
Case D716 Count: 4
Case D717 Count: 5
Case D718 Count: 4
Case D719 Count: 7
Case D720 Count: 7
Case D721 Count: 6
Case D722 Count: 1
Case D723 Count: 2
Case D724 Count: 11
Case D725 Count: 3
Case D726 Count: 6
Case D727 Count: 6
Case D728 Count: 7
Case D729 Count: 8
Case D730 Count: 2
Case D731 Count: 5
Case D732 Count: 2
Case D733 Count: 5
Case D734 Count: 8
Case D735 Count: 8
Case D736 Count: 5
Case D737 Count: 9
Case D738 Count: 4
Case D739 Count: 6
Case D740 Count: 8
Case D741 Count: 3
Case D742 Count: 3
Case D743 Count: 4
Case D744 Count: 6
Case D745 Count: 6
Case D746 Count: 2
Case D747 Count: 3
Case D748 Count: 2
Case D749 Count: 5
Case D750 Count: 6
Case D751 Count: 3
Case D752 Count: 4
Case D753 Count: 11
Case D754 Count: 5
Case D755 Count: 7
Case D756 Count: 4
Case D757 Count: 5
Case D758 Count: 8
Case D759 Count: 6
Case D760 Count: 6
Case D761 Count: 8
Case D762 Count: 9
Case D763 Count: 2
Case D764 Count: 4
Case D765 Count: 6
Case D766 Count: 6
Case D767 Count: 4
Case D769 Count: 2
Case D770 Count: 7
Case D771 Count: 9
Case D772 Count: 8
Case D773 Count: 2
Case D774 Count: 1
Case D775 Count: 5
Case D776 Count: 4
Case D777 Count: 8
Case D778 Count: 5
Case D779 Count: 5
Case D780 Count: 4
Case D781 Count: 7
Case D782 Count: 6
Case D783 Count: 6
Case D784 Count: 4
Case D785 Count: 4
Case D786 Count: 2
Case D787 Count: 5
Case D788 Count: 3
Case D789 Count: 6
Case D790 Count: 2
Case D791 Count: 4
Case D792 Count: 2
Case D793 Count: 6
Case D794 Count: 2
Case D795 Count: 3
Case D796 Count: 11
Case D797 Count: 6
Case D798 Count: 5
Case D799 Count: 2
Case D800 Count: 5
Case D801 Count: 8
Case D802 Count: 2
Case D803 Count: 4
Case D804 Count: 5
Case D805 Count: 4
Case D806 Count: 4
Case D807 Count: 4
Case D808 Count: 8
Case D809 Count: 6
Case D810 Count: 4
Case D811 Count: 2
Case D813 Count: 3
Case D814 Count: 3
Case D815 Count: 2
Case D816 Count: 4
Case D817 Count: 6
Case D818 Count: 3
Case D819 Count: 5
Case D820 Count: 5
Case D821 Count: 4
Case D822 Count: 1
Case D823 Count: 2
Case D824 Count: 4
Case D825 Count: 6
Case D826 Count: 6
Case D827 Count: 4
Case D828 Count: 6
Case D829 Count: 6
Case D830 Count: 3
Case D831 Count: 4
Case D832 Count: 6
Case D833 Count: 6
Case D834 Count: 4
Case D835 Count: 4
Case D836 Count: 5
Case D837 Count: 3
Case D838 Count: 6
Case D839 Count: 2
Case D840 Count: 4
Case D841 Count: 4
Case D842 Count: 6
Case D843 Count: 12
Case D844 Count: 5
Case D845 Count: 7
Case D846 Count: 5
Case D847 Count: 7
Case D848 Count: 7
Case D849 Count: 3
Case D850 Count: 5
Case D851 Count: 5
Case D852 Count: 6
Case D853 Count: 4
Case D854 Count: 4
Case D855 Count: 3
Case D856 Count: 7
Case D857 Count: 6
Case D858 Count: 3
Case D859 Count: 4
Case D860 Count: 2
Case D861 Count: 6
Case D862 Count: 5
Case D863 Count: 5
Case D864 Count: 4
Case D865 Count: 4
Case D866 Count: 4
Case D867 Count: 4
Case D868 Count: 6
Case D869 Count: 2
Case D870 Count: 3
Case D871 Count: 3
Case D872 Count: 1
Case D873 Count: 2
Case D874 Count: 4
Case D875 Count: 5
Case D876 Count: 3
Case D877 Count: 3
Case D878 Count: 3
Case D879 Count: 7
Case D880 Count: 5
Case D882 Count: 5
Case D883 Count: 8
Case D884 Count: 4
Case D885 Count: 4
Case D886 Count: 5
Case D887 Count: 4
Case D888 Count: 4
Case D889 Count: 5
Case D890 Count: 3
Case D891 Count: 3
Case D892 Count: 9
Case D893 Count: 8
Case D894 Count: 4
Case D895 Count: 6
Case D896 Count: 4
Case D897 Count: 5
Case D898 Count: 1
Case D899 Count: 5
Case D900 Count: 4
Case D901 Count: 2
Case D902 Count: 7
Case D903 Count: 1
Case D904 Count: 3
Case D905 Count: 2
Case D906 Count: 5
Case D907 Count: 3
Case D908 Count: 6
Case D909 Count: 6
Case D910 Count: 1
Case D911 Count: 5
Case D912 Count: 1
Case D913 Count: 2
Case D914 Count: 2
Case D915 Count: 1
Case D916 Count: 4
Case D917 Count: 3
Case D918 Count: 5
Case D919 Count: 3
Case D922 Count: 2
Case D923 Count: 3
Case D924 Count: 3
Case D925 Count: 2
Case D926 Count: 3
Case D927 Count: 1
Case D928 Count: 3
Case D929 Count: 6
Case D930 Count: 5
Case D931 Count: 4
Case D932 Count: 3
Case D933 Count: 4
Case D934 Count: 3
Case D935 Count: 4
Case D936 Count: 3
Case D937 Count: 1
Case D938 Count: 7
Case D939 Count: 6
Case D940 Count: 3
Case D941 Count: 7
Case D942 Count: 3
Case D943 Count: 3
Case D944 Count: 5
Case D945 Count: 3
Case D946 Count: 4
Case D947 Count: 2
Case D948 Count: 2
Case D949 Count: 5
Case D950 Count: 4
Case D951 Count: 4
Case D952 Count: 5
Case D953 Count: 3
Case D954 Count: 3
Case D955 Count: 4
Case D956 Count: 2
Case D957 Count: 4
Case D958 Count: 9
Case D959 Count: 2
Case D960 Count: 4
Case D961 Count: 2
Case D962 Count: 4
Case D963 Count: 4
Case D964 Count: 3
Case D965 Count: 2
Case D966 Count: 2
Case D967 Count: 2
Case D968 Count: 3
Case D969 Count: 3
Case D970 Count: 4
Case D971 Count: 4
Case D972 Count: 3
Case D973 Count: 3
Case D974 Count: 2
Case D975 Count: 8
Case D976 Count: 6
Case D977 Count: 2
Case D978 Count: 1
Case D979 Count: 3
Case D980 Count: 1
Case D981 Count: 2
Case D982 Count: 5
Case D983 Count: 3
Case D984 Count: 5
Case D985 Count: 5
Case D986 Count: 2
Case D987 Count: 4
Case D988 Count: 3
Case D989 Count: 3
Case D990 Count: 7
Case D991 Count: 2
Case D992 Count: 7
Case D993 Count: 2
Case D994 Count: 7
Case D995 Count: 4
Case D996 Count: 2
Case D997 Count: 1
Case D999 Count: 4
Case D1000 Count: 1
Case D1001 Count: 2
Case D1003 Count: 3
Case D1004 Count: 3
Case D1005 Count: 5
Case D1006 Count: 3
Case D1007 Count: 1
Case D1008 Count: 4
Case D1009 Count: 3
Case D1010 Count: 2
Case D1011 Count: 4
Case D1012 Count: 2
Case D1013 Count: 4
Case D1014 Count: 3
Case D1015 Count: 4
Case D1016 Count: 2
Case D1017 Count: 2
Case D1018 Count: 5
Case D1019 Count: 8
Case D1020 Count: 6
Case D1021 Count: 6
Case D1022 Count: 1
Case D1023 Count: 2
Case D1024 Count: 2
Case D1025 Count: 2
Case D1026 Count: 10
Case D1027 Count: 4
Case D1028 Count: 1
Case D1029 Count: 4
Case D1030 Count: 4
Case D1031 Count: 2
Case D1032 Count: 1
Case D1033 Count: 2
Case D1034 Count: 3
Case D1035 Count: 2
Case D1038 Count: 1
Case D1039 Count: 3
Case D1040 Count: 2
Case D1041 Count: 2
Case D1042 Count: 1
Case D1043 Count: 2
Case D1044 Count: 1
Case D1045 Count: 3
Case D1046 Count: 4
Case D1047 Count: 4
Case D1048 Count: 5
Case D1049 Count: 1
Case D1050 Count: 4
Case D1051 Count: 3
Case D1052 Count: 3
Case D1053 Count: 4
Case D1054 Count: 2
Case D1055 Count: 3
Case D1056 Count: 1
Case D1057 Count: 1
Case D1059 Count: 3
Case D1060 Count: 4
Case D1061 Count: 1
Case D1062 Count: 1
Case D1063 Count: 5
Case D1064 Count: 2
Case D1065 Count: 4
Case D1066 Count: 5
Case D1067 Count: 6
Case D1068 Count: 3
Case D1069 Count: 1
Case D1071 Count: 2
Case D1072 Count: 2
Case D1073 Count: 3
Case D1074 Count: 2
Case D1075 Count: 1
Case D1076 Count: 4
Case D1077 Count: 2
Case D1078 Count: 4
Case D1079 Count: 5
Case D1080 Count: 2
Case D1081 Count: 5
Case D1082 Count: 2
Case D1083 Count: 2
Case D1085 Count: 3
Case D1086 Count: 5
Case D1087 Count: 2
Case D1089 Count: 2
Case D1090 Count: 6
Case D1091 Count: 2
Case D1093 Count: 4
Case D1094 Count: 2
Case D1095 Count: 3
Case D1096 Count: 4
Case D1097 Count: 3
Case D1098 Count: 2
Case D1099 Count: 1
Case D1100 Count: 2
Case D1101 Count: 2
Case D1102 Count: 3
Case D1103 Count: 4
Case D1104 Count: 1
Case D1105 Count: 2
Case D1106 Count: 5
Case D1107 Count: 2
Case D1108 Count: 1
Case D1109 Count: 4
Case D1110 Count: 2
Case D1111 Count: 2
Case D1113 Count: 2
Case D1114 Count: 2
Case D1116 Count: 1
Case D1117 Count: 2
Case D1118 Count: 1
Case D1119 Count: 4
Case D1120 Count: 3
Case D1121 Count: 2
Case D1122 Count: 3
Case D1123 Count: 5
Case D1125 Count: 1
Case D1126 Count: 2
Case D1127 Count: 3
Case D1128 Count: 1
Case D1129 Count: 2
Case D1130 Count: 2
Case D1131 Count: 3
Case D1132 Count: 5
Case D1133 Count: 1
Case D1134 Count: 5
Case D1135 Count: 3
Case D1136 Count: 3
Case D1137 Count: 2
Case D1138 Count: 2
Case D1139 Count: 3
Case D1140 Count: 1
Case D1141 Count: 1
Case D1142 Count: 3
Case D1143 Count: 2
Case D1144 Count: 2
Case D1145 Count: 3
Case D1146 Count: 2
Case D1147 Count: 3
Case D1148 Count: 4
Case D1149 Count: 3
Case D1150 Count: 1
Case D1152 Count: 4
Case D1153 Count: 4
Case D1154 Count: 2
Case D1155 Count: 1
Case D1156 Count: 2
Case D1157 Count: 1
Case D1158 Count: 1
Case D1159 Count: 4
Case D1160 Count: 1
Case D1161 Count: 1
Case D1162 Count: 3
Case D1163 Count: 3
Case D1164 Count: 6
Case D1165 Count: 3
Case D1166 Count: 1
Case D1167 Count: 2
Case D1168 Count: 1
Case D1169 Count: 3
Case D1170 Count: 4
Case D1171 Count: 1
Case D1172 Count: 2
Case D1173 Count: 1
Case D1174 Count: 5
Case D1175 Count: 2
Case D1176 Count: 1
Case D1178 Count: 3
Case D1179 Count: 3
Case D1180 Count: 3
Case D1181 Count: 4
Case D1182 Count: 3
Case D1183 Count: 3
Case D1184 Count: 3
Case D1185 Count: 2
Case D1186 Count: 3
Case D1187 Count: 4
Case D1188 Count: 3
Case D1189 Count: 1
Case D1190 Count: 1
Case D1191 Count: 1
Case D1193 Count: 1
Case D1194 Count: 4
Case D1195 Count: 3
Case D1197 Count: 3
Case D1198 Count: 3
Case D1199 Count: 2
Case D1200 Count: 1
Case D1201 Count: 1
Case D1202 Count: 3
Case D1203 Count: 3
Case D1204 Count: 2
Case D1205 Count: 4
Case D1206 Count: 2
Case D1207 Count: 3
Case D1208 Count: 2
Case D1209 Count: 5
Case D1210 Count: 2
Case D1212 Count: 1
Case D1213 Count: 2
Case D1214 Count: 3
Case D1215 Count: 2
Case D1219 Count: 2
Case D1220 Count: 2
Case D1221 Count: 1
Case D1222 Count: 1
Case D1223 Count: 2
Case D1224 Count: 1
Case D1225 Count: 2
Case D1226 Count: 4
Case D1227 Count: 3
Case D1228 Count: 1
Case D1229 Count: 1
Case D1230 Count: 2
Case D1232 Count: 1
Case D1233 Count: 1
Case D1234 Count: 2
Case D1236 Count: 3
Case D1237 Count: 1
Case D1238 Count: 2
Case D1239 Count: 4
Case D1241 Count: 1
Case D1242 Count: 3
Case D1243 Count: 1
Case D1244 Count: 2
Case D1245 Count: 1
Case D1246 Count: 4
Case D1247 Count: 2
Case D1248 Count: 1
Case D1249 Count: 4
Case D1250 Count: 2
Case D1251 Count: 2
Case D1252 Count: 2
Case D1253 Count: 4
Case D1254 Count: 2
Case D1255 Count: 3
Case D1257 Count: 2
Case D1258 Count: 1
Case D1259 Count: 4
Case D1260 Count: 1
Case D1261 Count: 4
Case D1262 Count: 3
Case D1263 Count: 2
Case D1264 Count: 3
Case D1265 Count: 3
Case D1266 Count: 2
Case D1267 Count: 4
Case D1268 Count: 1
Case D1269 Count: 1
Case D1271 Count: 2
Case D1274 Count: 2
Case D1275 Count: 3
Case D1276 Count: 2
Case D1277 Count: 2
Case D1278 Count: 2
Case D1279 Count: 1
Case D1282 Count: 2
Case D1283 Count: 1
Case D1284 Count: 1
Case D1285 Count: 2
Case D1286 Count: 3
Case D1287 Count: 2
Case D1288 Count: 2
Case D1289 Count: 2
Case D1291 Count: 2
Case D1292 Count: 2
Case D1293 Count: 4
Case D1294 Count: 4
Case D1295 Count: 2
Case D1296 Count: 2
Case D1297 Count: 1
Case D1298 Count: 1
Case D1299 Count: 3
Case D1300 Count: 5
Case D1301 Count: 2
Case D1302 Count: 5
Case D1303 Count: 3
Case D1304 Count: 2
Case D1305 Count: 2
Case D1306 Count: 1
Case D1307 Count: 3
Case D1308 Count: 2
Case D1309 Count: 3
Case D1310 Count: 2
Case D1311 Count: 2
Case D1312 Count: 2
Case D1313 Count: 1
Case D1314 Count: 3
Case D1316 Count: 1
Case D1317 Count: 3
Case D1318 Count: 1
Case D1320 Count: 5
Case D1321 Count: 2
Case D1322 Count: 2
Case D1323 Count: 4
Case D1324 Count: 1
Case D1325 Count: 2
Case D1327 Count: 2
Case D1328 Count: 2
Case D1329 Count: 1
Case D1330 Count: 2
Case D1331 Count: 1
Case D1332 Count: 2
Case D1334 Count: 2
Case D1335 Count: 1
Case D1336 Count: 1
Case D1337 Count: 2
Case D1338 Count: 1
Case D1339 Count: 1
Case D1340 Count: 2
Case D1341 Count: 1
Case D1342 Count: 2
Case D1343 Count: 1
Case D1344 Count: 4
Case D1345 Count: 3
Case D1348 Count: 1
Case D1349 Count: 3
Case D1350 Count: 1
Case D1352 Count: 2
Case D1354 Count: 1
Case D1355 Count: 3
Case D1356 Count: 2
Case D1357 Count: 4
Case D1358 Count: 1
Case D1359 Count: 2
Case D1360 Count: 2
Case D1361 Count: 1
Case D1362 Count: 2
Case D1363 Count: 2
Case D1365 Count: 3
Case D1366 Count: 1
Case D1367 Count: 2
Case D1368 Count: 1
Case D1369 Count: 2
Case D1371 Count: 1
Case D1372 Count: 1
Case D1373 Count: 1
Case D1374 Count: 2
Case D1375 Count: 1
Case D1376 Count: 1
Case D1377 Count: 6
Case D1380 Count: 1
Case D1381 Count: 2
Case D1382 Count: 2
Case D1383 Count: 1
Case D1384 Count: 3
Case D1385 Count: 2
Case D1386 Count: 1
Case D1387 Count: 5
Case D1388 Count: 1
Case D1389 Count: 2
Case D1390 Count: 1
Case D1391 Count: 2
Case D1392 Count: 1
Case D1393 Count: 3
Case D1394 Count: 2
Case D1395 Count: 1
Case D1396 Count: 1
Case D1398 Count: 1
Case D1399 Count: 1
Case D1400 Count: 1
Case D1401 Count: 3
Case D1402 Count: 1
Case D1403 Count: 1
Case D1404 Count: 4
Case D1405 Count: 1
Case D1406 Count: 2
Case D1407 Count: 2
Case D1409 Count: 5
Case D1412 Count: 1
Case D1413 Count: 1
Case D1414 Count: 1
Case D1415 Count: 2
Case D1416 Count: 3
Case D1417 Count: 2
Case D1420 Count: 1
Case D1422 Count: 4
Case D1426 Count: 3
Case D1427 Count: 1
Case D1428 Count: 1
Case D1430 Count: 1
Case D1432 Count: 2
Case D1433 Count: 2
Case D1434 Count: 2
Case D1436 Count: 1
Case D1437 Count: 1
Case D1438 Count: 1
Case D1439 Count: 4
Case D1442 Count: 3
Case D1443 Count: 2
Case D1445 Count: 3
Case D1446 Count: 2
Case D1448 Count: 3
Case D1450 Count: 2
Case D1451 Count: 2
Case D1453 Count: 2
Case D1454 Count: 1
Case D1455 Count: 4
Case D1456 Count: 4
Case D1457 Count: 1
Case D1458 Count: 1
Case D1462 Count: 3
Case D1463 Count: 1
Case D1464 Count: 2
Case D1465 Count: 2
Case D1466 Count: 1
Case D1468 Count: 4
Case D1469 Count: 2
Case D1470 Count: 4
Case D1471 Count: 2
Case D1472 Count: 1
Case D1473 Count: 3
Case D1474 Count: 4
Case D1475 Count: 3
Case D1476 Count: 3
Case D1477 Count: 1
Case D1478 Count: 2
Case D1479 Count: 1
Case D1481 Count: 1
Case D1483 Count: 2
Case D1486 Count: 1
Case D1487 Count: 1
Case D1489 Count: 1
Case D1490 Count: 1
Case D1492 Count: 2
Case D1493 Count: 1
Case D1494 Count: 2
Case D1496 Count: 2
Case D1497 Count: 1
Case D1499 Count: 3
Case D1500 Count: 1
Case D1501 Count: 1
Case D1502 Count: 1
Case D1504 Count: 4
Case D1505 Count: 6
Case D1506 Count: 1
Case D1507 Count: 3
Case D1508 Count: 1
Case D1509 Count: 4
Case D1510 Count: 3
Case D1511 Count: 3
Case D1512 Count: 1
Case D1513 Count: 1
Case D1514 Count: 1
Case D1515 Count: 1
Case D1516 Count: 3
Case D1519 Count: 3
Case D1520 Count: 2
Case D1521 Count: 1
Case D1523 Count: 1
Case D1524 Count: 3
Case D1525 Count: 2
Case D1526 Count: 3
Case D1527 Count: 4
Case D1528 Count: 2
Case D1529 Count: 2
Case D1531 Count: 2
Case D1532 Count: 3
Case D1536 Count: 1
Case D1537 Count: 1
Case D1538 Count: 1
Case D1540 Count: 1
Case D1541 Count: 1
Case D1542 Count: 1
Case D1543 Count: 1
Case D1545 Count: 3
Case D1546 Count: 1
Case D1547 Count: 3
Case D1549 Count: 1
Case D1552 Count: 1
Case D1553 Count: 1
Case D1554 Count: 2
Case D1555 Count: 1
Case D1556 Count: 2
Case D1557 Count: 2
Case D1558 Count: 1
Case D1559 Count: 1
Case D1561 Count: 3
Case D1564 Count: 2
Case D1566 Count: 2
Case D1567 Count: 4
Case D1568 Count: 1
Case D1569 Count: 1
Case D1570 Count: 2
Case D1572 Count: 1
Case D1573 Count: 2
Case D1575 Count: 5
Case D1577 Count: 3
Case D1581 Count: 2
Case D1582 Count: 3
Case D1585 Count: 2
Case D1586 Count: 1
Case D1587 Count: 1
Case D1589 Count: 1
Case D1590 Count: 1
Case D1592 Count: 1
Case D1594 Count: 1
Case D1595 Count: 2
Case D1596 Count: 3
Case D1598 Count: 3
Case D1599 Count: 5
Case D1600 Count: 2
Case D1601 Count: 2
Case D1602 Count: 1
Case D1603 Count: 1
Case D1604 Count: 1
Case D1605 Count: 1
Case D1606 Count: 2
Case D1607 Count: 2
Case D1608 Count: 2
Case D1609 Count: 2
Case D1610 Count: 1
Case D1611 Count: 2
Case D1613 Count: 1
Case D1614 Count: 1
Case D1618 Count: 1
Case D1619 Count: 2
Case D1620 Count: 3
Case D1621 Count: 2
Case D1622 Count: 2
Case D1623 Count: 1
Case D1627 Count: 2
Case D1628 Count: 3
Case D1629 Count: 2
Case D1632 Count: 3
Case D1633 Count: 3
Case D1635 Count: 3
Case D1636 Count: 2
Case D1637 Count: 1
Case D1638 Count: 2
Case D1639 Count: 1
Case D1640 Count: 2
Case D1641 Count: 1
Case D1642 Count: 6
Case D1645 Count: 1
Case D1646 Count: 2
Case D1647 Count: 1
Case D1649 Count: 2
Case D1650 Count: 1
Case D1651 Count: 1
Case D1652 Count: 1
Case D1654 Count: 3
Case D1658 Count: 2
Case D1659 Count: 1
Case D1660 Count: 2
Case D1661 Count: 3
Case D1662 Count: 1
Case D1663 Count: 1
Case D1664 Count: 1
Case D1665 Count: 1
Case D1666 Count: 1
Case D1667 Count: 2
Case D1668 Count: 1
Case D1670 Count: 2
Case D1671 Count: 1
Case D1672 Count: 2
Case D1673 Count: 1
Case D1674 Count: 2
Case D1675 Count: 2
Case D1677 Count: 1
Case D1678 Count: 1
Case D1679 Count: 1
Case D1682 Count: 1
Case D1683 Count: 4
Case D1684 Count: 1
Case D1685 Count: 1
Case D1686 Count: 1
Case D1688 Count: 1
Case D1689 Count: 1
Case D1690 Count: 3
Case D1691 Count: 1
Case D1694 Count: 4
Case D1698 Count: 3
Case D1699 Count: 4
Case D1701 Count: 1
Case D1703 Count: 1
Case D1704 Count: 1
Case D1706 Count: 2
Case D1708 Count: 2
Case D1709 Count: 1
Case D1710 Count: 2
Case D1712 Count: 2
Case D1713 Count: 1
Case D1715 Count: 5
Case D1716 Count: 2
Case D1719 Count: 1
Case D1721 Count: 2
Case D1722 Count: 2
Case D1723 Count: 3
Case D1725 Count: 3
Case D1727 Count: 2
Case D1728 Count: 4
Case D1729 Count: 1
Case D1731 Count: 1
Case D1732 Count: 1
Case D1734 Count: 1
Case D1737 Count: 3
Case D1738 Count: 1
Case D1739 Count: 2
Case D1740 Count: 2
Case D1742 Count: 1
Case D1743 Count: 2
Case D1744 Count: 2
Case D1745 Count: 2
Case D1746 Count: 1
Case D1748 Count: 3
Case D1749 Count: 2
Case D1750 Count: 1
Case D1751 Count: 2
Case D1753 Count: 1
Case D1754 Count: 1
Case D1756 Count: 1
Case D1757 Count: 1
Case D1758 Count: 3
Case D1759 Count: 3
Case D1760 Count: 3
Case D1762 Count: 1
Case D1766 Count: 1
Case D1769 Count: 1
Case D1771 Count: 1
Case D1772 Count: 1
Case D1774 Count: 3
Case D1776 Count: 1
Case D1778 Count: 1
Case D1781 Count: 2
Case D1783 Count: 2
Case D1784 Count: 1
Case D1786 Count: 5
Case D1788 Count: 1
Case D1790 Count: 1
Case D1792 Count: 2
Case D1794 Count: 1
Case D1795 Count: 3
Case D1796 Count: 1
Case D1797 Count: 1
Case D1801 Count: 1
Case D1802 Count: 2
Case D1804 Count: 2
Case D1806 Count: 1
Case D1808 Count: 2
Case D1809 Count: 1
Case D1810 Count: 1
Case D1811 Count: 1
Case D1812 Count: 1
Case D1814 Count: 1
Case D1815 Count: 2
Case D1821 Count: 1
Case D1822 Count: 1
Case D1824 Count: 1
Case D1825 Count: 1
Case D1826 Count: 1
Case D1827 Count: 1
Case D1828 Count: 1
Case D1829 Count: 3
Case D1832 Count: 1
Case D1833 Count: 3
Case D1834 Count: 1
Case D1835 Count: 1
Case D1836 Count: 2
Case D1837 Count: 3
Case D1841 Count: 2
Case D1846 Count: 1
Case D1848 Count: 1
Case D1849 Count: 1
Case D1850 Count: 1
Case D1851 Count: 4
Case D1853 Count: 1
Case D1855 Count: 1
Case D1856 Count: 1
Case D1857 Count: 1
Case D1862 Count: 1
Case D1867 Count: 2
Case D1868 Count: 1
Case D1872 Count: 1
Case D1873 Count: 1
Case D1874 Count: 1
Case D1875 Count: 1
Case D1876 Count: 1
Case D1877 Count: 1
Case D1878 Count: 2
Case D1879 Count: 3
Case D1880 Count: 1
Case D1882 Count: 2
Case D1883 Count: 1
Case D1885 Count: 2
Case D1886 Count: 1
Case D1888 Count: 1
Case D1890 Count: 2
Case D1891 Count: 1
Case D1892 Count: 2
Case D1893 Count: 1
Case D1895 Count: 2
Case D1896 Count: 4
Case D1899 Count: 2
Case D1900 Count: 1
Case D1901 Count: 1
Case D1902 Count: 3
Case D1903 Count: 1
Case D1904 Count: 2
Case D1906 Count: 1
Case D1908 Count: 2
Case D1913 Count: 2
Case D1917 Count: 1
Case D1918 Count: 1
Case D1922 Count: 1
Case D1923 Count: 2
Case D1925 Count: 1
Case D1926 Count: 2
Case D1927 Count: 2
Case D1930 Count: 1
Case D1933 Count: 1
Case D1934 Count: 1
Case D1937 Count: 1
Case D1938 Count: 1
Case D1939 Count: 1
Case D1944 Count: 2
Case D1946 Count: 3
Case D1947 Count: 1
Case D1948 Count: 1
Case D1950 Count: 1
Case D1951 Count: 1
Case D1955 Count: 3
Case D1956 Count: 1
Case D1957 Count: 1
Case D1958 Count: 1
Case D1959 Count: 1
Case D1960 Count: 3
Case D1963 Count: 3
Case D1965 Count: 1
Case D1966 Count: 2
Case D1967 Count: 1
Case D1969 Count: 2
Case D1971 Count: 1
Case D1974 Count: 1
Case D1975 Count: 1
Case D1976 Count: 1
Case D1977 Count: 2
Case D1980 Count: 2
Case D1981 Count: 1
Case D1982 Count: 2
Case D1985 Count: 1
Case D1987 Count: 1
Case D1988 Count: 1
Case D1989 Count: 1
Case D1990 Count: 3
Case D1993 Count: 1
Case D1996 Count: 1
Case D2001 Count: 2
Case D2003 Count: 1
Case D2004 Count: 1
Case D2005 Count: 1
Case D2006 Count: 1
Case D2008 Count: 3
Case D2009 Count: 1
Case D2010 Count: 1
Case D2012 Count: 1
Case D2013 Count: 1
Case D2014 Count: 2
Case D2017 Count: 2
Case D2019 Count: 3
Case D2020 Count: 2
Case D2022 Count: 1
Case D2026 Count: 1
Case D2027 Count: 1
Case D2030 Count: 2
Case D2032 Count: 2
Case D2034 Count: 2
Case D2036 Count: 2
Case D2037 Count: 3
Case D2038 Count: 2
Case D2041 Count: 1
Case D2042 Count: 2
Case D2045 Count: 1
Case D2049 Count: 3
Case D2050 Count: 2
Case D2054 Count: 1
Case D2055 Count: 1
Case D2056 Count: 2
Case D2057 Count: 2
Case D2060 Count: 1
Case D2061 Count: 2
Case D2063 Count: 1
Case D2066 Count: 1
Case D2068 Count: 1
Case D2071 Count: 1
Case D2072 Count: 2
Case D2073 Count: 3
Case D2074 Count: 2
Case D2076 Count: 2
Case D2077 Count: 1
Case D2078 Count: 1
Case D2079 Count: 2
Case D2082 Count: 1
Case D2085 Count: 1
Case D2086 Count: 1
Case D2088 Count: 2
Case D2093 Count: 1
Case D2095 Count: 3
Case D2096 Count: 1
Case D2097 Count: 2
Case D2099 Count: 1
Case D2100 Count: 1
Case D2101 Count: 1
Case D2103 Count: 1
Case D2106 Count: 1
Case D2108 Count: 1
Case D2109 Count: 2
Case D2110 Count: 2
Case D2112 Count: 2
Case D2113 Count: 1
Case D2114 Count: 2
Case D2115 Count: 1
Case D2116 Count: 1
Case D2117 Count: 1
Case D2118 Count: 1
Case D2120 Count: 2
Case D2123 Count: 3
Case D2125 Count: 1
Case D2130 Count: 1
Case D2131 Count: 2
Case D2133 Count: 1
Case D2135 Count: 1
Case D2136 Count: 1
Case D2138 Count: 1
Case D2139 Count: 1
Case D2143 Count: 1
Case D2144 Count: 1
Case D2145 Count: 2
Case D2147 Count: 1
Case D2148 Count: 3
Case D2149 Count: 3
Case D2150 Count: 1
Case D2151 Count: 2
Case D2154 Count: 1
Case D2156 Count: 1
Case D2157 Count: 1
Case D2160 Count: 1
Case D2161 Count: 1
Case D2162 Count: 1
Case D2164 Count: 1
Case D2166 Count: 3
Case D2167 Count: 2
Case D2168 Count: 1
Case D2170 Count: 1
Case D2171 Count: 1
Case D2172 Count: 1
Case D2173 Count: 1
Case D2175 Count: 2
Case D2176 Count: 4
Case D2179 Count: 1
Case D2181 Count: 1
Case D2182 Count: 1
Case D2184 Count: 1
Case D2187 Count: 1
Case D2193 Count: 1
Case D2194 Count: 2
Case D2195 Count: 1
Case D2197 Count: 1
Case D2198 Count: 1
Case D2199 Count: 2
Case D2201 Count: 1
Case D2202 Count: 1
Case D2208 Count: 1
Case D2209 Count: 3
Case D2210 Count: 1
Case D2212 Count: 1
Case D2214 Count: 1
Case D2215 Count: 3
Case D2216 Count: 1
Case D2218 Count: 1
Case D2220 Count: 4
Case D2221 Count: 1
Case D2222 Count: 2
Case D2236 Count: 1
Case D2237 Count: 1
Case D2238 Count: 1
Case D2240 Count: 1
Case D2241 Count: 1
Case D2242 Count: 1
Case D2244 Count: 2
Case D2245 Count: 4
Case D2248 Count: 3
Case D2249 Count: 2
Case D2251 Count: 1
Case D2255 Count: 1
Case D2256 Count: 3
Case D2258 Count: 3
Case D2262 Count: 1
Case D2263 Count: 1
Case D2265 Count: 1
Case D2267 Count: 1
Case D2268 Count: 1
Case D2269 Count: 1
Case D2270 Count: 1
Case D2271 Count: 1
Case D2272 Count: 2
Case D2273 Count: 1
Case D2278 Count: 1
Case D2281 Count: 2
Case D2282 Count: 1
Case D2283 Count: 1
Case D2285 Count: 1
Case D2286 Count: 1
Case D2288 Count: 1
Case D2289 Count: 1
Case D2293 Count: 1
Case D2294 Count: 1
Case D2298 Count: 1
Case D2299 Count: 1
Case D2300 Count: 1
Case D2303 Count: 1
Case D2306 Count: 4
Case D2308 Count: 2
Case D2309 Count: 1
Case D2310 Count: 2
Case D2311 Count: 1
Case D2313 Count: 1
Case D2314 Count: 2
Case D2315 Count: 1
Case D2316 Count: 2
Case D2317 Count: 1
Case D2319 Count: 1
Case D2320 Count: 2
Case D2321 Count: 1
Case D2322 Count: 1
Case D2324 Count: 2
Case D2325 Count: 1
Case D2326 Count: 1
Case D2327 Count: 3
Case D2329 Count: 2
Case D2330 Count: 1
Case D2331 Count: 2
Case D2333 Count: 1
Case D2335 Count: 1
Case D2336 Count: 1
Case D2339 Count: 1
Case D2341 Count: 1
Case D2344 Count: 3
Case D2345 Count: 2
Case D2347 Count: 1
Case D2348 Count: 2
Case D2350 Count: 1
Case D2352 Count: 1
Case D2354 Count: 1
Case D2356 Count: 2
Case D2357 Count: 1
Case D2360 Count: 3
Case D2361 Count: 2
Case D2363 Count: 1
Case D2364 Count: 1
Case D2368 Count: 1
Case D2372 Count: 1
Case D2373 Count: 1
Case D2375 Count: 2
Case D2379 Count: 1
Case D2380 Count: 3
Case D2381 Count: 3
Case D2382 Count: 1
Case D2387 Count: 2
Case D2388 Count: 1
Case D2391 Count: 1
Case D2393 Count: 1
Case D2394 Count: 1
Case D2395 Count: 1
Case D2396 Count: 3
Case D2397 Count: 1
Case D2399 Count: 1
Case D2400 Count: 2
Case D2401 Count: 1
Case D2403 Count: 1
Case D2404 Count: 1
Case D2408 Count: 1
Case D2409 Count: 1
Case D2410 Count: 3
Case D2416 Count: 2
Case D2417 Count: 1
Case D2418 Count: 1
Case D2421 Count: 1
Case D2423 Count: 1
Case D2428 Count: 2
Case D2430 Count: 2
Case D2433 Count: 1
Case D2435 Count: 2
Case D2436 Count: 2
Case D2437 Count: 2
Case D2438 Count: 1
Case D2441 Count: 3
Case D2442 Count: 1
Case D2445 Count: 1
Case D2447 Count: 1
Case D2455 Count: 2
Case D2457 Count: 1
Case D2461 Count: 2
Case D2465 Count: 1
Case D2468 Count: 1
Case D2470 Count: 2
Case D2471 Count: 1
Case D2472 Count: 1
Case D2474 Count: 1
Case D2477 Count: 1
Case D2478 Count: 1
Case D2483 Count: 1
Case D2484 Count: 2
Case D2485 Count: 1
Case D2486 Count: 1
Case D2487 Count: 1
Case D2499 Count: 1
Case D2500 Count: 2
Case D2501 Count: 2
Case D2505 Count: 1
Case D2507 Count: 3
Case D2513 Count: 1
Case D2516 Count: 2
Case D2517 Count: 2
Case D2519 Count: 1
Case D2520 Count: 1
Case D2522 Count: 1
Case D2524 Count: 1
Case D2525 Count: 1
Case D2526 Count: 1
Case D2528 Count: 1
Case D2529 Count: 1
Case D2530 Count: 1
Case D2531 Count: 1
Case D2535 Count: 2
Case D2540 Count: 2
Case D2542 Count: 1
Case D2543 Count: 2
Case D2550 Count: 2
Case D2551 Count: 1
Case D2553 Count: 1
Case D2557 Count: 1
Case D2558 Count: 1
Case D2559 Count: 1
Case D2560 Count: 3
Case D2562 Count: 2
Case D2566 Count: 1
Case D2571 Count: 1
Case D2573 Count: 1
Case D2574 Count: 1
Case D2575 Count: 2
Case D2579 Count: 1
Case D2585 Count: 2
Case D2589 Count: 1
Case D2590 Count: 1
Case D2594 Count: 1
Case D2595 Count: 1
Case D2596 Count: 1
Case D2597 Count: 1
Case D2601 Count: 2
Case D2606 Count: 1
Case D2611 Count: 1
Case D2613 Count: 2
Case D2618 Count: 1
Case D2621 Count: 1
Case D2623 Count: 1
Case D2625 Count: 1
Case D2627 Count: 1
Case D2628 Count: 1
Case D2636 Count: 1
Case D2637 Count: 2
Case D2639 Count: 3
Case D2640 Count: 1
Case D2641 Count: 1
Case D2642 Count: 1
Case D2643 Count: 1
Case D2644 Count: 1
Case D2646 Count: 1
Case D2649 Count: 1
Case D2650 Count: 1
Case D2655 Count: 1
Case D2656 Count: 2
Case D2660 Count: 1
Case D2666 Count: 2
Case D2667 Count: 1
Case D2668 Count: 1
Case D2670 Count: 1
Case D2674 Count: 1
Case D2676 Count: 1
Case D2677 Count: 1
Case D2681 Count: 1
Case D2682 Count: 1
Case D2683 Count: 2
Case D2684 Count: 1
Case D2685 Count: 1
Case D2687 Count: 1
Case D2692 Count: 1
Case D2701 Count: 1
Case D2702 Count: 1
Case D2706 Count: 1
Case D2711 Count: 3
Case D2712 Count: 1
Case D2713 Count: 2
Case D2715 Count: 2
Case D2716 Count: 1
Case D2722 Count: 1
Case D2723 Count: 1
Case D2729 Count: 1
Case D2730 Count: 3
Case D2732 Count: 1
Case D2733 Count: 2
Case D2736 Count: 1
Case D2738 Count: 1
Case D2746 Count: 1
Case D2753 Count: 1
Case D2755 Count: 1
Case D2758 Count: 1
Case D2761 Count: 1
Case D2763 Count: 2
Case D2765 Count: 2
Case D2766 Count: 1
Case D2768 Count: 2
Case D2773 Count: 2
Case D2775 Count: 1
Case D2776 Count: 1
Case D2780 Count: 1
Case D2782 Count: 1
Case D2785 Count: 1
Case D2791 Count: 1
Case D2798 Count: 2
Case D2800 Count: 1
Case D2806 Count: 1
Case D2810 Count: 1
Case D2813 Count: 2
Case D2814 Count: 1
Case D2816 Count: 1
Case D2819 Count: 1
Case D2826 Count: 1
Case D2827 Count: 1
Case D2829 Count: 1
Case D2838 Count: 1
Case D2839 Count: 1
Case D2848 Count: 1
Case D2850 Count: 2
Case D2852 Count: 1
Case D2853 Count: 2
Case D2859 Count: 1
Case D2863 Count: 1
Case D2866 Count: 2
Case D2869 Count: 1
Case D2871 Count: 2
Case D2872 Count: 3
Case D2874 Count: 1
Case D2881 Count: 1
Case D2882 Count: 1
Case D2884 Count: 1
Case D2890 Count: 1
Case D2891 Count: 1
Case D2894 Count: 2
Case D2896 Count: 1
Case D2897 Count: 1
Case D2900 Count: 1
Case D2902 Count: 1
Case D2904 Count: 2
Case D2905 Count: 1
Case D2906 Count: 2
Case D2907 Count: 2
Case D2922 Count: 1
Case D2927 Count: 1
Case D2932 Count: 1
Case D2934 Count: 1
Case D2936 Count: 1
Case D2937 Count: 3
Case D2943 Count: 1
Case D2945 Count: 2
Case D2955 Count: 1
Case D2957 Count: 1
Case D2958 Count: 1
Case D2961 Count: 1
Case D2965 Count: 1
Case D2966 Count: 1
Case D2975 Count: 2
Case D2976 Count: 1
Case D2978 Count: 1
Case D2980 Count: 1
Case D2982 Count: 1
Case D2984 Count: 1
Case D2987 Count: 1
Case D2988 Count: 1
Case D2990 Count: 1
Case D2993 Count: 1
Case D2998 Count: 1
Case D3000 Count: 1
Case D3001 Count: 1
Case D3002 Count: 1
Case D3003 Count: 1
Case D3010 Count: 1
Case D3013 Count: 1
Case D3015 Count: 1
Case D3016 Count: 1
Case D3017 Count: 3
Case D3030 Count: 1
Case D3031 Count: 2
Case D3037 Count: 1
Case D3038 Count: 1
Case D3039 Count: 1
Case D3042 Count: 1
Case D3043 Count: 1
Case D3046 Count: 1
Case D3047 Count: 1
Case D3049 Count: 1
Case D3052 Count: 1
Case D3053 Count: 1
Case D3057 Count: 1
Case D3062 Count: 1
Case D3063 Count: 1
Case D3073 Count: 1
Case D3077 Count: 1
Case D3078 Count: 1
Case D3081 Count: 3
Case D3084 Count: 2
Case D3102 Count: 1
Case D3104 Count: 1
Case D3109 Count: 2
Case D3111 Count: 1
Case D3118 Count: 1
Case D3121 Count: 2
Case D3123 Count: 1
Case D3126 Count: 1
Case D3128 Count: 1
Case D3129 Count: 2
Case D3131 Count: 1
Case D3135 Count: 1
Case D3136 Count: 1
Case D3137 Count: 1
Case D3149 Count: 1
Case D3152 Count: 1
Case D3157 Count: 1
Case D3158 Count: 1
Case D3160 Count: 2
Case D3161 Count: 1
Case D3166 Count: 1
Case D3170 Count: 1
Case D3180 Count: 2
Case D3181 Count: 1
Case D3182 Count: 2
Case D3183 Count: 1
Case D3187 Count: 1
Case D3190 Count: 1
Case D3192 Count: 1
Case D3193 Count: 1
Case D3196 Count: 1
Case D3197 Count: 1
Case D3199 Count: 1
Case D3206 Count: 1
Case D3207 Count: 1
Case D3208 Count: 1
Case D3210 Count: 1
Case D3214 Count: 1
Case D3217 Count: 1
Case D3219 Count: 1
Case D3229 Count: 1
Case D3232 Count: 1
Case D3233 Count: 1
Case D3234 Count: 1
Case D3236 Count: 1
Case D3242 Count: 1
Case D3250 Count: 1
Case D3258 Count: 1
Case D3260 Count: 1
Case D3263 Count: 1
Case D3264 Count: 1
Case D3269 Count: 1
Case D3270 Count: 1
Case D3279 Count: 1
Case D3286 Count: 1
Case D3289 Count: 1
Case D3297 Count: 2
Case D3299 Count: 2
Case D3304 Count: 1
Case D3306 Count: 1
Case D3308 Count: 1
Case D3310 Count: 1
Case D3311 Count: 1
Case D3313 Count: 1
Case D3318 Count: 1
Case D3321 Count: 1
Case D3322 Count: 1
Case D3323 Count: 1
Case D3324 Count: 1
Case D3326 Count: 2
Case D3328 Count: 1
Case D3334 Count: 1
Case D3335 Count: 1
Case D3341 Count: 2
Case D3347 Count: 1
Case D3348 Count: 1
Case D3353 Count: 1
Case D3360 Count: 1
Case D3361 Count: 1
Case D3370 Count: 1
Case D3372 Count: 1
Case D3374 Count: 2
Case D3375 Count: 2
Case D3377 Count: 1
Case D3379 Count: 1
Case D3382 Count: 1
Case D3383 Count: 1
Case D3385 Count: 1
Case D3388 Count: 1
Case D3393 Count: 2
Case D3399 Count: 1
Case D3400 Count: 1
Case D3401 Count: 1
Case D3404 Count: 1
Case D3407 Count: 4
Case D3419 Count: 1
Case D3420 Count: 1
Case D3425 Count: 2
Case D3428 Count: 1
Case D3439 Count: 1
Case D3448 Count: 1
Case D3450 Count: 1
Case D3451 Count: 1
Case D3452 Count: 1
Case D3455 Count: 1
Case D3457 Count: 1
Case D3460 Count: 1
Case D3464 Count: 1
Case D3466 Count: 2
Case D3467 Count: 1
Case D3470 Count: 1
Case D3475 Count: 2
Case D3478 Count: 2
Case D3479 Count: 1
Case D3487 Count: 1
Case D3491 Count: 1
Case D3496 Count: 1
Case D3505 Count: 2
Case D3510 Count: 1
Case D3515 Count: 1
Case D3516 Count: 1
Case D3518 Count: 1
Case D3521 Count: 1
Case D3526 Count: 2
Case D3528 Count: 1
Case D3538 Count: 1
Case D3545 Count: 1
Case D3546 Count: 1
Case D3548 Count: 1
Case D3552 Count: 1
Case D3555 Count: 1
Case D3561 Count: 1
Case D3566 Count: 1
Case D3573 Count: 2
Case D3574 Count: 3
Case D3575 Count: 1
Case D3579 Count: 1
Case D3584 Count: 1
Case D3585 Count: 1
Case D3589 Count: 1
Case D3590 Count: 1
Case D3595 Count: 1
Case D3596 Count: 1
Case D3598 Count: 1
Case D3604 Count: 1
Case D3607 Count: 1
Case D3609 Count: 2
Case D3613 Count: 1
Case D3615 Count: 1
Case D3617 Count: 1
Case D3620 Count: 1
Case D3621 Count: 1
Case D3625 Count: 1
Case D3630 Count: 2
Case D3638 Count: 1
Case D3639 Count: 1
Case D3640 Count: 1
Case D3642 Count: 1
Case D3658 Count: 2
Case D3667 Count: 1
Case D3668 Count: 1
Case D3670 Count: 1
Case D3673 Count: 1
Case D3676 Count: 1
Case D3678 Count: 1
Case D3680 Count: 1
Case D3686 Count: 1
Case D3689 Count: 1
Case D3691 Count: 1
Case D3699 Count: 1
Case D3701 Count: 1
Case D3702 Count: 1
Case D3709 Count: 1
Case D3714 Count: 2
Case D3716 Count: 1
Case D3724 Count: 1
Case D3727 Count: 2
Case D3740 Count: 1
Case D3741 Count: 1
Case D3756 Count: 1
Case D3759 Count: 1
Case D3764 Count: 1
Case D3771 Count: 1
Case D3784 Count: 1
Case D3795 Count: 2
Case D3796 Count: 1
Case D3802 Count: 2
Case D3809 Count: 1
Case D3810 Count: 1
Case D3811 Count: 1
Case D3813 Count: 1
Case D3816 Count: 1
Case D3821 Count: 1
Case D3827 Count: 1
Case D3832 Count: 1
Case D3833 Count: 1
Case D3840 Count: 1
Case D3844 Count: 1
Case D3846 Count: 2
Case D3850 Count: 1
Case D3854 Count: 2
Case D3860 Count: 1
Case D3863 Count: 1
Case D3866 Count: 1
Case D3873 Count: 1
Case D3878 Count: 1
Case D3879 Count: 1
Case D3882 Count: 1
Case D3884 Count: 1
Case D3898 Count: 1
Case D3904 Count: 1
Case D3907 Count: 1
Case D3908 Count: 1
Case D3931 Count: 1
Case D3940 Count: 1
Case D3947 Count: 1
Case D3950 Count: 1
Case D3952 Count: 1
Case D3959 Count: 1
Case D3963 Count: 1
Case D3968 Count: 1
Case D3976 Count: 1
Case D3984 Count: 1
Case D3985 Count: 1
Case D3991 Count: 1
Case D4001 Count: 1
Case D4005 Count: 1
Case D4006 Count: 1
Case D4009 Count: 1
Case D4013 Count: 2
Case D4014 Count: 1
Case D4018 Count: 1
Case D4021 Count: 1
Case D4029 Count: 1
Case D4035 Count: 1
Case D4040 Count: 1
Case D4043 Count: 1
Case D4052 Count: 1
Case D4053 Count: 1
Case D4057 Count: 1
Case D4060 Count: 1
Case D4061 Count: 1
Case D4067 Count: 1
Case D4072 Count: 1
Case D4077 Count: 1
Case D4078 Count: 2
Case D4084 Count: 1
Case D4085 Count: 2
Case D4087 Count: 1
Case D4089 Count: 1
Case D4090 Count: 2
Case D4092 Count: 1
Case D4099 Count: 1
Case D4104 Count: 1
Case D4108 Count: 1
Case D4109 Count: 1
Case D4116 Count: 1
Case D4131 Count: 1
Case D4138 Count: 1
Case D4142 Count: 1
Case D4148 Count: 1
Case D4152 Count: 1
Case D4153 Count: 1
Case D4154 Count: 1
Case D4157 Count: 1
Case D4166 Count: 1
Case D4168 Count: 1
Case D4170 Count: 1
Case D4172 Count: 1
Case D4173 Count: 2
Case D4181 Count: 2
Case D4184 Count: 1
Case D4189 Count: 1
Case D4200 Count: 1
Case D4203 Count: 1
Case D4210 Count: 1
Case D4226 Count: 1
Case D4231 Count: 1
Case D4233 Count: 1
Case D4235 Count: 1
Case D4239 Count: 1
Case D4248 Count: 1
Case D4255 Count: 1
Case D4262 Count: 1
Case D4266 Count: 1
Case D4268 Count: 1
Case D4269 Count: 2
Case D4274 Count: 1
Case D4279 Count: 1
Case D4293 Count: 1
Case D4294 Count: 1
Case D4295 Count: 1
Case D4299 Count: 1
Case D4300 Count: 1
Case D4302 Count: 1
Case D4305 Count: 1
Case D4312 Count: 1
Case D4323 Count: 1
Case D4332 Count: 1
Case D4333 Count: 1
Case D4358 Count: 1
Case D4359 Count: 1
Case D4370 Count: 1
Case D4374 Count: 1
Case D4379 Count: 1
Case D4383 Count: 1
Case D4388 Count: 1
Case D4393 Count: 1
Case D4402 Count: 1
Case D4407 Count: 1
Case D4410 Count: 1
Case D4414 Count: 1
Case D4416 Count: 1
Case D4419 Count: 1
Case D4421 Count: 1
Case D4425 Count: 1
Case D4430 Count: 1
Case D4432 Count: 1
Case D4450 Count: 1
Case D4453 Count: 1
Case D4459 Count: 1
Case D4471 Count: 1
Case D4480 Count: 2
Case D4485 Count: 1
Case D4498 Count: 1
Case D4499 Count: 1
Case D4502 Count: 1
Case D4508 Count: 1
Case D4521 Count: 1
Case D4522 Count: 1
Case D4528 Count: 1
Case D4530 Count: 1
Case D4534 Count: 1
Case D4552 Count: 1
Case D4562 Count: 1
Case D4565 Count: 1
Case D4566 Count: 1
Case D4568 Count: 2
Case D4577 Count: 1
Case D4580 Count: 1
Case D4588 Count: 1
Case D4592 Count: 1
Case D4594 Count: 1
Case D4601 Count: 1
Case D4602 Count: 1
Case D4626 Count: 1
Case D4630 Count: 1
Case D4634 Count: 1
Case D4645 Count: 1
Case D4648 Count: 1
Case D4650 Count: 1
Case D4654 Count: 1
Case D4658 Count: 1
Case D4680 Count: 1
Case D4688 Count: 1
Case D4689 Count: 1
Case D4693 Count: 1
Case D4698 Count: 1
Case D4704 Count: 1
Case D4716 Count: 1
Case D4719 Count: 1
Case D4722 Count: 2
Case D4727 Count: 1
Case D4729 Count: 1
Case D4736 Count: 1
Case D4737 Count: 1
Case D4768 Count: 1
Case D4772 Count: 1
Case D4776 Count: 1
Case D4779 Count: 1
Case D4795 Count: 1
Case D4811 Count: 1
Case D4813 Count: 1
Case D4817 Count: 1
Case D4820 Count: 1
Case D4822 Count: 1
Case D4832 Count: 1
Case D4835 Count: 1
Case D4839 Count: 1
Case D4841 Count: 1
Case D4848 Count: 1
Case D4855 Count: 1
Case D4860 Count: 1
Case D4861 Count: 1
Case D4864 Count: 1
Case D4873 Count: 1
Case D4895 Count: 1
Case D4900 Count: 1
Case D4908 Count: 1
Case D4920 Count: 1
Case D4922 Count: 1
Case D4927 Count: 1
Case D4941 Count: 1
Case D4943 Count: 1
Case D4944 Count: 1
Case D4948 Count: 1
Case D4950 Count: 1
Case D4962 Count: 1
Case D4963 Count: 1
Case D4964 Count: 1
Case D4968 Count: 1
Case D4986 Count: 1
Case D4994 Count: 1
Case D5007 Count: 1
Case D5016 Count: 1
Case D5042 Count: 1
Case D5046 Count: 1
Case D5058 Count: 1
Case D5063 Count: 1
Case D5064 Count: 1
Case D5073 Count: 1
Case D5075 Count: 1
Case D5076 Count: 1
Case D5081 Count: 1
Case D5088 Count: 1
Case D5092 Count: 1
Case D5094 Count: 2
Case D5103 Count: 1
Case D5108 Count: 1
Case D5112 Count: 1
Case D5115 Count: 1
Case D5132 Count: 1
Case D5135 Count: 1
Case D5138 Count: 1
Case D5140 Count: 1
Case D5160 Count: 1
Case D5162 Count: 1
Case D5177 Count: 1
Case D5178 Count: 1
Case D5179 Count: 1
Case D5180 Count: 1
Case D5184 Count: 1
Case D5191 Count: 1
Case D5194 Count: 1
Case D5197 Count: 1
Case D5205 Count: 1
Case D5218 Count: 1
Case D5226 Count: 2
Case D5235 Count: 1
Case D5237 Count: 2
Case D5238 Count: 1
Case D5247 Count: 1
Case D5252 Count: 1
Case D5258 Count: 2
Case D5262 Count: 1
Case D5263 Count: 1
Case D5269 Count: 1
Case D5275 Count: 1
Case D5281 Count: 1
Case D5282 Count: 1
Case D5283 Count: 1
Case D5286 Count: 1
Case D5292 Count: 2
Case D5297 Count: 1
Case D5313 Count: 1
Case D5326 Count: 1
Case D5333 Count: 1
Case D5337 Count: 1
Case D5353 Count: 1
Case D5374 Count: 1
Case D5377 Count: 1
Case D5378 Count: 1
Case D5386 Count: 1
Case D5389 Count: 1
Case D5400 Count: 1
Case D5416 Count: 1
Case D5433 Count: 1
Case D5443 Count: 1
Case D5444 Count: 1
Case D5445 Count: 1
Case D5452 Count: 1
Case D5458 Count: 1
Case D5459 Count: 1
Case D5464 Count: 1
Case D5468 Count: 1
Case D5471 Count: 1
Case D5481 Count: 1
Case D5504 Count: 1
Case D5505 Count: 1
Case D5510 Count: 1
Case D5511 Count: 1
Case D5514 Count: 1
Case D5517 Count: 2
Case D5526 Count: 1
Case D5530 Count: 1
Case D5532 Count: 1
Case D5533 Count: 2
Case D5535 Count: 1
Case D5537 Count: 1
Case D5542 Count: 1
Case D5543 Count: 1
Case D5559 Count: 1
Case D5566 Count: 1
Case D5575 Count: 1
Case D5579 Count: 1
Case D5581 Count: 1
Case D5593 Count: 1
Case D5645 Count: 1
Case D5647 Count: 1
Case D5656 Count: 1
Case D5668 Count: 1
Case D5674 Count: 1
Case D5682 Count: 1
Case D5683 Count: 1
Case D5684 Count: 1
Case D5694 Count: 1
Case D5703 Count: 1
Case D5706 Count: 1
Case D5717 Count: 1
Case D5751 Count: 1
Case D5753 Count: 1
Case D5760 Count: 1
Case D5763 Count: 1
Case D5766 Count: 1
Case D5772 Count: 1
Case D5774 Count: 1
Case D5784 Count: 1
Case D5787 Count: 1
Case D5853 Count: 1
Case D5859 Count: 2
Case D5875 Count: 1
Case D5894 Count: 1
Case D5905 Count: 1
Case D5920 Count: 1
Case D5969 Count: 1
Case D5970 Count: 1
Case D5998 Count: 1
Case D6003 Count: 1
Case D6014 Count: 1
Case D6029 Count: 1
Case D6033 Count: 1
Case D6049 Count: 1
Case D6057 Count: 1
Case D6062 Count: 1
Case D6086 Count: 1
Case D6089 Count: 1
Case D6114 Count: 1
Case D6130 Count: 1
Case D6151 Count: 1
Case D6160 Count: 1
Case D6162 Count: 1
Case D6163 Count: 1
Case D6169 Count: 1
Case D6171 Count: 1
Case D6183 Count: 1
Case D6192 Count: 1
Case D6196 Count: 1
Case D6199 Count: 1
Case D6212 Count: 1
Case D6226 Count: 1
Case D6232 Count: 1
Case D6252 Count: 1
Case D6253 Count: 1
Case D6299 Count: 1
Case D6302 Count: 1
Case D6330 Count: 1
Case D6332 Count: 1
Case D6335 Count: 1
Case D6342 Count: 1
Case D6354 Count: 2
Case D6363 Count: 1
Case D6365 Count: 1
Case D6370 Count: 1
Case D6387 Count: 2
Case D6393 Count: 1
Case D6400 Count: 1
Case D6404 Count: 1
Case D6420 Count: 1
Case D6432 Count: 1
Case D6458 Count: 1
Case D6474 Count: 1
Case D6475 Count: 1
Case D6479 Count: 1
Case D6483 Count: 1
Case D6509 Count: 1
Case D6528 Count: 1
Case D6564 Count: 1
Case D6577 Count: 1
Case D6584 Count: 1
Case D6590 Count: 2
Case D6600 Count: 1
Case D6601 Count: 1
Case D6602 Count: 1
Case D6608 Count: 1
Case D6616 Count: 1
Case D6622 Count: 1
Case D6659 Count: 1
Case D6667 Count: 1
Case D6668 Count: 1
Case D6691 Count: 2
Case D6697 Count: 1
Case D6718 Count: 1
Case D6719 Count: 1
Case D6729 Count: 1
Case D6737 Count: 1
Case D6744 Count: 1
Case D6802 Count: 1
Case D6805 Count: 1
Case D6806 Count: 1
Case D6836 Count: 1
Case D6869 Count: 1
Case D6932 Count: 2
Case D6936 Count: 1
Case D6942 Count: 1
Case D6978 Count: 1
Case D6994 Count: 1
Case D7003 Count: 1
Case D7010 Count: 1
Case D7017 Count: 1
Case D7032 Count: 1
Case D7062 Count: 1
Case D7067 Count: 1
Case D7072 Count: 1
Case D7083 Count: 1
Case D7090 Count: 1
Case D7097 Count: 1
Case D7114 Count: 1
Case D7124 Count: 1
Case D7128 Count: 1
Case D7163 Count: 1
Case D7191 Count: 1
Case D7208 Count: 1
Case D7217 Count: 1
Case D7235 Count: 1
Case D7250 Count: 1
Case D7259 Count: 1
Case D7271 Count: 1
Case D7276 Count: 1
Case D7290 Count: 1
Case D7295 Count: 1
Case D7310 Count: 2
Case D7311 Count: 1
Case D7335 Count: 1
Case D7354 Count: 1
Case D7359 Count: 1
Case D7367 Count: 1
Case D7400 Count: 1
Case D7433 Count: 1
Case D7461 Count: 1
Case D7478 Count: 1
Case D7500 Count: 1
Case D7502 Count: 1
Case D7529 Count: 1
Case D7537 Count: 1
Case D7540 Count: 1
Case D7552 Count: 1
Case D7554 Count: 1
Case D7561 Count: 1
Case D7574 Count: 1
Case D7596 Count: 1
Case D7606 Count: 1
Case D7625 Count: 1
Case D7668 Count: 1
Case D7684 Count: 1
Case D7691 Count: 1
Case D7693 Count: 1
Case D7699 Count: 1
Case D7707 Count: 1
Case D7742 Count: 1
Case D7747 Count: 1
Case D7751 Count: 1
Case D7763 Count: 1
Case D7766 Count: 1
Case D7772 Count: 1
Case D7780 Count: 1
Case D7783 Count: 1
Case D7796 Count: 2
Case D7809 Count: 1
Case D7816 Count: 1
Case D7860 Count: 1
Case D7874 Count: 1
Case D7923 Count: 1
Case D7966 Count: 1
Case D7978 Count: 1
Case D7993 Count: 1
Case D7994 Count: 1
Case D8011 Count: 1
Case D8029 Count: 1
Case D8032 Count: 1
Case D8060 Count: 1
Case D8062 Count: 1
Case D8065 Count: 1
Case D8090 Count: 1
Case D8097 Count: 1
Case D8108 Count: 1
Case D8114 Count: 1
Case D8151 Count: 1
Case D8155 Count: 2
Case D8158 Count: 1
Case D8168 Count: 1
Case D8171 Count: 1
Case D8196 Count: 1
Case D8199 Count: 1
Case D8229 Count: 1
Case D8257 Count: 1
Case D8299 Count: 1
Case D8318 Count: 1
Case D8319 Count: 1
Case D8455 Count: 1
Case D8461 Count: 1
Case D8474 Count: 1
Case D8494 Count: 1
Case D8499 Count: 1
Case D8534 Count: 1
Case D8556 Count: 1
Case D8577 Count: 1
Case D8580 Count: 1
Case D8608 Count: 1
Case D8609 Count: 1
Case D8687 Count: 1
Case D8692 Count: 2
Case D8703 Count: 1
Case D8705 Count: 1
Case D8713 Count: 1
Case D8727 Count: 1
Case D8738 Count: 1
Case D8749 Count: 1
Case D8758 Count: 2
Case D8782 Count: 1
Case D8786 Count: 1
Case D8796 Count: 1
Case D8829 Count: 1
Case D8872 Count: 1
Case D8937 Count: 1
Case D8945 Count: 1
Case D8963 Count: 1
Case D8984 Count: 1
Case D8987 Count: 1
Case D8993 Count: 1
Case D9060 Count: 1
Case D9073 Count: 1
Case D9101 Count: 1
Case D9107 Count: 1
Case D9133 Count: 1
Case D9136 Count: 1
Case D9142 Count: 1
Case D9176 Count: 1
Case D9190 Count: 1
Case D9207 Count: 1
Case D9217 Count: 1
Case D9298 Count: 1
Case D9351 Count: 1
Case D9360 Count: 1
Case D9361 Count: 1
Case D9370 Count: 1
Case D9382 Count: 1
Case D9391 Count: 1
Case D9421 Count: 1
Case D9440 Count: 1
Case D9459 Count: 1
Case D9461 Count: 1
Case D9507 Count: 1
Case D9517 Count: 1
Case D9536 Count: 1
Case D9545 Count: 1
Case D9587 Count: 1
Case D9594 Count: 1
Case D9596 Count: 1
Case D9638 Count: 1
Case D9659 Count: 1
Case D9686 Count: 1
Case D9709 Count: 2
Case D9713 Count: 1
Case D9724 Count: 1
Case D9794 Count: 1
Case D9799 Count: 1
Case D9806 Count: 1
Case D9810 Count: 1
Case D9815 Count: 1
Case D9834 Count: 1
Case D9837 Count: 1
Case D9838 Count: 1
Case D9839 Count: 1
Case D9898 Count: 1
Case D9910 Count: 1
Case D9950 Count: 1
Case D10030 Count: 1
Case D10033 Count: 1
Case D10075 Count: 1
Case D10079 Count: 1
Case D10167 Count: 1
Case D10172 Count: 1
Case D10235 Count: 1
Case D10289 Count: 1
Case D10392 Count: 1
Case D10440 Count: 1
Case D10456 Count: 1
Case D10466 Count: 1
Case D10496 Count: 1
Case D10505 Count: 1
Case D10511 Count: 1
Case D10512 Count: 2
Case D10539 Count: 1
Case D10566 Count: 1
Case D10573 Count: 1
Case D10595 Count: 1
Case D10626 Count: 1
Case D10664 Count: 1
Case D10681 Count: 1
Case D10701 Count: 1
Case D10712 Count: 1
Case D10719 Count: 1
Case D10730 Count: 1
Case D10733 Count: 1
Case D10757 Count: 1
Case D10768 Count: 1
Case D10800 Count: 1
Case D10818 Count: 1
Case D10823 Count: 2
Case D10913 Count: 1
Case D10952 Count: 1
Case D10971 Count: 1
Case D11001 Count: 1
Case D11007 Count: 1
Case D11056 Count: 1
Case D11123 Count: 1
Case D11152 Count: 1
Case D11175 Count: 1
Case D11221 Count: 1
Case D11299 Count: 1
Case D11303 Count: 1
Case D11367 Count: 1
Case D11409 Count: 1
Case D11434 Count: 1
Case D11612 Count: 1
Case D11626 Count: 1
Case D11642 Count: 1
Case D11682 Count: 1
Case D11694 Count: 1
Case D11699 Count: 1
Case D11785 Count: 1
Case D11798 Count: 1
Case D11802 Count: 1
Case D11855 Count: 1
Case D11951 Count: 1
Case D12055 Count: 1
Case D12056 Count: 1
Case D12066 Count: 1
Case D12075 Count: 1
Case D12083 Count: 1
Case D12125 Count: 1
Case D12133 Count: 1
Case D12173 Count: 1
Case D12188 Count: 1
Case D12234 Count: 1
Case D12236 Count: 1
Case D12250 Count: 1
Case D12292 Count: 1
Case D12330 Count: 1
Case D12378 Count: 1
Case D12397 Count: 1
Case D12430 Count: 1
Case D12462 Count: 1
Case D12494 Count: 1
Case D12519 Count: 1
Case D12532 Count: 1
Case D12544 Count: 1
Case D12549 Count: 1
Case D12577 Count: 1
Case D12601 Count: 1
Case D12665 Count: 1
Case D12673 Count: 1
Case D12678 Count: 1
Case D12747 Count: 1
Case D12765 Count: 1
Case D12873 Count: 1
Case D12876 Count: 1
Case D12914 Count: 1
Case D12917 Count: 1
Case D12962 Count: 1
Case D12980 Count: 1
Case D13022 Count: 1
Case D13023 Count: 1
Case D13087 Count: 1
Case D13115 Count: 1
Case D13152 Count: 1
Case D13220 Count: 1
Case D13295 Count: 1
Case D13425 Count: 1
Case D13448 Count: 1
Case D13474 Count: 1
Case D13503 Count: 1
Case D13627 Count: 1
Case D13693 Count: 1
Case D13702 Count: 1
Case D13769 Count: 1
Case D13797 Count: 1
Case D13863 Count: 1
Case D13911 Count: 1
Case D13952 Count: 1
Case D13985 Count: 1
Case D14034 Count: 1
Case D14146 Count: 1
Case D14188 Count: 1
Case D14239 Count: 1
Case D14241 Count: 1
Case D14256 Count: 1
Case D14329 Count: 1
Case D14377 Count: 1
Case D14431 Count: 1
Case D14480 Count: 1
Case D14527 Count: 1
Case D14566 Count: 1
Case D14817 Count: 1
Case D14832 Count: 1
Case D14901 Count: 1
Case D14934 Count: 1
Case D14995 Count: 1
Case D15022 Count: 1
Case D15027 Count: 1
Case D15124 Count: 1
Case D15125 Count: 1
Case D15198 Count: 1
Case D15205 Count: 1
Case D15301 Count: 1
Case D15370 Count: 1
Case D15423 Count: 1
Case D15536 Count: 1
Case D15588 Count: 1
Case D15596 Count: 1
Case D15652 Count: 1
Case D15780 Count: 1
Case D15799 Count: 1
Case D15893 Count: 1
Case D15951 Count: 1
Case D15961 Count: 1
Case D16045 Count: 1
Case D16106 Count: 1
Case D16328 Count: 1
Case D16367 Count: 1
Case D16465 Count: 1
Case D16490 Count: 1
Case D16497 Count: 1
Case D16562 Count: 1
Case D16734 Count: 1
Case D16749 Count: 1
Case D16867 Count: 1
Case D16883 Count: 1
Case D16893 Count: 1
Case D16944 Count: 1
Case D16962 Count: 1
Case D17437 Count: 1
Case D17534 Count: 1
Case D17659 Count: 1
Case D17885 Count: 1
Case D18035 Count: 1
Case D18055 Count: 1
Case D18235 Count: 1
Case D18267 Count: 1
Case D18287 Count: 1
Case D18305 Count: 1
Case D18322 Count: 1
Case D18340 Count: 1
Case D18493 Count: 1
Case D18516 Count: 1
Case D18581 Count: 1
Case D18617 Count: 1
Case D18619 Count: 1
Case D18849 Count: 1
Case D19093 Count: 1
Case D19244 Count: 1
Case D19290 Count: 1
Case D19327 Count: 1
Case D19354 Count: 1
Case D19366 Count: 1
Case D19395 Count: 1
Case D19678 Count: 1
Case D19693 Count: 1
Case D19721 Count: 1
Case D19727 Count: 1
Case D19903 Count: 1
Case D19937 Count: 1
Case D19985 Count: 1
Case D20033 Count: 1
Case D20222 Count: 1
Case D20358 Count: 1
Case D20396 Count: 1
Case D20531 Count: 1
Case D20719 Count: 1
Case D20902 Count: 1
Case D21018 Count: 1
Case D21200 Count: 1
Case D21248 Count: 1
Case D21319 Count: 1
Case D21392 Count: 1
Case D21490 Count: 1
Case D21546 Count: 1
Case D21687 Count: 1
Case D22020 Count: 1
Case D22114 Count: 1
Case D22295 Count: 1
Case D22308 Count: 1
Case D22463 Count: 1
Case D22715 Count: 1
Case D22902 Count: 1
Case D23323 Count: 1
Case D23730 Count: 1
Case D23901 Count: 1
Case D23913 Count: 1
Case D23956 Count: 1
Case D24049 Count: 1
Case D24112 Count: 1
Case D24326 Count: 1
Case D24529 Count: 1
Case D24732 Count: 1
Case D25186 Count: 1
Case D25209 Count: 1
Case D25433 Count: 1
Case D25673 Count: 1
Case D25712 Count: 1
Case D25875 Count: 1
Case D26201 Count: 1
Case D26213 Count: 1
Case D27055 Count: 1
Case D27112 Count: 1
Case D27144 Count: 1
Case D27341 Count: 1
Case D27463 Count: 1
Case D27523 Count: 1
Case D27573 Count: 1
Case D27589 Count: 1
Case D27847 Count: 1
Case D27980 Count: 1
Case D27988 Count: 1
Case D28233 Count: 1
Case D28421 Count: 1
Case D28479 Count: 1
Case D28744 Count: 1
Case D29062 Count: 1
Case D29221 Count: 1
Case D29615 Count: 1
Case D29617 Count: 1
Case D29767 Count: 1
Case D30157 Count: 1
Case D30169 Count: 1
Case D31005 Count: 1
Case D31515 Count: 1
Case D31710 Count: 1
Case D31766 Count: 1
Case D31957 Count: 1
Case D32039 Count: 1
Case D32268 Count: 1
Case D32578 Count: 1
Case D32640 Count: 1
Case D33038 Count: 1
Case D33101 Count: 1
Case D33131 Count: 1
Case D33479 Count: 1
Case D33489 Count: 1
Case D33588 Count: 1
Case D33596 Count: 1
Case D33907 Count: 1
Case D33986 Count: 1
Case D34323 Count: 1
Case D34370 Count: 1
Case D34507 Count: 1
Case D34793 Count: 1
Case D34959 Count: 1
Case D35810 Count: 1
Case D36088 Count: 1
Case D36546 Count: 1
Case D36838 Count: 1
Case D37103 Count: 1
Case D37282 Count: 1
Case D37391 Count: 1
Case D37567 Count: 1
Case D37884 Count: 1
Case D38037 Count: 1
Case D38623 Count: 1
Case D38657 Count: 1
Case D39711 Count: 1
Case D39960 Count: 1
Case D39987 Count: 1
Case D40300 Count: 1
Case D41117 Count: 1
Case D41559 Count: 1
Case D41595 Count: 1
Case D42056 Count: 1
Case D42203 Count: 1
Case D42298 Count: 1
Case D42366 Count: 1
Case D42369 Count: 1
Case D42491 Count: 1
Case D42650 Count: 1
Case D43317 Count: 1
Case D43634 Count: 1
Case D44002 Count: 1
Case D44109 Count: 1
Case D44256 Count: 1
Case D44542 Count: 1
Case D46355 Count: 1
Case D46409 Count: 1
Case D46475 Count: 1
Case D46604 Count: 1
Case D46632 Count: 1
Case D46738 Count: 1
Case D47190 Count: 1
Case D47255 Count: 1
Case D47288 Count: 1
Case D47481 Count: 1
Case D47545 Count: 1
Case D47652 Count: 1
Case D47822 Count: 1
Case D48478 Count: 1
Case D50362 Count: 1
Case D50887 Count: 1
Case D51002 Count: 1
Case D51788 Count: 1
Case D52080 Count: 1
Case D52103 Count: 1
Case D52178 Count: 1
Case D52740 Count: 1
Case D52765 Count: 1
Case D53763 Count: 1
Case D55274 Count: 1
Case D55739 Count: 1
Case D58315 Count: 1
Case D59755 Count: 1
Case D60494 Count: 1
Case D61914 Count: 1
Case D62001 Count: 1
Case D62654 Count: 1
Case D63649 Count: 1
Case D64392 Count: 1
Case D67057 Count: 1
Case D68148 Count: 1
Case D68491 Count: 1
Case D68668 Count: 1
Case D70519 Count: 1
Case D71413 Count: 1
Case D71760 Count: 1
Case D73245 Count: 1
Case D74233 Count: 1
Case D74308 Count: 1
Case D74875 Count: 1
Case D74878 Count: 1
Case D75359 Count: 1
Case D75479 Count: 1
Case D75548 Count: 1
Case D75962 Count: 1
Case D78265 Count: 1
Case D79637 Count: 1
Case D79980 Count: 1
Case D80343 Count: 1
Case D81549 Count: 1
Case D81716 Count: 1
Case D82138 Count: 1
Case D82391 Count: 1
Case D82825 Count: 1
Case D83901 Count: 1
Case D84491 Count: 1
Case D88828 Count: 1
Case D89918 Count: 1
Case D90427 Count: 1
Case D92047 Count: 1
Case D92368 Count: 1
Case D95537 Count: 1
Case D97434 Count: 1
Case D97500 Count: 1
Case D97503 Count: 1
Case D98870 Count: 1
Case D101422 Count: 1
Case D101894 Count: 1
Case D103244 Count: 1
Case D105196 Count: 1
Case D106791 Count: 1
Case D109196 Count: 1
Case D112230 Count: 1
Case D116197 Count: 1
Case D118536 Count: 1
Case D122296 Count: 1
Case D131718 Count: 1
Case D132330 Count: 1
Case D133345 Count: 1
Case D136089 Count: 1
Case D141563 Count: 1
Case D146519 Count: 1
Case D153989 Count: 1
Case D159767 Count: 1
Case D160570 Count: 1
Case D161643 Count: 1
Case D166115 Count: 1
Case D166510 Count: 1
Case D172741 Count: 1
Case D182927 Count: 1
Case D187361 Count: 1
Case D196315 Count: 1
Case D204445 Count: 1
Case D242726 Count: 1
Case D288435 Count: 1
Case D294671 Count: 1
Case D295696 Count: 1
Case D296854 Count: 1
Case D312288 Count: 1
Case D327968 Count: 1
Case D331417 Count: 1
Case D351479 Count: 1
Case D353460 Count: 1
Case D390593 Count: 1
Case D416553 Count: 1
Case D436644 Count: 1
Case D716791 Count: 1
Case D719178 Count: 1
Case D781936 Count: 1
Case D804848 Count: 1
Case D1268609 Count: 1
Case D1385275 Count: 1
Case D1593183 Count: 1
Case D1617781 Count: 1
Case D1753495 Count: 1
Case D1771068 Count: 1
Case D2018048 Count: 1
Case D2750855 Count: 1
Case D3215127 Count: 1
Case D3456181 Count: 1
Case D4033084 Count: 1
Case D5092259 Count: 1
Spent time: 137.310 sec.
